sha256 27b97e62cd75aa6665809f3aa5bb3f09419208b5615fc4128e98a6ebdd63c38d Makefile
sha256 489a50ab144cd30e1e42d2029754c92de2ef09a2051f1a6034f9fe840fc8d2c2 anvil.cu
sha256 1dc9217e8b64c5b061aff94ec81e26279bf1a64c9d3cc8386cc97568adc41936 anvil.cuh
sha256 96d97e1fdc6596c83415a4d0ceff7138686ea3c1aecf1c99b8d8f28d38690409 anvil_graph.cuh
sha256 5a55ce388ca131f3fcac75df07010da61a2899a0889e3f04028c49b655639607 attention.cu
sha256 59446cf5d2ba99651922cab6fee6678320553b2292daaba7a3376bdd4a52f03a attention.cuh
sha256 a8a2155c83ae275021b9cb0626865ae047eb205e067b710a6671d97ddc53633b attention_layer.cu
sha256 5e23df96de295a12c6770293bb3724e58ffee06f6310f0dbf43293c5c377ffac attention_layer.cuh
sha256 e43b134f524130c5fcc5b7ea3dfca072fed7dfcb72ff0957dbb0bd2e7d4f7733 attention_layer_reference.cuh
sha256 e8c9d493882f43781cb0cf48e1ae59a39c3d87f2901a33c07d3b52c30e092220 attention_post.cuh
sha256 7bae7cc6d4defc9026d5882b9e970dc184b2ff492d6735c7f67f40403dcfc239 attention_reference.cuh
sha256 a3be2ab6c64f030ca01f7d30c6a6bb7604b3bbe62257ba0aad9bb72bca232c76 bench.cuh
sha256 9dddb4cda1b99b427d6a5726c8a69513deb50cb06a97e36cdeac0893a600ac26 bf16.cu
sha256 6e99a879dfa2957f3ef9ba1bab8065f3a66191b157b6129b191b86265fd962f6 bf16_gemm.cuh
sha256 b6013fa23a801d8e288bf261029957d6931556cc18d7e7fc2de9974ad7887d6d embeddings.cuh
sha256 dd38c6d6039e09b954f14669ec4cd0877700ba1011719e8d784a5629f1a728d1 evaluation_head.cuh
sha256 ec94fd114bd2b8b97e2e890697973afe316a7ce5e2535476815f9db9e12a4778 evaluation_head_check.cuh
sha256 d4b3c092f09347b8d6cefd89d84d64bc7bea040a24b64c0dd8614fbfe7c8b621 frontier.cuh
sha256 75c4137f95d8b352fb02671ea4995ab6d8857390eb27d11479f7d6e628f02ce5 gates.cuh
sha256 acb42b1055ea9b02dc5e738c6f83b14a442784287dbd42d3e8a17a1b47aa33c8 head.cu
sha256 6c7816f88d3635a7a72d3db3eb5fb7b09dd04f5350db0b76e7769ec0b570e361 hopper.cuh
sha256 2b5e51d0612d34780b53c7033528f27d3463ee423a66444408bc5a388f04ef57 loss.cu
sha256 f002890f7f8db3daeab6646d8c1d69aefae2e92535491a63892a7ab1ffe76511 megakernel.cuh
sha256 650935fbe0799cec650ebe91331f83e58b23a3461c0a9df0f01a27a6dcebaec7 mlp_evaluation.cuh
sha256 abc976abdeaa14db113f1e1c880af4aa6b3399bb04b70e1f3718ac8abbc3d888 mlp_evaluation_check.cuh
sha256 960256e6097b5eb5a2a3e5505c14fabf62213b218441a16405ed0adceaa9ea9f model_evaluation.cuh
sha256 eafe6723a2b8a770528517590aa92e014ae315d4d9cbd9dea25bdd3139db22c4 model_evaluation_check.cuh
sha256 2cfe05bf690ca0783fddd52ff5337f292baff00fd328c5d851d55264aadddf36 qkv.cuh
sha256 cef57ceb07ba44e55effc962c75d7f96485a7f1b80a5555438c99016553708d9 quantize.cu
sha256 9075da55b9c101c83b3683c723f318808b2655b7b2b7219976b812520dc6deb2 routing.cu
sha256 ca484b3e8d99319779949171f011f533443b6cd387ad8d5459fdb676e072f33a routing.cuh
sha256 05a8268267db507f2316265a36455ffbb095889cc5ba67764063623801772ce4 tail.cu
sha256 0d560717a19a59e5505d3567890ca1e93d0fe3b4aeec191cbd711e3d28988e4c tail_backward.cuh
sha256 5a505a8820c47dee95c23321d3df3070b9232b67d61e25a7f91a6f391523c4cc tail_reference.cpp
sha256 0ebd41279767d6a31a504734fa15929f9502c2558209aac93e31b8444c498221 tail_reference.h
sha256 f2bff3dccf7c4d0f34cf0013fecc638bf73931d93eb069f5791551950ad2a43b tokenizer.cpp
sha256 5de4df83cf0040e94b7189fdc2752e58710298b69a71d7cb160ed09b0b471154 training_loss.cuh
sha256 15b680ed94a53c4bfe715d9a1a763a5bff7f9b071581ee54c5d76bfbe636a685 training_loss_reference.cu
sha256 6162af3343d30737858843abf1b3e930bee0e4af510aa75df73a810816d39da9 transport.cu
sha256 4c74b0dba9a3a754d4fff90f9cab402ed715067484f50079efdc703ddb8ef6fe validate.cu
$ nvidia-smi
Sat Sep 19 08:43:59 2026       
+-----------------------------------------------------------------------------------------+
| NVIDIA-SMI 580.95.05              Driver Version: 580.95.05      CUDA Version: 13.0     |
+-----------------------------------------+------------------------+----------------------+
| GPU  Name                 Persistence-M | Bus-Id          Disp.A | Volatile Uncorr. ECC |
| Fan  Temp   Perf          Pwr:Usage/Cap |           Memory-Usage | GPU-Util  Compute M. |
|                                         |                        |               MIG M. |
|=========================================+========================+======================|
|   0  NVIDIA H100 80GB HBM3          On  |   00000000:90:00.0 Off |                    0 |
| N/A   30C    P0             68W /  700W |       4MiB /  81559MiB |      0%      Default |
|                                         |                        |             Disabled |
+-----------------------------------------+------------------------+----------------------+

+-----------------------------------------------------------------------------------------+
| Processes:                                                                              |
|  GPU   GI   CI              PID   Type   Process name                        GPU Memory |
|        ID   ID                                                               Usage      |
|=========================================================================================|
|  No running processes found                                                             |
+-----------------------------------------------------------------------------------------+

$ nvcc --version
nvcc: NVIDIA (R) Cuda compiler driver
Copyright (c) 2005-2025 NVIDIA Corporation
Built on Fri_Feb_21_20:23:50_PST_2025
Cuda compilation tools, release 12.8, V12.8.93
Build cuda_12.8.r12.8/compiler.35583870_0

$ make -C /workspace/cuda tail
make: Entering directory '/workspace/cuda'
g++ -std=c++17 -O2 -D_GLIBCXX_USE_CXX11_ABI=1 -I/usr/local/lib/python3.12/site-packages/torch/include -I/usr/local/lib/python3.12/site-packages/torch/include/torch/csrc/api/include -c tail_reference.cpp -o tail_reference.o
nvcc -std=c++17 -O3 -arch=sm_90a -lineinfo -Xptxas=-v,-warn-spills --use_fast_math -c training_loss_reference.cu -o training_loss_reference.o
training_loss_reference.cu(207): warning #177-D: variable "result" was declared but never referenced
      __nv_fp8_e5m28 result;
                     ^
          detected during instantiation of "void reference_loss<Vocabulary>(const nano::TrainingLoss &, const float *) [with Vocabulary=2048]" at line 301

Remark: The warnings can be suppressed with "-diag-suppress <warning-number>"

training_loss_reference.cu(207): warning #177-D: variable "result" was declared but never referenced
      __nv_fp8_e5m28 result;
                     ^
          detected during instantiation of "void reference_loss<Vocabulary>(const nano::TrainingLoss &, const float *) [with Vocabulary=2048]" at line 301

Remark: The warnings can be suppressed with "-diag-suppress <warning-number>"

ptxas info    : 0 bytes gmem
ptxas info    : Compiling entry function '_ZN23frontier_loss_reference17ce_fwd_bwd_kernelILi50304EEEvPKhPKxPKfS4_PfPciidddddd' for 'sm_90a'
ptxas info    : Function properties for _ZN23frontier_loss_reference17ce_fwd_bwd_kernelILi50304EEEvPKhPKxPKfS4_PfPciidddddd
    0 bytes stack frame, 0 bytes spill stores, 0 bytes spill loads
ptxas info    : Used 128 registers, used 1 barriers, 32 bytes smem
ptxas info    : Compile time = 162.390 ms
ptxas info    : Compiling entry function '_ZN23frontier_loss_reference17ce_fwd_bwd_kernelILi24576EEEvPKhPKxPKfS4_PfPciidddddd' for 'sm_90a'
ptxas info    : Function properties for _ZN23frontier_loss_reference17ce_fwd_bwd_kernelILi24576EEEvPKhPKxPKfS4_PfPciidddddd
    0 bytes stack frame, 0 bytes spill stores, 0 bytes spill loads
ptxas info    : Used 122 registers, used 1 barriers, 32 bytes smem
ptxas info    : Compile time = 65.565 ms
ptxas info    : Compiling entry function '_ZN23frontier_loss_reference17ce_fwd_bwd_kernelILi14336EEEvPKhPKxPKfS4_PfPciidddddd' for 'sm_90a'
ptxas info    : Function properties for _ZN23frontier_loss_reference17ce_fwd_bwd_kernelILi14336EEEvPKhPKxPKfS4_PfPciidddddd
    0 bytes stack frame, 0 bytes spill stores, 0 bytes spill loads
ptxas info    : Used 80 registers, used 1 barriers, 32 bytes smem
ptxas info    : Compile time = 48.574 ms
ptxas info    : Compiling entry function '_ZN23frontier_loss_reference17ce_fwd_bwd_kernelILi10240EEEvPKhPKxPKfS4_PfPciidddddd' for 'sm_90a'
ptxas info    : Function properties for _ZN23frontier_loss_reference17ce_fwd_bwd_kernelILi10240EEEvPKhPKxPKfS4_PfPciidddddd
    0 bytes stack frame, 0 bytes spill stores, 0 bytes spill loads
ptxas info    : Used 63 registers, used 1 barriers, 32 bytes smem
ptxas info    : Compile time = 38.026 ms
ptxas info    : Compiling entry function '_ZN23frontier_loss_reference17ce_fwd_bwd_kernelILi2048EEEvPKhPKxPKfS4_PfPciidddddd' for 'sm_90a'
ptxas info    : Function properties for _ZN23frontier_loss_reference17ce_fwd_bwd_kernelILi2048EEEvPKhPKxPKfS4_PfPciidddddd
    0 bytes stack frame, 0 bytes spill stores, 0 bytes spill loads
ptxas info    : Used 32 registers, used 1 barriers, 32 bytes smem
ptxas info    : Compile time = 18.477 ms
nvcc -std=c++17 -O3 -arch=sm_90a -lineinfo -Xptxas=-v,-warn-spills -DNANO_TRANSPOSE_PAD=4 -DNANO_REUSE_QUANT=1 -DNANO_MIN_BLOCKS=4 -DNANO_ALIGNED=1 -DNANO_K_LOOP=1 -DNANO_FRONTIER=1 -DNANO_BF16_COALESCED=1 -DNANO_COOP_PUBLISH=1 tail.cu tail_reference.o training_loss_reference.o -lcublas -L/usr/local/lib/python3.12/site-packages/torch/lib -Xlinker -rpath -Xlinker /usr/local/lib/python3.12/site-packages/torch/lib -ltorch -ltorch_cpu -ltorch_cuda -lc10 -lc10_cuda -o tail
ptxas warning : Registers are spilled to local memory in function '_ZN4nano10megakernelILb0ELb0ELb0ELb1ELb0ELb0ELb1ELb1EEEvNS_5GraphE', 16 bytes spill stores, 24 bytes spill loads
ptxas warning : Registers are spilled to local memory in function '_ZN4nano10megakernelILb1ELb0ELb0ELb1ELb0ELb0ELb1ELb1EEEvNS_5GraphE', 8 bytes spill stores, 12 bytes spill loads
ptxas warning : Registers are spilled to local memory in function '_ZN4nano10megakernelILb0ELb0ELb0ELb1ELb0ELb0ELb0ELb1EEEvNS_5GraphE', 44 bytes spill stores, 72 bytes spill loads
ptxas warning : Registers are spilled to local memory in function '_ZN4nano10megakernelILb1ELb0ELb0ELb1ELb0ELb0ELb0ELb1EEEvNS_5GraphE', 44 bytes spill stores, 72 bytes spill loads
ptxas info    : 0 bytes gmem
ptxas info    : Compiling entry function '_ZN4nano10megakernelILb0ELb0ELb0ELb1ELb0ELb0ELb1ELb1EEEvNS_5GraphE' for 'sm_90a'
ptxas info    : Function properties for _ZN4nano10megakernelILb0ELb0ELb0ELb1ELb0ELb0ELb1ELb1EEEvNS_5GraphE
    8 bytes stack frame, 16 bytes spill stores, 24 bytes spill loads
ptxas info    : Used 128 registers, used 1 barriers, 8 bytes cumulative stack size, 32800 bytes smem
ptxas info    : Compile time = 1684.849 ms
ptxas info    : Compiling entry function '_ZN4nano10megakernelILb1ELb0ELb0ELb1ELb0ELb0ELb1ELb1EEEvNS_5GraphE' for 'sm_90a'
ptxas info    : Function properties for _ZN4nano10megakernelILb1ELb0ELb0ELb1ELb0ELb0ELb1ELb1EEEvNS_5GraphE
    8 bytes stack frame, 8 bytes spill stores, 12 bytes spill loads
ptxas info    : Used 128 registers, used 1 barriers, 8 bytes cumulative stack size, 32800 bytes smem
ptxas info    : Compile time = 1482.976 ms
ptxas info    : Compiling entry function '_ZN4nano10megakernelILb0ELb0ELb0ELb1ELb0ELb0ELb0ELb1EEEvNS_5GraphE' for 'sm_90a'
ptxas info    : Function properties for _ZN4nano10megakernelILb0ELb0ELb0ELb1ELb0ELb0ELb0ELb1EEEvNS_5GraphE
    32 bytes stack frame, 44 bytes spill stores, 72 bytes spill loads
ptxas info    : Used 128 registers, used 1 barriers, 32 bytes cumulative stack size, 32800 bytes smem
ptxas info    : Compile time = 1356.374 ms
ptxas info    : Compiling entry function '_ZN4nano10megakernelILb1ELb0ELb0ELb1ELb0ELb0ELb0ELb1EEEvNS_5GraphE' for 'sm_90a'
ptxas info    : Function properties for _ZN4nano10megakernelILb1ELb0ELb0ELb1ELb0ELb0ELb0ELb1EEEvNS_5GraphE
    32 bytes stack frame, 44 bytes spill stores, 72 bytes spill loads
ptxas info    : Used 128 registers, used 1 barriers, 32 bytes cumulative stack size, 32800 bytes smem
ptxas info    : Compile time = 1330.500 ms
ptxas info    : Compiling entry function '_Z10tail_stageILi1EEvN4nano5GraphEi' for 'sm_90a'
ptxas info    : Function properties for _Z10tail_stageILi1EEvN4nano5GraphEi
    0 bytes stack frame, 0 bytes spill stores, 0 bytes spill loads
ptxas info    : Used 96 registers, used 1 barriers, 32768 bytes smem
ptxas info    : Compile time = 1212.666 ms
ptxas info    : Compiling entry function '_Z10tail_stageILi4EEvN4nano5GraphEi' for 'sm_90a'
ptxas info    : Function properties for _Z10tail_stageILi4EEvN4nano5GraphEi
    0 bytes stack frame, 0 bytes spill stores, 0 bytes spill loads
ptxas info    : Used 96 registers, used 1 barriers, 32768 bytes smem
ptxas info    : Compile time = 1189.505 ms
ptxas info    : Compiling entry function '_Z10head_stageILi1EEvN4nano5GraphEi' for 'sm_90a'
ptxas info    : Function properties for _Z10head_stageILi1EEvN4nano5GraphEi
    0 bytes stack frame, 0 bytes spill stores, 0 bytes spill loads
ptxas info    : Used 87 registers, used 1 barriers, 32768 bytes smem
ptxas info    : Compile time = 617.971 ms
ptxas info    : Compiling entry function '_Z10head_stageILi4EEvN4nano5GraphEi' for 'sm_90a'
ptxas info    : Function properties for _Z10head_stageILi4EEvN4nano5GraphEi
    0 bytes stack frame, 0 bytes spill stores, 0 bytes spill loads
ptxas info    : Used 87 registers, used 1 barriers, 32768 bytes smem
ptxas info    : Compile time = 617.688 ms
ptxas info    : Compiling entry function '_Z10loss_stageN4nano5GraphEi' for 'sm_90a'
ptxas info    : Function properties for _Z10loss_stageN4nano5GraphEi
    0 bytes stack frame, 0 bytes spill stores, 0 bytes spill loads
ptxas info    : Used 39 registers, used 0 barriers
ptxas info    : Compile time = 26.060 ms
ptxas info    : Compiling entry function '_Z10reset_lossN4nano5GraphEi' for 'sm_90a'
ptxas info    : Function properties for _Z10reset_lossN4nano5GraphEi
    0 bytes stack frame, 0 bytes spill stores, 0 bytes spill loads
ptxas info    : Used 12 registers, used 0 barriers
ptxas info    : Compile time = 1.568 ms
make: Leaving directory '/workspace/cuda'

$ /workspace/cuda/tail
GPU[0]=NVIDIA H100 80GB HBM3 SMs=132 runtime=12080
LOSS FP64 max_loss=8.72122886e-07 max_raw_gradient=0.000725049502
LOSS FP64 max_descaled_gradient=9.48289502e-09 gradient_rel_l2=1.37728149e-07
LOSS pinned CUDA max_loss=0 gradient_rel_l2=0 changed_codes=0/32768
HEAD product=0 M=16 N=2048 K=768 rel_l2=2.22728895e-08 max_abs=4.76837158e-07
HEAD product=1 M=16 N=768 K=2048 rel_l2=1.0761014e-07 max_abs=2.79396772e-09
HEAD product=2 M=768 N=2048 K=16 rel_l2=2.220256e-08 max_abs=2.98023224e-08
LAYER BF16 projection/product rel_l2=7.23490232e-07 max_abs=7.74860382e-07
LAYER BF16 projection/product rel_l2=8.63812504e-08 max_abs=2.98023224e-08
LAYER BF16 projection/product rel_l2=7.86999785e-08 max_abs=2.98023224e-08
LAYER BF16 projection/product rel_l2=2.85901554e-08 max_abs=2.32830644e-10
LAYER BF16 projection/product rel_l2=1.24344304e-07 max_abs=4.65661287e-10
LAYER BF16 projection/product rel_l2=9.03344941e-08 max_abs=1.74622983e-10
LAYER BF16 projection/product rel_l2=4.07916787e-08 max_abs=2.32830644e-10
LAYER BF16 projection/product rel_l2=2.98897682e-08 max_abs=9.31322575e-10
LAYER BF16 projection/product rel_l2=3.49210764e-08 max_abs=2.32830644e-10
LAYER tail forward gate rel_l2=3.94772915e-08 max_abs=3.46584711e-08
LAYER tail forward gate rel_l2=1.38295549e-08 max_abs=1.33927642e-08
LAYER tail forward gate rel_l2=2.54400603e-08 max_abs=8.80390871e-10
LAYER tail coefficient adjoints rel_l2=3.70263426e-08 max_abs=2.32830644e-09
LAYER tail coefficient adjoints rel_l2=3.61745833e-08 max_abs=1.51339918e-09
LAYER tail coefficient adjoints rel_l2=3.73936645e-08 max_abs=2.32830644e-09
LAYER tail coefficient adjoints rel_l2=3.75348285e-08 max_abs=2.79396772e-09
LAYER tail coefficient adjoints rel_l2=3.88321214e-08 max_abs=2.21189111e-09
LAYER tail coefficient adjoints rel_l2=4.10532028e-08 max_abs=3.02679837e-09
LAYER tail coefficient adjoints rel_l2=3.52331122e-08 max_abs=2.32830644e-09
LAYER tail coefficient adjoints rel_l2=3.83490681e-08 max_abs=2.32830644e-09
LAYER tail coefficient adjoints rel_l2=3.81786386e-08 max_abs=2.32830644e-09
LAYER tail coefficient adjoints rel_l2=3.63776013e-08 max_abs=1.86264515e-09
LAYER tail mixing rel_l2=6.72336441e-08 max_abs=1.39698386e-07
LAYER tail RMS rel_l2=4.85588386e-08 max_abs=3.5291109e-07
LAYER tail RMS backward rel_l2=5.65701701e-08 max_abs=3.49129336e-09
LAYER tail shared GELU gradient rel_l2=4.3094886e-08 max_abs=1.49870594e-10
TAIL ATen eager diagnostic mu rel_l2=0.00414306535 max_abs=0.00390625 changed=32/160
TAIL ATen eager diagnostic mug rel_l2=0 max_abs=0 changed=0/1920
TAIL ATen eager diagnostic mixed rel_l2=0.00533009209 max_abs=0.0078125 changed=8018/12288
TAIL ATen eager diagnostic RMS from native mixed rel_l2=0 max_abs=0 changed=0/12288
TAIL ATen eager diagnostic output rel_l2=0.00563985617 max_abs=0.046875 changed=7996/12288
TAIL ATen eager diagnostic dx rel_l2=0.00223161114 max_abs=0.000122070312 changed=2868/12288
TAIL ATen eager diagnostic source_0 rel_l2=0.00396079257 max_abs=3.81469727e-06 changed=4642/12288
TAIL ATen eager diagnostic source_1 rel_l2=0.00465945216 max_abs=0.000122070312 changed=6679/12288
TAIL ATen eager diagnostic source_2 rel_l2=0.00459272382 max_abs=7.62939453e-06 changed=5609/12288
TAIL ATen eager diagnostic source_3 rel_l2=0.00370090623 max_abs=3.81469727e-06 changed=4919/12288
TAIL ATen eager diagnostic source_4 rel_l2=0.00371803837 max_abs=3.81469727e-06 changed=4805/12288
TAIL ATen eager diagnostic source_5 rel_l2=0.00351037835 max_abs=3.81469727e-06 changed=4377/12288
TAIL ATen eager diagnostic source_6 rel_l2=0.00346559787 max_abs=3.81469727e-06 changed=4442/12288
TAIL ATen eager diagnostic source_7 rel_l2=0.00401186833 max_abs=3.81469727e-06 changed=4918/12288
TAIL ATen eager diagnostic source_8 rel_l2=0.00351490281 max_abs=1.90734863e-06 changed=4238/12288
TAIL ATen eager diagnostic source_9 rel_l2=0.00340947335 max_abs=1.90734863e-06 changed=4849/12288
TAIL ATen eager diagnostic dw1 rel_l2=0.00633803099 max_abs=2.28881836e-05 changed=35706/49152
TAIL ATen eager diagnostic dw2 rel_l2=0.00509203818 max_abs=6.10351562e-05 changed=427/896
TAIL ATen eager diagnostic dbias rel_l2=0.00301283666 max_abs=0.000122070312 changed=5/14
TAIL ATen eager diagnostic dwg rel_l2=0.00450073406 max_abs=3.05175781e-05 changed=4688/10752
TAIL PASS tokens=16 vocabulary=2048 workers=17 step=0 tasks=591 phases=28
LOSS FP64 max_loss=6.04441199e-07 max_raw_gradient=0.00033113356
LOSS FP64 max_descaled_gradient=4.33088331e-09 gradient_rel_l2=7.79248923e-08
LOSS pinned CUDA max_loss=0 gradient_rel_l2=0 changed_codes=0/32768
HEAD product=0 M=16 N=2048 K=768 rel_l2=2.26565758e-08 max_abs=9.53674316e-07
HEAD product=1 M=16 N=768 K=2048 rel_l2=1.08671022e-07 max_abs=2.32830644e-09
HEAD product=2 M=768 N=2048 K=16 rel_l2=2.13473496e-08 max_abs=2.98023224e-08
LAYER BF16 projection/product rel_l2=7.23150784e-07 max_abs=8.94069672e-07
LAYER BF16 projection/product rel_l2=0 max_abs=0
LAYER BF16 projection/product rel_l2=0 max_abs=0
LAYER BF16 projection/product rel_l2=0 max_abs=0
LAYER BF16 projection/product rel_l2=0 max_abs=0
LAYER BF16 projection/product rel_l2=0 max_abs=0
LAYER BF16 projection/product rel_l2=0 max_abs=0
LAYER BF16 projection/product rel_l2=3.38175306e-08 max_abs=9.31322575e-10
LAYER BF16 projection/product rel_l2=3.56041767e-08 max_abs=4.65661287e-10
LAYER tail forward gate rel_l2=3.97270385e-08 max_abs=5.49785375e-08
LAYER tail forward gate rel_l2=1.49280825e-08 max_abs=7.4505806e-09
LAYER tail forward gate rel_l2=0 max_abs=0
LAYER tail coefficient adjoints rel_l2=4.06815109e-08 max_abs=2.79396772e-09
LAYER tail coefficient adjoints rel_l2=3.77510751e-08 max_abs=1.86264515e-09
LAYER tail coefficient adjoints rel_l2=4.33626595e-08 max_abs=2.09547579e-09
LAYER tail coefficient adjoints rel_l2=4.46039145e-08 max_abs=3.09773895e-09
LAYER tail coefficient adjoints rel_l2=3.6228666e-08 max_abs=1.58615876e-09
LAYER tail coefficient adjoints rel_l2=3.93143008e-08 max_abs=1.86264515e-09
LAYER tail coefficient adjoints rel_l2=3.93406245e-08 max_abs=2.32830644e-09
LAYER tail coefficient adjoints rel_l2=3.88506795e-08 max_abs=2.09547579e-09
LAYER tail coefficient adjoints rel_l2=4.21593791e-08 max_abs=3.08500603e-09
LAYER tail coefficient adjoints rel_l2=3.92510755e-08 max_abs=2.44472176e-09
LAYER tail mixing rel_l2=5.85079447e-08 max_abs=1.76019967e-07
LAYER tail RMS rel_l2=5.76501373e-08 max_abs=3.6998224e-07
LAYER tail RMS backward rel_l2=6.33388293e-08 max_abs=3.27146584e-09
LAYER tail shared GELU gradient rel_l2=0 max_abs=0
TAIL ATen eager diagnostic mu rel_l2=0 max_abs=0 changed=0/160
TAIL ATen eager diagnostic mug rel_l2=0 max_abs=0 changed=0/1920
TAIL ATen eager diagnostic mixed rel_l2=0.00474285031 max_abs=0.0078125 changed=7263/12288
TAIL ATen eager diagnostic RMS from native mixed rel_l2=0 max_abs=0 changed=0/12288
TAIL ATen eager diagnostic output rel_l2=0.00501758404 max_abs=0.03125 changed=6934/12288
TAIL ATen eager diagnostic dx rel_l2=0.00108263166 max_abs=0.000122070312 changed=1217/12288
TAIL ATen eager diagnostic source_0 rel_l2=0.00115913398 max_abs=4.76837158e-07 changed=1114/12288
TAIL ATen eager diagnostic source_1 rel_l2=0.00108263166 max_abs=6.10351562e-05 changed=1217/12288
TAIL ATen eager diagnostic source_2 rel_l2=0.00114339714 max_abs=2.38418579e-07 changed=1148/12288
TAIL ATen eager diagnostic source_3 rel_l2=0.00114875068 max_abs=9.53674316e-07 changed=1089/12288
TAIL ATen eager diagnostic source_4 rel_l2=0.00110555134 max_abs=2.98023224e-08 changed=1204/12288
TAIL ATen eager diagnostic source_5 rel_l2=0.00108263166 max_abs=9.53674316e-07 changed=1217/12288
TAIL ATen eager diagnostic source_6 rel_l2=0.00115651244 max_abs=1.90734863e-06 changed=1064/12288
TAIL ATen eager diagnostic source_7 rel_l2=0.001149469 max_abs=4.76837158e-07 changed=1105/12288
TAIL ATen eager diagnostic source_8 rel_l2=0.00120538351 max_abs=9.53674316e-07 changed=1106/12288
TAIL ATen eager diagnostic source_9 rel_l2=0.00115409808 max_abs=4.76837158e-07 changed=1110/12288
TAIL ATen eager diagnostic dw1 rel_l2=0 max_abs=0 changed=0/49152
TAIL ATen eager diagnostic dw2 rel_l2=0.00405344346 max_abs=6.10351562e-05 changed=378/896
TAIL ATen eager diagnostic dbias rel_l2=0.0038793464 max_abs=0.000122070312 changed=5/14
TAIL ATen eager diagnostic dwg rel_l2=0.00370769822 max_abs=3.05175781e-05 changed=4185/10752
TAIL PASS tokens=16 vocabulary=2048 workers=17 step=1 tasks=591 phases=28
LOSS FP64 max_loss=1.40505711e-06 max_raw_gradient=0.000254385983
LOSS FP64 max_descaled_gradient=6.65420931e-09 gradient_rel_l2=9.94774971e-08
LOSS pinned CUDA max_loss=0 gradient_rel_l2=0 changed_codes=0/32768
HEAD product=0 M=16 N=2048 K=768 rel_l2=0 max_abs=0
HEAD product=1 M=16 N=768 K=2048 rel_l2=3.73385649e-08 max_abs=9.31322575e-10
HEAD product=2 M=768 N=2048 K=16 rel_l2=0 max_abs=0
LAYER BF16 projection/product rel_l2=0 max_abs=0
LAYER BF16 projection/product rel_l2=0 max_abs=0
LAYER BF16 projection/product rel_l2=0 max_abs=0
LAYER BF16 projection/product rel_l2=0 max_abs=0
LAYER BF16 projection/product rel_l2=0 max_abs=0
LAYER BF16 projection/product rel_l2=0 max_abs=0
LAYER BF16 projection/product rel_l2=0 max_abs=0
LAYER BF16 projection/product rel_l2=0 max_abs=0
LAYER BF16 projection/product rel_l2=0 max_abs=0
LAYER tail forward gate rel_l2=0 max_abs=0
LAYER tail forward gate rel_l2=1.49199646e-08 max_abs=7.4505806e-09
LAYER tail forward gate rel_l2=0 max_abs=0
LAYER tail coefficient adjoints rel_l2=0 max_abs=0
LAYER tail coefficient adjoints rel_l2=0 max_abs=0
LAYER tail coefficient adjoints rel_l2=0 max_abs=0
LAYER tail coefficient adjoints rel_l2=0 max_abs=0
LAYER tail coefficient adjoints rel_l2=0 max_abs=0
LAYER tail coefficient adjoints rel_l2=0 max_abs=0
LAYER tail coefficient adjoints rel_l2=0 max_abs=0
LAYER tail coefficient adjoints rel_l2=0 max_abs=0
LAYER tail coefficient adjoints rel_l2=0 max_abs=0
LAYER tail coefficient adjoints rel_l2=0 max_abs=0
LAYER tail mixing rel_l2=0 max_abs=0
LAYER tail RMS rel_l2=0 max_abs=0
LAYER tail RMS backward rel_l2=1.03375596e-07 max_abs=2.38859006e-06
LAYER tail shared GELU gradient rel_l2=0 max_abs=0
TAIL ATen eager diagnostic mu rel_l2=0 max_abs=0 changed=0/160
TAIL ATen eager diagnostic mug rel_l2=0 max_abs=0 changed=0/1920
TAIL ATen eager diagnostic mixed rel_l2=0 max_abs=0 changed=0/12288
TAIL ATen eager diagnostic RMS from native mixed rel_l2=0 max_abs=0 changed=0/12288
TAIL ATen eager diagnostic output rel_l2=0 max_abs=0 changed=0/12288
TAIL ATen eager diagnostic dx rel_l2=0 max_abs=0 changed=0/12288
TAIL ATen eager diagnostic source_0 rel_l2=0 max_abs=0 changed=0/12288
TAIL ATen eager diagnostic source_1 rel_l2=0 max_abs=0 changed=0/12288
TAIL ATen eager diagnostic source_2 rel_l2=0 max_abs=0 changed=0/12288
TAIL ATen eager diagnostic source_3 rel_l2=0 max_abs=0 changed=0/12288
TAIL ATen eager diagnostic source_4 rel_l2=0 max_abs=0 changed=0/12288
TAIL ATen eager diagnostic source_5 rel_l2=0 max_abs=0 changed=0/12288
TAIL ATen eager diagnostic source_6 rel_l2=0 max_abs=0 changed=0/12288
TAIL ATen eager diagnostic source_7 rel_l2=0 max_abs=0 changed=0/12288
TAIL ATen eager diagnostic source_8 rel_l2=0 max_abs=0 changed=0/12288
TAIL ATen eager diagnostic source_9 rel_l2=0 max_abs=0 changed=0/12288
TAIL ATen eager diagnostic dw1 rel_l2=0 max_abs=0 changed=0/49152
TAIL ATen eager diagnostic dw2 rel_l2=0 max_abs=0 changed=0/896
TAIL ATen eager diagnostic dbias rel_l2=0 max_abs=0 changed=0/14
TAIL ATen eager diagnostic dwg rel_l2=0 max_abs=0 changed=0/10752
TAIL PASS tokens=16 vocabulary=2048 workers=17 step=2 tasks=591 phases=28
LOSS FP64 max_loss=7.60280356e-07 max_raw_gradient=0.000422353902
LOSS FP64 max_descaled_gradient=5.52395071e-09 gradient_rel_l2=8.10318697e-08
LOSS pinned CUDA max_loss=1.90734863e-06 gradient_rel_l2=0 changed_codes=0/133120
HEAD product=0 M=65 N=2048 K=768 rel_l2=2.29165759e-08 max_abs=4.76837158e-07
HEAD product=1 M=65 N=768 K=2048 rel_l2=1.23138882e-07 max_abs=3.25962901e-09
HEAD product=2 M=768 N=2048 K=65 rel_l2=3.17605756e-08 max_abs=5.96046448e-08
LAYER BF16 projection/product rel_l2=7.37044409e-07 max_abs=1.07288361e-06
LAYER BF16 projection/product rel_l2=7.87748888e-08 max_abs=1.49011612e-08
LAYER BF16 projection/product rel_l2=8.17611024e-08 max_abs=4.47034836e-08
LAYER BF16 projection/product rel_l2=2.93289507e-08 max_abs=4.65661287e-10
LAYER BF16 projection/product rel_l2=1.28002761e-07 max_abs=6.98491931e-10
LAYER BF16 projection/product rel_l2=9.00804022e-08 max_abs=2.32830644e-10
LAYER BF16 projection/product rel_l2=9.4301683e-08 max_abs=9.31322575e-10
LAYER BF16 projection/product rel_l2=7.66894975e-08 max_abs=2.79396772e-09
LAYER BF16 projection/product rel_l2=8.35330065e-08 max_abs=1.86264515e-09
LAYER tail forward gate rel_l2=4.31212574e-08 max_abs=6.45967018e-08
LAYER tail forward gate rel_l2=2.93949157e-08 max_abs=2.83097279e-08
LAYER tail forward gate rel_l2=2.48677328e-08 max_abs=8.80390871e-10
LAYER tail coefficient adjoints rel_l2=3.78450662e-08 max_abs=2.09547579e-09
LAYER tail coefficient adjoints rel_l2=4.03237414e-08 max_abs=2.79396772e-09
LAYER tail coefficient adjoints rel_l2=3.98842172e-08 max_abs=3.10501491e-09
LAYER tail coefficient adjoints rel_l2=4.17831336e-08 max_abs=3.7252903e-09
LAYER tail coefficient adjoints rel_l2=4.03316666e-08 max_abs=3.02679837e-09
LAYER tail coefficient adjoints rel_l2=3.84091025e-08 max_abs=2.79396772e-09
LAYER tail coefficient adjoints rel_l2=3.74192303e-08 max_abs=2.79396772e-09
LAYER tail coefficient adjoints rel_l2=3.89991866e-08 max_abs=2.99769454e-09
LAYER tail coefficient adjoints rel_l2=3.94898825e-08 max_abs=2.79396772e-09
LAYER tail coefficient adjoints rel_l2=4.28948428e-08 max_abs=3.78349796e-09
LAYER tail mixing rel_l2=6.54090538e-08 max_abs=1.52736902e-07
LAYER tail RMS rel_l2=5.73839834e-08 max_abs=5.53876609e-07
LAYER tail RMS backward rel_l2=6.06677392e-08 max_abs=4.86375804e-09
LAYER tail shared GELU gradient rel_l2=4.47026043e-08 max_abs=2.28210707e-10
TAIL ATen eager diagnostic mu rel_l2=0.00316800227 max_abs=0.00390625 changed=143/650
TAIL ATen eager diagnostic mug rel_l2=0 max_abs=0 changed=0/7800
TAIL ATen eager diagnostic mixed rel_l2=0.00533040855 max_abs=0.01171875 changed=31709/49920
TAIL ATen eager diagnostic RMS from native mixed rel_l2=0 max_abs=0 changed=0/49920
TAIL ATen eager diagnostic output rel_l2=0.00560976539 max_abs=0.0625 changed=31504/49920
TAIL ATen eager diagnostic dx rel_l2=0.0019490789 max_abs=0.000244140625 changed=10283/49920
TAIL ATen eager diagnostic source_0 rel_l2=0.00419256807 max_abs=7.62939453e-06 changed=19890/49920
TAIL ATen eager diagnostic source_1 rel_l2=0.00399769629 max_abs=0.000122070312 changed=21790/49920
TAIL ATen eager diagnostic source_2 rel_l2=0.00402222435 max_abs=3.81469727e-06 changed=20351/49920
TAIL ATen eager diagnostic source_3 rel_l2=0.00386115569 max_abs=3.81469727e-06 changed=21397/49920
TAIL ATen eager diagnostic source_4 rel_l2=0.00410468429 max_abs=5.7220459e-06 changed=20582/49920
TAIL ATen eager diagnostic source_5 rel_l2=0.00372252107 max_abs=3.81469727e-06 changed=20858/49920
TAIL ATen eager diagnostic source_6 rel_l2=0.00383033337 max_abs=7.62939453e-06 changed=18026/49920
TAIL ATen eager diagnostic source_7 rel_l2=0.00380018607 max_abs=7.62939453e-06 changed=20907/49920
TAIL ATen eager diagnostic source_8 rel_l2=0.00371020342 max_abs=3.81469727e-06 changed=18707/49920
TAIL ATen eager diagnostic source_9 rel_l2=0.0040544965 max_abs=3.81469727e-06 changed=22050/49920
TAIL ATen eager diagnostic dw1 rel_l2=0.00577617793 max_abs=3.05175781e-05 changed=34592/49152
TAIL ATen eager diagnostic dw2 rel_l2=0.00477953642 max_abs=0.000122070312 changed=427/896
TAIL ATen eager diagnostic dbias rel_l2=0.00622841246 max_abs=0.000244140625 changed=6/14
TAIL ATen eager diagnostic dwg rel_l2=0.00415460645 max_abs=3.05175781e-05 changed=4632/10752
TAIL PASS tokens=65 vocabulary=2048 workers=17 step=0 tasks=1042 phases=28
LOSS FP64 max_loss=1.04986498e-06 max_raw_gradient=0.000559181155
LOSS FP64 max_descaled_gradient=7.31350918e-09 gradient_rel_l2=1.16271712e-07
LOSS pinned CUDA max_loss=1.90734863e-06 gradient_rel_l2=0 changed_codes=0/804864
HEAD product=0 M=16 N=50304 K=768 rel_l2=1.33436252e-08 max_abs=4.76837158e-07
HEAD product=1 M=16 N=768 K=50304 rel_l2=9.66970413e-07 max_abs=1.90921128e-08
HEAD product=2 M=768 N=50304 K=16 rel_l2=7.40529748e-08 max_abs=8.94069672e-08
LAYER BF16 projection/product rel_l2=7.23490232e-07 max_abs=7.74860382e-07
LAYER BF16 projection/product rel_l2=8.63812504e-08 max_abs=2.98023224e-08
LAYER BF16 projection/product rel_l2=7.86999785e-08 max_abs=2.98023224e-08
LAYER BF16 projection/product rel_l2=2.15526815e-08 max_abs=2.32830644e-10
LAYER BF16 projection/product rel_l2=1.30239237e-07 max_abs=6.98491931e-10
LAYER BF16 projection/product rel_l2=8.67253314e-08 max_abs=1.74622983e-10
LAYER BF16 projection/product rel_l2=3.73140447e-08 max_abs=2.32830644e-10
LAYER BF16 projection/product rel_l2=3.89602224e-08 max_abs=9.31322575e-10
LAYER BF16 projection/product rel_l2=3.3242076e-08 max_abs=2.32830644e-10
LAYER tail forward gate rel_l2=3.94772915e-08 max_abs=3.46584711e-08
LAYER tail forward gate rel_l2=1.38295549e-08 max_abs=1.33927642e-08
LAYER tail forward gate rel_l2=2.54400603e-08 max_abs=8.80390871e-10
LAYER tail coefficient adjoints rel_l2=3.80631378e-08 max_abs=1.84081728e-09
LAYER tail coefficient adjoints rel_l2=3.79195794e-08 max_abs=1.92085281e-09
LAYER tail coefficient adjoints rel_l2=4.4426463e-08 max_abs=3.41970008e-09
LAYER tail coefficient adjoints rel_l2=3.94003722e-08 max_abs=2.03726813e-09
LAYER tail coefficient adjoints rel_l2=4.65917379e-08 max_abs=3.25962901e-09
LAYER tail coefficient adjoints rel_l2=3.90163088e-08 max_abs=2.70665623e-09
LAYER tail coefficient adjoints rel_l2=3.80582162e-08 max_abs=2.09547579e-09
LAYER tail coefficient adjoints rel_l2=4.80283855e-08 max_abs=5.58793545e-09
LAYER tail coefficient adjoints rel_l2=3.92488035e-08 max_abs=1.62981451e-09
LAYER tail coefficient adjoints rel_l2=4.27666626e-08 max_abs=2.79396772e-09
LAYER tail mixing rel_l2=6.72336441e-08 max_abs=1.39698386e-07
LAYER tail RMS rel_l2=4.85588386e-08 max_abs=3.5291109e-07
LAYER tail RMS backward rel_l2=5.94991676e-08 max_abs=3.71785878e-09
LAYER tail shared GELU gradient rel_l2=4.60789299e-08 max_abs=1.85186162e-10
TAIL ATen eager diagnostic mu rel_l2=0.00414306535 max_abs=0.00390625 changed=32/160
TAIL ATen eager diagnostic mug rel_l2=0 max_abs=0 changed=0/1920
TAIL ATen eager diagnostic mixed rel_l2=0.00533009209 max_abs=0.0078125 changed=8018/12288
TAIL ATen eager diagnostic RMS from native mixed rel_l2=0 max_abs=0 changed=0/12288
TAIL ATen eager diagnostic output rel_l2=0.00563985617 max_abs=0.046875 changed=7996/12288
TAIL ATen eager diagnostic dx rel_l2=0.00226627533 max_abs=0.000244140625 changed=2676/12288
TAIL ATen eager diagnostic source_0 rel_l2=0.00372804254 max_abs=3.81469727e-06 changed=4451/12288
TAIL ATen eager diagnostic source_1 rel_l2=0.00479916989 max_abs=0.000183105469 changed=6569/12288
TAIL ATen eager diagnostic source_2 rel_l2=0.00451549594 max_abs=5.7220459e-06 changed=5587/12288
TAIL ATen eager diagnostic source_3 rel_l2=0.00366529521 max_abs=3.81469727e-06 changed=4732/12288
TAIL ATen eager diagnostic source_4 rel_l2=0.00376468898 max_abs=3.81469727e-06 changed=4721/12288
TAIL ATen eager diagnostic source_5 rel_l2=0.0035982112 max_abs=3.81469727e-06 changed=4378/12288
TAIL ATen eager diagnostic source_6 rel_l2=0.00349168114 max_abs=3.81469727e-06 changed=4384/12288
TAIL ATen eager diagnostic source_7 rel_l2=0.0040694516 max_abs=3.81469727e-06 changed=4748/12288
TAIL ATen eager diagnostic source_8 rel_l2=0.00351965328 max_abs=3.81469727e-06 changed=4073/12288
TAIL ATen eager diagnostic source_9 rel_l2=0.00341025027 max_abs=3.81469727e-06 changed=4730/12288
TAIL ATen eager diagnostic dw1 rel_l2=0.00658817315 max_abs=2.28881836e-05 changed=35434/49152
TAIL ATen eager diagnostic dw2 rel_l2=0.00549447875 max_abs=6.10351562e-05 changed=422/896
TAIL ATen eager diagnostic dbias rel_l2=0.00701030514 max_abs=0.000244140625 changed=6/14
TAIL ATen eager diagnostic dwg rel_l2=0.00415727083 max_abs=2.28881836e-05 changed=4487/10752
TAIL PASS tokens=16 vocabulary=50304 workers=17 step=0 tasks=11153 phases=28
LOSS FP64 max_loss=4.06198204e-07 max_raw_gradient=0.000447062465
LOSS FP64 max_descaled_gradient=5.84711308e-09 gradient_rel_l2=1.0387926e-07
LOSS pinned CUDA max_loss=1.90734863e-06 gradient_rel_l2=0 changed_codes=0/12877824
HEAD product=0 M=256 N=50304 K=768 rel_l2=1.34778424e-08 max_abs=9.53674316e-07
HEAD product=1 M=256 N=768 K=50304 rel_l2=9.65548677e-07 max_abs=2.60770321e-08
HEAD product=2 M=768 N=50304 K=256 rel_l2=1.74423873e-07 max_abs=4.17232513e-07
LAYER BF16 projection/product rel_l2=7.31991501e-07 max_abs=9.53674316e-07
LAYER BF16 projection/product rel_l2=7.88174579e-08 max_abs=2.98023224e-08
LAYER BF16 projection/product rel_l2=8.04657931e-08 max_abs=4.47034836e-08
LAYER BF16 projection/product rel_l2=2.55046443e-08 max_abs=2.32830644e-10
LAYER BF16 projection/product rel_l2=1.33666386e-07 max_abs=1.16415322e-09
LAYER BF16 projection/product rel_l2=9.3690751e-08 max_abs=3.49245965e-10
LAYER BF16 projection/product rel_l2=2.58868541e-07 max_abs=4.65661287e-09
LAYER BF16 projection/product rel_l2=2.43212756e-07 max_abs=1.11758709e-08
LAYER BF16 projection/product rel_l2=2.35024051e-07 max_abs=4.65661287e-09
LAYER tail forward gate rel_l2=4.04512557e-08 max_abs=6.45967018e-08
LAYER tail forward gate rel_l2=2.77001087e-08 max_abs=2.83018835e-08
LAYER tail forward gate rel_l2=2.50293224e-08 max_abs=8.80390871e-10
LAYER tail coefficient adjoints rel_l2=3.82111367e-08 max_abs=3.56521923e-09
LAYER tail coefficient adjoints rel_l2=3.94198021e-08 max_abs=4.19095159e-09
LAYER tail coefficient adjoints rel_l2=3.82844718e-08 max_abs=3.44152795e-09
LAYER tail coefficient adjoints rel_l2=4.00099343e-08 max_abs=3.49245965e-09
LAYER tail coefficient adjoints rel_l2=3.82562663e-08 max_abs=3.43425199e-09
LAYER tail coefficient adjoints rel_l2=3.86450425e-08 max_abs=3.02679837e-09
LAYER tail coefficient adjoints rel_l2=3.92735928e-08 max_abs=3.02679837e-09
LAYER tail coefficient adjoints rel_l2=3.89293245e-08 max_abs=4.11819201e-09
LAYER tail coefficient adjoints rel_l2=4.00518877e-08 max_abs=3.44880391e-09
LAYER tail coefficient adjoints rel_l2=3.90312909e-08 max_abs=3.49245965e-09
LAYER tail mixing rel_l2=6.56482398e-08 max_abs=2.00234354e-07
LAYER tail RMS rel_l2=5.24168779e-08 max_abs=5.40765167e-07
LAYER tail RMS backward rel_l2=5.83801363e-08 max_abs=5.25228721e-09
LAYER tail shared GELU gradient rel_l2=4.61501699e-08 max_abs=2.68346539e-10
TAIL ATen eager diagnostic mu rel_l2=0.00282413749 max_abs=0.00390625 changed=577/2560
TAIL ATen eager diagnostic mug rel_l2=0 max_abs=0 changed=0/30720
TAIL ATen eager diagnostic mixed rel_l2=0.00529322227 max_abs=0.01171875 changed=125200/196608
TAIL ATen eager diagnostic RMS from native mixed rel_l2=0 max_abs=0 changed=0/196608
TAIL ATen eager diagnostic output rel_l2=0.00559457839 max_abs=0.046875 changed=123705/196608
TAIL ATen eager diagnostic dx rel_l2=0.00189058498 max_abs=0.000244140625 changed=38086/196608
TAIL ATen eager diagnostic source_0 rel_l2=0.00402039114 max_abs=7.62939453e-06 changed=84152/196608
TAIL ATen eager diagnostic source_1 rel_l2=0.00393824594 max_abs=0.000244140625 changed=87314/196608
TAIL ATen eager diagnostic source_2 rel_l2=0.00410137497 max_abs=7.62939453e-06 changed=73316/196608
TAIL ATen eager diagnostic source_3 rel_l2=0.00424330284 max_abs=7.62939453e-06 changed=79191/196608
TAIL ATen eager diagnostic source_4 rel_l2=0.00402896198 max_abs=7.62939453e-06 changed=77335/196608
TAIL ATen eager diagnostic source_5 rel_l2=0.00390626927 max_abs=7.62939453e-06 changed=75612/196608
TAIL ATen eager diagnostic source_6 rel_l2=0.00378000446 max_abs=3.81469727e-06 changed=80387/196608
TAIL ATen eager diagnostic source_7 rel_l2=0.00418642879 max_abs=7.62939453e-06 changed=79248/196608
TAIL ATen eager diagnostic source_8 rel_l2=0.00390572181 max_abs=7.62939453e-06 changed=79617/196608
TAIL ATen eager diagnostic source_9 rel_l2=0.0038282721 max_abs=7.62939453e-06 changed=81221/196608
TAIL ATen eager diagnostic dw1 rel_l2=0.00578975688 max_abs=4.95910645e-05 changed=34760/49152
TAIL ATen eager diagnostic dw2 rel_l2=0.00548181711 max_abs=0.000244140625 changed=448/896
TAIL ATen eager diagnostic dbias rel_l2=0.00823542125 max_abs=0.000610351562 changed=7/14
TAIL ATen eager diagnostic dwg rel_l2=0.00407265141 max_abs=6.10351562e-05 changed=4649/10752
TAIL PASS tokens=256 vocabulary=50304 workers=528 step=0 tasks=26777 phases=28
TAIL CUDA Graph median_ms=2.337200 samples_ms= 2.333088 2.338336 2.338688 2.341536 2.336192 2.336192 2.337472 2.336928 2.343648 2.335104
TAIL CUDA Graph four-block occupancy median_ms=2.339936 samples_ms= 2.339808 2.344864 2.343616 2.335456 2.340064 2.345504 2.344064 2.338080 2.336288 2.339104
TAIL persistent+reset median_ms=2.586032 samples_ms= 2.723008 2.749088 2.579808 2.567904 2.997888 2.577728 2.591904 2.578016 2.580160 2.727488
PASS: connected post-loop MUDD, normalization and head backward; eager ATen comparisons are diagnostic, compiled parity and full training remain

$ /usr/local/cuda-13.1/bin/compute-sanitizer --version
NVIDIA (R) Compute Sanitizer
Copyright (c) 2020-2025 NVIDIA Corporation
Version 2025.4.1.0 (build 37093031) (public-release)

$ /usr/local/cuda-13.1/bin/compute-sanitizer --tool memcheck --error-exitcode 1 /workspace/cuda/tail --quick
========= COMPUTE-SANITIZER
GPU[0]=NVIDIA H100 80GB HBM3 SMs=132 runtime=12080
LOSS FP64 max_loss=8.72122886e-07 max_raw_gradient=0.000725049502
LOSS FP64 max_descaled_gradient=9.48289502e-09 gradient_rel_l2=1.37728149e-07
LOSS pinned CUDA max_loss=0 gradient_rel_l2=0 changed_codes=0/32768
HEAD product=0 M=16 N=2048 K=768 rel_l2=2.22728895e-08 max_abs=4.76837158e-07
HEAD product=1 M=16 N=768 K=2048 rel_l2=1.0761014e-07 max_abs=2.79396772e-09
HEAD product=2 M=768 N=2048 K=16 rel_l2=2.220256e-08 max_abs=2.98023224e-08
LAYER BF16 projection/product rel_l2=7.23490232e-07 max_abs=7.74860382e-07
LAYER BF16 projection/product rel_l2=8.63812504e-08 max_abs=2.98023224e-08
LAYER BF16 projection/product rel_l2=7.86999785e-08 max_abs=2.98023224e-08
LAYER BF16 projection/product rel_l2=2.85901554e-08 max_abs=2.32830644e-10
LAYER BF16 projection/product rel_l2=1.24344304e-07 max_abs=4.65661287e-10
LAYER BF16 projection/product rel_l2=9.03344941e-08 max_abs=1.74622983e-10
LAYER BF16 projection/product rel_l2=4.07916787e-08 max_abs=2.32830644e-10
LAYER BF16 projection/product rel_l2=2.98897682e-08 max_abs=9.31322575e-10
LAYER BF16 projection/product rel_l2=3.49210764e-08 max_abs=2.32830644e-10
LAYER tail forward gate rel_l2=3.94772915e-08 max_abs=3.46584711e-08
LAYER tail forward gate rel_l2=1.38295549e-08 max_abs=1.33927642e-08
LAYER tail forward gate rel_l2=2.54400603e-08 max_abs=8.80390871e-10
LAYER tail coefficient adjoints rel_l2=3.70263426e-08 max_abs=2.32830644e-09
LAYER tail coefficient adjoints rel_l2=3.61745833e-08 max_abs=1.51339918e-09
LAYER tail coefficient adjoints rel_l2=3.73936645e-08 max_abs=2.32830644e-09
LAYER tail coefficient adjoints rel_l2=3.75348285e-08 max_abs=2.79396772e-09
LAYER tail coefficient adjoints rel_l2=3.88321214e-08 max_abs=2.21189111e-09
LAYER tail coefficient adjoints rel_l2=4.10532028e-08 max_abs=3.02679837e-09
LAYER tail coefficient adjoints rel_l2=3.52331122e-08 max_abs=2.32830644e-09
LAYER tail coefficient adjoints rel_l2=3.83490681e-08 max_abs=2.32830644e-09
LAYER tail coefficient adjoints rel_l2=3.81786386e-08 max_abs=2.32830644e-09
LAYER tail coefficient adjoints rel_l2=3.63776013e-08 max_abs=1.86264515e-09
LAYER tail mixing rel_l2=6.72336441e-08 max_abs=1.39698386e-07
LAYER tail RMS rel_l2=4.85588386e-08 max_abs=3.5291109e-07
LAYER tail RMS backward rel_l2=5.65701701e-08 max_abs=3.49129336e-09
LAYER tail shared GELU gradient rel_l2=4.3094886e-08 max_abs=1.49870594e-10
TAIL ATen eager diagnostic mu rel_l2=0.00414306535 max_abs=0.00390625 changed=32/160
TAIL ATen eager diagnostic mug rel_l2=0 max_abs=0 changed=0/1920
TAIL ATen eager diagnostic mixed rel_l2=0.00533009209 max_abs=0.0078125 changed=8018/12288
TAIL ATen eager diagnostic RMS from native mixed rel_l2=0 max_abs=0 changed=0/12288
TAIL ATen eager diagnostic output rel_l2=0.00563985617 max_abs=0.046875 changed=7996/12288
TAIL ATen eager diagnostic dx rel_l2=0.00223161114 max_abs=0.000122070312 changed=2868/12288
TAIL ATen eager diagnostic source_0 rel_l2=0.00396079257 max_abs=3.81469727e-06 changed=4642/12288
TAIL ATen eager diagnostic source_1 rel_l2=0.00465945216 max_abs=0.000122070312 changed=6679/12288
TAIL ATen eager diagnostic source_2 rel_l2=0.00459272382 max_abs=7.62939453e-06 changed=5609/12288
TAIL ATen eager diagnostic source_3 rel_l2=0.00370090623 max_abs=3.81469727e-06 changed=4919/12288
TAIL ATen eager diagnostic source_4 rel_l2=0.00371803837 max_abs=3.81469727e-06 changed=4805/12288
TAIL ATen eager diagnostic source_5 rel_l2=0.00351037835 max_abs=3.81469727e-06 changed=4377/12288
TAIL ATen eager diagnostic source_6 rel_l2=0.00346559787 max_abs=3.81469727e-06 changed=4442/12288
TAIL ATen eager diagnostic source_7 rel_l2=0.00401186833 max_abs=3.81469727e-06 changed=4918/12288
TAIL ATen eager diagnostic source_8 rel_l2=0.00351490281 max_abs=1.90734863e-06 changed=4238/12288
TAIL ATen eager diagnostic source_9 rel_l2=0.00340947335 max_abs=1.90734863e-06 changed=4849/12288
TAIL ATen eager diagnostic dw1 rel_l2=0.00633803099 max_abs=2.28881836e-05 changed=35706/49152
TAIL ATen eager diagnostic dw2 rel_l2=0.00509203818 max_abs=6.10351562e-05 changed=427/896
TAIL ATen eager diagnostic dbias rel_l2=0.00301283666 max_abs=0.000122070312 changed=5/14
TAIL ATen eager diagnostic dwg rel_l2=0.00450073406 max_abs=3.05175781e-05 changed=4688/10752
TAIL PASS tokens=16 vocabulary=2048 workers=17 step=0 tasks=591 phases=28
LOSS FP64 max_loss=6.04441199e-07 max_raw_gradient=0.00033113356
LOSS FP64 max_descaled_gradient=4.33088331e-09 gradient_rel_l2=7.79248923e-08
LOSS pinned CUDA max_loss=0 gradient_rel_l2=0 changed_codes=0/32768
HEAD product=0 M=16 N=2048 K=768 rel_l2=2.26565758e-08 max_abs=9.53674316e-07
HEAD product=1 M=16 N=768 K=2048 rel_l2=1.08671022e-07 max_abs=2.32830644e-09
HEAD product=2 M=768 N=2048 K=16 rel_l2=2.13473496e-08 max_abs=2.98023224e-08
LAYER BF16 projection/product rel_l2=7.23150784e-07 max_abs=8.94069672e-07
LAYER BF16 projection/product rel_l2=0 max_abs=0
LAYER BF16 projection/product rel_l2=0 max_abs=0
LAYER BF16 projection/product rel_l2=0 max_abs=0
LAYER BF16 projection/product rel_l2=0 max_abs=0
LAYER BF16 projection/product rel_l2=0 max_abs=0
LAYER BF16 projection/product rel_l2=0 max_abs=0
LAYER BF16 projection/product rel_l2=3.38175306e-08 max_abs=9.31322575e-10
LAYER BF16 projection/product rel_l2=3.56041767e-08 max_abs=4.65661287e-10
LAYER tail forward gate rel_l2=3.97270385e-08 max_abs=5.49785375e-08
LAYER tail forward gate rel_l2=1.49280825e-08 max_abs=7.4505806e-09
LAYER tail forward gate rel_l2=0 max_abs=0
LAYER tail coefficient adjoints rel_l2=4.06815109e-08 max_abs=2.79396772e-09
LAYER tail coefficient adjoints rel_l2=3.77510751e-08 max_abs=1.86264515e-09
LAYER tail coefficient adjoints rel_l2=4.33626595e-08 max_abs=2.09547579e-09
LAYER tail coefficient adjoints rel_l2=4.46039145e-08 max_abs=3.09773895e-09
LAYER tail coefficient adjoints rel_l2=3.6228666e-08 max_abs=1.58615876e-09
LAYER tail coefficient adjoints rel_l2=3.93143008e-08 max_abs=1.86264515e-09
LAYER tail coefficient adjoints rel_l2=3.93406245e-08 max_abs=2.32830644e-09
LAYER tail coefficient adjoints rel_l2=3.88506795e-08 max_abs=2.09547579e-09
LAYER tail coefficient adjoints rel_l2=4.21593791e-08 max_abs=3.08500603e-09
LAYER tail coefficient adjoints rel_l2=3.92510755e-08 max_abs=2.44472176e-09
LAYER tail mixing rel_l2=5.85079447e-08 max_abs=1.76019967e-07
LAYER tail RMS rel_l2=5.76501373e-08 max_abs=3.6998224e-07
LAYER tail RMS backward rel_l2=6.33388293e-08 max_abs=3.27146584e-09
LAYER tail shared GELU gradient rel_l2=0 max_abs=0
TAIL ATen eager diagnostic mu rel_l2=0 max_abs=0 changed=0/160
TAIL ATen eager diagnostic mug rel_l2=0 max_abs=0 changed=0/1920
TAIL ATen eager diagnostic mixed rel_l2=0.00474285031 max_abs=0.0078125 changed=7263/12288
TAIL ATen eager diagnostic RMS from native mixed rel_l2=0 max_abs=0 changed=0/12288
TAIL ATen eager diagnostic output rel_l2=0.00501758404 max_abs=0.03125 changed=6934/12288
TAIL ATen eager diagnostic dx rel_l2=0.00108263166 max_abs=0.000122070312 changed=1217/12288
TAIL ATen eager diagnostic source_0 rel_l2=0.00115913398 max_abs=4.76837158e-07 changed=1114/12288
TAIL ATen eager diagnostic source_1 rel_l2=0.00108263166 max_abs=6.10351562e-05 changed=1217/12288
TAIL ATen eager diagnostic source_2 rel_l2=0.00114339714 max_abs=2.38418579e-07 changed=1148/12288
TAIL ATen eager diagnostic source_3 rel_l2=0.00114875068 max_abs=9.53674316e-07 changed=1089/12288
TAIL ATen eager diagnostic source_4 rel_l2=0.00110555134 max_abs=2.98023224e-08 changed=1204/12288
TAIL ATen eager diagnostic source_5 rel_l2=0.00108263166 max_abs=9.53674316e-07 changed=1217/12288
TAIL ATen eager diagnostic source_6 rel_l2=0.00115651244 max_abs=1.90734863e-06 changed=1064/12288
TAIL ATen eager diagnostic source_7 rel_l2=0.001149469 max_abs=4.76837158e-07 changed=1105/12288
TAIL ATen eager diagnostic source_8 rel_l2=0.00120538351 max_abs=9.53674316e-07 changed=1106/12288
TAIL ATen eager diagnostic source_9 rel_l2=0.00115409808 max_abs=4.76837158e-07 changed=1110/12288
TAIL ATen eager diagnostic dw1 rel_l2=0 max_abs=0 changed=0/49152
TAIL ATen eager diagnostic dw2 rel_l2=0.00405344346 max_abs=6.10351562e-05 changed=378/896
TAIL ATen eager diagnostic dbias rel_l2=0.0038793464 max_abs=0.000122070312 changed=5/14
TAIL ATen eager diagnostic dwg rel_l2=0.00370769822 max_abs=3.05175781e-05 changed=4185/10752
TAIL PASS tokens=16 vocabulary=2048 workers=17 step=1 tasks=591 phases=28
LOSS FP64 max_loss=1.40505711e-06 max_raw_gradient=0.000254385983
LOSS FP64 max_descaled_gradient=6.65420931e-09 gradient_rel_l2=9.94774971e-08
LOSS pinned CUDA max_loss=0 gradient_rel_l2=0 changed_codes=0/32768
HEAD product=0 M=16 N=2048 K=768 rel_l2=0 max_abs=0
HEAD product=1 M=16 N=768 K=2048 rel_l2=3.73385649e-08 max_abs=9.31322575e-10
HEAD product=2 M=768 N=2048 K=16 rel_l2=0 max_abs=0
LAYER BF16 projection/product rel_l2=0 max_abs=0
LAYER BF16 projection/product rel_l2=0 max_abs=0
LAYER BF16 projection/product rel_l2=0 max_abs=0
LAYER BF16 projection/product rel_l2=0 max_abs=0
LAYER BF16 projection/product rel_l2=0 max_abs=0
LAYER BF16 projection/product rel_l2=0 max_abs=0
LAYER BF16 projection/product rel_l2=0 max_abs=0
LAYER BF16 projection/product rel_l2=0 max_abs=0
LAYER BF16 projection/product rel_l2=0 max_abs=0
LAYER tail forward gate rel_l2=0 max_abs=0
LAYER tail forward gate rel_l2=1.49199646e-08 max_abs=7.4505806e-09
LAYER tail forward gate rel_l2=0 max_abs=0
LAYER tail coefficient adjoints rel_l2=0 max_abs=0
LAYER tail coefficient adjoints rel_l2=0 max_abs=0
LAYER tail coefficient adjoints rel_l2=0 max_abs=0
LAYER tail coefficient adjoints rel_l2=0 max_abs=0
LAYER tail coefficient adjoints rel_l2=0 max_abs=0
LAYER tail coefficient adjoints rel_l2=0 max_abs=0
LAYER tail coefficient adjoints rel_l2=0 max_abs=0
LAYER tail coefficient adjoints rel_l2=0 max_abs=0
LAYER tail coefficient adjoints rel_l2=0 max_abs=0
LAYER tail coefficient adjoints rel_l2=0 max_abs=0
LAYER tail mixing rel_l2=0 max_abs=0
LAYER tail RMS rel_l2=0 max_abs=0
LAYER tail RMS backward rel_l2=1.03375596e-07 max_abs=2.38859006e-06
LAYER tail shared GELU gradient rel_l2=0 max_abs=0
TAIL ATen eager diagnostic mu rel_l2=0 max_abs=0 changed=0/160
TAIL ATen eager diagnostic mug rel_l2=0 max_abs=0 changed=0/1920
TAIL ATen eager diagnostic mixed rel_l2=0 max_abs=0 changed=0/12288
TAIL ATen eager diagnostic RMS from native mixed rel_l2=0 max_abs=0 changed=0/12288
TAIL ATen eager diagnostic output rel_l2=0 max_abs=0 changed=0/12288
TAIL ATen eager diagnostic dx rel_l2=0 max_abs=0 changed=0/12288
TAIL ATen eager diagnostic source_0 rel_l2=0 max_abs=0 changed=0/12288
TAIL ATen eager diagnostic source_1 rel_l2=0 max_abs=0 changed=0/12288
TAIL ATen eager diagnostic source_2 rel_l2=0 max_abs=0 changed=0/12288
TAIL ATen eager diagnostic source_3 rel_l2=0 max_abs=0 changed=0/12288
TAIL ATen eager diagnostic source_4 rel_l2=0 max_abs=0 changed=0/12288
TAIL ATen eager diagnostic source_5 rel_l2=0 max_abs=0 changed=0/12288
TAIL ATen eager diagnostic source_6 rel_l2=0 max_abs=0 changed=0/12288
TAIL ATen eager diagnostic source_7 rel_l2=0 max_abs=0 changed=0/12288
TAIL ATen eager diagnostic source_8 rel_l2=0 max_abs=0 changed=0/12288
TAIL ATen eager diagnostic source_9 rel_l2=0 max_abs=0 changed=0/12288
TAIL ATen eager diagnostic dw1 rel_l2=0 max_abs=0 changed=0/49152
TAIL ATen eager diagnostic dw2 rel_l2=0 max_abs=0 changed=0/896
TAIL ATen eager diagnostic dbias rel_l2=0 max_abs=0 changed=0/14
TAIL ATen eager diagnostic dwg rel_l2=0 max_abs=0 changed=0/10752
TAIL PASS tokens=16 vocabulary=2048 workers=17 step=2 tasks=591 phases=28
PASS: connected post-loop MUDD, normalization and head backward; eager ATen comparisons are diagnostic, compiled parity and full training remain
========= ERROR SUMMARY: 0 errors

$ /usr/local/cuda-13.1/bin/compute-sanitizer --tool initcheck --error-exitcode 1 /workspace/cuda/tail --quick
========= COMPUTE-SANITIZER
========= Uninitialized __global__ memory read of size 16 bytes
=========     at void at::native::vectorized_elementwise_kernel<(int)8, at::native::GeluCUDAKernelImpl(at::TensorIteratorBase &, at::native::GeluType)::[lambda() (instance 2)]::operator ()() const::[lambda() (instance 4)]::operator ()() const::[lambda(c10::BFloat16) (instance 1)], std::array<char *, (unsigned long)2>>(int, T2, T3)+0xc0
=========     by thread (0,0,0) in block (0,0,0)
=========     Address 0x2b20dbc00000
=========     Saved host backtrace up to driver entry point at kernel launch time
=========         Host Frame: cuLaunchKernel [0x39d6c4] in libcuda.so.1
=========         Host Frame:  [0x13e88] in libcudart.so.12
=========         Host Frame: cudaLaunchKernel [0x79f87] in libcudart.so.12
=========         Host Frame: void at::native::gpu_kernel_impl<__nv_hdl_wrapper_t<false, true, false, __nv_dl_tag<void (*)(at::TensorIteratorBase&, at::native::GeluType), &at::native::GeluCUDAKernelImpl, 8u>, c10::BFloat16 (c10::BFloat16)> >(at::TensorIteratorBase&, __nv_hdl_wrapper_t<false, true, false, __nv_dl_tag<void (*)(at::TensorIteratorBase&, at::native::GeluType), &at::native::GeluCUDAKernelImpl, 8u>, c10::BFloat16 (c10::BFloat16)> const&) [clone .isra.0] [0x149a222] in libtorch_cuda.so
=========         Host Frame: at::(anonymous namespace)::wrapper_CUDA_gelu(at::Tensor const&, std::basic_string_view<char, std::char_traits<char> >) [0x389d25e] in libtorch_cuda.so
=========         Host Frame: c10::impl::wrap_kernel_functor_unboxed_<c10::impl::detail::WrapFunctionIntoFunctor_<c10::CompileTimeFunctionPointer<at::Tensor (at::Tensor const&, std::basic_string_view<char, std::char_traits<char> >), &at::(anonymous namespace)::wrapper_CUDA_gelu>, at::Tensor, c10::guts::typelist::typelist<at::Tensor const&, std::basic_string_view<char, std::char_traits<char> > > >, at::Tensor (at::Tensor const&, std::basic_string_view<char, std::char_traits<char> >)>::call(c10::OperatorKernel*, c10::DispatchKeySet, at::Tensor const&, std::basic_string_view<char, std::char_traits<char> >) [0x389d301] in libtorch_cuda.so
=========         Host Frame: at::_ops::gelu::redispatch(c10::DispatchKeySet, at::Tensor const&, std::basic_string_view<char, std::char_traits<char> >) [0x28d4193] in libtorch_cpu.so
=========         Host Frame: torch::autograd::VariableType::(anonymous namespace)::gelu(c10::DispatchKeySet, at::Tensor const&, std::basic_string_view<char, std::char_traits<char> >) [0x533cd3b] in libtorch_cpu.so
=========         Host Frame: c10::impl::wrap_kernel_functor_unboxed_<c10::impl::detail::WrapFunctionIntoFunctor_<c10::CompileTimeFunctionPointer<at::Tensor (c10::DispatchKeySet, at::Tensor const&, std::basic_string_view<char, std::char_traits<char> >), &torch::autograd::VariableType::(anonymous namespace)::gelu>, at::Tensor, c10::guts::typelist::typelist<c10::DispatchKeySet, at::Tensor const&, std::basic_string_view<char, std::char_traits<char> > > >, at::Tensor (c10::DispatchKeySet, at::Tensor const&, std::basic_string_view<char, std::char_traits<char> >)>::call(c10::OperatorKernel*, c10::DispatchKeySet, at::Tensor const&, std::basic_string_view<char, std::char_traits<char> >) [0x533d404] in libtorch_cpu.so
=========         Host Frame: at::_ops::gelu::call(at::Tensor const&, std::basic_string_view<char, std::char_traits<char> >) [0x298862f] in libtorch_cpu.so
=========         Host Frame: check_tail_aten(TailReferenceView const&) [0x3d236] in tail
=========         Host Frame: check_tail(int, int, int, int, bool) [0x1e88e] in tail
=========         Host Frame: main [0x16f42] in tail
========= 
========= Uninitialized __global__ memory read of size 16 bytes
=========     at void at::native::vectorized_elementwise_kernel<(int)8, at::native::GeluCUDAKernelImpl(at::TensorIteratorBase &, at::native::GeluType)::[lambda() (instance 2)]::operator ()() const::[lambda() (instance 4)]::operator ()() const::[lambda(c10::BFloat16) (instance 1)], std::array<char *, (unsigned long)2>>(int, T2, T3)+0xc0
=========     by thread (1,0,0) in block (0,0,0)
=========     Address 0x2b20dbc00010
=========     Saved host backtrace up to driver entry point at kernel launch time
=========         Host Frame: cuLaunchKernel [0x39d6c4] in libcuda.so.1
=========         Host Frame:  [0x13e88] in libcudart.so.12
=========         Host Frame: cudaLaunchKernel [0x79f87] in libcudart.so.12
=========         Host Frame: void at::native::gpu_kernel_impl<__nv_hdl_wrapper_t<false, true, false, __nv_dl_tag<void (*)(at::TensorIteratorBase&, at::native::GeluType), &at::native::GeluCUDAKernelImpl, 8u>, c10::BFloat16 (c10::BFloat16)> >(at::TensorIteratorBase&, __nv_hdl_wrapper_t<false, true, false, __nv_dl_tag<void (*)(at::TensorIteratorBase&, at::native::GeluType), &at::native::GeluCUDAKernelImpl, 8u>, c10::BFloat16 (c10::BFloat16)> const&) [clone .isra.0] [0x149a222] in libtorch_cuda.so
=========         Host Frame: at::(anonymous namespace)::wrapper_CUDA_gelu(at::Tensor const&, std::basic_string_view<char, std::char_traits<char> >) [0x389d25e] in libtorch_cuda.so
=========         Host Frame: c10::impl::wrap_kernel_functor_unboxed_<c10::impl::detail::WrapFunctionIntoFunctor_<c10::CompileTimeFunctionPointer<at::Tensor (at::Tensor const&, std::basic_string_view<char, std::char_traits<char> >), &at::(anonymous namespace)::wrapper_CUDA_gelu>, at::Tensor, c10::guts::typelist::typelist<at::Tensor const&, std::basic_string_view<char, std::char_traits<char> > > >, at::Tensor (at::Tensor const&, std::basic_string_view<char, std::char_traits<char> >)>::call(c10::OperatorKernel*, c10::DispatchKeySet, at::Tensor const&, std::basic_string_view<char, std::char_traits<char> >) [0x389d301] in libtorch_cuda.so
=========         Host Frame: at::_ops::gelu::redispatch(c10::DispatchKeySet, at::Tensor const&, std::basic_string_view<char, std::char_traits<char> >) [0x28d4193] in libtorch_cpu.so
=========         Host Frame: torch::autograd::VariableType::(anonymous namespace)::gelu(c10::DispatchKeySet, at::Tensor const&, std::basic_string_view<char, std::char_traits<char> >) [0x533cd3b] in libtorch_cpu.so
=========         Host Frame: c10::impl::wrap_kernel_functor_unboxed_<c10::impl::detail::WrapFunctionIntoFunctor_<c10::CompileTimeFunctionPointer<at::Tensor (c10::DispatchKeySet, at::Tensor const&, std::basic_string_view<char, std::char_traits<char> >), &torch::autograd::VariableType::(anonymous namespace)::gelu>, at::Tensor, c10::guts::typelist::typelist<c10::DispatchKeySet, at::Tensor const&, std::basic_string_view<char, std::char_traits<char> > > >, at::Tensor (c10::DispatchKeySet, at::Tensor const&, std::basic_string_view<char, std::char_traits<char> >)>::call(c10::OperatorKernel*, c10::DispatchKeySet, at::Tensor const&, std::basic_string_view<char, std::char_traits<char> >) [0x533d404] in libtorch_cpu.so
=========         Host Frame: at::_ops::gelu::call(at::Tensor const&, std::basic_string_view<char, std::char_traits<char> >) [0x298862f] in libtorch_cpu.so
=========         Host Frame: check_tail_aten(TailReferenceView const&) [0x3d236] in tail
=========         Host Frame: check_tail(int, int, int, int, bool) [0x1e88e] in tail
=========         Host Frame: main [0x16f42] in tail
========= 
========= Uninitialized __global__ memory read of size 16 bytes
=========     at void at::native::vectorized_elementwise_kernel<(int)8, at::native::GeluCUDAKernelImpl(at::TensorIteratorBase &, at::native::GeluType)::[lambda() (instance 2)]::operator ()() const::[lambda() (instance 4)]::operator ()() const::[lambda(c10::BFloat16) (instance 1)], std::array<char *, (unsigned long)2>>(int, T2, T3)+0xc0
=========     by thread (2,0,0) in block (0,0,0)
=========     Address 0x2b20dbc00020
=========     Saved host backtrace up to driver entry point at kernel launch time
=========         Host Frame: cuLaunchKernel [0x39d6c4] in libcuda.so.1
=========         Host Frame:  [0x13e88] in libcudart.so.12
=========         Host Frame: cudaLaunchKernel [0x79f87] in libcudart.so.12
=========         Host Frame: void at::native::gpu_kernel_impl<__nv_hdl_wrapper_t<false, true, false, __nv_dl_tag<void (*)(at::TensorIteratorBase&, at::native::GeluType), &at::native::GeluCUDAKernelImpl, 8u>, c10::BFloat16 (c10::BFloat16)> >(at::TensorIteratorBase&, __nv_hdl_wrapper_t<false, true, false, __nv_dl_tag<void (*)(at::TensorIteratorBase&, at::native::GeluType), &at::native::GeluCUDAKernelImpl, 8u>, c10::BFloat16 (c10::BFloat16)> const&) [clone .isra.0] [0x149a222] in libtorch_cuda.so
=========         Host Frame: at::(anonymous namespace)::wrapper_CUDA_gelu(at::Tensor const&, std::basic_string_view<char, std::char_traits<char> >) [0x389d25e] in libtorch_cuda.so
=========         Host Frame: c10::impl::wrap_kernel_functor_unboxed_<c10::impl::detail::WrapFunctionIntoFunctor_<c10::CompileTimeFunctionPointer<at::Tensor (at::Tensor const&, std::basic_string_view<char, std::char_traits<char> >), &at::(anonymous namespace)::wrapper_CUDA_gelu>, at::Tensor, c10::guts::typelist::typelist<at::Tensor const&, std::basic_string_view<char, std::char_traits<char> > > >, at::Tensor (at::Tensor const&, std::basic_string_view<char, std::char_traits<char> >)>::call(c10::OperatorKernel*, c10::DispatchKeySet, at::Tensor const&, std::basic_string_view<char, std::char_traits<char> >) [0x389d301] in libtorch_cuda.so
=========         Host Frame: at::_ops::gelu::redispatch(c10::DispatchKeySet, at::Tensor const&, std::basic_string_view<char, std::char_traits<char> >) [0x28d4193] in libtorch_cpu.so
=========         Host Frame: torch::autograd::VariableType::(anonymous namespace)::gelu(c10::DispatchKeySet, at::Tensor const&, std::basic_string_view<char, std::char_traits<char> >) [0x533cd3b] in libtorch_cpu.so
=========         Host Frame: c10::impl::wrap_kernel_functor_unboxed_<c10::impl::detail::WrapFunctionIntoFunctor_<c10::CompileTimeFunctionPointer<at::Tensor (c10::DispatchKeySet, at::Tensor const&, std::basic_string_view<char, std::char_traits<char> >), &torch::autograd::VariableType::(anonymous namespace)::gelu>, at::Tensor, c10::guts::typelist::typelist<c10::DispatchKeySet, at::Tensor const&, std::basic_string_view<char, std::char_traits<char> > > >, at::Tensor (c10::DispatchKeySet, at::Tensor const&, std::basic_string_view<char, std::char_traits<char> >)>::call(c10::OperatorKernel*, c10::DispatchKeySet, at::Tensor const&, std::basic_string_view<char, std::char_traits<char> >) [0x533d404] in libtorch_cpu.so
=========         Host Frame: at::_ops::gelu::call(at::Tensor const&, std::basic_string_view<char, std::char_traits<char> >) [0x298862f] in libtorch_cpu.so
=========         Host Frame: check_tail_aten(TailReferenceView const&) [0x3d236] in tail
=========         Host Frame: check_tail(int, int, int, int, bool) [0x1e88e] in tail
=========         Host Frame: main [0x16f42] in tail
========= 
========= Uninitialized __global__ memory read of size 16 bytes
=========     at void at::native::vectorized_elementwise_kernel<(int)8, at::native::GeluCUDAKernelImpl(at::TensorIteratorBase &, at::native::GeluType)::[lambda() (instance 2)]::operator ()() const::[lambda() (instance 4)]::operator ()() const::[lambda(c10::BFloat16) (instance 1)], std::array<char *, (unsigned long)2>>(int, T2, T3)+0xc0
=========     by thread (3,0,0) in block (0,0,0)
=========     Address 0x2b20dbc00030
=========     Saved host backtrace up to driver entry point at kernel launch time
=========         Host Frame: cuLaunchKernel [0x39d6c4] in libcuda.so.1
=========         Host Frame:  [0x13e88] in libcudart.so.12
=========         Host Frame: cudaLaunchKernel [0x79f87] in libcudart.so.12
=========         Host Frame: void at::native::gpu_kernel_impl<__nv_hdl_wrapper_t<false, true, false, __nv_dl_tag<void (*)(at::TensorIteratorBase&, at::native::GeluType), &at::native::GeluCUDAKernelImpl, 8u>, c10::BFloat16 (c10::BFloat16)> >(at::TensorIteratorBase&, __nv_hdl_wrapper_t<false, true, false, __nv_dl_tag<void (*)(at::TensorIteratorBase&, at::native::GeluType), &at::native::GeluCUDAKernelImpl, 8u>, c10::BFloat16 (c10::BFloat16)> const&) [clone .isra.0] [0x149a222] in libtorch_cuda.so
=========         Host Frame: at::(anonymous namespace)::wrapper_CUDA_gelu(at::Tensor const&, std::basic_string_view<char, std::char_traits<char> >) [0x389d25e] in libtorch_cuda.so
=========         Host Frame: c10::impl::wrap_kernel_functor_unboxed_<c10::impl::detail::WrapFunctionIntoFunctor_<c10::CompileTimeFunctionPointer<at::Tensor (at::Tensor const&, std::basic_string_view<char, std::char_traits<char> >), &at::(anonymous namespace)::wrapper_CUDA_gelu>, at::Tensor, c10::guts::typelist::typelist<at::Tensor const&, std::basic_string_view<char, std::char_traits<char> > > >, at::Tensor (at::Tensor const&, std::basic_string_view<char, std::char_traits<char> >)>::call(c10::OperatorKernel*, c10::DispatchKeySet, at::Tensor const&, std::basic_string_view<char, std::char_traits<char> >) [0x389d301] in libtorch_cuda.so
=========         Host Frame: at::_ops::gelu::redispatch(c10::DispatchKeySet, at::Tensor const&, std::basic_string_view<char, std::char_traits<char> >) [0x28d4193] in libtorch_cpu.so
=========         Host Frame: torch::autograd::VariableType::(anonymous namespace)::gelu(c10::DispatchKeySet, at::Tensor const&, std::basic_string_view<char, std::char_traits<char> >) [0x533cd3b] in libtorch_cpu.so
=========         Host Frame: c10::impl::wrap_kernel_functor_unboxed_<c10::impl::detail::WrapFunctionIntoFunctor_<c10::CompileTimeFunctionPointer<at::Tensor (c10::DispatchKeySet, at::Tensor const&, std::basic_string_view<char, std::char_traits<char> >), &torch::autograd::VariableType::(anonymous namespace)::gelu>, at::Tensor, c10::guts::typelist::typelist<c10::DispatchKeySet, at::Tensor const&, std::basic_string_view<char, std::char_traits<char> > > >, at::Tensor (c10::DispatchKeySet, at::Tensor const&, std::basic_string_view<char, std::char_traits<char> >)>::call(c10::OperatorKernel*, c10::DispatchKeySet, at::Tensor const&, std::basic_string_view<char, std::char_traits<char> >) [0x533d404] in libtorch_cpu.so
=========         Host Frame: at::_ops::gelu::call(at::Tensor const&, std::basic_string_view<char, std::char_traits<char> >) [0x298862f] in libtorch_cpu.so
=========         Host Frame: check_tail_aten(TailReferenceView const&) [0x3d236] in tail
=========         Host Frame: check_tail(int, int, int, int, bool) [0x1e88e] in tail
=========         Host Frame: main [0x16f42] in tail
========= 
========= Uninitialized __global__ memory read of size 16 bytes
=========     at void at::native::vectorized_elementwise_kernel<(int)8, at::native::GeluCUDAKernelImpl(at::TensorIteratorBase &, at::native::GeluType)::[lambda() (instance 2)]::operator ()() const::[lambda() (instance 4)]::operator ()() const::[lambda(c10::BFloat16) (instance 1)], std::array<char *, (unsigned long)2>>(int, T2, T3)+0xc0
=========     by thread (4,0,0) in block (0,0,0)
=========     Address 0x2b20dbc00040
=========     Saved host backtrace up to driver entry point at kernel launch time
=========         Host Frame: cuLaunchKernel [0x39d6c4] in libcuda.so.1
=========         Host Frame:  [0x13e88] in libcudart.so.12
=========         Host Frame: cudaLaunchKernel [0x79f87] in libcudart.so.12
=========         Host Frame: void at::native::gpu_kernel_impl<__nv_hdl_wrapper_t<false, true, false, __nv_dl_tag<void (*)(at::TensorIteratorBase&, at::native::GeluType), &at::native::GeluCUDAKernelImpl, 8u>, c10::BFloat16 (c10::BFloat16)> >(at::TensorIteratorBase&, __nv_hdl_wrapper_t<false, true, false, __nv_dl_tag<void (*)(at::TensorIteratorBase&, at::native::GeluType), &at::native::GeluCUDAKernelImpl, 8u>, c10::BFloat16 (c10::BFloat16)> const&) [clone .isra.0] [0x149a222] in libtorch_cuda.so
=========         Host Frame: at::(anonymous namespace)::wrapper_CUDA_gelu(at::Tensor const&, std::basic_string_view<char, std::char_traits<char> >) [0x389d25e] in libtorch_cuda.so
=========         Host Frame: c10::impl::wrap_kernel_functor_unboxed_<c10::impl::detail::WrapFunctionIntoFunctor_<c10::CompileTimeFunctionPointer<at::Tensor (at::Tensor const&, std::basic_string_view<char, std::char_traits<char> >), &at::(anonymous namespace)::wrapper_CUDA_gelu>, at::Tensor, c10::guts::typelist::typelist<at::Tensor const&, std::basic_string_view<char, std::char_traits<char> > > >, at::Tensor (at::Tensor const&, std::basic_string_view<char, std::char_traits<char> >)>::call(c10::OperatorKernel*, c10::DispatchKeySet, at::Tensor const&, std::basic_string_view<char, std::char_traits<char> >) [0x389d301] in libtorch_cuda.so
=========         Host Frame: at::_ops::gelu::redispatch(c10::DispatchKeySet, at::Tensor const&, std::basic_string_view<char, std::char_traits<char> >) [0x28d4193] in libtorch_cpu.so
=========         Host Frame: torch::autograd::VariableType::(anonymous namespace)::gelu(c10::DispatchKeySet, at::Tensor const&, std::basic_string_view<char, std::char_traits<char> >) [0x533cd3b] in libtorch_cpu.so
=========         Host Frame: c10::impl::wrap_kernel_functor_unboxed_<c10::impl::detail::WrapFunctionIntoFunctor_<c10::CompileTimeFunctionPointer<at::Tensor (c10::DispatchKeySet, at::Tensor const&, std::basic_string_view<char, std::char_traits<char> >), &torch::autograd::VariableType::(anonymous namespace)::gelu>, at::Tensor, c10::guts::typelist::typelist<c10::DispatchKeySet, at::Tensor const&, std::basic_string_view<char, std::char_traits<char> > > >, at::Tensor (c10::DispatchKeySet, at::Tensor const&, std::basic_string_view<char, std::char_traits<char> >)>::call(c10::OperatorKernel*, c10::DispatchKeySet, at::Tensor const&, std::basic_string_view<char, std::char_traits<char> >) [0x533d404] in libtorch_cpu.so
=========         Host Frame: at::_ops::gelu::call(at::Tensor const&, std::basic_string_view<char, std::char_traits<char> >) [0x298862f] in libtorch_cpu.so
=========         Host Frame: check_tail_aten(TailReferenceView const&) [0x3d236] in tail
=========         Host Frame: check_tail(int, int, int, int, bool) [0x1e88e] in tail
=========         Host Frame: main [0x16f42] in tail
========= 
========= Uninitialized __global__ memory read of size 16 bytes
=========     at void at::native::vectorized_elementwise_kernel<(int)8, at::native::GeluCUDAKernelImpl(at::TensorIteratorBase &, at::native::GeluType)::[lambda() (instance 2)]::operator ()() const::[lambda() (instance 4)]::operator ()() const::[lambda(c10::BFloat16) (instance 1)], std::array<char *, (unsigned long)2>>(int, T2, T3)+0xc0
=========     by thread (5,0,0) in block (0,0,0)
=========     Address 0x2b20dbc00050
=========     Saved host backtrace up to driver entry point at kernel launch time
=========         Host Frame: cuLaunchKernel [0x39d6c4] in libcuda.so.1
=========         Host Frame:  [0x13e88] in libcudart.so.12
=========         Host Frame: cudaLaunchKernel [0x79f87] in libcudart.so.12
=========         Host Frame: void at::native::gpu_kernel_impl<__nv_hdl_wrapper_t<false, true, false, __nv_dl_tag<void (*)(at::TensorIteratorBase&, at::native::GeluType), &at::native::GeluCUDAKernelImpl, 8u>, c10::BFloat16 (c10::BFloat16)> >(at::TensorIteratorBase&, __nv_hdl_wrapper_t<false, true, false, __nv_dl_tag<void (*)(at::TensorIteratorBase&, at::native::GeluType), &at::native::GeluCUDAKernelImpl, 8u>, c10::BFloat16 (c10::BFloat16)> const&) [clone .isra.0] [0x149a222] in libtorch_cuda.so
=========         Host Frame: at::(anonymous namespace)::wrapper_CUDA_gelu(at::Tensor const&, std::basic_string_view<char, std::char_traits<char> >) [0x389d25e] in libtorch_cuda.so
=========         Host Frame: c10::impl::wrap_kernel_functor_unboxed_<c10::impl::detail::WrapFunctionIntoFunctor_<c10::CompileTimeFunctionPointer<at::Tensor (at::Tensor const&, std::basic_string_view<char, std::char_traits<char> >), &at::(anonymous namespace)::wrapper_CUDA_gelu>, at::Tensor, c10::guts::typelist::typelist<at::Tensor const&, std::basic_string_view<char, std::char_traits<char> > > >, at::Tensor (at::Tensor const&, std::basic_string_view<char, std::char_traits<char> >)>::call(c10::OperatorKernel*, c10::DispatchKeySet, at::Tensor const&, std::basic_string_view<char, std::char_traits<char> >) [0x389d301] in libtorch_cuda.so
=========         Host Frame: at::_ops::gelu::redispatch(c10::DispatchKeySet, at::Tensor const&, std::basic_string_view<char, std::char_traits<char> >) [0x28d4193] in libtorch_cpu.so
=========         Host Frame: torch::autograd::VariableType::(anonymous namespace)::gelu(c10::DispatchKeySet, at::Tensor const&, std::basic_string_view<char, std::char_traits<char> >) [0x533cd3b] in libtorch_cpu.so
=========         Host Frame: c10::impl::wrap_kernel_functor_unboxed_<c10::impl::detail::WrapFunctionIntoFunctor_<c10::CompileTimeFunctionPointer<at::Tensor (c10::DispatchKeySet, at::Tensor const&, std::basic_string_view<char, std::char_traits<char> >), &torch::autograd::VariableType::(anonymous namespace)::gelu>, at::Tensor, c10::guts::typelist::typelist<c10::DispatchKeySet, at::Tensor const&, std::basic_string_view<char, std::char_traits<char> > > >, at::Tensor (c10::DispatchKeySet, at::Tensor const&, std::basic_string_view<char, std::char_traits<char> >)>::call(c10::OperatorKernel*, c10::DispatchKeySet, at::Tensor const&, std::basic_string_view<char, std::char_traits<char> >) [0x533d404] in libtorch_cpu.so
=========         Host Frame: at::_ops::gelu::call(at::Tensor const&, std::basic_string_view<char, std::char_traits<char> >) [0x298862f] in libtorch_cpu.so
=========         Host Frame: check_tail_aten(TailReferenceView const&) [0x3d236] in tail
=========         Host Frame: check_tail(int, int, int, int, bool) [0x1e88e] in tail
=========         Host Frame: main [0x16f42] in tail
========= 
========= Uninitialized __global__ memory read of size 16 bytes
=========     at void at::native::vectorized_elementwise_kernel<(int)8, at::native::GeluCUDAKernelImpl(at::TensorIteratorBase &, at::native::GeluType)::[lambda() (instance 2)]::operator ()() const::[lambda() (instance 4)]::operator ()() const::[lambda(c10::BFloat16) (instance 1)], std::array<char *, (unsigned long)2>>(int, T2, T3)+0xc0
=========     by thread (6,0,0) in block (0,0,0)
=========     Address 0x2b20dbc00060
=========     Saved host backtrace up to driver entry point at kernel launch time
=========         Host Frame: cuLaunchKernel [0x39d6c4] in libcuda.so.1
=========         Host Frame:  [0x13e88] in libcudart.so.12
=========         Host Frame: cudaLaunchKernel [0x79f87] in libcudart.so.12
=========         Host Frame: void at::native::gpu_kernel_impl<__nv_hdl_wrapper_t<false, true, false, __nv_dl_tag<void (*)(at::TensorIteratorBase&, at::native::GeluType), &at::native::GeluCUDAKernelImpl, 8u>, c10::BFloat16 (c10::BFloat16)> >(at::TensorIteratorBase&, __nv_hdl_wrapper_t<false, true, false, __nv_dl_tag<void (*)(at::TensorIteratorBase&, at::native::GeluType), &at::native::GeluCUDAKernelImpl, 8u>, c10::BFloat16 (c10::BFloat16)> const&) [clone .isra.0] [0x149a222] in libtorch_cuda.so
=========         Host Frame: at::(anonymous namespace)::wrapper_CUDA_gelu(at::Tensor const&, std::basic_string_view<char, std::char_traits<char> >) [0x389d25e] in libtorch_cuda.so
=========         Host Frame: c10::impl::wrap_kernel_functor_unboxed_<c10::impl::detail::WrapFunctionIntoFunctor_<c10::CompileTimeFunctionPointer<at::Tensor (at::Tensor const&, std::basic_string_view<char, std::char_traits<char> >), &at::(anonymous namespace)::wrapper_CUDA_gelu>, at::Tensor, c10::guts::typelist::typelist<at::Tensor const&, std::basic_string_view<char, std::char_traits<char> > > >, at::Tensor (at::Tensor const&, std::basic_string_view<char, std::char_traits<char> >)>::call(c10::OperatorKernel*, c10::DispatchKeySet, at::Tensor const&, std::basic_string_view<char, std::char_traits<char> >) [0x389d301] in libtorch_cuda.so
=========         Host Frame: at::_ops::gelu::redispatch(c10::DispatchKeySet, at::Tensor const&, std::basic_string_view<char, std::char_traits<char> >) [0x28d4193] in libtorch_cpu.so
=========         Host Frame: torch::autograd::VariableType::(anonymous namespace)::gelu(c10::DispatchKeySet, at::Tensor const&, std::basic_string_view<char, std::char_traits<char> >) [0x533cd3b] in libtorch_cpu.so
=========         Host Frame: c10::impl::wrap_kernel_functor_unboxed_<c10::impl::detail::WrapFunctionIntoFunctor_<c10::CompileTimeFunctionPointer<at::Tensor (c10::DispatchKeySet, at::Tensor const&, std::basic_string_view<char, std::char_traits<char> >), &torch::autograd::VariableType::(anonymous namespace)::gelu>, at::Tensor, c10::guts::typelist::typelist<c10::DispatchKeySet, at::Tensor const&, std::basic_string_view<char, std::char_traits<char> > > >, at::Tensor (c10::DispatchKeySet, at::Tensor const&, std::basic_string_view<char, std::char_traits<char> >)>::call(c10::OperatorKernel*, c10::DispatchKeySet, at::Tensor const&, std::basic_string_view<char, std::char_traits<char> >) [0x533d404] in libtorch_cpu.so
=========         Host Frame: at::_ops::gelu::call(at::Tensor const&, std::basic_string_view<char, std::char_traits<char> >) [0x298862f] in libtorch_cpu.so
=========         Host Frame: check_tail_aten(TailReferenceView const&) [0x3d236] in tail
=========         Host Frame: check_tail(int, int, int, int, bool) [0x1e88e] in tail
=========         Host Frame: main [0x16f42] in tail
========= 
========= Uninitialized __global__ memory read of size 16 bytes
=========     at void at::native::vectorized_elementwise_kernel<(int)8, at::native::GeluCUDAKernelImpl(at::TensorIteratorBase &, at::native::GeluType)::[lambda() (instance 2)]::operator ()() const::[lambda() (instance 4)]::operator ()() const::[lambda(c10::BFloat16) (instance 1)], std::array<char *, (unsigned long)2>>(int, T2, T3)+0xc0
=========     by thread (7,0,0) in block (0,0,0)
=========     Address 0x2b20dbc00070
=========     Saved host backtrace up to driver entry point at kernel launch time
=========         Host Frame: cuLaunchKernel [0x39d6c4] in libcuda.so.1
=========         Host Frame:  [0x13e88] in libcudart.so.12
=========         Host Frame: cudaLaunchKernel [0x79f87] in libcudart.so.12
=========         Host Frame: void at::native::gpu_kernel_impl<__nv_hdl_wrapper_t<false, true, false, __nv_dl_tag<void (*)(at::TensorIteratorBase&, at::native::GeluType), &at::native::GeluCUDAKernelImpl, 8u>, c10::BFloat16 (c10::BFloat16)> >(at::TensorIteratorBase&, __nv_hdl_wrapper_t<false, true, false, __nv_dl_tag<void (*)(at::TensorIteratorBase&, at::native::GeluType), &at::native::GeluCUDAKernelImpl, 8u>, c10::BFloat16 (c10::BFloat16)> const&) [clone .isra.0] [0x149a222] in libtorch_cuda.so
=========         Host Frame: at::(anonymous namespace)::wrapper_CUDA_gelu(at::Tensor const&, std::basic_string_view<char, std::char_traits<char> >) [0x389d25e] in libtorch_cuda.so
=========         Host Frame: c10::impl::wrap_kernel_functor_unboxed_<c10::impl::detail::WrapFunctionIntoFunctor_<c10::CompileTimeFunctionPointer<at::Tensor (at::Tensor const&, std::basic_string_view<char, std::char_traits<char> >), &at::(anonymous namespace)::wrapper_CUDA_gelu>, at::Tensor, c10::guts::typelist::typelist<at::Tensor const&, std::basic_string_view<char, std::char_traits<char> > > >, at::Tensor (at::Tensor const&, std::basic_string_view<char, std::char_traits<char> >)>::call(c10::OperatorKernel*, c10::DispatchKeySet, at::Tensor const&, std::basic_string_view<char, std::char_traits<char> >) [0x389d301] in libtorch_cuda.so
=========         Host Frame: at::_ops::gelu::redispatch(c10::DispatchKeySet, at::Tensor const&, std::basic_string_view<char, std::char_traits<char> >) [0x28d4193] in libtorch_cpu.so
=========         Host Frame: torch::autograd::VariableType::(anonymous namespace)::gelu(c10::DispatchKeySet, at::Tensor const&, std::basic_string_view<char, std::char_traits<char> >) [0x533cd3b] in libtorch_cpu.so
=========         Host Frame: c10::impl::wrap_kernel_functor_unboxed_<c10::impl::detail::WrapFunctionIntoFunctor_<c10::CompileTimeFunctionPointer<at::Tensor (c10::DispatchKeySet, at::Tensor const&, std::basic_string_view<char, std::char_traits<char> >), &torch::autograd::VariableType::(anonymous namespace)::gelu>, at::Tensor, c10::guts::typelist::typelist<c10::DispatchKeySet, at::Tensor const&, std::basic_string_view<char, std::char_traits<char> > > >, at::Tensor (c10::DispatchKeySet, at::Tensor const&, std::basic_string_view<char, std::char_traits<char> >)>::call(c10::OperatorKernel*, c10::DispatchKeySet, at::Tensor const&, std::basic_string_view<char, std::char_traits<char> >) [0x533d404] in libtorch_cpu.so
=========         Host Frame: at::_ops::gelu::call(at::Tensor const&, std::basic_string_view<char, std::char_traits<char> >) [0x298862f] in libtorch_cpu.so
=========         Host Frame: check_tail_aten(TailReferenceView const&) [0x3d236] in tail
=========         Host Frame: check_tail(int, int, int, int, bool) [0x1e88e] in tail
=========         Host Frame: main [0x16f42] in tail
========= 
========= Uninitialized __global__ memory read of size 16 bytes
=========     at void at::native::vectorized_elementwise_kernel<(int)8, at::native::GeluCUDAKernelImpl(at::TensorIteratorBase &, at::native::GeluType)::[lambda() (instance 2)]::operator ()() const::[lambda() (instance 4)]::operator ()() const::[lambda(c10::BFloat16) (instance 1)], std::array<char *, (unsigned long)2>>(int, T2, T3)+0xc0
=========     by thread (8,0,0) in block (0,0,0)
=========     Address 0x2b20dbc00080
=========     Saved host backtrace up to driver entry point at kernel launch time
=========         Host Frame: cuLaunchKernel [0x39d6c4] in libcuda.so.1
=========         Host Frame:  [0x13e88] in libcudart.so.12
=========         Host Frame: cudaLaunchKernel [0x79f87] in libcudart.so.12
=========         Host Frame: void at::native::gpu_kernel_impl<__nv_hdl_wrapper_t<false, true, false, __nv_dl_tag<void (*)(at::TensorIteratorBase&, at::native::GeluType), &at::native::GeluCUDAKernelImpl, 8u>, c10::BFloat16 (c10::BFloat16)> >(at::TensorIteratorBase&, __nv_hdl_wrapper_t<false, true, false, __nv_dl_tag<void (*)(at::TensorIteratorBase&, at::native::GeluType), &at::native::GeluCUDAKernelImpl, 8u>, c10::BFloat16 (c10::BFloat16)> const&) [clone .isra.0] [0x149a222] in libtorch_cuda.so
=========         Host Frame: at::(anonymous namespace)::wrapper_CUDA_gelu(at::Tensor const&, std::basic_string_view<char, std::char_traits<char> >) [0x389d25e] in libtorch_cuda.so
=========         Host Frame: c10::impl::wrap_kernel_functor_unboxed_<c10::impl::detail::WrapFunctionIntoFunctor_<c10::CompileTimeFunctionPointer<at::Tensor (at::Tensor const&, std::basic_string_view<char, std::char_traits<char> >), &at::(anonymous namespace)::wrapper_CUDA_gelu>, at::Tensor, c10::guts::typelist::typelist<at::Tensor const&, std::basic_string_view<char, std::char_traits<char> > > >, at::Tensor (at::Tensor const&, std::basic_string_view<char, std::char_traits<char> >)>::call(c10::OperatorKernel*, c10::DispatchKeySet, at::Tensor const&, std::basic_string_view<char, std::char_traits<char> >) [0x389d301] in libtorch_cuda.so
=========         Host Frame: at::_ops::gelu::redispatch(c10::DispatchKeySet, at::Tensor const&, std::basic_string_view<char, std::char_traits<char> >) [0x28d4193] in libtorch_cpu.so
=========         Host Frame: torch::autograd::VariableType::(anonymous namespace)::gelu(c10::DispatchKeySet, at::Tensor const&, std::basic_string_view<char, std::char_traits<char> >) [0x533cd3b] in libtorch_cpu.so
=========         Host Frame: c10::impl::wrap_kernel_functor_unboxed_<c10::impl::detail::WrapFunctionIntoFunctor_<c10::CompileTimeFunctionPointer<at::Tensor (c10::DispatchKeySet, at::Tensor const&, std::basic_string_view<char, std::char_traits<char> >), &torch::autograd::VariableType::(anonymous namespace)::gelu>, at::Tensor, c10::guts::typelist::typelist<c10::DispatchKeySet, at::Tensor const&, std::basic_string_view<char, std::char_traits<char> > > >, at::Tensor (c10::DispatchKeySet, at::Tensor const&, std::basic_string_view<char, std::char_traits<char> >)>::call(c10::OperatorKernel*, c10::DispatchKeySet, at::Tensor const&, std::basic_string_view<char, std::char_traits<char> >) [0x533d404] in libtorch_cpu.so
=========         Host Frame: at::_ops::gelu::call(at::Tensor const&, std::basic_string_view<char, std::char_traits<char> >) [0x298862f] in libtorch_cpu.so
=========         Host Frame: check_tail_aten(TailReferenceView const&) [0x3d236] in tail
=========         Host Frame: check_tail(int, int, int, int, bool) [0x1e88e] in tail
=========         Host Frame: main [0x16f42] in tail
========= 
========= Uninitialized __global__ memory read of size 16 bytes
=========     at void at::native::vectorized_elementwise_kernel<(int)8, at::native::GeluCUDAKernelImpl(at::TensorIteratorBase &, at::native::GeluType)::[lambda() (instance 2)]::operator ()() const::[lambda() (instance 4)]::operator ()() const::[lambda(c10::BFloat16) (instance 1)], std::array<char *, (unsigned long)2>>(int, T2, T3)+0xc0
=========     by thread (9,0,0) in block (0,0,0)
=========     Address 0x2b20dbc00090
=========     Saved host backtrace up to driver entry point at kernel launch time
=========         Host Frame: cuLaunchKernel [0x39d6c4] in libcuda.so.1
=========         Host Frame:  [0x13e88] in libcudart.so.12
=========         Host Frame: cudaLaunchKernel [0x79f87] in libcudart.so.12
=========         Host Frame: void at::native::gpu_kernel_impl<__nv_hdl_wrapper_t<false, true, false, __nv_dl_tag<void (*)(at::TensorIteratorBase&, at::native::GeluType), &at::native::GeluCUDAKernelImpl, 8u>, c10::BFloat16 (c10::BFloat16)> >(at::TensorIteratorBase&, __nv_hdl_wrapper_t<false, true, false, __nv_dl_tag<void (*)(at::TensorIteratorBase&, at::native::GeluType), &at::native::GeluCUDAKernelImpl, 8u>, c10::BFloat16 (c10::BFloat16)> const&) [clone .isra.0] [0x149a222] in libtorch_cuda.so
=========         Host Frame: at::(anonymous namespace)::wrapper_CUDA_gelu(at::Tensor const&, std::basic_string_view<char, std::char_traits<char> >) [0x389d25e] in libtorch_cuda.so
=========         Host Frame: c10::impl::wrap_kernel_functor_unboxed_<c10::impl::detail::WrapFunctionIntoFunctor_<c10::CompileTimeFunctionPointer<at::Tensor (at::Tensor const&, std::basic_string_view<char, std::char_traits<char> >), &at::(anonymous namespace)::wrapper_CUDA_gelu>, at::Tensor, c10::guts::typelist::typelist<at::Tensor const&, std::basic_string_view<char, std::char_traits<char> > > >, at::Tensor (at::Tensor const&, std::basic_string_view<char, std::char_traits<char> >)>::call(c10::OperatorKernel*, c10::DispatchKeySet, at::Tensor const&, std::basic_string_view<char, std::char_traits<char> >) [0x389d301] in libtorch_cuda.so
=========         Host Frame: at::_ops::gelu::redispatch(c10::DispatchKeySet, at::Tensor const&, std::basic_string_view<char, std::char_traits<char> >) [0x28d4193] in libtorch_cpu.so
=========         Host Frame: torch::autograd::VariableType::(anonymous namespace)::gelu(c10::DispatchKeySet, at::Tensor const&, std::basic_string_view<char, std::char_traits<char> >) [0x533cd3b] in libtorch_cpu.so
=========         Host Frame: c10::impl::wrap_kernel_functor_unboxed_<c10::impl::detail::WrapFunctionIntoFunctor_<c10::CompileTimeFunctionPointer<at::Tensor (c10::DispatchKeySet, at::Tensor const&, std::basic_string_view<char, std::char_traits<char> >), &torch::autograd::VariableType::(anonymous namespace)::gelu>, at::Tensor, c10::guts::typelist::typelist<c10::DispatchKeySet, at::Tensor const&, std::basic_string_view<char, std::char_traits<char> > > >, at::Tensor (c10::DispatchKeySet, at::Tensor const&, std::basic_string_view<char, std::char_traits<char> >)>::call(c10::OperatorKernel*, c10::DispatchKeySet, at::Tensor const&, std::basic_string_view<char, std::char_traits<char> >) [0x533d404] in libtorch_cpu.so
=========         Host Frame: at::_ops::gelu::call(at::Tensor const&, std::basic_string_view<char, std::char_traits<char> >) [0x298862f] in libtorch_cpu.so
=========         Host Frame: check_tail_aten(TailReferenceView const&) [0x3d236] in tail
=========         Host Frame: check_tail(int, int, int, int, bool) [0x1e88e] in tail
=========         Host Frame: main [0x16f42] in tail
========= 
========= Uninitialized __global__ memory read of size 16 bytes
=========     at void at::native::vectorized_elementwise_kernel<(int)8, at::native::GeluCUDAKernelImpl(at::TensorIteratorBase &, at::native::GeluType)::[lambda() (instance 2)]::operator ()() const::[lambda() (instance 4)]::operator ()() const::[lambda(c10::BFloat16) (instance 1)], std::array<char *, (unsigned long)2>>(int, T2, T3)+0xc0
=========     by thread (10,0,0) in block (0,0,0)
=========     Address 0x2b20dbc000a0
=========     Saved host backtrace up to driver entry point at kernel launch time
=========         Host Frame: cuLaunchKernel [0x39d6c4] in libcuda.so.1
=========         Host Frame:  [0x13e88] in libcudart.so.12
=========         Host Frame: cudaLaunchKernel [0x79f87] in libcudart.so.12
=========         Host Frame: void at::native::gpu_kernel_impl<__nv_hdl_wrapper_t<false, true, false, __nv_dl_tag<void (*)(at::TensorIteratorBase&, at::native::GeluType), &at::native::GeluCUDAKernelImpl, 8u>, c10::BFloat16 (c10::BFloat16)> >(at::TensorIteratorBase&, __nv_hdl_wrapper_t<false, true, false, __nv_dl_tag<void (*)(at::TensorIteratorBase&, at::native::GeluType), &at::native::GeluCUDAKernelImpl, 8u>, c10::BFloat16 (c10::BFloat16)> const&) [clone .isra.0] [0x149a222] in libtorch_cuda.so
=========         Host Frame: at::(anonymous namespace)::wrapper_CUDA_gelu(at::Tensor const&, std::basic_string_view<char, std::char_traits<char> >) [0x389d25e] in libtorch_cuda.so
=========         Host Frame: c10::impl::wrap_kernel_functor_unboxed_<c10::impl::detail::WrapFunctionIntoFunctor_<c10::CompileTimeFunctionPointer<at::Tensor (at::Tensor const&, std::basic_string_view<char, std::char_traits<char> >), &at::(anonymous namespace)::wrapper_CUDA_gelu>, at::Tensor, c10::guts::typelist::typelist<at::Tensor const&, std::basic_string_view<char, std::char_traits<char> > > >, at::Tensor (at::Tensor const&, std::basic_string_view<char, std::char_traits<char> >)>::call(c10::OperatorKernel*, c10::DispatchKeySet, at::Tensor const&, std::basic_string_view<char, std::char_traits<char> >) [0x389d301] in libtorch_cuda.so
=========         Host Frame: at::_ops::gelu::redispatch(c10::DispatchKeySet, at::Tensor const&, std::basic_string_view<char, std::char_traits<char> >) [0x28d4193] in libtorch_cpu.so
=========         Host Frame: torch::autograd::VariableType::(anonymous namespace)::gelu(c10::DispatchKeySet, at::Tensor const&, std::basic_string_view<char, std::char_traits<char> >) [0x533cd3b] in libtorch_cpu.so
=========         Host Frame: c10::impl::wrap_kernel_functor_unboxed_<c10::impl::detail::WrapFunctionIntoFunctor_<c10::CompileTimeFunctionPointer<at::Tensor (c10::DispatchKeySet, at::Tensor const&, std::basic_string_view<char, std::char_traits<char> >), &torch::autograd::VariableType::(anonymous namespace)::gelu>, at::Tensor, c10::guts::typelist::typelist<c10::DispatchKeySet, at::Tensor const&, std::basic_string_view<char, std::char_traits<char> > > >, at::Tensor (c10::DispatchKeySet, at::Tensor const&, std::basic_string_view<char, std::char_traits<char> >)>::call(c10::OperatorKernel*, c10::DispatchKeySet, at::Tensor const&, std::basic_string_view<char, std::char_traits<char> >) [0x533d404] in libtorch_cpu.so
=========         Host Frame: at::_ops::gelu::call(at::Tensor const&, std::basic_string_view<char, std::char_traits<char> >) [0x298862f] in libtorch_cpu.so
=========         Host Frame: check_tail_aten(TailReferenceView const&) [0x3d236] in tail
=========         Host Frame: check_tail(int, int, int, int, bool) [0x1e88e] in tail
=========         Host Frame: main [0x16f42] in tail
========= 
========= Uninitialized __global__ memory read of size 16 bytes
=========     at void at::native::vectorized_elementwise_kernel<(int)8, at::native::GeluCUDAKernelImpl(at::TensorIteratorBase &, at::native::GeluType)::[lambda() (instance 2)]::operator ()() const::[lambda() (instance 4)]::operator ()() const::[lambda(c10::BFloat16) (instance 1)], std::array<char *, (unsigned long)2>>(int, T2, T3)+0xc0
=========     by thread (11,0,0) in block (0,0,0)
=========     Address 0x2b20dbc000b0
=========     Saved host backtrace up to driver entry point at kernel launch time
=========         Host Frame: cuLaunchKernel [0x39d6c4] in libcuda.so.1
=========         Host Frame:  [0x13e88] in libcudart.so.12
=========         Host Frame: cudaLaunchKernel [0x79f87] in libcudart.so.12
=========         Host Frame: void at::native::gpu_kernel_impl<__nv_hdl_wrapper_t<false, true, false, __nv_dl_tag<void (*)(at::TensorIteratorBase&, at::native::GeluType), &at::native::GeluCUDAKernelImpl, 8u>, c10::BFloat16 (c10::BFloat16)> >(at::TensorIteratorBase&, __nv_hdl_wrapper_t<false, true, false, __nv_dl_tag<void (*)(at::TensorIteratorBase&, at::native::GeluType), &at::native::GeluCUDAKernelImpl, 8u>, c10::BFloat16 (c10::BFloat16)> const&) [clone .isra.0] [0x149a222] in libtorch_cuda.so
=========         Host Frame: at::(anonymous namespace)::wrapper_CUDA_gelu(at::Tensor const&, std::basic_string_view<char, std::char_traits<char> >) [0x389d25e] in libtorch_cuda.so
=========         Host Frame: c10::impl::wrap_kernel_functor_unboxed_<c10::impl::detail::WrapFunctionIntoFunctor_<c10::CompileTimeFunctionPointer<at::Tensor (at::Tensor const&, std::basic_string_view<char, std::char_traits<char> >), &at::(anonymous namespace)::wrapper_CUDA_gelu>, at::Tensor, c10::guts::typelist::typelist<at::Tensor const&, std::basic_string_view<char, std::char_traits<char> > > >, at::Tensor (at::Tensor const&, std::basic_string_view<char, std::char_traits<char> >)>::call(c10::OperatorKernel*, c10::DispatchKeySet, at::Tensor const&, std::basic_string_view<char, std::char_traits<char> >) [0x389d301] in libtorch_cuda.so
=========         Host Frame: at::_ops::gelu::redispatch(c10::DispatchKeySet, at::Tensor const&, std::basic_string_view<char, std::char_traits<char> >) [0x28d4193] in libtorch_cpu.so
=========         Host Frame: torch::autograd::VariableType::(anonymous namespace)::gelu(c10::DispatchKeySet, at::Tensor const&, std::basic_string_view<char, std::char_traits<char> >) [0x533cd3b] in libtorch_cpu.so
=========         Host Frame: c10::impl::wrap_kernel_functor_unboxed_<c10::impl::detail::WrapFunctionIntoFunctor_<c10::CompileTimeFunctionPointer<at::Tensor (c10::DispatchKeySet, at::Tensor const&, std::basic_string_view<char, std::char_traits<char> >), &torch::autograd::VariableType::(anonymous namespace)::gelu>, at::Tensor, c10::guts::typelist::typelist<c10::DispatchKeySet, at::Tensor const&, std::basic_string_view<char, std::char_traits<char> > > >, at::Tensor (c10::DispatchKeySet, at::Tensor const&, std::basic_string_view<char, std::char_traits<char> >)>::call(c10::OperatorKernel*, c10::DispatchKeySet, at::Tensor const&, std::basic_string_view<char, std::char_traits<char> >) [0x533d404] in libtorch_cpu.so
=========         Host Frame: at::_ops::gelu::call(at::Tensor const&, std::basic_string_view<char, std::char_traits<char> >) [0x298862f] in libtorch_cpu.so
=========         Host Frame: check_tail_aten(TailReferenceView const&) [0x3d236] in tail
=========         Host Frame: check_tail(int, int, int, int, bool) [0x1e88e] in tail
=========         Host Frame: main [0x16f42] in tail
========= 
========= Uninitialized __global__ memory read of size 16 bytes
=========     at void at::native::vectorized_elementwise_kernel<(int)8, at::native::GeluCUDAKernelImpl(at::TensorIteratorBase &, at::native::GeluType)::[lambda() (instance 2)]::operator ()() const::[lambda() (instance 4)]::operator ()() const::[lambda(c10::BFloat16) (instance 1)], std::array<char *, (unsigned long)2>>(int, T2, T3)+0xc0
=========     by thread (12,0,0) in block (0,0,0)
=========     Address 0x2b20dbc000c0
=========     Saved host backtrace up to driver entry point at kernel launch time
=========         Host Frame: cuLaunchKernel [0x39d6c4] in libcuda.so.1
=========         Host Frame:  [0x13e88] in libcudart.so.12
=========         Host Frame: cudaLaunchKernel [0x79f87] in libcudart.so.12
=========         Host Frame: void at::native::gpu_kernel_impl<__nv_hdl_wrapper_t<false, true, false, __nv_dl_tag<void (*)(at::TensorIteratorBase&, at::native::GeluType), &at::native::GeluCUDAKernelImpl, 8u>, c10::BFloat16 (c10::BFloat16)> >(at::TensorIteratorBase&, __nv_hdl_wrapper_t<false, true, false, __nv_dl_tag<void (*)(at::TensorIteratorBase&, at::native::GeluType), &at::native::GeluCUDAKernelImpl, 8u>, c10::BFloat16 (c10::BFloat16)> const&) [clone .isra.0] [0x149a222] in libtorch_cuda.so
=========         Host Frame: at::(anonymous namespace)::wrapper_CUDA_gelu(at::Tensor const&, std::basic_string_view<char, std::char_traits<char> >) [0x389d25e] in libtorch_cuda.so
=========         Host Frame: c10::impl::wrap_kernel_functor_unboxed_<c10::impl::detail::WrapFunctionIntoFunctor_<c10::CompileTimeFunctionPointer<at::Tensor (at::Tensor const&, std::basic_string_view<char, std::char_traits<char> >), &at::(anonymous namespace)::wrapper_CUDA_gelu>, at::Tensor, c10::guts::typelist::typelist<at::Tensor const&, std::basic_string_view<char, std::char_traits<char> > > >, at::Tensor (at::Tensor const&, std::basic_string_view<char, std::char_traits<char> >)>::call(c10::OperatorKernel*, c10::DispatchKeySet, at::Tensor const&, std::basic_string_view<char, std::char_traits<char> >) [0x389d301] in libtorch_cuda.so
=========         Host Frame: at::_ops::gelu::redispatch(c10::DispatchKeySet, at::Tensor const&, std::basic_string_view<char, std::char_traits<char> >) [0x28d4193] in libtorch_cpu.so
=========         Host Frame: torch::autograd::VariableType::(anonymous namespace)::gelu(c10::DispatchKeySet, at::Tensor const&, std::basic_string_view<char, std::char_traits<char> >) [0x533cd3b] in libtorch_cpu.so
=========         Host Frame: c10::impl::wrap_kernel_functor_unboxed_<c10::impl::detail::WrapFunctionIntoFunctor_<c10::CompileTimeFunctionPointer<at::Tensor (c10::DispatchKeySet, at::Tensor const&, std::basic_string_view<char, std::char_traits<char> >), &torch::autograd::VariableType::(anonymous namespace)::gelu>, at::Tensor, c10::guts::typelist::typelist<c10::DispatchKeySet, at::Tensor const&, std::basic_string_view<char, std::char_traits<char> > > >, at::Tensor (c10::DispatchKeySet, at::Tensor const&, std::basic_string_view<char, std::char_traits<char> >)>::call(c10::OperatorKernel*, c10::DispatchKeySet, at::Tensor const&, std::basic_string_view<char, std::char_traits<char> >) [0x533d404] in libtorch_cpu.so
=========         Host Frame: at::_ops::gelu::call(at::Tensor const&, std::basic_string_view<char, std::char_traits<char> >) [0x298862f] in libtorch_cpu.so
=========         Host Frame: check_tail_aten(TailReferenceView const&) [0x3d236] in tail
=========         Host Frame: check_tail(int, int, int, int, bool) [0x1e88e] in tail
=========         Host Frame: main [0x16f42] in tail
========= 
========= Uninitialized __global__ memory read of size 16 bytes
=========     at void at::native::vectorized_elementwise_kernel<(int)8, at::native::GeluCUDAKernelImpl(at::TensorIteratorBase &, at::native::GeluType)::[lambda() (instance 2)]::operator ()() const::[lambda() (instance 4)]::operator ()() const::[lambda(c10::BFloat16) (instance 1)], std::array<char *, (unsigned long)2>>(int, T2, T3)+0xc0
=========     by thread (13,0,0) in block (0,0,0)
=========     Address 0x2b20dbc000d0
=========     Saved host backtrace up to driver entry point at kernel launch time
=========         Host Frame: cuLaunchKernel [0x39d6c4] in libcuda.so.1
=========         Host Frame:  [0x13e88] in libcudart.so.12
=========         Host Frame: cudaLaunchKernel [0x79f87] in libcudart.so.12
=========         Host Frame: void at::native::gpu_kernel_impl<__nv_hdl_wrapper_t<false, true, false, __nv_dl_tag<void (*)(at::TensorIteratorBase&, at::native::GeluType), &at::native::GeluCUDAKernelImpl, 8u>, c10::BFloat16 (c10::BFloat16)> >(at::TensorIteratorBase&, __nv_hdl_wrapper_t<false, true, false, __nv_dl_tag<void (*)(at::TensorIteratorBase&, at::native::GeluType), &at::native::GeluCUDAKernelImpl, 8u>, c10::BFloat16 (c10::BFloat16)> const&) [clone .isra.0] [0x149a222] in libtorch_cuda.so
=========         Host Frame: at::(anonymous namespace)::wrapper_CUDA_gelu(at::Tensor const&, std::basic_string_view<char, std::char_traits<char> >) [0x389d25e] in libtorch_cuda.so
=========         Host Frame: c10::impl::wrap_kernel_functor_unboxed_<c10::impl::detail::WrapFunctionIntoFunctor_<c10::CompileTimeFunctionPointer<at::Tensor (at::Tensor const&, std::basic_string_view<char, std::char_traits<char> >), &at::(anonymous namespace)::wrapper_CUDA_gelu>, at::Tensor, c10::guts::typelist::typelist<at::Tensor const&, std::basic_string_view<char, std::char_traits<char> > > >, at::Tensor (at::Tensor const&, std::basic_string_view<char, std::char_traits<char> >)>::call(c10::OperatorKernel*, c10::DispatchKeySet, at::Tensor const&, std::basic_string_view<char, std::char_traits<char> >) [0x389d301] in libtorch_cuda.so
=========         Host Frame: at::_ops::gelu::redispatch(c10::DispatchKeySet, at::Tensor const&, std::basic_string_view<char, std::char_traits<char> >) [0x28d4193] in libtorch_cpu.so
=========         Host Frame: torch::autograd::VariableType::(anonymous namespace)::gelu(c10::DispatchKeySet, at::Tensor const&, std::basic_string_view<char, std::char_traits<char> >) [0x533cd3b] in libtorch_cpu.so
=========         Host Frame: c10::impl::wrap_kernel_functor_unboxed_<c10::impl::detail::WrapFunctionIntoFunctor_<c10::CompileTimeFunctionPointer<at::Tensor (c10::DispatchKeySet, at::Tensor const&, std::basic_string_view<char, std::char_traits<char> >), &torch::autograd::VariableType::(anonymous namespace)::gelu>, at::Tensor, c10::guts::typelist::typelist<c10::DispatchKeySet, at::Tensor const&, std::basic_string_view<char, std::char_traits<char> > > >, at::Tensor (c10::DispatchKeySet, at::Tensor const&, std::basic_string_view<char, std::char_traits<char> >)>::call(c10::OperatorKernel*, c10::DispatchKeySet, at::Tensor const&, std::basic_string_view<char, std::char_traits<char> >) [0x533d404] in libtorch_cpu.so
=========         Host Frame: at::_ops::gelu::call(at::Tensor const&, std::basic_string_view<char, std::char_traits<char> >) [0x298862f] in libtorch_cpu.so
=========         Host Frame: check_tail_aten(TailReferenceView const&) [0x3d236] in tail
=========         Host Frame: check_tail(int, int, int, int, bool) [0x1e88e] in tail
=========         Host Frame: main [0x16f42] in tail
========= 
========= Uninitialized __global__ memory read of size 16 bytes
=========     at void at::native::vectorized_elementwise_kernel<(int)8, at::native::GeluCUDAKernelImpl(at::TensorIteratorBase &, at::native::GeluType)::[lambda() (instance 2)]::operator ()() const::[lambda() (instance 4)]::operator ()() const::[lambda(c10::BFloat16) (instance 1)], std::array<char *, (unsigned long)2>>(int, T2, T3)+0xc0
=========     by thread (14,0,0) in block (0,0,0)
=========     Address 0x2b20dbc000e0
=========     Saved host backtrace up to driver entry point at kernel launch time
=========         Host Frame: cuLaunchKernel [0x39d6c4] in libcuda.so.1
=========         Host Frame:  [0x13e88] in libcudart.so.12
=========         Host Frame: cudaLaunchKernel [0x79f87] in libcudart.so.12
=========         Host Frame: void at::native::gpu_kernel_impl<__nv_hdl_wrapper_t<false, true, false, __nv_dl_tag<void (*)(at::TensorIteratorBase&, at::native::GeluType), &at::native::GeluCUDAKernelImpl, 8u>, c10::BFloat16 (c10::BFloat16)> >(at::TensorIteratorBase&, __nv_hdl_wrapper_t<false, true, false, __nv_dl_tag<void (*)(at::TensorIteratorBase&, at::native::GeluType), &at::native::GeluCUDAKernelImpl, 8u>, c10::BFloat16 (c10::BFloat16)> const&) [clone .isra.0] [0x149a222] in libtorch_cuda.so
=========         Host Frame: at::(anonymous namespace)::wrapper_CUDA_gelu(at::Tensor const&, std::basic_string_view<char, std::char_traits<char> >) [0x389d25e] in libtorch_cuda.so
=========         Host Frame: c10::impl::wrap_kernel_functor_unboxed_<c10::impl::detail::WrapFunctionIntoFunctor_<c10::CompileTimeFunctionPointer<at::Tensor (at::Tensor const&, std::basic_string_view<char, std::char_traits<char> >), &at::(anonymous namespace)::wrapper_CUDA_gelu>, at::Tensor, c10::guts::typelist::typelist<at::Tensor const&, std::basic_string_view<char, std::char_traits<char> > > >, at::Tensor (at::Tensor const&, std::basic_string_view<char, std::char_traits<char> >)>::call(c10::OperatorKernel*, c10::DispatchKeySet, at::Tensor const&, std::basic_string_view<char, std::char_traits<char> >) [0x389d301] in libtorch_cuda.so
=========         Host Frame: at::_ops::gelu::redispatch(c10::DispatchKeySet, at::Tensor const&, std::basic_string_view<char, std::char_traits<char> >) [0x28d4193] in libtorch_cpu.so
=========         Host Frame: torch::autograd::VariableType::(anonymous namespace)::gelu(c10::DispatchKeySet, at::Tensor const&, std::basic_string_view<char, std::char_traits<char> >) [0x533cd3b] in libtorch_cpu.so
=========         Host Frame: c10::impl::wrap_kernel_functor_unboxed_<c10::impl::detail::WrapFunctionIntoFunctor_<c10::CompileTimeFunctionPointer<at::Tensor (c10::DispatchKeySet, at::Tensor const&, std::basic_string_view<char, std::char_traits<char> >), &torch::autograd::VariableType::(anonymous namespace)::gelu>, at::Tensor, c10::guts::typelist::typelist<c10::DispatchKeySet, at::Tensor const&, std::basic_string_view<char, std::char_traits<char> > > >, at::Tensor (c10::DispatchKeySet, at::Tensor const&, std::basic_string_view<char, std::char_traits<char> >)>::call(c10::OperatorKernel*, c10::DispatchKeySet, at::Tensor const&, std::basic_string_view<char, std::char_traits<char> >) [0x533d404] in libtorch_cpu.so
=========         Host Frame: at::_ops::gelu::call(at::Tensor const&, std::basic_string_view<char, std::char_traits<char> >) [0x298862f] in libtorch_cpu.so
=========         Host Frame: check_tail_aten(TailReferenceView const&) [0x3d236] in tail
=========         Host Frame: check_tail(int, int, int, int, bool) [0x1e88e] in tail
=========         Host Frame: main [0x16f42] in tail
========= 
========= Uninitialized __global__ memory read of size 16 bytes
=========     at void at::native::vectorized_elementwise_kernel<(int)8, at::native::GeluCUDAKernelImpl(at::TensorIteratorBase &, at::native::GeluType)::[lambda() (instance 2)]::operator ()() const::[lambda() (instance 4)]::operator ()() const::[lambda(c10::BFloat16) (instance 1)], std::array<char *, (unsigned long)2>>(int, T2, T3)+0xc0
=========     by thread (15,0,0) in block (0,0,0)
=========     Address 0x2b20dbc000f0
=========     Saved host backtrace up to driver entry point at kernel launch time
=========         Host Frame: cuLaunchKernel [0x39d6c4] in libcuda.so.1
=========         Host Frame:  [0x13e88] in libcudart.so.12
=========         Host Frame: cudaLaunchKernel [0x79f87] in libcudart.so.12
=========         Host Frame: void at::native::gpu_kernel_impl<__nv_hdl_wrapper_t<false, true, false, __nv_dl_tag<void (*)(at::TensorIteratorBase&, at::native::GeluType), &at::native::GeluCUDAKernelImpl, 8u>, c10::BFloat16 (c10::BFloat16)> >(at::TensorIteratorBase&, __nv_hdl_wrapper_t<false, true, false, __nv_dl_tag<void (*)(at::TensorIteratorBase&, at::native::GeluType), &at::native::GeluCUDAKernelImpl, 8u>, c10::BFloat16 (c10::BFloat16)> const&) [clone .isra.0] [0x149a222] in libtorch_cuda.so
=========         Host Frame: at::(anonymous namespace)::wrapper_CUDA_gelu(at::Tensor const&, std::basic_string_view<char, std::char_traits<char> >) [0x389d25e] in libtorch_cuda.so
=========         Host Frame: c10::impl::wrap_kernel_functor_unboxed_<c10::impl::detail::WrapFunctionIntoFunctor_<c10::CompileTimeFunctionPointer<at::Tensor (at::Tensor const&, std::basic_string_view<char, std::char_traits<char> >), &at::(anonymous namespace)::wrapper_CUDA_gelu>, at::Tensor, c10::guts::typelist::typelist<at::Tensor const&, std::basic_string_view<char, std::char_traits<char> > > >, at::Tensor (at::Tensor const&, std::basic_string_view<char, std::char_traits<char> >)>::call(c10::OperatorKernel*, c10::DispatchKeySet, at::Tensor const&, std::basic_string_view<char, std::char_traits<char> >) [0x389d301] in libtorch_cuda.so
=========         Host Frame: at::_ops::gelu::redispatch(c10::DispatchKeySet, at::Tensor const&, std::basic_string_view<char, std::char_traits<char> >) [0x28d4193] in libtorch_cpu.so
=========         Host Frame: torch::autograd::VariableType::(anonymous namespace)::gelu(c10::DispatchKeySet, at::Tensor const&, std::basic_string_view<char, std::char_traits<char> >) [0x533cd3b] in libtorch_cpu.so
=========         Host Frame: c10::impl::wrap_kernel_functor_unboxed_<c10::impl::detail::WrapFunctionIntoFunctor_<c10::CompileTimeFunctionPointer<at::Tensor (c10::DispatchKeySet, at::Tensor const&, std::basic_string_view<char, std::char_traits<char> >), &torch::autograd::VariableType::(anonymous namespace)::gelu>, at::Tensor, c10::guts::typelist::typelist<c10::DispatchKeySet, at::Tensor const&, std::basic_string_view<char, std::char_traits<char> > > >, at::Tensor (c10::DispatchKeySet, at::Tensor const&, std::basic_string_view<char, std::char_traits<char> >)>::call(c10::OperatorKernel*, c10::DispatchKeySet, at::Tensor const&, std::basic_string_view<char, std::char_traits<char> >) [0x533d404] in libtorch_cpu.so
=========         Host Frame: at::_ops::gelu::call(at::Tensor const&, std::basic_string_view<char, std::char_traits<char> >) [0x298862f] in libtorch_cpu.so
=========         Host Frame: check_tail_aten(TailReferenceView const&) [0x3d236] in tail
=========         Host Frame: check_tail(int, int, int, int, bool) [0x1e88e] in tail
=========         Host Frame: main [0x16f42] in tail
========= 
========= Uninitialized __global__ memory read of size 16 bytes
=========     at void at::native::vectorized_elementwise_kernel<(int)8, at::native::GeluCUDAKernelImpl(at::TensorIteratorBase &, at::native::GeluType)::[lambda() (instance 2)]::operator ()() const::[lambda() (instance 4)]::operator ()() const::[lambda(c10::BFloat16) (instance 1)], std::array<char *, (unsigned long)2>>(int, T2, T3)+0xc0
=========     by thread (16,0,0) in block (0,0,0)
=========     Address 0x2b20dbc00100
=========     Saved host backtrace up to driver entry point at kernel launch time
=========         Host Frame: cuLaunchKernel [0x39d6c4] in libcuda.so.1
=========         Host Frame:  [0x13e88] in libcudart.so.12
=========         Host Frame: cudaLaunchKernel [0x79f87] in libcudart.so.12
=========         Host Frame: void at::native::gpu_kernel_impl<__nv_hdl_wrapper_t<false, true, false, __nv_dl_tag<void (*)(at::TensorIteratorBase&, at::native::GeluType), &at::native::GeluCUDAKernelImpl, 8u>, c10::BFloat16 (c10::BFloat16)> >(at::TensorIteratorBase&, __nv_hdl_wrapper_t<false, true, false, __nv_dl_tag<void (*)(at::TensorIteratorBase&, at::native::GeluType), &at::native::GeluCUDAKernelImpl, 8u>, c10::BFloat16 (c10::BFloat16)> const&) [clone .isra.0] [0x149a222] in libtorch_cuda.so
=========         Host Frame: at::(anonymous namespace)::wrapper_CUDA_gelu(at::Tensor const&, std::basic_string_view<char, std::char_traits<char> >) [0x389d25e] in libtorch_cuda.so
=========         Host Frame: c10::impl::wrap_kernel_functor_unboxed_<c10::impl::detail::WrapFunctionIntoFunctor_<c10::CompileTimeFunctionPointer<at::Tensor (at::Tensor const&, std::basic_string_view<char, std::char_traits<char> >), &at::(anonymous namespace)::wrapper_CUDA_gelu>, at::Tensor, c10::guts::typelist::typelist<at::Tensor const&, std::basic_string_view<char, std::char_traits<char> > > >, at::Tensor (at::Tensor const&, std::basic_string_view<char, std::char_traits<char> >)>::call(c10::OperatorKernel*, c10::DispatchKeySet, at::Tensor const&, std::basic_string_view<char, std::char_traits<char> >) [0x389d301] in libtorch_cuda.so
=========         Host Frame: at::_ops::gelu::redispatch(c10::DispatchKeySet, at::Tensor const&, std::basic_string_view<char, std::char_traits<char> >) [0x28d4193] in libtorch_cpu.so
=========         Host Frame: torch::autograd::VariableType::(anonymous namespace)::gelu(c10::DispatchKeySet, at::Tensor const&, std::basic_string_view<char, std::char_traits<char> >) [0x533cd3b] in libtorch_cpu.so
=========         Host Frame: c10::impl::wrap_kernel_functor_unboxed_<c10::impl::detail::WrapFunctionIntoFunctor_<c10::CompileTimeFunctionPointer<at::Tensor (c10::DispatchKeySet, at::Tensor const&, std::basic_string_view<char, std::char_traits<char> >), &torch::autograd::VariableType::(anonymous namespace)::gelu>, at::Tensor, c10::guts::typelist::typelist<c10::DispatchKeySet, at::Tensor const&, std::basic_string_view<char, std::char_traits<char> > > >, at::Tensor (c10::DispatchKeySet, at::Tensor const&, std::basic_string_view<char, std::char_traits<char> >)>::call(c10::OperatorKernel*, c10::DispatchKeySet, at::Tensor const&, std::basic_string_view<char, std::char_traits<char> >) [0x533d404] in libtorch_cpu.so
=========         Host Frame: at::_ops::gelu::call(at::Tensor const&, std::basic_string_view<char, std::char_traits<char> >) [0x298862f] in libtorch_cpu.so
=========         Host Frame: check_tail_aten(TailReferenceView const&) [0x3d236] in tail
=========         Host Frame: check_tail(int, int, int, int, bool) [0x1e88e] in tail
=========         Host Frame: main [0x16f42] in tail
========= 
========= Uninitialized __global__ memory read of size 16 bytes
=========     at void at::native::vectorized_elementwise_kernel<(int)8, at::native::GeluCUDAKernelImpl(at::TensorIteratorBase &, at::native::GeluType)::[lambda() (instance 2)]::operator ()() const::[lambda() (instance 4)]::operator ()() const::[lambda(c10::BFloat16) (instance 1)], std::array<char *, (unsigned long)2>>(int, T2, T3)+0xc0
=========     by thread (17,0,0) in block (0,0,0)
=========     Address 0x2b20dbc00110
=========     Saved host backtrace up to driver entry point at kernel launch time
=========         Host Frame: cuLaunchKernel [0x39d6c4] in libcuda.so.1
=========         Host Frame:  [0x13e88] in libcudart.so.12
=========         Host Frame: cudaLaunchKernel [0x79f87] in libcudart.so.12
=========         Host Frame: void at::native::gpu_kernel_impl<__nv_hdl_wrapper_t<false, true, false, __nv_dl_tag<void (*)(at::TensorIteratorBase&, at::native::GeluType), &at::native::GeluCUDAKernelImpl, 8u>, c10::BFloat16 (c10::BFloat16)> >(at::TensorIteratorBase&, __nv_hdl_wrapper_t<false, true, false, __nv_dl_tag<void (*)(at::TensorIteratorBase&, at::native::GeluType), &at::native::GeluCUDAKernelImpl, 8u>, c10::BFloat16 (c10::BFloat16)> const&) [clone .isra.0] [0x149a222] in libtorch_cuda.so
=========         Host Frame: at::(anonymous namespace)::wrapper_CUDA_gelu(at::Tensor const&, std::basic_string_view<char, std::char_traits<char> >) [0x389d25e] in libtorch_cuda.so
=========         Host Frame: c10::impl::wrap_kernel_functor_unboxed_<c10::impl::detail::WrapFunctionIntoFunctor_<c10::CompileTimeFunctionPointer<at::Tensor (at::Tensor const&, std::basic_string_view<char, std::char_traits<char> >), &at::(anonymous namespace)::wrapper_CUDA_gelu>, at::Tensor, c10::guts::typelist::typelist<at::Tensor const&, std::basic_string_view<char, std::char_traits<char> > > >, at::Tensor (at::Tensor const&, std::basic_string_view<char, std::char_traits<char> >)>::call(c10::OperatorKernel*, c10::DispatchKeySet, at::Tensor const&, std::basic_string_view<char, std::char_traits<char> >) [0x389d301] in libtorch_cuda.so
=========         Host Frame: at::_ops::gelu::redispatch(c10::DispatchKeySet, at::Tensor const&, std::basic_string_view<char, std::char_traits<char> >) [0x28d4193] in libtorch_cpu.so
=========         Host Frame: torch::autograd::VariableType::(anonymous namespace)::gelu(c10::DispatchKeySet, at::Tensor const&, std::basic_string_view<char, std::char_traits<char> >) [0x533cd3b] in libtorch_cpu.so
=========         Host Frame: c10::impl::wrap_kernel_functor_unboxed_<c10::impl::detail::WrapFunctionIntoFunctor_<c10::CompileTimeFunctionPointer<at::Tensor (c10::DispatchKeySet, at::Tensor const&, std::basic_string_view<char, std::char_traits<char> >), &torch::autograd::VariableType::(anonymous namespace)::gelu>, at::Tensor, c10::guts::typelist::typelist<c10::DispatchKeySet, at::Tensor const&, std::basic_string_view<char, std::char_traits<char> > > >, at::Tensor (c10::DispatchKeySet, at::Tensor const&, std::basic_string_view<char, std::char_traits<char> >)>::call(c10::OperatorKernel*, c10::DispatchKeySet, at::Tensor const&, std::basic_string_view<char, std::char_traits<char> >) [0x533d404] in libtorch_cpu.so
=========         Host Frame: at::_ops::gelu::call(at::Tensor const&, std::basic_string_view<char, std::char_traits<char> >) [0x298862f] in libtorch_cpu.so
=========         Host Frame: check_tail_aten(TailReferenceView const&) [0x3d236] in tail
=========         Host Frame: check_tail(int, int, int, int, bool) [0x1e88e] in tail
=========         Host Frame: main [0x16f42] in tail
========= 
========= Uninitialized __global__ memory read of size 16 bytes
=========     at void at::native::vectorized_elementwise_kernel<(int)8, at::native::GeluCUDAKernelImpl(at::TensorIteratorBase &, at::native::GeluType)::[lambda() (instance 2)]::operator ()() const::[lambda() (instance 4)]::operator ()() const::[lambda(c10::BFloat16) (instance 1)], std::array<char *, (unsigned long)2>>(int, T2, T3)+0xc0
=========     by thread (18,0,0) in block (0,0,0)
=========     Address 0x2b20dbc00120
=========     Saved host backtrace up to driver entry point at kernel launch time
=========         Host Frame: cuLaunchKernel [0x39d6c4] in libcuda.so.1
=========         Host Frame:  [0x13e88] in libcudart.so.12
=========         Host Frame: cudaLaunchKernel [0x79f87] in libcudart.so.12
=========         Host Frame: void at::native::gpu_kernel_impl<__nv_hdl_wrapper_t<false, true, false, __nv_dl_tag<void (*)(at::TensorIteratorBase&, at::native::GeluType), &at::native::GeluCUDAKernelImpl, 8u>, c10::BFloat16 (c10::BFloat16)> >(at::TensorIteratorBase&, __nv_hdl_wrapper_t<false, true, false, __nv_dl_tag<void (*)(at::TensorIteratorBase&, at::native::GeluType), &at::native::GeluCUDAKernelImpl, 8u>, c10::BFloat16 (c10::BFloat16)> const&) [clone .isra.0] [0x149a222] in libtorch_cuda.so
=========         Host Frame: at::(anonymous namespace)::wrapper_CUDA_gelu(at::Tensor const&, std::basic_string_view<char, std::char_traits<char> >) [0x389d25e] in libtorch_cuda.so
=========         Host Frame: c10::impl::wrap_kernel_functor_unboxed_<c10::impl::detail::WrapFunctionIntoFunctor_<c10::CompileTimeFunctionPointer<at::Tensor (at::Tensor const&, std::basic_string_view<char, std::char_traits<char> >), &at::(anonymous namespace)::wrapper_CUDA_gelu>, at::Tensor, c10::guts::typelist::typelist<at::Tensor const&, std::basic_string_view<char, std::char_traits<char> > > >, at::Tensor (at::Tensor const&, std::basic_string_view<char, std::char_traits<char> >)>::call(c10::OperatorKernel*, c10::DispatchKeySet, at::Tensor const&, std::basic_string_view<char, std::char_traits<char> >) [0x389d301] in libtorch_cuda.so
=========         Host Frame: at::_ops::gelu::redispatch(c10::DispatchKeySet, at::Tensor const&, std::basic_string_view<char, std::char_traits<char> >) [0x28d4193] in libtorch_cpu.so
=========         Host Frame: torch::autograd::VariableType::(anonymous namespace)::gelu(c10::DispatchKeySet, at::Tensor const&, std::basic_string_view<char, std::char_traits<char> >) [0x533cd3b] in libtorch_cpu.so
=========         Host Frame: c10::impl::wrap_kernel_functor_unboxed_<c10::impl::detail::WrapFunctionIntoFunctor_<c10::CompileTimeFunctionPointer<at::Tensor (c10::DispatchKeySet, at::Tensor const&, std::basic_string_view<char, std::char_traits<char> >), &torch::autograd::VariableType::(anonymous namespace)::gelu>, at::Tensor, c10::guts::typelist::typelist<c10::DispatchKeySet, at::Tensor const&, std::basic_string_view<char, std::char_traits<char> > > >, at::Tensor (c10::DispatchKeySet, at::Tensor const&, std::basic_string_view<char, std::char_traits<char> >)>::call(c10::OperatorKernel*, c10::DispatchKeySet, at::Tensor const&, std::basic_string_view<char, std::char_traits<char> >) [0x533d404] in libtorch_cpu.so
=========         Host Frame: at::_ops::gelu::call(at::Tensor const&, std::basic_string_view<char, std::char_traits<char> >) [0x298862f] in libtorch_cpu.so
=========         Host Frame: check_tail_aten(TailReferenceView const&) [0x3d236] in tail
=========         Host Frame: check_tail(int, int, int, int, bool) [0x1e88e] in tail
=========         Host Frame: main [0x16f42] in tail
========= 
========= Uninitialized __global__ memory read of size 16 bytes
=========     at void at::native::vectorized_elementwise_kernel<(int)8, at::native::GeluCUDAKernelImpl(at::TensorIteratorBase &, at::native::GeluType)::[lambda() (instance 2)]::operator ()() const::[lambda() (instance 4)]::operator ()() const::[lambda(c10::BFloat16) (instance 1)], std::array<char *, (unsigned long)2>>(int, T2, T3)+0xc0
=========     by thread (19,0,0) in block (0,0,0)
=========     Address 0x2b20dbc00130
=========     Saved host backtrace up to driver entry point at kernel launch time
=========         Host Frame: cuLaunchKernel [0x39d6c4] in libcuda.so.1
=========         Host Frame:  [0x13e88] in libcudart.so.12
=========         Host Frame: cudaLaunchKernel [0x79f87] in libcudart.so.12
=========         Host Frame: void at::native::gpu_kernel_impl<__nv_hdl_wrapper_t<false, true, false, __nv_dl_tag<void (*)(at::TensorIteratorBase&, at::native::GeluType), &at::native::GeluCUDAKernelImpl, 8u>, c10::BFloat16 (c10::BFloat16)> >(at::TensorIteratorBase&, __nv_hdl_wrapper_t<false, true, false, __nv_dl_tag<void (*)(at::TensorIteratorBase&, at::native::GeluType), &at::native::GeluCUDAKernelImpl, 8u>, c10::BFloat16 (c10::BFloat16)> const&) [clone .isra.0] [0x149a222] in libtorch_cuda.so
=========         Host Frame: at::(anonymous namespace)::wrapper_CUDA_gelu(at::Tensor const&, std::basic_string_view<char, std::char_traits<char> >) [0x389d25e] in libtorch_cuda.so
=========         Host Frame: c10::impl::wrap_kernel_functor_unboxed_<c10::impl::detail::WrapFunctionIntoFunctor_<c10::CompileTimeFunctionPointer<at::Tensor (at::Tensor const&, std::basic_string_view<char, std::char_traits<char> >), &at::(anonymous namespace)::wrapper_CUDA_gelu>, at::Tensor, c10::guts::typelist::typelist<at::Tensor const&, std::basic_string_view<char, std::char_traits<char> > > >, at::Tensor (at::Tensor const&, std::basic_string_view<char, std::char_traits<char> >)>::call(c10::OperatorKernel*, c10::DispatchKeySet, at::Tensor const&, std::basic_string_view<char, std::char_traits<char> >) [0x389d301] in libtorch_cuda.so
=========         Host Frame: at::_ops::gelu::redispatch(c10::DispatchKeySet, at::Tensor const&, std::basic_string_view<char, std::char_traits<char> >) [0x28d4193] in libtorch_cpu.so
=========         Host Frame: torch::autograd::VariableType::(anonymous namespace)::gelu(c10::DispatchKeySet, at::Tensor const&, std::basic_string_view<char, std::char_traits<char> >) [0x533cd3b] in libtorch_cpu.so
=========         Host Frame: c10::impl::wrap_kernel_functor_unboxed_<c10::impl::detail::WrapFunctionIntoFunctor_<c10::CompileTimeFunctionPointer<at::Tensor (c10::DispatchKeySet, at::Tensor const&, std::basic_string_view<char, std::char_traits<char> >), &torch::autograd::VariableType::(anonymous namespace)::gelu>, at::Tensor, c10::guts::typelist::typelist<c10::DispatchKeySet, at::Tensor const&, std::basic_string_view<char, std::char_traits<char> > > >, at::Tensor (c10::DispatchKeySet, at::Tensor const&, std::basic_string_view<char, std::char_traits<char> >)>::call(c10::OperatorKernel*, c10::DispatchKeySet, at::Tensor const&, std::basic_string_view<char, std::char_traits<char> >) [0x533d404] in libtorch_cpu.so
=========         Host Frame: at::_ops::gelu::call(at::Tensor const&, std::basic_string_view<char, std::char_traits<char> >) [0x298862f] in libtorch_cpu.so
=========         Host Frame: check_tail_aten(TailReferenceView const&) [0x3d236] in tail
=========         Host Frame: check_tail(int, int, int, int, bool) [0x1e88e] in tail
=========         Host Frame: main [0x16f42] in tail
========= 
========= Uninitialized __global__ memory read of size 16 bytes
=========     at void at::native::vectorized_elementwise_kernel<(int)8, at::native::GeluCUDAKernelImpl(at::TensorIteratorBase &, at::native::GeluType)::[lambda() (instance 2)]::operator ()() const::[lambda() (instance 4)]::operator ()() const::[lambda(c10::BFloat16) (instance 1)], std::array<char *, (unsigned long)2>>(int, T2, T3)+0xc0
=========     by thread (20,0,0) in block (0,0,0)
=========     Address 0x2b20dbc00140
=========     Saved host backtrace up to driver entry point at kernel launch time
=========         Host Frame: cuLaunchKernel [0x39d6c4] in libcuda.so.1
=========         Host Frame:  [0x13e88] in libcudart.so.12
=========         Host Frame: cudaLaunchKernel [0x79f87] in libcudart.so.12
=========         Host Frame: void at::native::gpu_kernel_impl<__nv_hdl_wrapper_t<false, true, false, __nv_dl_tag<void (*)(at::TensorIteratorBase&, at::native::GeluType), &at::native::GeluCUDAKernelImpl, 8u>, c10::BFloat16 (c10::BFloat16)> >(at::TensorIteratorBase&, __nv_hdl_wrapper_t<false, true, false, __nv_dl_tag<void (*)(at::TensorIteratorBase&, at::native::GeluType), &at::native::GeluCUDAKernelImpl, 8u>, c10::BFloat16 (c10::BFloat16)> const&) [clone .isra.0] [0x149a222] in libtorch_cuda.so
=========         Host Frame: at::(anonymous namespace)::wrapper_CUDA_gelu(at::Tensor const&, std::basic_string_view<char, std::char_traits<char> >) [0x389d25e] in libtorch_cuda.so
=========         Host Frame: c10::impl::wrap_kernel_functor_unboxed_<c10::impl::detail::WrapFunctionIntoFunctor_<c10::CompileTimeFunctionPointer<at::Tensor (at::Tensor const&, std::basic_string_view<char, std::char_traits<char> >), &at::(anonymous namespace)::wrapper_CUDA_gelu>, at::Tensor, c10::guts::typelist::typelist<at::Tensor const&, std::basic_string_view<char, std::char_traits<char> > > >, at::Tensor (at::Tensor const&, std::basic_string_view<char, std::char_traits<char> >)>::call(c10::OperatorKernel*, c10::DispatchKeySet, at::Tensor const&, std::basic_string_view<char, std::char_traits<char> >) [0x389d301] in libtorch_cuda.so
=========         Host Frame: at::_ops::gelu::redispatch(c10::DispatchKeySet, at::Tensor const&, std::basic_string_view<char, std::char_traits<char> >) [0x28d4193] in libtorch_cpu.so
=========         Host Frame: torch::autograd::VariableType::(anonymous namespace)::gelu(c10::DispatchKeySet, at::Tensor const&, std::basic_string_view<char, std::char_traits<char> >) [0x533cd3b] in libtorch_cpu.so
=========         Host Frame: c10::impl::wrap_kernel_functor_unboxed_<c10::impl::detail::WrapFunctionIntoFunctor_<c10::CompileTimeFunctionPointer<at::Tensor (c10::DispatchKeySet, at::Tensor const&, std::basic_string_view<char, std::char_traits<char> >), &torch::autograd::VariableType::(anonymous namespace)::gelu>, at::Tensor, c10::guts::typelist::typelist<c10::DispatchKeySet, at::Tensor const&, std::basic_string_view<char, std::char_traits<char> > > >, at::Tensor (c10::DispatchKeySet, at::Tensor const&, std::basic_string_view<char, std::char_traits<char> >)>::call(c10::OperatorKernel*, c10::DispatchKeySet, at::Tensor const&, std::basic_string_view<char, std::char_traits<char> >) [0x533d404] in libtorch_cpu.so
=========         Host Frame: at::_ops::gelu::call(at::Tensor const&, std::basic_string_view<char, std::char_traits<char> >) [0x298862f] in libtorch_cpu.so
=========         Host Frame: check_tail_aten(TailReferenceView const&) [0x3d236] in tail
=========         Host Frame: check_tail(int, int, int, int, bool) [0x1e88e] in tail
=========         Host Frame: main [0x16f42] in tail
========= 
========= Uninitialized __global__ memory read of size 16 bytes
=========     at void at::native::vectorized_elementwise_kernel<(int)8, at::native::GeluCUDAKernelImpl(at::TensorIteratorBase &, at::native::GeluType)::[lambda() (instance 2)]::operator ()() const::[lambda() (instance 4)]::operator ()() const::[lambda(c10::BFloat16) (instance 1)], std::array<char *, (unsigned long)2>>(int, T2, T3)+0xc0
=========     by thread (21,0,0) in block (0,0,0)
=========     Address 0x2b20dbc00150
=========     Saved host backtrace up to driver entry point at kernel launch time
=========         Host Frame: cuLaunchKernel [0x39d6c4] in libcuda.so.1
=========         Host Frame:  [0x13e88] in libcudart.so.12
=========         Host Frame: cudaLaunchKernel [0x79f87] in libcudart.so.12
=========         Host Frame: void at::native::gpu_kernel_impl<__nv_hdl_wrapper_t<false, true, false, __nv_dl_tag<void (*)(at::TensorIteratorBase&, at::native::GeluType), &at::native::GeluCUDAKernelImpl, 8u>, c10::BFloat16 (c10::BFloat16)> >(at::TensorIteratorBase&, __nv_hdl_wrapper_t<false, true, false, __nv_dl_tag<void (*)(at::TensorIteratorBase&, at::native::GeluType), &at::native::GeluCUDAKernelImpl, 8u>, c10::BFloat16 (c10::BFloat16)> const&) [clone .isra.0] [0x149a222] in libtorch_cuda.so
=========         Host Frame: at::(anonymous namespace)::wrapper_CUDA_gelu(at::Tensor const&, std::basic_string_view<char, std::char_traits<char> >) [0x389d25e] in libtorch_cuda.so
=========         Host Frame: c10::impl::wrap_kernel_functor_unboxed_<c10::impl::detail::WrapFunctionIntoFunctor_<c10::CompileTimeFunctionPointer<at::Tensor (at::Tensor const&, std::basic_string_view<char, std::char_traits<char> >), &at::(anonymous namespace)::wrapper_CUDA_gelu>, at::Tensor, c10::guts::typelist::typelist<at::Tensor const&, std::basic_string_view<char, std::char_traits<char> > > >, at::Tensor (at::Tensor const&, std::basic_string_view<char, std::char_traits<char> >)>::call(c10::OperatorKernel*, c10::DispatchKeySet, at::Tensor const&, std::basic_string_view<char, std::char_traits<char> >) [0x389d301] in libtorch_cuda.so
=========         Host Frame: at::_ops::gelu::redispatch(c10::DispatchKeySet, at::Tensor const&, std::basic_string_view<char, std::char_traits<char> >) [0x28d4193] in libtorch_cpu.so
=========         Host Frame: torch::autograd::VariableType::(anonymous namespace)::gelu(c10::DispatchKeySet, at::Tensor const&, std::basic_string_view<char, std::char_traits<char> >) [0x533cd3b] in libtorch_cpu.so
=========         Host Frame: c10::impl::wrap_kernel_functor_unboxed_<c10::impl::detail::WrapFunctionIntoFunctor_<c10::CompileTimeFunctionPointer<at::Tensor (c10::DispatchKeySet, at::Tensor const&, std::basic_string_view<char, std::char_traits<char> >), &torch::autograd::VariableType::(anonymous namespace)::gelu>, at::Tensor, c10::guts::typelist::typelist<c10::DispatchKeySet, at::Tensor const&, std::basic_string_view<char, std::char_traits<char> > > >, at::Tensor (c10::DispatchKeySet, at::Tensor const&, std::basic_string_view<char, std::char_traits<char> >)>::call(c10::OperatorKernel*, c10::DispatchKeySet, at::Tensor const&, std::basic_string_view<char, std::char_traits<char> >) [0x533d404] in libtorch_cpu.so
=========         Host Frame: at::_ops::gelu::call(at::Tensor const&, std::basic_string_view<char, std::char_traits<char> >) [0x298862f] in libtorch_cpu.so
=========         Host Frame: check_tail_aten(TailReferenceView const&) [0x3d236] in tail
=========         Host Frame: check_tail(int, int, int, int, bool) [0x1e88e] in tail
=========         Host Frame: main [0x16f42] in tail
========= 
========= Uninitialized __global__ memory read of size 16 bytes
=========     at void at::native::vectorized_elementwise_kernel<(int)8, at::native::GeluCUDAKernelImpl(at::TensorIteratorBase &, at::native::GeluType)::[lambda() (instance 2)]::operator ()() const::[lambda() (instance 4)]::operator ()() const::[lambda(c10::BFloat16) (instance 1)], std::array<char *, (unsigned long)2>>(int, T2, T3)+0xc0
=========     by thread (22,0,0) in block (0,0,0)
=========     Address 0x2b20dbc00160
=========     Saved host backtrace up to driver entry point at kernel launch time
=========         Host Frame: cuLaunchKernel [0x39d6c4] in libcuda.so.1
=========         Host Frame:  [0x13e88] in libcudart.so.12
=========         Host Frame: cudaLaunchKernel [0x79f87] in libcudart.so.12
=========         Host Frame: void at::native::gpu_kernel_impl<__nv_hdl_wrapper_t<false, true, false, __nv_dl_tag<void (*)(at::TensorIteratorBase&, at::native::GeluType), &at::native::GeluCUDAKernelImpl, 8u>, c10::BFloat16 (c10::BFloat16)> >(at::TensorIteratorBase&, __nv_hdl_wrapper_t<false, true, false, __nv_dl_tag<void (*)(at::TensorIteratorBase&, at::native::GeluType), &at::native::GeluCUDAKernelImpl, 8u>, c10::BFloat16 (c10::BFloat16)> const&) [clone .isra.0] [0x149a222] in libtorch_cuda.so
=========         Host Frame: at::(anonymous namespace)::wrapper_CUDA_gelu(at::Tensor const&, std::basic_string_view<char, std::char_traits<char> >) [0x389d25e] in libtorch_cuda.so
=========         Host Frame: c10::impl::wrap_kernel_functor_unboxed_<c10::impl::detail::WrapFunctionIntoFunctor_<c10::CompileTimeFunctionPointer<at::Tensor (at::Tensor const&, std::basic_string_view<char, std::char_traits<char> >), &at::(anonymous namespace)::wrapper_CUDA_gelu>, at::Tensor, c10::guts::typelist::typelist<at::Tensor const&, std::basic_string_view<char, std::char_traits<char> > > >, at::Tensor (at::Tensor const&, std::basic_string_view<char, std::char_traits<char> >)>::call(c10::OperatorKernel*, c10::DispatchKeySet, at::Tensor const&, std::basic_string_view<char, std::char_traits<char> >) [0x389d301] in libtorch_cuda.so
=========         Host Frame: at::_ops::gelu::redispatch(c10::DispatchKeySet, at::Tensor const&, std::basic_string_view<char, std::char_traits<char> >) [0x28d4193] in libtorch_cpu.so
=========         Host Frame: torch::autograd::VariableType::(anonymous namespace)::gelu(c10::DispatchKeySet, at::Tensor const&, std::basic_string_view<char, std::char_traits<char> >) [0x533cd3b] in libtorch_cpu.so
=========         Host Frame: c10::impl::wrap_kernel_functor_unboxed_<c10::impl::detail::WrapFunctionIntoFunctor_<c10::CompileTimeFunctionPointer<at::Tensor (c10::DispatchKeySet, at::Tensor const&, std::basic_string_view<char, std::char_traits<char> >), &torch::autograd::VariableType::(anonymous namespace)::gelu>, at::Tensor, c10::guts::typelist::typelist<c10::DispatchKeySet, at::Tensor const&, std::basic_string_view<char, std::char_traits<char> > > >, at::Tensor (c10::DispatchKeySet, at::Tensor const&, std::basic_string_view<char, std::char_traits<char> >)>::call(c10::OperatorKernel*, c10::DispatchKeySet, at::Tensor const&, std::basic_string_view<char, std::char_traits<char> >) [0x533d404] in libtorch_cpu.so
=========         Host Frame: at::_ops::gelu::call(at::Tensor const&, std::basic_string_view<char, std::char_traits<char> >) [0x298862f] in libtorch_cpu.so
=========         Host Frame: check_tail_aten(TailReferenceView const&) [0x3d236] in tail
=========         Host Frame: check_tail(int, int, int, int, bool) [0x1e88e] in tail
=========         Host Frame: main [0x16f42] in tail
========= 
========= Uninitialized __global__ memory read of size 16 bytes
=========     at void at::native::vectorized_elementwise_kernel<(int)8, at::native::GeluCUDAKernelImpl(at::TensorIteratorBase &, at::native::GeluType)::[lambda() (instance 2)]::operator ()() const::[lambda() (instance 4)]::operator ()() const::[lambda(c10::BFloat16) (instance 1)], std::array<char *, (unsigned long)2>>(int, T2, T3)+0xc0
=========     by thread (23,0,0) in block (0,0,0)
=========     Address 0x2b20dbc00170
=========     Saved host backtrace up to driver entry point at kernel launch time
=========         Host Frame: cuLaunchKernel [0x39d6c4] in libcuda.so.1
=========         Host Frame:  [0x13e88] in libcudart.so.12
=========         Host Frame: cudaLaunchKernel [0x79f87] in libcudart.so.12
=========         Host Frame: void at::native::gpu_kernel_impl<__nv_hdl_wrapper_t<false, true, false, __nv_dl_tag<void (*)(at::TensorIteratorBase&, at::native::GeluType), &at::native::GeluCUDAKernelImpl, 8u>, c10::BFloat16 (c10::BFloat16)> >(at::TensorIteratorBase&, __nv_hdl_wrapper_t<false, true, false, __nv_dl_tag<void (*)(at::TensorIteratorBase&, at::native::GeluType), &at::native::GeluCUDAKernelImpl, 8u>, c10::BFloat16 (c10::BFloat16)> const&) [clone .isra.0] [0x149a222] in libtorch_cuda.so
=========         Host Frame: at::(anonymous namespace)::wrapper_CUDA_gelu(at::Tensor const&, std::basic_string_view<char, std::char_traits<char> >) [0x389d25e] in libtorch_cuda.so
=========         Host Frame: c10::impl::wrap_kernel_functor_unboxed_<c10::impl::detail::WrapFunctionIntoFunctor_<c10::CompileTimeFunctionPointer<at::Tensor (at::Tensor const&, std::basic_string_view<char, std::char_traits<char> >), &at::(anonymous namespace)::wrapper_CUDA_gelu>, at::Tensor, c10::guts::typelist::typelist<at::Tensor const&, std::basic_string_view<char, std::char_traits<char> > > >, at::Tensor (at::Tensor const&, std::basic_string_view<char, std::char_traits<char> >)>::call(c10::OperatorKernel*, c10::DispatchKeySet, at::Tensor const&, std::basic_string_view<char, std::char_traits<char> >) [0x389d301] in libtorch_cuda.so
=========         Host Frame: at::_ops::gelu::redispatch(c10::DispatchKeySet, at::Tensor const&, std::basic_string_view<char, std::char_traits<char> >) [0x28d4193] in libtorch_cpu.so
=========         Host Frame: torch::autograd::VariableType::(anonymous namespace)::gelu(c10::DispatchKeySet, at::Tensor const&, std::basic_string_view<char, std::char_traits<char> >) [0x533cd3b] in libtorch_cpu.so
=========         Host Frame: c10::impl::wrap_kernel_functor_unboxed_<c10::impl::detail::WrapFunctionIntoFunctor_<c10::CompileTimeFunctionPointer<at::Tensor (c10::DispatchKeySet, at::Tensor const&, std::basic_string_view<char, std::char_traits<char> >), &torch::autograd::VariableType::(anonymous namespace)::gelu>, at::Tensor, c10::guts::typelist::typelist<c10::DispatchKeySet, at::Tensor const&, std::basic_string_view<char, std::char_traits<char> > > >, at::Tensor (c10::DispatchKeySet, at::Tensor const&, std::basic_string_view<char, std::char_traits<char> >)>::call(c10::OperatorKernel*, c10::DispatchKeySet, at::Tensor const&, std::basic_string_view<char, std::char_traits<char> >) [0x533d404] in libtorch_cpu.so
=========         Host Frame: at::_ops::gelu::call(at::Tensor const&, std::basic_string_view<char, std::char_traits<char> >) [0x298862f] in libtorch_cpu.so
=========         Host Frame: check_tail_aten(TailReferenceView const&) [0x3d236] in tail
=========         Host Frame: check_tail(int, int, int, int, bool) [0x1e88e] in tail
=========         Host Frame: main [0x16f42] in tail
========= 
========= Uninitialized __global__ memory read of size 16 bytes
=========     at void at::native::vectorized_elementwise_kernel<(int)8, at::native::GeluCUDAKernelImpl(at::TensorIteratorBase &, at::native::GeluType)::[lambda() (instance 2)]::operator ()() const::[lambda() (instance 4)]::operator ()() const::[lambda(c10::BFloat16) (instance 1)], std::array<char *, (unsigned long)2>>(int, T2, T3)+0xc0
=========     by thread (24,0,0) in block (0,0,0)
=========     Address 0x2b20dbc00180
=========     Saved host backtrace up to driver entry point at kernel launch time
=========         Host Frame: cuLaunchKernel [0x39d6c4] in libcuda.so.1
=========         Host Frame:  [0x13e88] in libcudart.so.12
=========         Host Frame: cudaLaunchKernel [0x79f87] in libcudart.so.12
=========         Host Frame: void at::native::gpu_kernel_impl<__nv_hdl_wrapper_t<false, true, false, __nv_dl_tag<void (*)(at::TensorIteratorBase&, at::native::GeluType), &at::native::GeluCUDAKernelImpl, 8u>, c10::BFloat16 (c10::BFloat16)> >(at::TensorIteratorBase&, __nv_hdl_wrapper_t<false, true, false, __nv_dl_tag<void (*)(at::TensorIteratorBase&, at::native::GeluType), &at::native::GeluCUDAKernelImpl, 8u>, c10::BFloat16 (c10::BFloat16)> const&) [clone .isra.0] [0x149a222] in libtorch_cuda.so
=========         Host Frame: at::(anonymous namespace)::wrapper_CUDA_gelu(at::Tensor const&, std::basic_string_view<char, std::char_traits<char> >) [0x389d25e] in libtorch_cuda.so
=========         Host Frame: c10::impl::wrap_kernel_functor_unboxed_<c10::impl::detail::WrapFunctionIntoFunctor_<c10::CompileTimeFunctionPointer<at::Tensor (at::Tensor const&, std::basic_string_view<char, std::char_traits<char> >), &at::(anonymous namespace)::wrapper_CUDA_gelu>, at::Tensor, c10::guts::typelist::typelist<at::Tensor const&, std::basic_string_view<char, std::char_traits<char> > > >, at::Tensor (at::Tensor const&, std::basic_string_view<char, std::char_traits<char> >)>::call(c10::OperatorKernel*, c10::DispatchKeySet, at::Tensor const&, std::basic_string_view<char, std::char_traits<char> >) [0x389d301] in libtorch_cuda.so
=========         Host Frame: at::_ops::gelu::redispatch(c10::DispatchKeySet, at::Tensor const&, std::basic_string_view<char, std::char_traits<char> >) [0x28d4193] in libtorch_cpu.so
=========         Host Frame: torch::autograd::VariableType::(anonymous namespace)::gelu(c10::DispatchKeySet, at::Tensor const&, std::basic_string_view<char, std::char_traits<char> >) [0x533cd3b] in libtorch_cpu.so
=========         Host Frame: c10::impl::wrap_kernel_functor_unboxed_<c10::impl::detail::WrapFunctionIntoFunctor_<c10::CompileTimeFunctionPointer<at::Tensor (c10::DispatchKeySet, at::Tensor const&, std::basic_string_view<char, std::char_traits<char> >), &torch::autograd::VariableType::(anonymous namespace)::gelu>, at::Tensor, c10::guts::typelist::typelist<c10::DispatchKeySet, at::Tensor const&, std::basic_string_view<char, std::char_traits<char> > > >, at::Tensor (c10::DispatchKeySet, at::Tensor const&, std::basic_string_view<char, std::char_traits<char> >)>::call(c10::OperatorKernel*, c10::DispatchKeySet, at::Tensor const&, std::basic_string_view<char, std::char_traits<char> >) [0x533d404] in libtorch_cpu.so
=========         Host Frame: at::_ops::gelu::call(at::Tensor const&, std::basic_string_view<char, std::char_traits<char> >) [0x298862f] in libtorch_cpu.so
=========         Host Frame: check_tail_aten(TailReferenceView const&) [0x3d236] in tail
=========         Host Frame: check_tail(int, int, int, int, bool) [0x1e88e] in tail
=========         Host Frame: main [0x16f42] in tail
========= 
========= Uninitialized __global__ memory read of size 16 bytes
=========     at void at::native::vectorized_elementwise_kernel<(int)8, at::native::GeluCUDAKernelImpl(at::TensorIteratorBase &, at::native::GeluType)::[lambda() (instance 2)]::operator ()() const::[lambda() (instance 4)]::operator ()() const::[lambda(c10::BFloat16) (instance 1)], std::array<char *, (unsigned long)2>>(int, T2, T3)+0xc0
=========     by thread (25,0,0) in block (0,0,0)
=========     Address 0x2b20dbc00190
=========     Saved host backtrace up to driver entry point at kernel launch time
=========         Host Frame: cuLaunchKernel [0x39d6c4] in libcuda.so.1
=========         Host Frame:  [0x13e88] in libcudart.so.12
=========         Host Frame: cudaLaunchKernel [0x79f87] in libcudart.so.12
=========         Host Frame: void at::native::gpu_kernel_impl<__nv_hdl_wrapper_t<false, true, false, __nv_dl_tag<void (*)(at::TensorIteratorBase&, at::native::GeluType), &at::native::GeluCUDAKernelImpl, 8u>, c10::BFloat16 (c10::BFloat16)> >(at::TensorIteratorBase&, __nv_hdl_wrapper_t<false, true, false, __nv_dl_tag<void (*)(at::TensorIteratorBase&, at::native::GeluType), &at::native::GeluCUDAKernelImpl, 8u>, c10::BFloat16 (c10::BFloat16)> const&) [clone .isra.0] [0x149a222] in libtorch_cuda.so
=========         Host Frame: at::(anonymous namespace)::wrapper_CUDA_gelu(at::Tensor const&, std::basic_string_view<char, std::char_traits<char> >) [0x389d25e] in libtorch_cuda.so
=========         Host Frame: c10::impl::wrap_kernel_functor_unboxed_<c10::impl::detail::WrapFunctionIntoFunctor_<c10::CompileTimeFunctionPointer<at::Tensor (at::Tensor const&, std::basic_string_view<char, std::char_traits<char> >), &at::(anonymous namespace)::wrapper_CUDA_gelu>, at::Tensor, c10::guts::typelist::typelist<at::Tensor const&, std::basic_string_view<char, std::char_traits<char> > > >, at::Tensor (at::Tensor const&, std::basic_string_view<char, std::char_traits<char> >)>::call(c10::OperatorKernel*, c10::DispatchKeySet, at::Tensor const&, std::basic_string_view<char, std::char_traits<char> >) [0x389d301] in libtorch_cuda.so
=========         Host Frame: at::_ops::gelu::redispatch(c10::DispatchKeySet, at::Tensor const&, std::basic_string_view<char, std::char_traits<char> >) [0x28d4193] in libtorch_cpu.so
=========         Host Frame: torch::autograd::VariableType::(anonymous namespace)::gelu(c10::DispatchKeySet, at::Tensor const&, std::basic_string_view<char, std::char_traits<char> >) [0x533cd3b] in libtorch_cpu.so
=========         Host Frame: c10::impl::wrap_kernel_functor_unboxed_<c10::impl::detail::WrapFunctionIntoFunctor_<c10::CompileTimeFunctionPointer<at::Tensor (c10::DispatchKeySet, at::Tensor const&, std::basic_string_view<char, std::char_traits<char> >), &torch::autograd::VariableType::(anonymous namespace)::gelu>, at::Tensor, c10::guts::typelist::typelist<c10::DispatchKeySet, at::Tensor const&, std::basic_string_view<char, std::char_traits<char> > > >, at::Tensor (c10::DispatchKeySet, at::Tensor const&, std::basic_string_view<char, std::char_traits<char> >)>::call(c10::OperatorKernel*, c10::DispatchKeySet, at::Tensor const&, std::basic_string_view<char, std::char_traits<char> >) [0x533d404] in libtorch_cpu.so
=========         Host Frame: at::_ops::gelu::call(at::Tensor const&, std::basic_string_view<char, std::char_traits<char> >) [0x298862f] in libtorch_cpu.so
=========         Host Frame: check_tail_aten(TailReferenceView const&) [0x3d236] in tail
=========         Host Frame: check_tail(int, int, int, int, bool) [0x1e88e] in tail
=========         Host Frame: main [0x16f42] in tail
========= 
========= Uninitialized __global__ memory read of size 16 bytes
=========     at void at::native::vectorized_elementwise_kernel<(int)8, at::native::GeluCUDAKernelImpl(at::TensorIteratorBase &, at::native::GeluType)::[lambda() (instance 2)]::operator ()() const::[lambda() (instance 4)]::operator ()() const::[lambda(c10::BFloat16) (instance 1)], std::array<char *, (unsigned long)2>>(int, T2, T3)+0xc0
=========     by thread (26,0,0) in block (0,0,0)
=========     Address 0x2b20dbc001a0
=========     Saved host backtrace up to driver entry point at kernel launch time
=========         Host Frame: cuLaunchKernel [0x39d6c4] in libcuda.so.1
=========         Host Frame:  [0x13e88] in libcudart.so.12
=========         Host Frame: cudaLaunchKernel [0x79f87] in libcudart.so.12
=========         Host Frame: void at::native::gpu_kernel_impl<__nv_hdl_wrapper_t<false, true, false, __nv_dl_tag<void (*)(at::TensorIteratorBase&, at::native::GeluType), &at::native::GeluCUDAKernelImpl, 8u>, c10::BFloat16 (c10::BFloat16)> >(at::TensorIteratorBase&, __nv_hdl_wrapper_t<false, true, false, __nv_dl_tag<void (*)(at::TensorIteratorBase&, at::native::GeluType), &at::native::GeluCUDAKernelImpl, 8u>, c10::BFloat16 (c10::BFloat16)> const&) [clone .isra.0] [0x149a222] in libtorch_cuda.so
=========         Host Frame: at::(anonymous namespace)::wrapper_CUDA_gelu(at::Tensor const&, std::basic_string_view<char, std::char_traits<char> >) [0x389d25e] in libtorch_cuda.so
=========         Host Frame: c10::impl::wrap_kernel_functor_unboxed_<c10::impl::detail::WrapFunctionIntoFunctor_<c10::CompileTimeFunctionPointer<at::Tensor (at::Tensor const&, std::basic_string_view<char, std::char_traits<char> >), &at::(anonymous namespace)::wrapper_CUDA_gelu>, at::Tensor, c10::guts::typelist::typelist<at::Tensor const&, std::basic_string_view<char, std::char_traits<char> > > >, at::Tensor (at::Tensor const&, std::basic_string_view<char, std::char_traits<char> >)>::call(c10::OperatorKernel*, c10::DispatchKeySet, at::Tensor const&, std::basic_string_view<char, std::char_traits<char> >) [0x389d301] in libtorch_cuda.so
=========         Host Frame: at::_ops::gelu::redispatch(c10::DispatchKeySet, at::Tensor const&, std::basic_string_view<char, std::char_traits<char> >) [0x28d4193] in libtorch_cpu.so
=========         Host Frame: torch::autograd::VariableType::(anonymous namespace)::gelu(c10::DispatchKeySet, at::Tensor const&, std::basic_string_view<char, std::char_traits<char> >) [0x533cd3b] in libtorch_cpu.so
=========         Host Frame: c10::impl::wrap_kernel_functor_unboxed_<c10::impl::detail::WrapFunctionIntoFunctor_<c10::CompileTimeFunctionPointer<at::Tensor (c10::DispatchKeySet, at::Tensor const&, std::basic_string_view<char, std::char_traits<char> >), &torch::autograd::VariableType::(anonymous namespace)::gelu>, at::Tensor, c10::guts::typelist::typelist<c10::DispatchKeySet, at::Tensor const&, std::basic_string_view<char, std::char_traits<char> > > >, at::Tensor (c10::DispatchKeySet, at::Tensor const&, std::basic_string_view<char, std::char_traits<char> >)>::call(c10::OperatorKernel*, c10::DispatchKeySet, at::Tensor const&, std::basic_string_view<char, std::char_traits<char> >) [0x533d404] in libtorch_cpu.so
=========         Host Frame: at::_ops::gelu::call(at::Tensor const&, std::basic_string_view<char, std::char_traits<char> >) [0x298862f] in libtorch_cpu.so
=========         Host Frame: check_tail_aten(TailReferenceView const&) [0x3d236] in tail
=========         Host Frame: check_tail(int, int, int, int, bool) [0x1e88e] in tail
=========         Host Frame: main [0x16f42] in tail
========= 
========= Uninitialized __global__ memory read of size 16 bytes
=========     at void at::native::vectorized_elementwise_kernel<(int)8, at::native::GeluCUDAKernelImpl(at::TensorIteratorBase &, at::native::GeluType)::[lambda() (instance 2)]::operator ()() const::[lambda() (instance 4)]::operator ()() const::[lambda(c10::BFloat16) (instance 1)], std::array<char *, (unsigned long)2>>(int, T2, T3)+0xc0
=========     by thread (27,0,0) in block (0,0,0)
=========     Address 0x2b20dbc001b0
=========     Saved host backtrace up to driver entry point at kernel launch time
=========         Host Frame: cuLaunchKernel [0x39d6c4] in libcuda.so.1
=========         Host Frame:  [0x13e88] in libcudart.so.12
=========         Host Frame: cudaLaunchKernel [0x79f87] in libcudart.so.12
=========         Host Frame: void at::native::gpu_kernel_impl<__nv_hdl_wrapper_t<false, true, false, __nv_dl_tag<void (*)(at::TensorIteratorBase&, at::native::GeluType), &at::native::GeluCUDAKernelImpl, 8u>, c10::BFloat16 (c10::BFloat16)> >(at::TensorIteratorBase&, __nv_hdl_wrapper_t<false, true, false, __nv_dl_tag<void (*)(at::TensorIteratorBase&, at::native::GeluType), &at::native::GeluCUDAKernelImpl, 8u>, c10::BFloat16 (c10::BFloat16)> const&) [clone .isra.0] [0x149a222] in libtorch_cuda.so
=========         Host Frame: at::(anonymous namespace)::wrapper_CUDA_gelu(at::Tensor const&, std::basic_string_view<char, std::char_traits<char> >) [0x389d25e] in libtorch_cuda.so
=========         Host Frame: c10::impl::wrap_kernel_functor_unboxed_<c10::impl::detail::WrapFunctionIntoFunctor_<c10::CompileTimeFunctionPointer<at::Tensor (at::Tensor const&, std::basic_string_view<char, std::char_traits<char> >), &at::(anonymous namespace)::wrapper_CUDA_gelu>, at::Tensor, c10::guts::typelist::typelist<at::Tensor const&, std::basic_string_view<char, std::char_traits<char> > > >, at::Tensor (at::Tensor const&, std::basic_string_view<char, std::char_traits<char> >)>::call(c10::OperatorKernel*, c10::DispatchKeySet, at::Tensor const&, std::basic_string_view<char, std::char_traits<char> >) [0x389d301] in libtorch_cuda.so
=========         Host Frame: at::_ops::gelu::redispatch(c10::DispatchKeySet, at::Tensor const&, std::basic_string_view<char, std::char_traits<char> >) [0x28d4193] in libtorch_cpu.so
=========         Host Frame: torch::autograd::VariableType::(anonymous namespace)::gelu(c10::DispatchKeySet, at::Tensor const&, std::basic_string_view<char, std::char_traits<char> >) [0x533cd3b] in libtorch_cpu.so
=========         Host Frame: c10::impl::wrap_kernel_functor_unboxed_<c10::impl::detail::WrapFunctionIntoFunctor_<c10::CompileTimeFunctionPointer<at::Tensor (c10::DispatchKeySet, at::Tensor const&, std::basic_string_view<char, std::char_traits<char> >), &torch::autograd::VariableType::(anonymous namespace)::gelu>, at::Tensor, c10::guts::typelist::typelist<c10::DispatchKeySet, at::Tensor const&, std::basic_string_view<char, std::char_traits<char> > > >, at::Tensor (c10::DispatchKeySet, at::Tensor const&, std::basic_string_view<char, std::char_traits<char> >)>::call(c10::OperatorKernel*, c10::DispatchKeySet, at::Tensor const&, std::basic_string_view<char, std::char_traits<char> >) [0x533d404] in libtorch_cpu.so
=========         Host Frame: at::_ops::gelu::call(at::Tensor const&, std::basic_string_view<char, std::char_traits<char> >) [0x298862f] in libtorch_cpu.so
=========         Host Frame: check_tail_aten(TailReferenceView const&) [0x3d236] in tail
=========         Host Frame: check_tail(int, int, int, int, bool) [0x1e88e] in tail
=========         Host Frame: main [0x16f42] in tail
========= 
========= Uninitialized __global__ memory read of size 16 bytes
=========     at void at::native::vectorized_elementwise_kernel<(int)8, at::native::GeluCUDAKernelImpl(at::TensorIteratorBase &, at::native::GeluType)::[lambda() (instance 2)]::operator ()() const::[lambda() (instance 4)]::operator ()() const::[lambda(c10::BFloat16) (instance 1)], std::array<char *, (unsigned long)2>>(int, T2, T3)+0xc0
=========     by thread (28,0,0) in block (0,0,0)
=========     Address 0x2b20dbc001c0
=========     Saved host backtrace up to driver entry point at kernel launch time
=========         Host Frame: cuLaunchKernel [0x39d6c4] in libcuda.so.1
=========         Host Frame:  [0x13e88] in libcudart.so.12
=========         Host Frame: cudaLaunchKernel [0x79f87] in libcudart.so.12
=========         Host Frame: void at::native::gpu_kernel_impl<__nv_hdl_wrapper_t<false, true, false, __nv_dl_tag<void (*)(at::TensorIteratorBase&, at::native::GeluType), &at::native::GeluCUDAKernelImpl, 8u>, c10::BFloat16 (c10::BFloat16)> >(at::TensorIteratorBase&, __nv_hdl_wrapper_t<false, true, false, __nv_dl_tag<void (*)(at::TensorIteratorBase&, at::native::GeluType), &at::native::GeluCUDAKernelImpl, 8u>, c10::BFloat16 (c10::BFloat16)> const&) [clone .isra.0] [0x149a222] in libtorch_cuda.so
=========         Host Frame: at::(anonymous namespace)::wrapper_CUDA_gelu(at::Tensor const&, std::basic_string_view<char, std::char_traits<char> >) [0x389d25e] in libtorch_cuda.so
=========         Host Frame: c10::impl::wrap_kernel_functor_unboxed_<c10::impl::detail::WrapFunctionIntoFunctor_<c10::CompileTimeFunctionPointer<at::Tensor (at::Tensor const&, std::basic_string_view<char, std::char_traits<char> >), &at::(anonymous namespace)::wrapper_CUDA_gelu>, at::Tensor, c10::guts::typelist::typelist<at::Tensor const&, std::basic_string_view<char, std::char_traits<char> > > >, at::Tensor (at::Tensor const&, std::basic_string_view<char, std::char_traits<char> >)>::call(c10::OperatorKernel*, c10::DispatchKeySet, at::Tensor const&, std::basic_string_view<char, std::char_traits<char> >) [0x389d301] in libtorch_cuda.so
=========         Host Frame: at::_ops::gelu::redispatch(c10::DispatchKeySet, at::Tensor const&, std::basic_string_view<char, std::char_traits<char> >) [0x28d4193] in libtorch_cpu.so
=========         Host Frame: torch::autograd::VariableType::(anonymous namespace)::gelu(c10::DispatchKeySet, at::Tensor const&, std::basic_string_view<char, std::char_traits<char> >) [0x533cd3b] in libtorch_cpu.so
=========         Host Frame: c10::impl::wrap_kernel_functor_unboxed_<c10::impl::detail::WrapFunctionIntoFunctor_<c10::CompileTimeFunctionPointer<at::Tensor (c10::DispatchKeySet, at::Tensor const&, std::basic_string_view<char, std::char_traits<char> >), &torch::autograd::VariableType::(anonymous namespace)::gelu>, at::Tensor, c10::guts::typelist::typelist<c10::DispatchKeySet, at::Tensor const&, std::basic_string_view<char, std::char_traits<char> > > >, at::Tensor (c10::DispatchKeySet, at::Tensor const&, std::basic_string_view<char, std::char_traits<char> >)>::call(c10::OperatorKernel*, c10::DispatchKeySet, at::Tensor const&, std::basic_string_view<char, std::char_traits<char> >) [0x533d404] in libtorch_cpu.so
=========         Host Frame: at::_ops::gelu::call(at::Tensor const&, std::basic_string_view<char, std::char_traits<char> >) [0x298862f] in libtorch_cpu.so
=========         Host Frame: check_tail_aten(TailReferenceView const&) [0x3d236] in tail
=========         Host Frame: check_tail(int, int, int, int, bool) [0x1e88e] in tail
=========         Host Frame: main [0x16f42] in tail
========= 
========= Uninitialized __global__ memory read of size 16 bytes
=========     at void at::native::vectorized_elementwise_kernel<(int)8, at::native::GeluCUDAKernelImpl(at::TensorIteratorBase &, at::native::GeluType)::[lambda() (instance 2)]::operator ()() const::[lambda() (instance 4)]::operator ()() const::[lambda(c10::BFloat16) (instance 1)], std::array<char *, (unsigned long)2>>(int, T2, T3)+0xc0
=========     by thread (29,0,0) in block (0,0,0)
=========     Address 0x2b20dbc001d0
=========     Saved host backtrace up to driver entry point at kernel launch time
=========         Host Frame: cuLaunchKernel [0x39d6c4] in libcuda.so.1
=========         Host Frame:  [0x13e88] in libcudart.so.12
=========         Host Frame: cudaLaunchKernel [0x79f87] in libcudart.so.12
=========         Host Frame: void at::native::gpu_kernel_impl<__nv_hdl_wrapper_t<false, true, false, __nv_dl_tag<void (*)(at::TensorIteratorBase&, at::native::GeluType), &at::native::GeluCUDAKernelImpl, 8u>, c10::BFloat16 (c10::BFloat16)> >(at::TensorIteratorBase&, __nv_hdl_wrapper_t<false, true, false, __nv_dl_tag<void (*)(at::TensorIteratorBase&, at::native::GeluType), &at::native::GeluCUDAKernelImpl, 8u>, c10::BFloat16 (c10::BFloat16)> const&) [clone .isra.0] [0x149a222] in libtorch_cuda.so
=========         Host Frame: at::(anonymous namespace)::wrapper_CUDA_gelu(at::Tensor const&, std::basic_string_view<char, std::char_traits<char> >) [0x389d25e] in libtorch_cuda.so
=========         Host Frame: c10::impl::wrap_kernel_functor_unboxed_<c10::impl::detail::WrapFunctionIntoFunctor_<c10::CompileTimeFunctionPointer<at::Tensor (at::Tensor const&, std::basic_string_view<char, std::char_traits<char> >), &at::(anonymous namespace)::wrapper_CUDA_gelu>, at::Tensor, c10::guts::typelist::typelist<at::Tensor const&, std::basic_string_view<char, std::char_traits<char> > > >, at::Tensor (at::Tensor const&, std::basic_string_view<char, std::char_traits<char> >)>::call(c10::OperatorKernel*, c10::DispatchKeySet, at::Tensor const&, std::basic_string_view<char, std::char_traits<char> >) [0x389d301] in libtorch_cuda.so
=========         Host Frame: at::_ops::gelu::redispatch(c10::DispatchKeySet, at::Tensor const&, std::basic_string_view<char, std::char_traits<char> >) [0x28d4193] in libtorch_cpu.so
=========         Host Frame: torch::autograd::VariableType::(anonymous namespace)::gelu(c10::DispatchKeySet, at::Tensor const&, std::basic_string_view<char, std::char_traits<char> >) [0x533cd3b] in libtorch_cpu.so
=========         Host Frame: c10::impl::wrap_kernel_functor_unboxed_<c10::impl::detail::WrapFunctionIntoFunctor_<c10::CompileTimeFunctionPointer<at::Tensor (c10::DispatchKeySet, at::Tensor const&, std::basic_string_view<char, std::char_traits<char> >), &torch::autograd::VariableType::(anonymous namespace)::gelu>, at::Tensor, c10::guts::typelist::typelist<c10::DispatchKeySet, at::Tensor const&, std::basic_string_view<char, std::char_traits<char> > > >, at::Tensor (c10::DispatchKeySet, at::Tensor const&, std::basic_string_view<char, std::char_traits<char> >)>::call(c10::OperatorKernel*, c10::DispatchKeySet, at::Tensor const&, std::basic_string_view<char, std::char_traits<char> >) [0x533d404] in libtorch_cpu.so
=========         Host Frame: at::_ops::gelu::call(at::Tensor const&, std::basic_string_view<char, std::char_traits<char> >) [0x298862f] in libtorch_cpu.so
=========         Host Frame: check_tail_aten(TailReferenceView const&) [0x3d236] in tail
=========         Host Frame: check_tail(int, int, int, int, bool) [0x1e88e] in tail
=========         Host Frame: main [0x16f42] in tail
========= 
========= Uninitialized __global__ memory read of size 16 bytes
=========     at void at::native::vectorized_elementwise_kernel<(int)8, at::native::GeluCUDAKernelImpl(at::TensorIteratorBase &, at::native::GeluType)::[lambda() (instance 2)]::operator ()() const::[lambda() (instance 4)]::operator ()() const::[lambda(c10::BFloat16) (instance 1)], std::array<char *, (unsigned long)2>>(int, T2, T3)+0xc0
=========     by thread (30,0,0) in block (0,0,0)
=========     Address 0x2b20dbc001e0
=========     Saved host backtrace up to driver entry point at kernel launch time
=========         Host Frame: cuLaunchKernel [0x39d6c4] in libcuda.so.1
=========         Host Frame:  [0x13e88] in libcudart.so.12
=========         Host Frame: cudaLaunchKernel [0x79f87] in libcudart.so.12
=========         Host Frame: void at::native::gpu_kernel_impl<__nv_hdl_wrapper_t<false, true, false, __nv_dl_tag<void (*)(at::TensorIteratorBase&, at::native::GeluType), &at::native::GeluCUDAKernelImpl, 8u>, c10::BFloat16 (c10::BFloat16)> >(at::TensorIteratorBase&, __nv_hdl_wrapper_t<false, true, false, __nv_dl_tag<void (*)(at::TensorIteratorBase&, at::native::GeluType), &at::native::GeluCUDAKernelImpl, 8u>, c10::BFloat16 (c10::BFloat16)> const&) [clone .isra.0] [0x149a222] in libtorch_cuda.so
=========         Host Frame: at::(anonymous namespace)::wrapper_CUDA_gelu(at::Tensor const&, std::basic_string_view<char, std::char_traits<char> >) [0x389d25e] in libtorch_cuda.so
=========         Host Frame: c10::impl::wrap_kernel_functor_unboxed_<c10::impl::detail::WrapFunctionIntoFunctor_<c10::CompileTimeFunctionPointer<at::Tensor (at::Tensor const&, std::basic_string_view<char, std::char_traits<char> >), &at::(anonymous namespace)::wrapper_CUDA_gelu>, at::Tensor, c10::guts::typelist::typelist<at::Tensor const&, std::basic_string_view<char, std::char_traits<char> > > >, at::Tensor (at::Tensor const&, std::basic_string_view<char, std::char_traits<char> >)>::call(c10::OperatorKernel*, c10::DispatchKeySet, at::Tensor const&, std::basic_string_view<char, std::char_traits<char> >) [0x389d301] in libtorch_cuda.so
=========         Host Frame: at::_ops::gelu::redispatch(c10::DispatchKeySet, at::Tensor const&, std::basic_string_view<char, std::char_traits<char> >) [0x28d4193] in libtorch_cpu.so
=========         Host Frame: torch::autograd::VariableType::(anonymous namespace)::gelu(c10::DispatchKeySet, at::Tensor const&, std::basic_string_view<char, std::char_traits<char> >) [0x533cd3b] in libtorch_cpu.so
=========         Host Frame: c10::impl::wrap_kernel_functor_unboxed_<c10::impl::detail::WrapFunctionIntoFunctor_<c10::CompileTimeFunctionPointer<at::Tensor (c10::DispatchKeySet, at::Tensor const&, std::basic_string_view<char, std::char_traits<char> >), &torch::autograd::VariableType::(anonymous namespace)::gelu>, at::Tensor, c10::guts::typelist::typelist<c10::DispatchKeySet, at::Tensor const&, std::basic_string_view<char, std::char_traits<char> > > >, at::Tensor (c10::DispatchKeySet, at::Tensor const&, std::basic_string_view<char, std::char_traits<char> >)>::call(c10::OperatorKernel*, c10::DispatchKeySet, at::Tensor const&, std::basic_string_view<char, std::char_traits<char> >) [0x533d404] in libtorch_cpu.so
=========         Host Frame: at::_ops::gelu::call(at::Tensor const&, std::basic_string_view<char, std::char_traits<char> >) [0x298862f] in libtorch_cpu.so
=========         Host Frame: check_tail_aten(TailReferenceView const&) [0x3d236] in tail
=========         Host Frame: check_tail(int, int, int, int, bool) [0x1e88e] in tail
=========         Host Frame: main [0x16f42] in tail
========= 
========= Uninitialized __global__ memory read of size 16 bytes
=========     at void at::native::vectorized_elementwise_kernel<(int)8, at::native::GeluCUDAKernelImpl(at::TensorIteratorBase &, at::native::GeluType)::[lambda() (instance 2)]::operator ()() const::[lambda() (instance 4)]::operator ()() const::[lambda(c10::BFloat16) (instance 1)], std::array<char *, (unsigned long)2>>(int, T2, T3)+0xc0
=========     by thread (31,0,0) in block (0,0,0)
=========     Address 0x2b20dbc001f0
=========     Saved host backtrace up to driver entry point at kernel launch time
=========         Host Frame: cuLaunchKernel [0x39d6c4] in libcuda.so.1
=========         Host Frame:  [0x13e88] in libcudart.so.12
=========         Host Frame: cudaLaunchKernel [0x79f87] in libcudart.so.12
=========         Host Frame: void at::native::gpu_kernel_impl<__nv_hdl_wrapper_t<false, true, false, __nv_dl_tag<void (*)(at::TensorIteratorBase&, at::native::GeluType), &at::native::GeluCUDAKernelImpl, 8u>, c10::BFloat16 (c10::BFloat16)> >(at::TensorIteratorBase&, __nv_hdl_wrapper_t<false, true, false, __nv_dl_tag<void (*)(at::TensorIteratorBase&, at::native::GeluType), &at::native::GeluCUDAKernelImpl, 8u>, c10::BFloat16 (c10::BFloat16)> const&) [clone .isra.0] [0x149a222] in libtorch_cuda.so
=========         Host Frame: at::(anonymous namespace)::wrapper_CUDA_gelu(at::Tensor const&, std::basic_string_view<char, std::char_traits<char> >) [0x389d25e] in libtorch_cuda.so
=========         Host Frame: c10::impl::wrap_kernel_functor_unboxed_<c10::impl::detail::WrapFunctionIntoFunctor_<c10::CompileTimeFunctionPointer<at::Tensor (at::Tensor const&, std::basic_string_view<char, std::char_traits<char> >), &at::(anonymous namespace)::wrapper_CUDA_gelu>, at::Tensor, c10::guts::typelist::typelist<at::Tensor const&, std::basic_string_view<char, std::char_traits<char> > > >, at::Tensor (at::Tensor const&, std::basic_string_view<char, std::char_traits<char> >)>::call(c10::OperatorKernel*, c10::DispatchKeySet, at::Tensor const&, std::basic_string_view<char, std::char_traits<char> >) [0x389d301] in libtorch_cuda.so
=========         Host Frame: at::_ops::gelu::redispatch(c10::DispatchKeySet, at::Tensor const&, std::basic_string_view<char, std::char_traits<char> >) [0x28d4193] in libtorch_cpu.so
=========         Host Frame: torch::autograd::VariableType::(anonymous namespace)::gelu(c10::DispatchKeySet, at::Tensor const&, std::basic_string_view<char, std::char_traits<char> >) [0x533cd3b] in libtorch_cpu.so
=========         Host Frame: c10::impl::wrap_kernel_functor_unboxed_<c10::impl::detail::WrapFunctionIntoFunctor_<c10::CompileTimeFunctionPointer<at::Tensor (c10::DispatchKeySet, at::Tensor const&, std::basic_string_view<char, std::char_traits<char> >), &torch::autograd::VariableType::(anonymous namespace)::gelu>, at::Tensor, c10::guts::typelist::typelist<c10::DispatchKeySet, at::Tensor const&, std::basic_string_view<char, std::char_traits<char> > > >, at::Tensor (c10::DispatchKeySet, at::Tensor const&, std::basic_string_view<char, std::char_traits<char> >)>::call(c10::OperatorKernel*, c10::DispatchKeySet, at::Tensor const&, std::basic_string_view<char, std::char_traits<char> >) [0x533d404] in libtorch_cpu.so
=========         Host Frame: at::_ops::gelu::call(at::Tensor const&, std::basic_string_view<char, std::char_traits<char> >) [0x298862f] in libtorch_cpu.so
=========         Host Frame: check_tail_aten(TailReferenceView const&) [0x3d236] in tail
=========         Host Frame: check_tail(int, int, int, int, bool) [0x1e88e] in tail
=========         Host Frame: main [0x16f42] in tail
========= 
========= Uninitialized __global__ memory read of size 16 bytes
=========     at void at::native::vectorized_elementwise_kernel<(int)8, at::native::GeluCUDAKernelImpl(at::TensorIteratorBase &, at::native::GeluType)::[lambda() (instance 2)]::operator ()() const::[lambda() (instance 4)]::operator ()() const::[lambda(c10::BFloat16) (instance 1)], std::array<char *, (unsigned long)2>>(int, T2, T3)+0xc0
=========     by thread (32,0,0) in block (0,0,0)
=========     Address 0x2b20dbc00200
=========     Saved host backtrace up to driver entry point at kernel launch time
=========         Host Frame: cuLaunchKernel [0x39d6c4] in libcuda.so.1
=========         Host Frame:  [0x13e88] in libcudart.so.12
=========         Host Frame: cudaLaunchKernel [0x79f87] in libcudart.so.12
=========         Host Frame: void at::native::gpu_kernel_impl<__nv_hdl_wrapper_t<false, true, false, __nv_dl_tag<void (*)(at::TensorIteratorBase&, at::native::GeluType), &at::native::GeluCUDAKernelImpl, 8u>, c10::BFloat16 (c10::BFloat16)> >(at::TensorIteratorBase&, __nv_hdl_wrapper_t<false, true, false, __nv_dl_tag<void (*)(at::TensorIteratorBase&, at::native::GeluType), &at::native::GeluCUDAKernelImpl, 8u>, c10::BFloat16 (c10::BFloat16)> const&) [clone .isra.0] [0x149a222] in libtorch_cuda.so
=========         Host Frame: at::(anonymous namespace)::wrapper_CUDA_gelu(at::Tensor const&, std::basic_string_view<char, std::char_traits<char> >) [0x389d25e] in libtorch_cuda.so
=========         Host Frame: c10::impl::wrap_kernel_functor_unboxed_<c10::impl::detail::WrapFunctionIntoFunctor_<c10::CompileTimeFunctionPointer<at::Tensor (at::Tensor const&, std::basic_string_view<char, std::char_traits<char> >), &at::(anonymous namespace)::wrapper_CUDA_gelu>, at::Tensor, c10::guts::typelist::typelist<at::Tensor const&, std::basic_string_view<char, std::char_traits<char> > > >, at::Tensor (at::Tensor const&, std::basic_string_view<char, std::char_traits<char> >)>::call(c10::OperatorKernel*, c10::DispatchKeySet, at::Tensor const&, std::basic_string_view<char, std::char_traits<char> >) [0x389d301] in libtorch_cuda.so
=========         Host Frame: at::_ops::gelu::redispatch(c10::DispatchKeySet, at::Tensor const&, std::basic_string_view<char, std::char_traits<char> >) [0x28d4193] in libtorch_cpu.so
=========         Host Frame: torch::autograd::VariableType::(anonymous namespace)::gelu(c10::DispatchKeySet, at::Tensor const&, std::basic_string_view<char, std::char_traits<char> >) [0x533cd3b] in libtorch_cpu.so
=========         Host Frame: c10::impl::wrap_kernel_functor_unboxed_<c10::impl::detail::WrapFunctionIntoFunctor_<c10::CompileTimeFunctionPointer<at::Tensor (c10::DispatchKeySet, at::Tensor const&, std::basic_string_view<char, std::char_traits<char> >), &torch::autograd::VariableType::(anonymous namespace)::gelu>, at::Tensor, c10::guts::typelist::typelist<c10::DispatchKeySet, at::Tensor const&, std::basic_string_view<char, std::char_traits<char> > > >, at::Tensor (c10::DispatchKeySet, at::Tensor const&, std::basic_string_view<char, std::char_traits<char> >)>::call(c10::OperatorKernel*, c10::DispatchKeySet, at::Tensor const&, std::basic_string_view<char, std::char_traits<char> >) [0x533d404] in libtorch_cpu.so
=========         Host Frame: at::_ops::gelu::call(at::Tensor const&, std::basic_string_view<char, std::char_traits<char> >) [0x298862f] in libtorch_cpu.so
=========         Host Frame: check_tail_aten(TailReferenceView const&) [0x3d236] in tail
=========         Host Frame: check_tail(int, int, int, int, bool) [0x1e88e] in tail
=========         Host Frame: main [0x16f42] in tail
========= 
========= Uninitialized __global__ memory read of size 16 bytes
=========     at void at::native::vectorized_elementwise_kernel<(int)8, at::native::GeluCUDAKernelImpl(at::TensorIteratorBase &, at::native::GeluType)::[lambda() (instance 2)]::operator ()() const::[lambda() (instance 4)]::operator ()() const::[lambda(c10::BFloat16) (instance 1)], std::array<char *, (unsigned long)2>>(int, T2, T3)+0xc0
=========     by thread (33,0,0) in block (0,0,0)
=========     Address 0x2b20dbc00210
=========     Saved host backtrace up to driver entry point at kernel launch time
=========         Host Frame: cuLaunchKernel [0x39d6c4] in libcuda.so.1
=========         Host Frame:  [0x13e88] in libcudart.so.12
=========         Host Frame: cudaLaunchKernel [0x79f87] in libcudart.so.12
=========         Host Frame: void at::native::gpu_kernel_impl<__nv_hdl_wrapper_t<false, true, false, __nv_dl_tag<void (*)(at::TensorIteratorBase&, at::native::GeluType), &at::native::GeluCUDAKernelImpl, 8u>, c10::BFloat16 (c10::BFloat16)> >(at::TensorIteratorBase&, __nv_hdl_wrapper_t<false, true, false, __nv_dl_tag<void (*)(at::TensorIteratorBase&, at::native::GeluType), &at::native::GeluCUDAKernelImpl, 8u>, c10::BFloat16 (c10::BFloat16)> const&) [clone .isra.0] [0x149a222] in libtorch_cuda.so
=========         Host Frame: at::(anonymous namespace)::wrapper_CUDA_gelu(at::Tensor const&, std::basic_string_view<char, std::char_traits<char> >) [0x389d25e] in libtorch_cuda.so
=========         Host Frame: c10::impl::wrap_kernel_functor_unboxed_<c10::impl::detail::WrapFunctionIntoFunctor_<c10::CompileTimeFunctionPointer<at::Tensor (at::Tensor const&, std::basic_string_view<char, std::char_traits<char> >), &at::(anonymous namespace)::wrapper_CUDA_gelu>, at::Tensor, c10::guts::typelist::typelist<at::Tensor const&, std::basic_string_view<char, std::char_traits<char> > > >, at::Tensor (at::Tensor const&, std::basic_string_view<char, std::char_traits<char> >)>::call(c10::OperatorKernel*, c10::DispatchKeySet, at::Tensor const&, std::basic_string_view<char, std::char_traits<char> >) [0x389d301] in libtorch_cuda.so
=========         Host Frame: at::_ops::gelu::redispatch(c10::DispatchKeySet, at::Tensor const&, std::basic_string_view<char, std::char_traits<char> >) [0x28d4193] in libtorch_cpu.so
=========         Host Frame: torch::autograd::VariableType::(anonymous namespace)::gelu(c10::DispatchKeySet, at::Tensor const&, std::basic_string_view<char, std::char_traits<char> >) [0x533cd3b] in libtorch_cpu.so
=========         Host Frame: c10::impl::wrap_kernel_functor_unboxed_<c10::impl::detail::WrapFunctionIntoFunctor_<c10::CompileTimeFunctionPointer<at::Tensor (c10::DispatchKeySet, at::Tensor const&, std::basic_string_view<char, std::char_traits<char> >), &torch::autograd::VariableType::(anonymous namespace)::gelu>, at::Tensor, c10::guts::typelist::typelist<c10::DispatchKeySet, at::Tensor const&, std::basic_string_view<char, std::char_traits<char> > > >, at::Tensor (c10::DispatchKeySet, at::Tensor const&, std::basic_string_view<char, std::char_traits<char> >)>::call(c10::OperatorKernel*, c10::DispatchKeySet, at::Tensor const&, std::basic_string_view<char, std::char_traits<char> >) [0x533d404] in libtorch_cpu.so
=========         Host Frame: at::_ops::gelu::call(at::Tensor const&, std::basic_string_view<char, std::char_traits<char> >) [0x298862f] in libtorch_cpu.so
=========         Host Frame: check_tail_aten(TailReferenceView const&) [0x3d236] in tail
=========         Host Frame: check_tail(int, int, int, int, bool) [0x1e88e] in tail
=========         Host Frame: main [0x16f42] in tail
========= 
========= Uninitialized __global__ memory read of size 16 bytes
=========     at void at::native::vectorized_elementwise_kernel<(int)8, at::native::GeluCUDAKernelImpl(at::TensorIteratorBase &, at::native::GeluType)::[lambda() (instance 2)]::operator ()() const::[lambda() (instance 4)]::operator ()() const::[lambda(c10::BFloat16) (instance 1)], std::array<char *, (unsigned long)2>>(int, T2, T3)+0xc0
=========     by thread (34,0,0) in block (0,0,0)
=========     Address 0x2b20dbc00220
=========     Saved host backtrace up to driver entry point at kernel launch time
=========         Host Frame: cuLaunchKernel [0x39d6c4] in libcuda.so.1
=========         Host Frame:  [0x13e88] in libcudart.so.12
=========         Host Frame: cudaLaunchKernel [0x79f87] in libcudart.so.12
=========         Host Frame: void at::native::gpu_kernel_impl<__nv_hdl_wrapper_t<false, true, false, __nv_dl_tag<void (*)(at::TensorIteratorBase&, at::native::GeluType), &at::native::GeluCUDAKernelImpl, 8u>, c10::BFloat16 (c10::BFloat16)> >(at::TensorIteratorBase&, __nv_hdl_wrapper_t<false, true, false, __nv_dl_tag<void (*)(at::TensorIteratorBase&, at::native::GeluType), &at::native::GeluCUDAKernelImpl, 8u>, c10::BFloat16 (c10::BFloat16)> const&) [clone .isra.0] [0x149a222] in libtorch_cuda.so
=========         Host Frame: at::(anonymous namespace)::wrapper_CUDA_gelu(at::Tensor const&, std::basic_string_view<char, std::char_traits<char> >) [0x389d25e] in libtorch_cuda.so
=========         Host Frame: c10::impl::wrap_kernel_functor_unboxed_<c10::impl::detail::WrapFunctionIntoFunctor_<c10::CompileTimeFunctionPointer<at::Tensor (at::Tensor const&, std::basic_string_view<char, std::char_traits<char> >), &at::(anonymous namespace)::wrapper_CUDA_gelu>, at::Tensor, c10::guts::typelist::typelist<at::Tensor const&, std::basic_string_view<char, std::char_traits<char> > > >, at::Tensor (at::Tensor const&, std::basic_string_view<char, std::char_traits<char> >)>::call(c10::OperatorKernel*, c10::DispatchKeySet, at::Tensor const&, std::basic_string_view<char, std::char_traits<char> >) [0x389d301] in libtorch_cuda.so
=========         Host Frame: at::_ops::gelu::redispatch(c10::DispatchKeySet, at::Tensor const&, std::basic_string_view<char, std::char_traits<char> >) [0x28d4193] in libtorch_cpu.so
=========         Host Frame: torch::autograd::VariableType::(anonymous namespace)::gelu(c10::DispatchKeySet, at::Tensor const&, std::basic_string_view<char, std::char_traits<char> >) [0x533cd3b] in libtorch_cpu.so
=========         Host Frame: c10::impl::wrap_kernel_functor_unboxed_<c10::impl::detail::WrapFunctionIntoFunctor_<c10::CompileTimeFunctionPointer<at::Tensor (c10::DispatchKeySet, at::Tensor const&, std::basic_string_view<char, std::char_traits<char> >), &torch::autograd::VariableType::(anonymous namespace)::gelu>, at::Tensor, c10::guts::typelist::typelist<c10::DispatchKeySet, at::Tensor const&, std::basic_string_view<char, std::char_traits<char> > > >, at::Tensor (c10::DispatchKeySet, at::Tensor const&, std::basic_string_view<char, std::char_traits<char> >)>::call(c10::OperatorKernel*, c10::DispatchKeySet, at::Tensor const&, std::basic_string_view<char, std::char_traits<char> >) [0x533d404] in libtorch_cpu.so
=========         Host Frame: at::_ops::gelu::call(at::Tensor const&, std::basic_string_view<char, std::char_traits<char> >) [0x298862f] in libtorch_cpu.so
=========         Host Frame: check_tail_aten(TailReferenceView const&) [0x3d236] in tail
=========         Host Frame: check_tail(int, int, int, int, bool) [0x1e88e] in tail
=========         Host Frame: main [0x16f42] in tail
========= 
========= Uninitialized __global__ memory read of size 16 bytes
=========     at void at::native::vectorized_elementwise_kernel<(int)8, at::native::GeluCUDAKernelImpl(at::TensorIteratorBase &, at::native::GeluType)::[lambda() (instance 2)]::operator ()() const::[lambda() (instance 4)]::operator ()() const::[lambda(c10::BFloat16) (instance 1)], std::array<char *, (unsigned long)2>>(int, T2, T3)+0xc0
=========     by thread (35,0,0) in block (0,0,0)
=========     Address 0x2b20dbc00230
=========     Saved host backtrace up to driver entry point at kernel launch time
=========         Host Frame: cuLaunchKernel [0x39d6c4] in libcuda.so.1
=========         Host Frame:  [0x13e88] in libcudart.so.12
=========         Host Frame: cudaLaunchKernel [0x79f87] in libcudart.so.12
=========         Host Frame: void at::native::gpu_kernel_impl<__nv_hdl_wrapper_t<false, true, false, __nv_dl_tag<void (*)(at::TensorIteratorBase&, at::native::GeluType), &at::native::GeluCUDAKernelImpl, 8u>, c10::BFloat16 (c10::BFloat16)> >(at::TensorIteratorBase&, __nv_hdl_wrapper_t<false, true, false, __nv_dl_tag<void (*)(at::TensorIteratorBase&, at::native::GeluType), &at::native::GeluCUDAKernelImpl, 8u>, c10::BFloat16 (c10::BFloat16)> const&) [clone .isra.0] [0x149a222] in libtorch_cuda.so
=========         Host Frame: at::(anonymous namespace)::wrapper_CUDA_gelu(at::Tensor const&, std::basic_string_view<char, std::char_traits<char> >) [0x389d25e] in libtorch_cuda.so
=========         Host Frame: c10::impl::wrap_kernel_functor_unboxed_<c10::impl::detail::WrapFunctionIntoFunctor_<c10::CompileTimeFunctionPointer<at::Tensor (at::Tensor const&, std::basic_string_view<char, std::char_traits<char> >), &at::(anonymous namespace)::wrapper_CUDA_gelu>, at::Tensor, c10::guts::typelist::typelist<at::Tensor const&, std::basic_string_view<char, std::char_traits<char> > > >, at::Tensor (at::Tensor const&, std::basic_string_view<char, std::char_traits<char> >)>::call(c10::OperatorKernel*, c10::DispatchKeySet, at::Tensor const&, std::basic_string_view<char, std::char_traits<char> >) [0x389d301] in libtorch_cuda.so
=========         Host Frame: at::_ops::gelu::redispatch(c10::DispatchKeySet, at::Tensor const&, std::basic_string_view<char, std::char_traits<char> >) [0x28d4193] in libtorch_cpu.so
=========         Host Frame: torch::autograd::VariableType::(anonymous namespace)::gelu(c10::DispatchKeySet, at::Tensor const&, std::basic_string_view<char, std::char_traits<char> >) [0x533cd3b] in libtorch_cpu.so
=========         Host Frame: c10::impl::wrap_kernel_functor_unboxed_<c10::impl::detail::WrapFunctionIntoFunctor_<c10::CompileTimeFunctionPointer<at::Tensor (c10::DispatchKeySet, at::Tensor const&, std::basic_string_view<char, std::char_traits<char> >), &torch::autograd::VariableType::(anonymous namespace)::gelu>, at::Tensor, c10::guts::typelist::typelist<c10::DispatchKeySet, at::Tensor const&, std::basic_string_view<char, std::char_traits<char> > > >, at::Tensor (c10::DispatchKeySet, at::Tensor const&, std::basic_string_view<char, std::char_traits<char> >)>::call(c10::OperatorKernel*, c10::DispatchKeySet, at::Tensor const&, std::basic_string_view<char, std::char_traits<char> >) [0x533d404] in libtorch_cpu.so
=========         Host Frame: at::_ops::gelu::call(at::Tensor const&, std::basic_string_view<char, std::char_traits<char> >) [0x298862f] in libtorch_cpu.so
=========         Host Frame: check_tail_aten(TailReferenceView const&) [0x3d236] in tail
=========         Host Frame: check_tail(int, int, int, int, bool) [0x1e88e] in tail
=========         Host Frame: main [0x16f42] in tail
========= 
========= Uninitialized __global__ memory read of size 16 bytes
=========     at void at::native::vectorized_elementwise_kernel<(int)8, at::native::GeluCUDAKernelImpl(at::TensorIteratorBase &, at::native::GeluType)::[lambda() (instance 2)]::operator ()() const::[lambda() (instance 4)]::operator ()() const::[lambda(c10::BFloat16) (instance 1)], std::array<char *, (unsigned long)2>>(int, T2, T3)+0xc0
=========     by thread (36,0,0) in block (0,0,0)
=========     Address 0x2b20dbc00240
=========     Saved host backtrace up to driver entry point at kernel launch time
=========         Host Frame: cuLaunchKernel [0x39d6c4] in libcuda.so.1
=========         Host Frame:  [0x13e88] in libcudart.so.12
=========         Host Frame: cudaLaunchKernel [0x79f87] in libcudart.so.12
=========         Host Frame: void at::native::gpu_kernel_impl<__nv_hdl_wrapper_t<false, true, false, __nv_dl_tag<void (*)(at::TensorIteratorBase&, at::native::GeluType), &at::native::GeluCUDAKernelImpl, 8u>, c10::BFloat16 (c10::BFloat16)> >(at::TensorIteratorBase&, __nv_hdl_wrapper_t<false, true, false, __nv_dl_tag<void (*)(at::TensorIteratorBase&, at::native::GeluType), &at::native::GeluCUDAKernelImpl, 8u>, c10::BFloat16 (c10::BFloat16)> const&) [clone .isra.0] [0x149a222] in libtorch_cuda.so
=========         Host Frame: at::(anonymous namespace)::wrapper_CUDA_gelu(at::Tensor const&, std::basic_string_view<char, std::char_traits<char> >) [0x389d25e] in libtorch_cuda.so
=========         Host Frame: c10::impl::wrap_kernel_functor_unboxed_<c10::impl::detail::WrapFunctionIntoFunctor_<c10::CompileTimeFunctionPointer<at::Tensor (at::Tensor const&, std::basic_string_view<char, std::char_traits<char> >), &at::(anonymous namespace)::wrapper_CUDA_gelu>, at::Tensor, c10::guts::typelist::typelist<at::Tensor const&, std::basic_string_view<char, std::char_traits<char> > > >, at::Tensor (at::Tensor const&, std::basic_string_view<char, std::char_traits<char> >)>::call(c10::OperatorKernel*, c10::DispatchKeySet, at::Tensor const&, std::basic_string_view<char, std::char_traits<char> >) [0x389d301] in libtorch_cuda.so
=========         Host Frame: at::_ops::gelu::redispatch(c10::DispatchKeySet, at::Tensor const&, std::basic_string_view<char, std::char_traits<char> >) [0x28d4193] in libtorch_cpu.so
=========         Host Frame: torch::autograd::VariableType::(anonymous namespace)::gelu(c10::DispatchKeySet, at::Tensor const&, std::basic_string_view<char, std::char_traits<char> >) [0x533cd3b] in libtorch_cpu.so
=========         Host Frame: c10::impl::wrap_kernel_functor_unboxed_<c10::impl::detail::WrapFunctionIntoFunctor_<c10::CompileTimeFunctionPointer<at::Tensor (c10::DispatchKeySet, at::Tensor const&, std::basic_string_view<char, std::char_traits<char> >), &torch::autograd::VariableType::(anonymous namespace)::gelu>, at::Tensor, c10::guts::typelist::typelist<c10::DispatchKeySet, at::Tensor const&, std::basic_string_view<char, std::char_traits<char> > > >, at::Tensor (c10::DispatchKeySet, at::Tensor const&, std::basic_string_view<char, std::char_traits<char> >)>::call(c10::OperatorKernel*, c10::DispatchKeySet, at::Tensor const&, std::basic_string_view<char, std::char_traits<char> >) [0x533d404] in libtorch_cpu.so
=========         Host Frame: at::_ops::gelu::call(at::Tensor const&, std::basic_string_view<char, std::char_traits<char> >) [0x298862f] in libtorch_cpu.so
=========         Host Frame: check_tail_aten(TailReferenceView const&) [0x3d236] in tail
=========         Host Frame: check_tail(int, int, int, int, bool) [0x1e88e] in tail
=========         Host Frame: main [0x16f42] in tail
========= 
========= Uninitialized __global__ memory read of size 16 bytes
=========     at void at::native::vectorized_elementwise_kernel<(int)8, at::native::GeluCUDAKernelImpl(at::TensorIteratorBase &, at::native::GeluType)::[lambda() (instance 2)]::operator ()() const::[lambda() (instance 4)]::operator ()() const::[lambda(c10::BFloat16) (instance 1)], std::array<char *, (unsigned long)2>>(int, T2, T3)+0xc0
=========     by thread (37,0,0) in block (0,0,0)
=========     Address 0x2b20dbc00250
=========     Saved host backtrace up to driver entry point at kernel launch time
=========         Host Frame: cuLaunchKernel [0x39d6c4] in libcuda.so.1
=========         Host Frame:  [0x13e88] in libcudart.so.12
=========         Host Frame: cudaLaunchKernel [0x79f87] in libcudart.so.12
=========         Host Frame: void at::native::gpu_kernel_impl<__nv_hdl_wrapper_t<false, true, false, __nv_dl_tag<void (*)(at::TensorIteratorBase&, at::native::GeluType), &at::native::GeluCUDAKernelImpl, 8u>, c10::BFloat16 (c10::BFloat16)> >(at::TensorIteratorBase&, __nv_hdl_wrapper_t<false, true, false, __nv_dl_tag<void (*)(at::TensorIteratorBase&, at::native::GeluType), &at::native::GeluCUDAKernelImpl, 8u>, c10::BFloat16 (c10::BFloat16)> const&) [clone .isra.0] [0x149a222] in libtorch_cuda.so
=========         Host Frame: at::(anonymous namespace)::wrapper_CUDA_gelu(at::Tensor const&, std::basic_string_view<char, std::char_traits<char> >) [0x389d25e] in libtorch_cuda.so
=========         Host Frame: c10::impl::wrap_kernel_functor_unboxed_<c10::impl::detail::WrapFunctionIntoFunctor_<c10::CompileTimeFunctionPointer<at::Tensor (at::Tensor const&, std::basic_string_view<char, std::char_traits<char> >), &at::(anonymous namespace)::wrapper_CUDA_gelu>, at::Tensor, c10::guts::typelist::typelist<at::Tensor const&, std::basic_string_view<char, std::char_traits<char> > > >, at::Tensor (at::Tensor const&, std::basic_string_view<char, std::char_traits<char> >)>::call(c10::OperatorKernel*, c10::DispatchKeySet, at::Tensor const&, std::basic_string_view<char, std::char_traits<char> >) [0x389d301] in libtorch_cuda.so
=========         Host Frame: at::_ops::gelu::redispatch(c10::DispatchKeySet, at::Tensor const&, std::basic_string_view<char, std::char_traits<char> >) [0x28d4193] in libtorch_cpu.so
=========         Host Frame: torch::autograd::VariableType::(anonymous namespace)::gelu(c10::DispatchKeySet, at::Tensor const&, std::basic_string_view<char, std::char_traits<char> >) [0x533cd3b] in libtorch_cpu.so
=========         Host Frame: c10::impl::wrap_kernel_functor_unboxed_<c10::impl::detail::WrapFunctionIntoFunctor_<c10::CompileTimeFunctionPointer<at::Tensor (c10::DispatchKeySet, at::Tensor const&, std::basic_string_view<char, std::char_traits<char> >), &torch::autograd::VariableType::(anonymous namespace)::gelu>, at::Tensor, c10::guts::typelist::typelist<c10::DispatchKeySet, at::Tensor const&, std::basic_string_view<char, std::char_traits<char> > > >, at::Tensor (c10::DispatchKeySet, at::Tensor const&, std::basic_string_view<char, std::char_traits<char> >)>::call(c10::OperatorKernel*, c10::DispatchKeySet, at::Tensor const&, std::basic_string_view<char, std::char_traits<char> >) [0x533d404] in libtorch_cpu.so
=========         Host Frame: at::_ops::gelu::call(at::Tensor const&, std::basic_string_view<char, std::char_traits<char> >) [0x298862f] in libtorch_cpu.so
=========         Host Frame: check_tail_aten(TailReferenceView const&) [0x3d236] in tail
=========         Host Frame: check_tail(int, int, int, int, bool) [0x1e88e] in tail
=========         Host Frame: main [0x16f42] in tail
========= 
========= Uninitialized __global__ memory read of size 16 bytes
=========     at void at::native::vectorized_elementwise_kernel<(int)8, at::native::GeluCUDAKernelImpl(at::TensorIteratorBase &, at::native::GeluType)::[lambda() (instance 2)]::operator ()() const::[lambda() (instance 4)]::operator ()() const::[lambda(c10::BFloat16) (instance 1)], std::array<char *, (unsigned long)2>>(int, T2, T3)+0xc0
=========     by thread (38,0,0) in block (0,0,0)
=========     Address 0x2b20dbc00260
=========     Saved host backtrace up to driver entry point at kernel launch time
=========         Host Frame: cuLaunchKernel [0x39d6c4] in libcuda.so.1
=========         Host Frame:  [0x13e88] in libcudart.so.12
=========         Host Frame: cudaLaunchKernel [0x79f87] in libcudart.so.12
=========         Host Frame: void at::native::gpu_kernel_impl<__nv_hdl_wrapper_t<false, true, false, __nv_dl_tag<void (*)(at::TensorIteratorBase&, at::native::GeluType), &at::native::GeluCUDAKernelImpl, 8u>, c10::BFloat16 (c10::BFloat16)> >(at::TensorIteratorBase&, __nv_hdl_wrapper_t<false, true, false, __nv_dl_tag<void (*)(at::TensorIteratorBase&, at::native::GeluType), &at::native::GeluCUDAKernelImpl, 8u>, c10::BFloat16 (c10::BFloat16)> const&) [clone .isra.0] [0x149a222] in libtorch_cuda.so
=========         Host Frame: at::(anonymous namespace)::wrapper_CUDA_gelu(at::Tensor const&, std::basic_string_view<char, std::char_traits<char> >) [0x389d25e] in libtorch_cuda.so
=========         Host Frame: c10::impl::wrap_kernel_functor_unboxed_<c10::impl::detail::WrapFunctionIntoFunctor_<c10::CompileTimeFunctionPointer<at::Tensor (at::Tensor const&, std::basic_string_view<char, std::char_traits<char> >), &at::(anonymous namespace)::wrapper_CUDA_gelu>, at::Tensor, c10::guts::typelist::typelist<at::Tensor const&, std::basic_string_view<char, std::char_traits<char> > > >, at::Tensor (at::Tensor const&, std::basic_string_view<char, std::char_traits<char> >)>::call(c10::OperatorKernel*, c10::DispatchKeySet, at::Tensor const&, std::basic_string_view<char, std::char_traits<char> >) [0x389d301] in libtorch_cuda.so
=========         Host Frame: at::_ops::gelu::redispatch(c10::DispatchKeySet, at::Tensor const&, std::basic_string_view<char, std::char_traits<char> >) [0x28d4193] in libtorch_cpu.so
=========         Host Frame: torch::autograd::VariableType::(anonymous namespace)::gelu(c10::DispatchKeySet, at::Tensor const&, std::basic_string_view<char, std::char_traits<char> >) [0x533cd3b] in libtorch_cpu.so
=========         Host Frame: c10::impl::wrap_kernel_functor_unboxed_<c10::impl::detail::WrapFunctionIntoFunctor_<c10::CompileTimeFunctionPointer<at::Tensor (c10::DispatchKeySet, at::Tensor const&, std::basic_string_view<char, std::char_traits<char> >), &torch::autograd::VariableType::(anonymous namespace)::gelu>, at::Tensor, c10::guts::typelist::typelist<c10::DispatchKeySet, at::Tensor const&, std::basic_string_view<char, std::char_traits<char> > > >, at::Tensor (c10::DispatchKeySet, at::Tensor const&, std::basic_string_view<char, std::char_traits<char> >)>::call(c10::OperatorKernel*, c10::DispatchKeySet, at::Tensor const&, std::basic_string_view<char, std::char_traits<char> >) [0x533d404] in libtorch_cpu.so
=========         Host Frame: at::_ops::gelu::call(at::Tensor const&, std::basic_string_view<char, std::char_traits<char> >) [0x298862f] in libtorch_cpu.so
=========         Host Frame: check_tail_aten(TailReferenceView const&) [0x3d236] in tail
=========         Host Frame: check_tail(int, int, int, int, bool) [0x1e88e] in tail
=========         Host Frame: main [0x16f42] in tail
========= 
========= Uninitialized __global__ memory read of size 16 bytes
=========     at void at::native::vectorized_elementwise_kernel<(int)8, at::native::GeluCUDAKernelImpl(at::TensorIteratorBase &, at::native::GeluType)::[lambda() (instance 2)]::operator ()() const::[lambda() (instance 4)]::operator ()() const::[lambda(c10::BFloat16) (instance 1)], std::array<char *, (unsigned long)2>>(int, T2, T3)+0xc0
=========     by thread (39,0,0) in block (0,0,0)
=========     Address 0x2b20dbc00270
=========     Saved host backtrace up to driver entry point at kernel launch time
=========         Host Frame: cuLaunchKernel [0x39d6c4] in libcuda.so.1
=========         Host Frame:  [0x13e88] in libcudart.so.12
=========         Host Frame: cudaLaunchKernel [0x79f87] in libcudart.so.12
=========         Host Frame: void at::native::gpu_kernel_impl<__nv_hdl_wrapper_t<false, true, false, __nv_dl_tag<void (*)(at::TensorIteratorBase&, at::native::GeluType), &at::native::GeluCUDAKernelImpl, 8u>, c10::BFloat16 (c10::BFloat16)> >(at::TensorIteratorBase&, __nv_hdl_wrapper_t<false, true, false, __nv_dl_tag<void (*)(at::TensorIteratorBase&, at::native::GeluType), &at::native::GeluCUDAKernelImpl, 8u>, c10::BFloat16 (c10::BFloat16)> const&) [clone .isra.0] [0x149a222] in libtorch_cuda.so
=========         Host Frame: at::(anonymous namespace)::wrapper_CUDA_gelu(at::Tensor const&, std::basic_string_view<char, std::char_traits<char> >) [0x389d25e] in libtorch_cuda.so
=========         Host Frame: c10::impl::wrap_kernel_functor_unboxed_<c10::impl::detail::WrapFunctionIntoFunctor_<c10::CompileTimeFunctionPointer<at::Tensor (at::Tensor const&, std::basic_string_view<char, std::char_traits<char> >), &at::(anonymous namespace)::wrapper_CUDA_gelu>, at::Tensor, c10::guts::typelist::typelist<at::Tensor const&, std::basic_string_view<char, std::char_traits<char> > > >, at::Tensor (at::Tensor const&, std::basic_string_view<char, std::char_traits<char> >)>::call(c10::OperatorKernel*, c10::DispatchKeySet, at::Tensor const&, std::basic_string_view<char, std::char_traits<char> >) [0x389d301] in libtorch_cuda.so
=========         Host Frame: at::_ops::gelu::redispatch(c10::DispatchKeySet, at::Tensor const&, std::basic_string_view<char, std::char_traits<char> >) [0x28d4193] in libtorch_cpu.so
=========         Host Frame: torch::autograd::VariableType::(anonymous namespace)::gelu(c10::DispatchKeySet, at::Tensor const&, std::basic_string_view<char, std::char_traits<char> >) [0x533cd3b] in libtorch_cpu.so
=========         Host Frame: c10::impl::wrap_kernel_functor_unboxed_<c10::impl::detail::WrapFunctionIntoFunctor_<c10::CompileTimeFunctionPointer<at::Tensor (c10::DispatchKeySet, at::Tensor const&, std::basic_string_view<char, std::char_traits<char> >), &torch::autograd::VariableType::(anonymous namespace)::gelu>, at::Tensor, c10::guts::typelist::typelist<c10::DispatchKeySet, at::Tensor const&, std::basic_string_view<char, std::char_traits<char> > > >, at::Tensor (c10::DispatchKeySet, at::Tensor const&, std::basic_string_view<char, std::char_traits<char> >)>::call(c10::OperatorKernel*, c10::DispatchKeySet, at::Tensor const&, std::basic_string_view<char, std::char_traits<char> >) [0x533d404] in libtorch_cpu.so
=========         Host Frame: at::_ops::gelu::call(at::Tensor const&, std::basic_string_view<char, std::char_traits<char> >) [0x298862f] in libtorch_cpu.so
=========         Host Frame: check_tail_aten(TailReferenceView const&) [0x3d236] in tail
=========         Host Frame: check_tail(int, int, int, int, bool) [0x1e88e] in tail
=========         Host Frame: main [0x16f42] in tail
========= 
========= Uninitialized __global__ memory read of size 16 bytes
=========     at void at::native::vectorized_elementwise_kernel<(int)8, at::native::GeluCUDAKernelImpl(at::TensorIteratorBase &, at::native::GeluType)::[lambda() (instance 2)]::operator ()() const::[lambda() (instance 4)]::operator ()() const::[lambda(c10::BFloat16) (instance 1)], std::array<char *, (unsigned long)2>>(int, T2, T3)+0xc0
=========     by thread (40,0,0) in block (0,0,0)
=========     Address 0x2b20dbc00280
=========     Saved host backtrace up to driver entry point at kernel launch time
=========         Host Frame: cuLaunchKernel [0x39d6c4] in libcuda.so.1
=========         Host Frame:  [0x13e88] in libcudart.so.12
=========         Host Frame: cudaLaunchKernel [0x79f87] in libcudart.so.12
=========         Host Frame: void at::native::gpu_kernel_impl<__nv_hdl_wrapper_t<false, true, false, __nv_dl_tag<void (*)(at::TensorIteratorBase&, at::native::GeluType), &at::native::GeluCUDAKernelImpl, 8u>, c10::BFloat16 (c10::BFloat16)> >(at::TensorIteratorBase&, __nv_hdl_wrapper_t<false, true, false, __nv_dl_tag<void (*)(at::TensorIteratorBase&, at::native::GeluType), &at::native::GeluCUDAKernelImpl, 8u>, c10::BFloat16 (c10::BFloat16)> const&) [clone .isra.0] [0x149a222] in libtorch_cuda.so
=========         Host Frame: at::(anonymous namespace)::wrapper_CUDA_gelu(at::Tensor const&, std::basic_string_view<char, std::char_traits<char> >) [0x389d25e] in libtorch_cuda.so
=========         Host Frame: c10::impl::wrap_kernel_functor_unboxed_<c10::impl::detail::WrapFunctionIntoFunctor_<c10::CompileTimeFunctionPointer<at::Tensor (at::Tensor const&, std::basic_string_view<char, std::char_traits<char> >), &at::(anonymous namespace)::wrapper_CUDA_gelu>, at::Tensor, c10::guts::typelist::typelist<at::Tensor const&, std::basic_string_view<char, std::char_traits<char> > > >, at::Tensor (at::Tensor const&, std::basic_string_view<char, std::char_traits<char> >)>::call(c10::OperatorKernel*, c10::DispatchKeySet, at::Tensor const&, std::basic_string_view<char, std::char_traits<char> >) [0x389d301] in libtorch_cuda.so
=========         Host Frame: at::_ops::gelu::redispatch(c10::DispatchKeySet, at::Tensor const&, std::basic_string_view<char, std::char_traits<char> >) [0x28d4193] in libtorch_cpu.so
=========         Host Frame: torch::autograd::VariableType::(anonymous namespace)::gelu(c10::DispatchKeySet, at::Tensor const&, std::basic_string_view<char, std::char_traits<char> >) [0x533cd3b] in libtorch_cpu.so
=========         Host Frame: c10::impl::wrap_kernel_functor_unboxed_<c10::impl::detail::WrapFunctionIntoFunctor_<c10::CompileTimeFunctionPointer<at::Tensor (c10::DispatchKeySet, at::Tensor const&, std::basic_string_view<char, std::char_traits<char> >), &torch::autograd::VariableType::(anonymous namespace)::gelu>, at::Tensor, c10::guts::typelist::typelist<c10::DispatchKeySet, at::Tensor const&, std::basic_string_view<char, std::char_traits<char> > > >, at::Tensor (c10::DispatchKeySet, at::Tensor const&, std::basic_string_view<char, std::char_traits<char> >)>::call(c10::OperatorKernel*, c10::DispatchKeySet, at::Tensor const&, std::basic_string_view<char, std::char_traits<char> >) [0x533d404] in libtorch_cpu.so
=========         Host Frame: at::_ops::gelu::call(at::Tensor const&, std::basic_string_view<char, std::char_traits<char> >) [0x298862f] in libtorch_cpu.so
=========         Host Frame: check_tail_aten(TailReferenceView const&) [0x3d236] in tail
=========         Host Frame: check_tail(int, int, int, int, bool) [0x1e88e] in tail
=========         Host Frame: main [0x16f42] in tail
========= 
========= Uninitialized __global__ memory read of size 16 bytes
=========     at void at::native::vectorized_elementwise_kernel<(int)8, at::native::GeluCUDAKernelImpl(at::TensorIteratorBase &, at::native::GeluType)::[lambda() (instance 2)]::operator ()() const::[lambda() (instance 4)]::operator ()() const::[lambda(c10::BFloat16) (instance 1)], std::array<char *, (unsigned long)2>>(int, T2, T3)+0xc0
=========     by thread (41,0,0) in block (0,0,0)
=========     Address 0x2b20dbc00290
=========     Saved host backtrace up to driver entry point at kernel launch time
=========         Host Frame: cuLaunchKernel [0x39d6c4] in libcuda.so.1
=========         Host Frame:  [0x13e88] in libcudart.so.12
=========         Host Frame: cudaLaunchKernel [0x79f87] in libcudart.so.12
=========         Host Frame: void at::native::gpu_kernel_impl<__nv_hdl_wrapper_t<false, true, false, __nv_dl_tag<void (*)(at::TensorIteratorBase&, at::native::GeluType), &at::native::GeluCUDAKernelImpl, 8u>, c10::BFloat16 (c10::BFloat16)> >(at::TensorIteratorBase&, __nv_hdl_wrapper_t<false, true, false, __nv_dl_tag<void (*)(at::TensorIteratorBase&, at::native::GeluType), &at::native::GeluCUDAKernelImpl, 8u>, c10::BFloat16 (c10::BFloat16)> const&) [clone .isra.0] [0x149a222] in libtorch_cuda.so
=========         Host Frame: at::(anonymous namespace)::wrapper_CUDA_gelu(at::Tensor const&, std::basic_string_view<char, std::char_traits<char> >) [0x389d25e] in libtorch_cuda.so
=========         Host Frame: c10::impl::wrap_kernel_functor_unboxed_<c10::impl::detail::WrapFunctionIntoFunctor_<c10::CompileTimeFunctionPointer<at::Tensor (at::Tensor const&, std::basic_string_view<char, std::char_traits<char> >), &at::(anonymous namespace)::wrapper_CUDA_gelu>, at::Tensor, c10::guts::typelist::typelist<at::Tensor const&, std::basic_string_view<char, std::char_traits<char> > > >, at::Tensor (at::Tensor const&, std::basic_string_view<char, std::char_traits<char> >)>::call(c10::OperatorKernel*, c10::DispatchKeySet, at::Tensor const&, std::basic_string_view<char, std::char_traits<char> >) [0x389d301] in libtorch_cuda.so
=========         Host Frame: at::_ops::gelu::redispatch(c10::DispatchKeySet, at::Tensor const&, std::basic_string_view<char, std::char_traits<char> >) [0x28d4193] in libtorch_cpu.so
=========         Host Frame: torch::autograd::VariableType::(anonymous namespace)::gelu(c10::DispatchKeySet, at::Tensor const&, std::basic_string_view<char, std::char_traits<char> >) [0x533cd3b] in libtorch_cpu.so
=========         Host Frame: c10::impl::wrap_kernel_functor_unboxed_<c10::impl::detail::WrapFunctionIntoFunctor_<c10::CompileTimeFunctionPointer<at::Tensor (c10::DispatchKeySet, at::Tensor const&, std::basic_string_view<char, std::char_traits<char> >), &torch::autograd::VariableType::(anonymous namespace)::gelu>, at::Tensor, c10::guts::typelist::typelist<c10::DispatchKeySet, at::Tensor const&, std::basic_string_view<char, std::char_traits<char> > > >, at::Tensor (c10::DispatchKeySet, at::Tensor const&, std::basic_string_view<char, std::char_traits<char> >)>::call(c10::OperatorKernel*, c10::DispatchKeySet, at::Tensor const&, std::basic_string_view<char, std::char_traits<char> >) [0x533d404] in libtorch_cpu.so
=========         Host Frame: at::_ops::gelu::call(at::Tensor const&, std::basic_string_view<char, std::char_traits<char> >) [0x298862f] in libtorch_cpu.so
=========         Host Frame: check_tail_aten(TailReferenceView const&) [0x3d236] in tail
=========         Host Frame: check_tail(int, int, int, int, bool) [0x1e88e] in tail
=========         Host Frame: main [0x16f42] in tail
========= 
========= Uninitialized __global__ memory read of size 16 bytes
=========     at void at::native::vectorized_elementwise_kernel<(int)8, at::native::GeluCUDAKernelImpl(at::TensorIteratorBase &, at::native::GeluType)::[lambda() (instance 2)]::operator ()() const::[lambda() (instance 4)]::operator ()() const::[lambda(c10::BFloat16) (instance 1)], std::array<char *, (unsigned long)2>>(int, T2, T3)+0xc0
=========     by thread (42,0,0) in block (0,0,0)
=========     Address 0x2b20dbc002a0
=========     Saved host backtrace up to driver entry point at kernel launch time
=========         Host Frame: cuLaunchKernel [0x39d6c4] in libcuda.so.1
=========         Host Frame:  [0x13e88] in libcudart.so.12
=========         Host Frame: cudaLaunchKernel [0x79f87] in libcudart.so.12
=========         Host Frame: void at::native::gpu_kernel_impl<__nv_hdl_wrapper_t<false, true, false, __nv_dl_tag<void (*)(at::TensorIteratorBase&, at::native::GeluType), &at::native::GeluCUDAKernelImpl, 8u>, c10::BFloat16 (c10::BFloat16)> >(at::TensorIteratorBase&, __nv_hdl_wrapper_t<false, true, false, __nv_dl_tag<void (*)(at::TensorIteratorBase&, at::native::GeluType), &at::native::GeluCUDAKernelImpl, 8u>, c10::BFloat16 (c10::BFloat16)> const&) [clone .isra.0] [0x149a222] in libtorch_cuda.so
=========         Host Frame: at::(anonymous namespace)::wrapper_CUDA_gelu(at::Tensor const&, std::basic_string_view<char, std::char_traits<char> >) [0x389d25e] in libtorch_cuda.so
=========         Host Frame: c10::impl::wrap_kernel_functor_unboxed_<c10::impl::detail::WrapFunctionIntoFunctor_<c10::CompileTimeFunctionPointer<at::Tensor (at::Tensor const&, std::basic_string_view<char, std::char_traits<char> >), &at::(anonymous namespace)::wrapper_CUDA_gelu>, at::Tensor, c10::guts::typelist::typelist<at::Tensor const&, std::basic_string_view<char, std::char_traits<char> > > >, at::Tensor (at::Tensor const&, std::basic_string_view<char, std::char_traits<char> >)>::call(c10::OperatorKernel*, c10::DispatchKeySet, at::Tensor const&, std::basic_string_view<char, std::char_traits<char> >) [0x389d301] in libtorch_cuda.so
=========         Host Frame: at::_ops::gelu::redispatch(c10::DispatchKeySet, at::Tensor const&, std::basic_string_view<char, std::char_traits<char> >) [0x28d4193] in libtorch_cpu.so
=========         Host Frame: torch::autograd::VariableType::(anonymous namespace)::gelu(c10::DispatchKeySet, at::Tensor const&, std::basic_string_view<char, std::char_traits<char> >) [0x533cd3b] in libtorch_cpu.so
=========         Host Frame: c10::impl::wrap_kernel_functor_unboxed_<c10::impl::detail::WrapFunctionIntoFunctor_<c10::CompileTimeFunctionPointer<at::Tensor (c10::DispatchKeySet, at::Tensor const&, std::basic_string_view<char, std::char_traits<char> >), &torch::autograd::VariableType::(anonymous namespace)::gelu>, at::Tensor, c10::guts::typelist::typelist<c10::DispatchKeySet, at::Tensor const&, std::basic_string_view<char, std::char_traits<char> > > >, at::Tensor (c10::DispatchKeySet, at::Tensor const&, std::basic_string_view<char, std::char_traits<char> >)>::call(c10::OperatorKernel*, c10::DispatchKeySet, at::Tensor const&, std::basic_string_view<char, std::char_traits<char> >) [0x533d404] in libtorch_cpu.so
=========         Host Frame: at::_ops::gelu::call(at::Tensor const&, std::basic_string_view<char, std::char_traits<char> >) [0x298862f] in libtorch_cpu.so
=========         Host Frame: check_tail_aten(TailReferenceView const&) [0x3d236] in tail
=========         Host Frame: check_tail(int, int, int, int, bool) [0x1e88e] in tail
=========         Host Frame: main [0x16f42] in tail
========= 
========= Uninitialized __global__ memory read of size 16 bytes
=========     at void at::native::vectorized_elementwise_kernel<(int)8, at::native::GeluCUDAKernelImpl(at::TensorIteratorBase &, at::native::GeluType)::[lambda() (instance 2)]::operator ()() const::[lambda() (instance 4)]::operator ()() const::[lambda(c10::BFloat16) (instance 1)], std::array<char *, (unsigned long)2>>(int, T2, T3)+0xc0
=========     by thread (43,0,0) in block (0,0,0)
=========     Address 0x2b20dbc002b0
=========     Saved host backtrace up to driver entry point at kernel launch time
=========         Host Frame: cuLaunchKernel [0x39d6c4] in libcuda.so.1
=========         Host Frame:  [0x13e88] in libcudart.so.12
=========         Host Frame: cudaLaunchKernel [0x79f87] in libcudart.so.12
=========         Host Frame: void at::native::gpu_kernel_impl<__nv_hdl_wrapper_t<false, true, false, __nv_dl_tag<void (*)(at::TensorIteratorBase&, at::native::GeluType), &at::native::GeluCUDAKernelImpl, 8u>, c10::BFloat16 (c10::BFloat16)> >(at::TensorIteratorBase&, __nv_hdl_wrapper_t<false, true, false, __nv_dl_tag<void (*)(at::TensorIteratorBase&, at::native::GeluType), &at::native::GeluCUDAKernelImpl, 8u>, c10::BFloat16 (c10::BFloat16)> const&) [clone .isra.0] [0x149a222] in libtorch_cuda.so
=========         Host Frame: at::(anonymous namespace)::wrapper_CUDA_gelu(at::Tensor const&, std::basic_string_view<char, std::char_traits<char> >) [0x389d25e] in libtorch_cuda.so
=========         Host Frame: c10::impl::wrap_kernel_functor_unboxed_<c10::impl::detail::WrapFunctionIntoFunctor_<c10::CompileTimeFunctionPointer<at::Tensor (at::Tensor const&, std::basic_string_view<char, std::char_traits<char> >), &at::(anonymous namespace)::wrapper_CUDA_gelu>, at::Tensor, c10::guts::typelist::typelist<at::Tensor const&, std::basic_string_view<char, std::char_traits<char> > > >, at::Tensor (at::Tensor const&, std::basic_string_view<char, std::char_traits<char> >)>::call(c10::OperatorKernel*, c10::DispatchKeySet, at::Tensor const&, std::basic_string_view<char, std::char_traits<char> >) [0x389d301] in libtorch_cuda.so
=========         Host Frame: at::_ops::gelu::redispatch(c10::DispatchKeySet, at::Tensor const&, std::basic_string_view<char, std::char_traits<char> >) [0x28d4193] in libtorch_cpu.so
=========         Host Frame: torch::autograd::VariableType::(anonymous namespace)::gelu(c10::DispatchKeySet, at::Tensor const&, std::basic_string_view<char, std::char_traits<char> >) [0x533cd3b] in libtorch_cpu.so
=========         Host Frame: c10::impl::wrap_kernel_functor_unboxed_<c10::impl::detail::WrapFunctionIntoFunctor_<c10::CompileTimeFunctionPointer<at::Tensor (c10::DispatchKeySet, at::Tensor const&, std::basic_string_view<char, std::char_traits<char> >), &torch::autograd::VariableType::(anonymous namespace)::gelu>, at::Tensor, c10::guts::typelist::typelist<c10::DispatchKeySet, at::Tensor const&, std::basic_string_view<char, std::char_traits<char> > > >, at::Tensor (c10::DispatchKeySet, at::Tensor const&, std::basic_string_view<char, std::char_traits<char> >)>::call(c10::OperatorKernel*, c10::DispatchKeySet, at::Tensor const&, std::basic_string_view<char, std::char_traits<char> >) [0x533d404] in libtorch_cpu.so
=========         Host Frame: at::_ops::gelu::call(at::Tensor const&, std::basic_string_view<char, std::char_traits<char> >) [0x298862f] in libtorch_cpu.so
=========         Host Frame: check_tail_aten(TailReferenceView const&) [0x3d236] in tail
=========         Host Frame: check_tail(int, int, int, int, bool) [0x1e88e] in tail
=========         Host Frame: main [0x16f42] in tail
========= 
========= Uninitialized __global__ memory read of size 16 bytes
=========     at void at::native::vectorized_elementwise_kernel<(int)8, at::native::GeluCUDAKernelImpl(at::TensorIteratorBase &, at::native::GeluType)::[lambda() (instance 2)]::operator ()() const::[lambda() (instance 4)]::operator ()() const::[lambda(c10::BFloat16) (instance 1)], std::array<char *, (unsigned long)2>>(int, T2, T3)+0xc0
=========     by thread (44,0,0) in block (0,0,0)
=========     Address 0x2b20dbc002c0
=========     Saved host backtrace up to driver entry point at kernel launch time
=========         Host Frame: cuLaunchKernel [0x39d6c4] in libcuda.so.1
=========         Host Frame:  [0x13e88] in libcudart.so.12
=========         Host Frame: cudaLaunchKernel [0x79f87] in libcudart.so.12
=========         Host Frame: void at::native::gpu_kernel_impl<__nv_hdl_wrapper_t<false, true, false, __nv_dl_tag<void (*)(at::TensorIteratorBase&, at::native::GeluType), &at::native::GeluCUDAKernelImpl, 8u>, c10::BFloat16 (c10::BFloat16)> >(at::TensorIteratorBase&, __nv_hdl_wrapper_t<false, true, false, __nv_dl_tag<void (*)(at::TensorIteratorBase&, at::native::GeluType), &at::native::GeluCUDAKernelImpl, 8u>, c10::BFloat16 (c10::BFloat16)> const&) [clone .isra.0] [0x149a222] in libtorch_cuda.so
=========         Host Frame: at::(anonymous namespace)::wrapper_CUDA_gelu(at::Tensor const&, std::basic_string_view<char, std::char_traits<char> >) [0x389d25e] in libtorch_cuda.so
=========         Host Frame: c10::impl::wrap_kernel_functor_unboxed_<c10::impl::detail::WrapFunctionIntoFunctor_<c10::CompileTimeFunctionPointer<at::Tensor (at::Tensor const&, std::basic_string_view<char, std::char_traits<char> >), &at::(anonymous namespace)::wrapper_CUDA_gelu>, at::Tensor, c10::guts::typelist::typelist<at::Tensor const&, std::basic_string_view<char, std::char_traits<char> > > >, at::Tensor (at::Tensor const&, std::basic_string_view<char, std::char_traits<char> >)>::call(c10::OperatorKernel*, c10::DispatchKeySet, at::Tensor const&, std::basic_string_view<char, std::char_traits<char> >) [0x389d301] in libtorch_cuda.so
=========         Host Frame: at::_ops::gelu::redispatch(c10::DispatchKeySet, at::Tensor const&, std::basic_string_view<char, std::char_traits<char> >) [0x28d4193] in libtorch_cpu.so
=========         Host Frame: torch::autograd::VariableType::(anonymous namespace)::gelu(c10::DispatchKeySet, at::Tensor const&, std::basic_string_view<char, std::char_traits<char> >) [0x533cd3b] in libtorch_cpu.so
=========         Host Frame: c10::impl::wrap_kernel_functor_unboxed_<c10::impl::detail::WrapFunctionIntoFunctor_<c10::CompileTimeFunctionPointer<at::Tensor (c10::DispatchKeySet, at::Tensor const&, std::basic_string_view<char, std::char_traits<char> >), &torch::autograd::VariableType::(anonymous namespace)::gelu>, at::Tensor, c10::guts::typelist::typelist<c10::DispatchKeySet, at::Tensor const&, std::basic_string_view<char, std::char_traits<char> > > >, at::Tensor (c10::DispatchKeySet, at::Tensor const&, std::basic_string_view<char, std::char_traits<char> >)>::call(c10::OperatorKernel*, c10::DispatchKeySet, at::Tensor const&, std::basic_string_view<char, std::char_traits<char> >) [0x533d404] in libtorch_cpu.so
=========         Host Frame: at::_ops::gelu::call(at::Tensor const&, std::basic_string_view<char, std::char_traits<char> >) [0x298862f] in libtorch_cpu.so
=========         Host Frame: check_tail_aten(TailReferenceView const&) [0x3d236] in tail
=========         Host Frame: check_tail(int, int, int, int, bool) [0x1e88e] in tail
=========         Host Frame: main [0x16f42] in tail
========= 
========= Uninitialized __global__ memory read of size 16 bytes
=========     at void at::native::vectorized_elementwise_kernel<(int)8, at::native::GeluCUDAKernelImpl(at::TensorIteratorBase &, at::native::GeluType)::[lambda() (instance 2)]::operator ()() const::[lambda() (instance 4)]::operator ()() const::[lambda(c10::BFloat16) (instance 1)], std::array<char *, (unsigned long)2>>(int, T2, T3)+0xc0
=========     by thread (45,0,0) in block (0,0,0)
=========     Address 0x2b20dbc002d0
=========     Saved host backtrace up to driver entry point at kernel launch time
=========         Host Frame: cuLaunchKernel [0x39d6c4] in libcuda.so.1
=========         Host Frame:  [0x13e88] in libcudart.so.12
=========         Host Frame: cudaLaunchKernel [0x79f87] in libcudart.so.12
=========         Host Frame: void at::native::gpu_kernel_impl<__nv_hdl_wrapper_t<false, true, false, __nv_dl_tag<void (*)(at::TensorIteratorBase&, at::native::GeluType), &at::native::GeluCUDAKernelImpl, 8u>, c10::BFloat16 (c10::BFloat16)> >(at::TensorIteratorBase&, __nv_hdl_wrapper_t<false, true, false, __nv_dl_tag<void (*)(at::TensorIteratorBase&, at::native::GeluType), &at::native::GeluCUDAKernelImpl, 8u>, c10::BFloat16 (c10::BFloat16)> const&) [clone .isra.0] [0x149a222] in libtorch_cuda.so
=========         Host Frame: at::(anonymous namespace)::wrapper_CUDA_gelu(at::Tensor const&, std::basic_string_view<char, std::char_traits<char> >) [0x389d25e] in libtorch_cuda.so
=========         Host Frame: c10::impl::wrap_kernel_functor_unboxed_<c10::impl::detail::WrapFunctionIntoFunctor_<c10::CompileTimeFunctionPointer<at::Tensor (at::Tensor const&, std::basic_string_view<char, std::char_traits<char> >), &at::(anonymous namespace)::wrapper_CUDA_gelu>, at::Tensor, c10::guts::typelist::typelist<at::Tensor const&, std::basic_string_view<char, std::char_traits<char> > > >, at::Tensor (at::Tensor const&, std::basic_string_view<char, std::char_traits<char> >)>::call(c10::OperatorKernel*, c10::DispatchKeySet, at::Tensor const&, std::basic_string_view<char, std::char_traits<char> >) [0x389d301] in libtorch_cuda.so
=========         Host Frame: at::_ops::gelu::redispatch(c10::DispatchKeySet, at::Tensor const&, std::basic_string_view<char, std::char_traits<char> >) [0x28d4193] in libtorch_cpu.so
=========         Host Frame: torch::autograd::VariableType::(anonymous namespace)::gelu(c10::DispatchKeySet, at::Tensor const&, std::basic_string_view<char, std::char_traits<char> >) [0x533cd3b] in libtorch_cpu.so
=========         Host Frame: c10::impl::wrap_kernel_functor_unboxed_<c10::impl::detail::WrapFunctionIntoFunctor_<c10::CompileTimeFunctionPointer<at::Tensor (c10::DispatchKeySet, at::Tensor const&, std::basic_string_view<char, std::char_traits<char> >), &torch::autograd::VariableType::(anonymous namespace)::gelu>, at::Tensor, c10::guts::typelist::typelist<c10::DispatchKeySet, at::Tensor const&, std::basic_string_view<char, std::char_traits<char> > > >, at::Tensor (c10::DispatchKeySet, at::Tensor const&, std::basic_string_view<char, std::char_traits<char> >)>::call(c10::OperatorKernel*, c10::DispatchKeySet, at::Tensor const&, std::basic_string_view<char, std::char_traits<char> >) [0x533d404] in libtorch_cpu.so
=========         Host Frame: at::_ops::gelu::call(at::Tensor const&, std::basic_string_view<char, std::char_traits<char> >) [0x298862f] in libtorch_cpu.so
=========         Host Frame: check_tail_aten(TailReferenceView const&) [0x3d236] in tail
=========         Host Frame: check_tail(int, int, int, int, bool) [0x1e88e] in tail
=========         Host Frame: main [0x16f42] in tail
========= 
========= Uninitialized __global__ memory read of size 16 bytes
=========     at void at::native::vectorized_elementwise_kernel<(int)8, at::native::GeluCUDAKernelImpl(at::TensorIteratorBase &, at::native::GeluType)::[lambda() (instance 2)]::operator ()() const::[lambda() (instance 4)]::operator ()() const::[lambda(c10::BFloat16) (instance 1)], std::array<char *, (unsigned long)2>>(int, T2, T3)+0xc0
=========     by thread (46,0,0) in block (0,0,0)
=========     Address 0x2b20dbc002e0
=========     Saved host backtrace up to driver entry point at kernel launch time
=========         Host Frame: cuLaunchKernel [0x39d6c4] in libcuda.so.1
=========         Host Frame:  [0x13e88] in libcudart.so.12
=========         Host Frame: cudaLaunchKernel [0x79f87] in libcudart.so.12
=========         Host Frame: void at::native::gpu_kernel_impl<__nv_hdl_wrapper_t<false, true, false, __nv_dl_tag<void (*)(at::TensorIteratorBase&, at::native::GeluType), &at::native::GeluCUDAKernelImpl, 8u>, c10::BFloat16 (c10::BFloat16)> >(at::TensorIteratorBase&, __nv_hdl_wrapper_t<false, true, false, __nv_dl_tag<void (*)(at::TensorIteratorBase&, at::native::GeluType), &at::native::GeluCUDAKernelImpl, 8u>, c10::BFloat16 (c10::BFloat16)> const&) [clone .isra.0] [0x149a222] in libtorch_cuda.so
=========         Host Frame: at::(anonymous namespace)::wrapper_CUDA_gelu(at::Tensor const&, std::basic_string_view<char, std::char_traits<char> >) [0x389d25e] in libtorch_cuda.so
=========         Host Frame: c10::impl::wrap_kernel_functor_unboxed_<c10::impl::detail::WrapFunctionIntoFunctor_<c10::CompileTimeFunctionPointer<at::Tensor (at::Tensor const&, std::basic_string_view<char, std::char_traits<char> >), &at::(anonymous namespace)::wrapper_CUDA_gelu>, at::Tensor, c10::guts::typelist::typelist<at::Tensor const&, std::basic_string_view<char, std::char_traits<char> > > >, at::Tensor (at::Tensor const&, std::basic_string_view<char, std::char_traits<char> >)>::call(c10::OperatorKernel*, c10::DispatchKeySet, at::Tensor const&, std::basic_string_view<char, std::char_traits<char> >) [0x389d301] in libtorch_cuda.so
=========         Host Frame: at::_ops::gelu::redispatch(c10::DispatchKeySet, at::Tensor const&, std::basic_string_view<char, std::char_traits<char> >) [0x28d4193] in libtorch_cpu.so
=========         Host Frame: torch::autograd::VariableType::(anonymous namespace)::gelu(c10::DispatchKeySet, at::Tensor const&, std::basic_string_view<char, std::char_traits<char> >) [0x533cd3b] in libtorch_cpu.so
=========         Host Frame: c10::impl::wrap_kernel_functor_unboxed_<c10::impl::detail::WrapFunctionIntoFunctor_<c10::CompileTimeFunctionPointer<at::Tensor (c10::DispatchKeySet, at::Tensor const&, std::basic_string_view<char, std::char_traits<char> >), &torch::autograd::VariableType::(anonymous namespace)::gelu>, at::Tensor, c10::guts::typelist::typelist<c10::DispatchKeySet, at::Tensor const&, std::basic_string_view<char, std::char_traits<char> > > >, at::Tensor (c10::DispatchKeySet, at::Tensor const&, std::basic_string_view<char, std::char_traits<char> >)>::call(c10::OperatorKernel*, c10::DispatchKeySet, at::Tensor const&, std::basic_string_view<char, std::char_traits<char> >) [0x533d404] in libtorch_cpu.so
=========         Host Frame: at::_ops::gelu::call(at::Tensor const&, std::basic_string_view<char, std::char_traits<char> >) [0x298862f] in libtorch_cpu.so
=========         Host Frame: check_tail_aten(TailReferenceView const&) [0x3d236] in tail
=========         Host Frame: check_tail(int, int, int, int, bool) [0x1e88e] in tail
=========         Host Frame: main [0x16f42] in tail
========= 
========= Uninitialized __global__ memory read of size 16 bytes
=========     at void at::native::vectorized_elementwise_kernel<(int)8, at::native::GeluCUDAKernelImpl(at::TensorIteratorBase &, at::native::GeluType)::[lambda() (instance 2)]::operator ()() const::[lambda() (instance 4)]::operator ()() const::[lambda(c10::BFloat16) (instance 1)], std::array<char *, (unsigned long)2>>(int, T2, T3)+0xc0
=========     by thread (47,0,0) in block (0,0,0)
=========     Address 0x2b20dbc002f0
=========     Saved host backtrace up to driver entry point at kernel launch time
=========         Host Frame: cuLaunchKernel [0x39d6c4] in libcuda.so.1
=========         Host Frame:  [0x13e88] in libcudart.so.12
=========         Host Frame: cudaLaunchKernel [0x79f87] in libcudart.so.12
=========         Host Frame: void at::native::gpu_kernel_impl<__nv_hdl_wrapper_t<false, true, false, __nv_dl_tag<void (*)(at::TensorIteratorBase&, at::native::GeluType), &at::native::GeluCUDAKernelImpl, 8u>, c10::BFloat16 (c10::BFloat16)> >(at::TensorIteratorBase&, __nv_hdl_wrapper_t<false, true, false, __nv_dl_tag<void (*)(at::TensorIteratorBase&, at::native::GeluType), &at::native::GeluCUDAKernelImpl, 8u>, c10::BFloat16 (c10::BFloat16)> const&) [clone .isra.0] [0x149a222] in libtorch_cuda.so
=========         Host Frame: at::(anonymous namespace)::wrapper_CUDA_gelu(at::Tensor const&, std::basic_string_view<char, std::char_traits<char> >) [0x389d25e] in libtorch_cuda.so
=========         Host Frame: c10::impl::wrap_kernel_functor_unboxed_<c10::impl::detail::WrapFunctionIntoFunctor_<c10::CompileTimeFunctionPointer<at::Tensor (at::Tensor const&, std::basic_string_view<char, std::char_traits<char> >), &at::(anonymous namespace)::wrapper_CUDA_gelu>, at::Tensor, c10::guts::typelist::typelist<at::Tensor const&, std::basic_string_view<char, std::char_traits<char> > > >, at::Tensor (at::Tensor const&, std::basic_string_view<char, std::char_traits<char> >)>::call(c10::OperatorKernel*, c10::DispatchKeySet, at::Tensor const&, std::basic_string_view<char, std::char_traits<char> >) [0x389d301] in libtorch_cuda.so
=========         Host Frame: at::_ops::gelu::redispatch(c10::DispatchKeySet, at::Tensor const&, std::basic_string_view<char, std::char_traits<char> >) [0x28d4193] in libtorch_cpu.so
=========         Host Frame: torch::autograd::VariableType::(anonymous namespace)::gelu(c10::DispatchKeySet, at::Tensor const&, std::basic_string_view<char, std::char_traits<char> >) [0x533cd3b] in libtorch_cpu.so
=========         Host Frame: c10::impl::wrap_kernel_functor_unboxed_<c10::impl::detail::WrapFunctionIntoFunctor_<c10::CompileTimeFunctionPointer<at::Tensor (c10::DispatchKeySet, at::Tensor const&, std::basic_string_view<char, std::char_traits<char> >), &torch::autograd::VariableType::(anonymous namespace)::gelu>, at::Tensor, c10::guts::typelist::typelist<c10::DispatchKeySet, at::Tensor const&, std::basic_string_view<char, std::char_traits<char> > > >, at::Tensor (c10::DispatchKeySet, at::Tensor const&, std::basic_string_view<char, std::char_traits<char> >)>::call(c10::OperatorKernel*, c10::DispatchKeySet, at::Tensor const&, std::basic_string_view<char, std::char_traits<char> >) [0x533d404] in libtorch_cpu.so
=========         Host Frame: at::_ops::gelu::call(at::Tensor const&, std::basic_string_view<char, std::char_traits<char> >) [0x298862f] in libtorch_cpu.so
=========         Host Frame: check_tail_aten(TailReferenceView const&) [0x3d236] in tail
=========         Host Frame: check_tail(int, int, int, int, bool) [0x1e88e] in tail
=========         Host Frame: main [0x16f42] in tail
========= 
========= Uninitialized __global__ memory read of size 16 bytes
=========     at void at::native::vectorized_elementwise_kernel<(int)8, at::native::GeluCUDAKernelImpl(at::TensorIteratorBase &, at::native::GeluType)::[lambda() (instance 2)]::operator ()() const::[lambda() (instance 4)]::operator ()() const::[lambda(c10::BFloat16) (instance 1)], std::array<char *, (unsigned long)2>>(int, T2, T3)+0xc0
=========     by thread (48,0,0) in block (0,0,0)
=========     Address 0x2b20dbc00300
=========     Saved host backtrace up to driver entry point at kernel launch time
=========         Host Frame: cuLaunchKernel [0x39d6c4] in libcuda.so.1
=========         Host Frame:  [0x13e88] in libcudart.so.12
=========         Host Frame: cudaLaunchKernel [0x79f87] in libcudart.so.12
=========         Host Frame: void at::native::gpu_kernel_impl<__nv_hdl_wrapper_t<false, true, false, __nv_dl_tag<void (*)(at::TensorIteratorBase&, at::native::GeluType), &at::native::GeluCUDAKernelImpl, 8u>, c10::BFloat16 (c10::BFloat16)> >(at::TensorIteratorBase&, __nv_hdl_wrapper_t<false, true, false, __nv_dl_tag<void (*)(at::TensorIteratorBase&, at::native::GeluType), &at::native::GeluCUDAKernelImpl, 8u>, c10::BFloat16 (c10::BFloat16)> const&) [clone .isra.0] [0x149a222] in libtorch_cuda.so
=========         Host Frame: at::(anonymous namespace)::wrapper_CUDA_gelu(at::Tensor const&, std::basic_string_view<char, std::char_traits<char> >) [0x389d25e] in libtorch_cuda.so
=========         Host Frame: c10::impl::wrap_kernel_functor_unboxed_<c10::impl::detail::WrapFunctionIntoFunctor_<c10::CompileTimeFunctionPointer<at::Tensor (at::Tensor const&, std::basic_string_view<char, std::char_traits<char> >), &at::(anonymous namespace)::wrapper_CUDA_gelu>, at::Tensor, c10::guts::typelist::typelist<at::Tensor const&, std::basic_string_view<char, std::char_traits<char> > > >, at::Tensor (at::Tensor const&, std::basic_string_view<char, std::char_traits<char> >)>::call(c10::OperatorKernel*, c10::DispatchKeySet, at::Tensor const&, std::basic_string_view<char, std::char_traits<char> >) [0x389d301] in libtorch_cuda.so
=========         Host Frame: at::_ops::gelu::redispatch(c10::DispatchKeySet, at::Tensor const&, std::basic_string_view<char, std::char_traits<char> >) [0x28d4193] in libtorch_cpu.so
=========         Host Frame: torch::autograd::VariableType::(anonymous namespace)::gelu(c10::DispatchKeySet, at::Tensor const&, std::basic_string_view<char, std::char_traits<char> >) [0x533cd3b] in libtorch_cpu.so
=========         Host Frame: c10::impl::wrap_kernel_functor_unboxed_<c10::impl::detail::WrapFunctionIntoFunctor_<c10::CompileTimeFunctionPointer<at::Tensor (c10::DispatchKeySet, at::Tensor const&, std::basic_string_view<char, std::char_traits<char> >), &torch::autograd::VariableType::(anonymous namespace)::gelu>, at::Tensor, c10::guts::typelist::typelist<c10::DispatchKeySet, at::Tensor const&, std::basic_string_view<char, std::char_traits<char> > > >, at::Tensor (c10::DispatchKeySet, at::Tensor const&, std::basic_string_view<char, std::char_traits<char> >)>::call(c10::OperatorKernel*, c10::DispatchKeySet, at::Tensor const&, std::basic_string_view<char, std::char_traits<char> >) [0x533d404] in libtorch_cpu.so
=========         Host Frame: at::_ops::gelu::call(at::Tensor const&, std::basic_string_view<char, std::char_traits<char> >) [0x298862f] in libtorch_cpu.so
=========         Host Frame: check_tail_aten(TailReferenceView const&) [0x3d236] in tail
=========         Host Frame: check_tail(int, int, int, int, bool) [0x1e88e] in tail
=========         Host Frame: main [0x16f42] in tail
========= 
========= Uninitialized __global__ memory read of size 16 bytes
=========     at void at::native::vectorized_elementwise_kernel<(int)8, at::native::GeluCUDAKernelImpl(at::TensorIteratorBase &, at::native::GeluType)::[lambda() (instance 2)]::operator ()() const::[lambda() (instance 4)]::operator ()() const::[lambda(c10::BFloat16) (instance 1)], std::array<char *, (unsigned long)2>>(int, T2, T3)+0xc0
=========     by thread (49,0,0) in block (0,0,0)
=========     Address 0x2b20dbc00310
=========     Saved host backtrace up to driver entry point at kernel launch time
=========         Host Frame: cuLaunchKernel [0x39d6c4] in libcuda.so.1
=========         Host Frame:  [0x13e88] in libcudart.so.12
=========         Host Frame: cudaLaunchKernel [0x79f87] in libcudart.so.12
=========         Host Frame: void at::native::gpu_kernel_impl<__nv_hdl_wrapper_t<false, true, false, __nv_dl_tag<void (*)(at::TensorIteratorBase&, at::native::GeluType), &at::native::GeluCUDAKernelImpl, 8u>, c10::BFloat16 (c10::BFloat16)> >(at::TensorIteratorBase&, __nv_hdl_wrapper_t<false, true, false, __nv_dl_tag<void (*)(at::TensorIteratorBase&, at::native::GeluType), &at::native::GeluCUDAKernelImpl, 8u>, c10::BFloat16 (c10::BFloat16)> const&) [clone .isra.0] [0x149a222] in libtorch_cuda.so
=========         Host Frame: at::(anonymous namespace)::wrapper_CUDA_gelu(at::Tensor const&, std::basic_string_view<char, std::char_traits<char> >) [0x389d25e] in libtorch_cuda.so
=========         Host Frame: c10::impl::wrap_kernel_functor_unboxed_<c10::impl::detail::WrapFunctionIntoFunctor_<c10::CompileTimeFunctionPointer<at::Tensor (at::Tensor const&, std::basic_string_view<char, std::char_traits<char> >), &at::(anonymous namespace)::wrapper_CUDA_gelu>, at::Tensor, c10::guts::typelist::typelist<at::Tensor const&, std::basic_string_view<char, std::char_traits<char> > > >, at::Tensor (at::Tensor const&, std::basic_string_view<char, std::char_traits<char> >)>::call(c10::OperatorKernel*, c10::DispatchKeySet, at::Tensor const&, std::basic_string_view<char, std::char_traits<char> >) [0x389d301] in libtorch_cuda.so
=========         Host Frame: at::_ops::gelu::redispatch(c10::DispatchKeySet, at::Tensor const&, std::basic_string_view<char, std::char_traits<char> >) [0x28d4193] in libtorch_cpu.so
=========         Host Frame: torch::autograd::VariableType::(anonymous namespace)::gelu(c10::DispatchKeySet, at::Tensor const&, std::basic_string_view<char, std::char_traits<char> >) [0x533cd3b] in libtorch_cpu.so
=========         Host Frame: c10::impl::wrap_kernel_functor_unboxed_<c10::impl::detail::WrapFunctionIntoFunctor_<c10::CompileTimeFunctionPointer<at::Tensor (c10::DispatchKeySet, at::Tensor const&, std::basic_string_view<char, std::char_traits<char> >), &torch::autograd::VariableType::(anonymous namespace)::gelu>, at::Tensor, c10::guts::typelist::typelist<c10::DispatchKeySet, at::Tensor const&, std::basic_string_view<char, std::char_traits<char> > > >, at::Tensor (c10::DispatchKeySet, at::Tensor const&, std::basic_string_view<char, std::char_traits<char> >)>::call(c10::OperatorKernel*, c10::DispatchKeySet, at::Tensor const&, std::basic_string_view<char, std::char_traits<char> >) [0x533d404] in libtorch_cpu.so
=========         Host Frame: at::_ops::gelu::call(at::Tensor const&, std::basic_string_view<char, std::char_traits<char> >) [0x298862f] in libtorch_cpu.so
=========         Host Frame: check_tail_aten(TailReferenceView const&) [0x3d236] in tail
=========         Host Frame: check_tail(int, int, int, int, bool) [0x1e88e] in tail
=========         Host Frame: main [0x16f42] in tail
========= 
========= Uninitialized __global__ memory read of size 16 bytes
=========     at void at::native::vectorized_elementwise_kernel<(int)8, at::native::GeluCUDAKernelImpl(at::TensorIteratorBase &, at::native::GeluType)::[lambda() (instance 2)]::operator ()() const::[lambda() (instance 4)]::operator ()() const::[lambda(c10::BFloat16) (instance 1)], std::array<char *, (unsigned long)2>>(int, T2, T3)+0xc0
=========     by thread (50,0,0) in block (0,0,0)
=========     Address 0x2b20dbc00320
=========     Saved host backtrace up to driver entry point at kernel launch time
=========         Host Frame: cuLaunchKernel [0x39d6c4] in libcuda.so.1
=========         Host Frame:  [0x13e88] in libcudart.so.12
=========         Host Frame: cudaLaunchKernel [0x79f87] in libcudart.so.12
=========         Host Frame: void at::native::gpu_kernel_impl<__nv_hdl_wrapper_t<false, true, false, __nv_dl_tag<void (*)(at::TensorIteratorBase&, at::native::GeluType), &at::native::GeluCUDAKernelImpl, 8u>, c10::BFloat16 (c10::BFloat16)> >(at::TensorIteratorBase&, __nv_hdl_wrapper_t<false, true, false, __nv_dl_tag<void (*)(at::TensorIteratorBase&, at::native::GeluType), &at::native::GeluCUDAKernelImpl, 8u>, c10::BFloat16 (c10::BFloat16)> const&) [clone .isra.0] [0x149a222] in libtorch_cuda.so
=========         Host Frame: at::(anonymous namespace)::wrapper_CUDA_gelu(at::Tensor const&, std::basic_string_view<char, std::char_traits<char> >) [0x389d25e] in libtorch_cuda.so
=========         Host Frame: c10::impl::wrap_kernel_functor_unboxed_<c10::impl::detail::WrapFunctionIntoFunctor_<c10::CompileTimeFunctionPointer<at::Tensor (at::Tensor const&, std::basic_string_view<char, std::char_traits<char> >), &at::(anonymous namespace)::wrapper_CUDA_gelu>, at::Tensor, c10::guts::typelist::typelist<at::Tensor const&, std::basic_string_view<char, std::char_traits<char> > > >, at::Tensor (at::Tensor const&, std::basic_string_view<char, std::char_traits<char> >)>::call(c10::OperatorKernel*, c10::DispatchKeySet, at::Tensor const&, std::basic_string_view<char, std::char_traits<char> >) [0x389d301] in libtorch_cuda.so
=========         Host Frame: at::_ops::gelu::redispatch(c10::DispatchKeySet, at::Tensor const&, std::basic_string_view<char, std::char_traits<char> >) [0x28d4193] in libtorch_cpu.so
=========         Host Frame: torch::autograd::VariableType::(anonymous namespace)::gelu(c10::DispatchKeySet, at::Tensor const&, std::basic_string_view<char, std::char_traits<char> >) [0x533cd3b] in libtorch_cpu.so
=========         Host Frame: c10::impl::wrap_kernel_functor_unboxed_<c10::impl::detail::WrapFunctionIntoFunctor_<c10::CompileTimeFunctionPointer<at::Tensor (c10::DispatchKeySet, at::Tensor const&, std::basic_string_view<char, std::char_traits<char> >), &torch::autograd::VariableType::(anonymous namespace)::gelu>, at::Tensor, c10::guts::typelist::typelist<c10::DispatchKeySet, at::Tensor const&, std::basic_string_view<char, std::char_traits<char> > > >, at::Tensor (c10::DispatchKeySet, at::Tensor const&, std::basic_string_view<char, std::char_traits<char> >)>::call(c10::OperatorKernel*, c10::DispatchKeySet, at::Tensor const&, std::basic_string_view<char, std::char_traits<char> >) [0x533d404] in libtorch_cpu.so
=========         Host Frame: at::_ops::gelu::call(at::Tensor const&, std::basic_string_view<char, std::char_traits<char> >) [0x298862f] in libtorch_cpu.so
=========         Host Frame: check_tail_aten(TailReferenceView const&) [0x3d236] in tail
=========         Host Frame: check_tail(int, int, int, int, bool) [0x1e88e] in tail
=========         Host Frame: main [0x16f42] in tail
========= 
========= Uninitialized __global__ memory read of size 16 bytes
=========     at void at::native::vectorized_elementwise_kernel<(int)8, at::native::GeluCUDAKernelImpl(at::TensorIteratorBase &, at::native::GeluType)::[lambda() (instance 2)]::operator ()() const::[lambda() (instance 4)]::operator ()() const::[lambda(c10::BFloat16) (instance 1)], std::array<char *, (unsigned long)2>>(int, T2, T3)+0xc0
=========     by thread (51,0,0) in block (0,0,0)
=========     Address 0x2b20dbc00330
=========     Saved host backtrace up to driver entry point at kernel launch time
=========         Host Frame: cuLaunchKernel [0x39d6c4] in libcuda.so.1
=========         Host Frame:  [0x13e88] in libcudart.so.12
=========         Host Frame: cudaLaunchKernel [0x79f87] in libcudart.so.12
=========         Host Frame: void at::native::gpu_kernel_impl<__nv_hdl_wrapper_t<false, true, false, __nv_dl_tag<void (*)(at::TensorIteratorBase&, at::native::GeluType), &at::native::GeluCUDAKernelImpl, 8u>, c10::BFloat16 (c10::BFloat16)> >(at::TensorIteratorBase&, __nv_hdl_wrapper_t<false, true, false, __nv_dl_tag<void (*)(at::TensorIteratorBase&, at::native::GeluType), &at::native::GeluCUDAKernelImpl, 8u>, c10::BFloat16 (c10::BFloat16)> const&) [clone .isra.0] [0x149a222] in libtorch_cuda.so
=========         Host Frame: at::(anonymous namespace)::wrapper_CUDA_gelu(at::Tensor const&, std::basic_string_view<char, std::char_traits<char> >) [0x389d25e] in libtorch_cuda.so
=========         Host Frame: c10::impl::wrap_kernel_functor_unboxed_<c10::impl::detail::WrapFunctionIntoFunctor_<c10::CompileTimeFunctionPointer<at::Tensor (at::Tensor const&, std::basic_string_view<char, std::char_traits<char> >), &at::(anonymous namespace)::wrapper_CUDA_gelu>, at::Tensor, c10::guts::typelist::typelist<at::Tensor const&, std::basic_string_view<char, std::char_traits<char> > > >, at::Tensor (at::Tensor const&, std::basic_string_view<char, std::char_traits<char> >)>::call(c10::OperatorKernel*, c10::DispatchKeySet, at::Tensor const&, std::basic_string_view<char, std::char_traits<char> >) [0x389d301] in libtorch_cuda.so
=========         Host Frame: at::_ops::gelu::redispatch(c10::DispatchKeySet, at::Tensor const&, std::basic_string_view<char, std::char_traits<char> >) [0x28d4193] in libtorch_cpu.so
=========         Host Frame: torch::autograd::VariableType::(anonymous namespace)::gelu(c10::DispatchKeySet, at::Tensor const&, std::basic_string_view<char, std::char_traits<char> >) [0x533cd3b] in libtorch_cpu.so
=========         Host Frame: c10::impl::wrap_kernel_functor_unboxed_<c10::impl::detail::WrapFunctionIntoFunctor_<c10::CompileTimeFunctionPointer<at::Tensor (c10::DispatchKeySet, at::Tensor const&, std::basic_string_view<char, std::char_traits<char> >), &torch::autograd::VariableType::(anonymous namespace)::gelu>, at::Tensor, c10::guts::typelist::typelist<c10::DispatchKeySet, at::Tensor const&, std::basic_string_view<char, std::char_traits<char> > > >, at::Tensor (c10::DispatchKeySet, at::Tensor const&, std::basic_string_view<char, std::char_traits<char> >)>::call(c10::OperatorKernel*, c10::DispatchKeySet, at::Tensor const&, std::basic_string_view<char, std::char_traits<char> >) [0x533d404] in libtorch_cpu.so
=========         Host Frame: at::_ops::gelu::call(at::Tensor const&, std::basic_string_view<char, std::char_traits<char> >) [0x298862f] in libtorch_cpu.so
=========         Host Frame: check_tail_aten(TailReferenceView const&) [0x3d236] in tail
=========         Host Frame: check_tail(int, int, int, int, bool) [0x1e88e] in tail
=========         Host Frame: main [0x16f42] in tail
========= 
========= Uninitialized __global__ memory read of size 16 bytes
=========     at void at::native::vectorized_elementwise_kernel<(int)8, at::native::GeluCUDAKernelImpl(at::TensorIteratorBase &, at::native::GeluType)::[lambda() (instance 2)]::operator ()() const::[lambda() (instance 4)]::operator ()() const::[lambda(c10::BFloat16) (instance 1)], std::array<char *, (unsigned long)2>>(int, T2, T3)+0xc0
=========     by thread (52,0,0) in block (0,0,0)
=========     Address 0x2b20dbc00340
=========     Saved host backtrace up to driver entry point at kernel launch time
=========         Host Frame: cuLaunchKernel [0x39d6c4] in libcuda.so.1
=========         Host Frame:  [0x13e88] in libcudart.so.12
=========         Host Frame: cudaLaunchKernel [0x79f87] in libcudart.so.12
=========         Host Frame: void at::native::gpu_kernel_impl<__nv_hdl_wrapper_t<false, true, false, __nv_dl_tag<void (*)(at::TensorIteratorBase&, at::native::GeluType), &at::native::GeluCUDAKernelImpl, 8u>, c10::BFloat16 (c10::BFloat16)> >(at::TensorIteratorBase&, __nv_hdl_wrapper_t<false, true, false, __nv_dl_tag<void (*)(at::TensorIteratorBase&, at::native::GeluType), &at::native::GeluCUDAKernelImpl, 8u>, c10::BFloat16 (c10::BFloat16)> const&) [clone .isra.0] [0x149a222] in libtorch_cuda.so
=========         Host Frame: at::(anonymous namespace)::wrapper_CUDA_gelu(at::Tensor const&, std::basic_string_view<char, std::char_traits<char> >) [0x389d25e] in libtorch_cuda.so
=========         Host Frame: c10::impl::wrap_kernel_functor_unboxed_<c10::impl::detail::WrapFunctionIntoFunctor_<c10::CompileTimeFunctionPointer<at::Tensor (at::Tensor const&, std::basic_string_view<char, std::char_traits<char> >), &at::(anonymous namespace)::wrapper_CUDA_gelu>, at::Tensor, c10::guts::typelist::typelist<at::Tensor const&, std::basic_string_view<char, std::char_traits<char> > > >, at::Tensor (at::Tensor const&, std::basic_string_view<char, std::char_traits<char> >)>::call(c10::OperatorKernel*, c10::DispatchKeySet, at::Tensor const&, std::basic_string_view<char, std::char_traits<char> >) [0x389d301] in libtorch_cuda.so
=========         Host Frame: at::_ops::gelu::redispatch(c10::DispatchKeySet, at::Tensor const&, std::basic_string_view<char, std::char_traits<char> >) [0x28d4193] in libtorch_cpu.so
=========         Host Frame: torch::autograd::VariableType::(anonymous namespace)::gelu(c10::DispatchKeySet, at::Tensor const&, std::basic_string_view<char, std::char_traits<char> >) [0x533cd3b] in libtorch_cpu.so
=========         Host Frame: c10::impl::wrap_kernel_functor_unboxed_<c10::impl::detail::WrapFunctionIntoFunctor_<c10::CompileTimeFunctionPointer<at::Tensor (c10::DispatchKeySet, at::Tensor const&, std::basic_string_view<char, std::char_traits<char> >), &torch::autograd::VariableType::(anonymous namespace)::gelu>, at::Tensor, c10::guts::typelist::typelist<c10::DispatchKeySet, at::Tensor const&, std::basic_string_view<char, std::char_traits<char> > > >, at::Tensor (c10::DispatchKeySet, at::Tensor const&, std::basic_string_view<char, std::char_traits<char> >)>::call(c10::OperatorKernel*, c10::DispatchKeySet, at::Tensor const&, std::basic_string_view<char, std::char_traits<char> >) [0x533d404] in libtorch_cpu.so
=========         Host Frame: at::_ops::gelu::call(at::Tensor const&, std::basic_string_view<char, std::char_traits<char> >) [0x298862f] in libtorch_cpu.so
=========         Host Frame: check_tail_aten(TailReferenceView const&) [0x3d236] in tail
=========         Host Frame: check_tail(int, int, int, int, bool) [0x1e88e] in tail
=========         Host Frame: main [0x16f42] in tail
========= 
========= Uninitialized __global__ memory read of size 16 bytes
=========     at void at::native::vectorized_elementwise_kernel<(int)8, at::native::GeluCUDAKernelImpl(at::TensorIteratorBase &, at::native::GeluType)::[lambda() (instance 2)]::operator ()() const::[lambda() (instance 4)]::operator ()() const::[lambda(c10::BFloat16) (instance 1)], std::array<char *, (unsigned long)2>>(int, T2, T3)+0xc0
=========     by thread (53,0,0) in block (0,0,0)
=========     Address 0x2b20dbc00350
=========     Saved host backtrace up to driver entry point at kernel launch time
=========         Host Frame: cuLaunchKernel [0x39d6c4] in libcuda.so.1
=========         Host Frame:  [0x13e88] in libcudart.so.12
=========         Host Frame: cudaLaunchKernel [0x79f87] in libcudart.so.12
=========         Host Frame: void at::native::gpu_kernel_impl<__nv_hdl_wrapper_t<false, true, false, __nv_dl_tag<void (*)(at::TensorIteratorBase&, at::native::GeluType), &at::native::GeluCUDAKernelImpl, 8u>, c10::BFloat16 (c10::BFloat16)> >(at::TensorIteratorBase&, __nv_hdl_wrapper_t<false, true, false, __nv_dl_tag<void (*)(at::TensorIteratorBase&, at::native::GeluType), &at::native::GeluCUDAKernelImpl, 8u>, c10::BFloat16 (c10::BFloat16)> const&) [clone .isra.0] [0x149a222] in libtorch_cuda.so
=========         Host Frame: at::(anonymous namespace)::wrapper_CUDA_gelu(at::Tensor const&, std::basic_string_view<char, std::char_traits<char> >) [0x389d25e] in libtorch_cuda.so
=========         Host Frame: c10::impl::wrap_kernel_functor_unboxed_<c10::impl::detail::WrapFunctionIntoFunctor_<c10::CompileTimeFunctionPointer<at::Tensor (at::Tensor const&, std::basic_string_view<char, std::char_traits<char> >), &at::(anonymous namespace)::wrapper_CUDA_gelu>, at::Tensor, c10::guts::typelist::typelist<at::Tensor const&, std::basic_string_view<char, std::char_traits<char> > > >, at::Tensor (at::Tensor const&, std::basic_string_view<char, std::char_traits<char> >)>::call(c10::OperatorKernel*, c10::DispatchKeySet, at::Tensor const&, std::basic_string_view<char, std::char_traits<char> >) [0x389d301] in libtorch_cuda.so
=========         Host Frame: at::_ops::gelu::redispatch(c10::DispatchKeySet, at::Tensor const&, std::basic_string_view<char, std::char_traits<char> >) [0x28d4193] in libtorch_cpu.so
=========         Host Frame: torch::autograd::VariableType::(anonymous namespace)::gelu(c10::DispatchKeySet, at::Tensor const&, std::basic_string_view<char, std::char_traits<char> >) [0x533cd3b] in libtorch_cpu.so
=========         Host Frame: c10::impl::wrap_kernel_functor_unboxed_<c10::impl::detail::WrapFunctionIntoFunctor_<c10::CompileTimeFunctionPointer<at::Tensor (c10::DispatchKeySet, at::Tensor const&, std::basic_string_view<char, std::char_traits<char> >), &torch::autograd::VariableType::(anonymous namespace)::gelu>, at::Tensor, c10::guts::typelist::typelist<c10::DispatchKeySet, at::Tensor const&, std::basic_string_view<char, std::char_traits<char> > > >, at::Tensor (c10::DispatchKeySet, at::Tensor const&, std::basic_string_view<char, std::char_traits<char> >)>::call(c10::OperatorKernel*, c10::DispatchKeySet, at::Tensor const&, std::basic_string_view<char, std::char_traits<char> >) [0x533d404] in libtorch_cpu.so
=========         Host Frame: at::_ops::gelu::call(at::Tensor const&, std::basic_string_view<char, std::char_traits<char> >) [0x298862f] in libtorch_cpu.so
=========         Host Frame: check_tail_aten(TailReferenceView const&) [0x3d236] in tail
=========         Host Frame: check_tail(int, int, int, int, bool) [0x1e88e] in tail
=========         Host Frame: main [0x16f42] in tail
========= 
========= Uninitialized __global__ memory read of size 16 bytes
=========     at void at::native::vectorized_elementwise_kernel<(int)8, at::native::GeluCUDAKernelImpl(at::TensorIteratorBase &, at::native::GeluType)::[lambda() (instance 2)]::operator ()() const::[lambda() (instance 4)]::operator ()() const::[lambda(c10::BFloat16) (instance 1)], std::array<char *, (unsigned long)2>>(int, T2, T3)+0xc0
=========     by thread (54,0,0) in block (0,0,0)
=========     Address 0x2b20dbc00360
=========     Saved host backtrace up to driver entry point at kernel launch time
=========         Host Frame: cuLaunchKernel [0x39d6c4] in libcuda.so.1
=========         Host Frame:  [0x13e88] in libcudart.so.12
=========         Host Frame: cudaLaunchKernel [0x79f87] in libcudart.so.12
=========         Host Frame: void at::native::gpu_kernel_impl<__nv_hdl_wrapper_t<false, true, false, __nv_dl_tag<void (*)(at::TensorIteratorBase&, at::native::GeluType), &at::native::GeluCUDAKernelImpl, 8u>, c10::BFloat16 (c10::BFloat16)> >(at::TensorIteratorBase&, __nv_hdl_wrapper_t<false, true, false, __nv_dl_tag<void (*)(at::TensorIteratorBase&, at::native::GeluType), &at::native::GeluCUDAKernelImpl, 8u>, c10::BFloat16 (c10::BFloat16)> const&) [clone .isra.0] [0x149a222] in libtorch_cuda.so
=========         Host Frame: at::(anonymous namespace)::wrapper_CUDA_gelu(at::Tensor const&, std::basic_string_view<char, std::char_traits<char> >) [0x389d25e] in libtorch_cuda.so
=========         Host Frame: c10::impl::wrap_kernel_functor_unboxed_<c10::impl::detail::WrapFunctionIntoFunctor_<c10::CompileTimeFunctionPointer<at::Tensor (at::Tensor const&, std::basic_string_view<char, std::char_traits<char> >), &at::(anonymous namespace)::wrapper_CUDA_gelu>, at::Tensor, c10::guts::typelist::typelist<at::Tensor const&, std::basic_string_view<char, std::char_traits<char> > > >, at::Tensor (at::Tensor const&, std::basic_string_view<char, std::char_traits<char> >)>::call(c10::OperatorKernel*, c10::DispatchKeySet, at::Tensor const&, std::basic_string_view<char, std::char_traits<char> >) [0x389d301] in libtorch_cuda.so
=========         Host Frame: at::_ops::gelu::redispatch(c10::DispatchKeySet, at::Tensor const&, std::basic_string_view<char, std::char_traits<char> >) [0x28d4193] in libtorch_cpu.so
=========         Host Frame: torch::autograd::VariableType::(anonymous namespace)::gelu(c10::DispatchKeySet, at::Tensor const&, std::basic_string_view<char, std::char_traits<char> >) [0x533cd3b] in libtorch_cpu.so
=========         Host Frame: c10::impl::wrap_kernel_functor_unboxed_<c10::impl::detail::WrapFunctionIntoFunctor_<c10::CompileTimeFunctionPointer<at::Tensor (c10::DispatchKeySet, at::Tensor const&, std::basic_string_view<char, std::char_traits<char> >), &torch::autograd::VariableType::(anonymous namespace)::gelu>, at::Tensor, c10::guts::typelist::typelist<c10::DispatchKeySet, at::Tensor const&, std::basic_string_view<char, std::char_traits<char> > > >, at::Tensor (c10::DispatchKeySet, at::Tensor const&, std::basic_string_view<char, std::char_traits<char> >)>::call(c10::OperatorKernel*, c10::DispatchKeySet, at::Tensor const&, std::basic_string_view<char, std::char_traits<char> >) [0x533d404] in libtorch_cpu.so
=========         Host Frame: at::_ops::gelu::call(at::Tensor const&, std::basic_string_view<char, std::char_traits<char> >) [0x298862f] in libtorch_cpu.so
=========         Host Frame: check_tail_aten(TailReferenceView const&) [0x3d236] in tail
=========         Host Frame: check_tail(int, int, int, int, bool) [0x1e88e] in tail
=========         Host Frame: main [0x16f42] in tail
========= 
========= Uninitialized __global__ memory read of size 16 bytes
=========     at void at::native::vectorized_elementwise_kernel<(int)8, at::native::GeluCUDAKernelImpl(at::TensorIteratorBase &, at::native::GeluType)::[lambda() (instance 2)]::operator ()() const::[lambda() (instance 4)]::operator ()() const::[lambda(c10::BFloat16) (instance 1)], std::array<char *, (unsigned long)2>>(int, T2, T3)+0xc0
=========     by thread (55,0,0) in block (0,0,0)
=========     Address 0x2b20dbc00370
=========     Saved host backtrace up to driver entry point at kernel launch time
=========         Host Frame: cuLaunchKernel [0x39d6c4] in libcuda.so.1
=========         Host Frame:  [0x13e88] in libcudart.so.12
=========         Host Frame: cudaLaunchKernel [0x79f87] in libcudart.so.12
=========         Host Frame: void at::native::gpu_kernel_impl<__nv_hdl_wrapper_t<false, true, false, __nv_dl_tag<void (*)(at::TensorIteratorBase&, at::native::GeluType), &at::native::GeluCUDAKernelImpl, 8u>, c10::BFloat16 (c10::BFloat16)> >(at::TensorIteratorBase&, __nv_hdl_wrapper_t<false, true, false, __nv_dl_tag<void (*)(at::TensorIteratorBase&, at::native::GeluType), &at::native::GeluCUDAKernelImpl, 8u>, c10::BFloat16 (c10::BFloat16)> const&) [clone .isra.0] [0x149a222] in libtorch_cuda.so
=========         Host Frame: at::(anonymous namespace)::wrapper_CUDA_gelu(at::Tensor const&, std::basic_string_view<char, std::char_traits<char> >) [0x389d25e] in libtorch_cuda.so
=========         Host Frame: c10::impl::wrap_kernel_functor_unboxed_<c10::impl::detail::WrapFunctionIntoFunctor_<c10::CompileTimeFunctionPointer<at::Tensor (at::Tensor const&, std::basic_string_view<char, std::char_traits<char> >), &at::(anonymous namespace)::wrapper_CUDA_gelu>, at::Tensor, c10::guts::typelist::typelist<at::Tensor const&, std::basic_string_view<char, std::char_traits<char> > > >, at::Tensor (at::Tensor const&, std::basic_string_view<char, std::char_traits<char> >)>::call(c10::OperatorKernel*, c10::DispatchKeySet, at::Tensor const&, std::basic_string_view<char, std::char_traits<char> >) [0x389d301] in libtorch_cuda.so
=========         Host Frame: at::_ops::gelu::redispatch(c10::DispatchKeySet, at::Tensor const&, std::basic_string_view<char, std::char_traits<char> >) [0x28d4193] in libtorch_cpu.so
=========         Host Frame: torch::autograd::VariableType::(anonymous namespace)::gelu(c10::DispatchKeySet, at::Tensor const&, std::basic_string_view<char, std::char_traits<char> >) [0x533cd3b] in libtorch_cpu.so
=========         Host Frame: c10::impl::wrap_kernel_functor_unboxed_<c10::impl::detail::WrapFunctionIntoFunctor_<c10::CompileTimeFunctionPointer<at::Tensor (c10::DispatchKeySet, at::Tensor const&, std::basic_string_view<char, std::char_traits<char> >), &torch::autograd::VariableType::(anonymous namespace)::gelu>, at::Tensor, c10::guts::typelist::typelist<c10::DispatchKeySet, at::Tensor const&, std::basic_string_view<char, std::char_traits<char> > > >, at::Tensor (c10::DispatchKeySet, at::Tensor const&, std::basic_string_view<char, std::char_traits<char> >)>::call(c10::OperatorKernel*, c10::DispatchKeySet, at::Tensor const&, std::basic_string_view<char, std::char_traits<char> >) [0x533d404] in libtorch_cpu.so
=========         Host Frame: at::_ops::gelu::call(at::Tensor const&, std::basic_string_view<char, std::char_traits<char> >) [0x298862f] in libtorch_cpu.so
=========         Host Frame: check_tail_aten(TailReferenceView const&) [0x3d236] in tail
=========         Host Frame: check_tail(int, int, int, int, bool) [0x1e88e] in tail
=========         Host Frame: main [0x16f42] in tail
========= 
========= Uninitialized __global__ memory read of size 16 bytes
=========     at void at::native::vectorized_elementwise_kernel<(int)8, at::native::GeluCUDAKernelImpl(at::TensorIteratorBase &, at::native::GeluType)::[lambda() (instance 2)]::operator ()() const::[lambda() (instance 4)]::operator ()() const::[lambda(c10::BFloat16) (instance 1)], std::array<char *, (unsigned long)2>>(int, T2, T3)+0xc0
=========     by thread (56,0,0) in block (0,0,0)
=========     Address 0x2b20dbc00380
=========     Saved host backtrace up to driver entry point at kernel launch time
=========         Host Frame: cuLaunchKernel [0x39d6c4] in libcuda.so.1
=========         Host Frame:  [0x13e88] in libcudart.so.12
=========         Host Frame: cudaLaunchKernel [0x79f87] in libcudart.so.12
=========         Host Frame: void at::native::gpu_kernel_impl<__nv_hdl_wrapper_t<false, true, false, __nv_dl_tag<void (*)(at::TensorIteratorBase&, at::native::GeluType), &at::native::GeluCUDAKernelImpl, 8u>, c10::BFloat16 (c10::BFloat16)> >(at::TensorIteratorBase&, __nv_hdl_wrapper_t<false, true, false, __nv_dl_tag<void (*)(at::TensorIteratorBase&, at::native::GeluType), &at::native::GeluCUDAKernelImpl, 8u>, c10::BFloat16 (c10::BFloat16)> const&) [clone .isra.0] [0x149a222] in libtorch_cuda.so
=========         Host Frame: at::(anonymous namespace)::wrapper_CUDA_gelu(at::Tensor const&, std::basic_string_view<char, std::char_traits<char> >) [0x389d25e] in libtorch_cuda.so
=========         Host Frame: c10::impl::wrap_kernel_functor_unboxed_<c10::impl::detail::WrapFunctionIntoFunctor_<c10::CompileTimeFunctionPointer<at::Tensor (at::Tensor const&, std::basic_string_view<char, std::char_traits<char> >), &at::(anonymous namespace)::wrapper_CUDA_gelu>, at::Tensor, c10::guts::typelist::typelist<at::Tensor const&, std::basic_string_view<char, std::char_traits<char> > > >, at::Tensor (at::Tensor const&, std::basic_string_view<char, std::char_traits<char> >)>::call(c10::OperatorKernel*, c10::DispatchKeySet, at::Tensor const&, std::basic_string_view<char, std::char_traits<char> >) [0x389d301] in libtorch_cuda.so
=========         Host Frame: at::_ops::gelu::redispatch(c10::DispatchKeySet, at::Tensor const&, std::basic_string_view<char, std::char_traits<char> >) [0x28d4193] in libtorch_cpu.so
=========         Host Frame: torch::autograd::VariableType::(anonymous namespace)::gelu(c10::DispatchKeySet, at::Tensor const&, std::basic_string_view<char, std::char_traits<char> >) [0x533cd3b] in libtorch_cpu.so
=========         Host Frame: c10::impl::wrap_kernel_functor_unboxed_<c10::impl::detail::WrapFunctionIntoFunctor_<c10::CompileTimeFunctionPointer<at::Tensor (c10::DispatchKeySet, at::Tensor const&, std::basic_string_view<char, std::char_traits<char> >), &torch::autograd::VariableType::(anonymous namespace)::gelu>, at::Tensor, c10::guts::typelist::typelist<c10::DispatchKeySet, at::Tensor const&, std::basic_string_view<char, std::char_traits<char> > > >, at::Tensor (c10::DispatchKeySet, at::Tensor const&, std::basic_string_view<char, std::char_traits<char> >)>::call(c10::OperatorKernel*, c10::DispatchKeySet, at::Tensor const&, std::basic_string_view<char, std::char_traits<char> >) [0x533d404] in libtorch_cpu.so
=========         Host Frame: at::_ops::gelu::call(at::Tensor const&, std::basic_string_view<char, std::char_traits<char> >) [0x298862f] in libtorch_cpu.so
=========         Host Frame: check_tail_aten(TailReferenceView const&) [0x3d236] in tail
=========         Host Frame: check_tail(int, int, int, int, bool) [0x1e88e] in tail
=========         Host Frame: main [0x16f42] in tail
========= 
========= Uninitialized __global__ memory read of size 16 bytes
=========     at void at::native::vectorized_elementwise_kernel<(int)8, at::native::GeluCUDAKernelImpl(at::TensorIteratorBase &, at::native::GeluType)::[lambda() (instance 2)]::operator ()() const::[lambda() (instance 4)]::operator ()() const::[lambda(c10::BFloat16) (instance 1)], std::array<char *, (unsigned long)2>>(int, T2, T3)+0xc0
=========     by thread (57,0,0) in block (0,0,0)
=========     Address 0x2b20dbc00390
=========     Saved host backtrace up to driver entry point at kernel launch time
=========         Host Frame: cuLaunchKernel [0x39d6c4] in libcuda.so.1
=========         Host Frame:  [0x13e88] in libcudart.so.12
=========         Host Frame: cudaLaunchKernel [0x79f87] in libcudart.so.12
=========         Host Frame: void at::native::gpu_kernel_impl<__nv_hdl_wrapper_t<false, true, false, __nv_dl_tag<void (*)(at::TensorIteratorBase&, at::native::GeluType), &at::native::GeluCUDAKernelImpl, 8u>, c10::BFloat16 (c10::BFloat16)> >(at::TensorIteratorBase&, __nv_hdl_wrapper_t<false, true, false, __nv_dl_tag<void (*)(at::TensorIteratorBase&, at::native::GeluType), &at::native::GeluCUDAKernelImpl, 8u>, c10::BFloat16 (c10::BFloat16)> const&) [clone .isra.0] [0x149a222] in libtorch_cuda.so
=========         Host Frame: at::(anonymous namespace)::wrapper_CUDA_gelu(at::Tensor const&, std::basic_string_view<char, std::char_traits<char> >) [0x389d25e] in libtorch_cuda.so
=========         Host Frame: c10::impl::wrap_kernel_functor_unboxed_<c10::impl::detail::WrapFunctionIntoFunctor_<c10::CompileTimeFunctionPointer<at::Tensor (at::Tensor const&, std::basic_string_view<char, std::char_traits<char> >), &at::(anonymous namespace)::wrapper_CUDA_gelu>, at::Tensor, c10::guts::typelist::typelist<at::Tensor const&, std::basic_string_view<char, std::char_traits<char> > > >, at::Tensor (at::Tensor const&, std::basic_string_view<char, std::char_traits<char> >)>::call(c10::OperatorKernel*, c10::DispatchKeySet, at::Tensor const&, std::basic_string_view<char, std::char_traits<char> >) [0x389d301] in libtorch_cuda.so
=========         Host Frame: at::_ops::gelu::redispatch(c10::DispatchKeySet, at::Tensor const&, std::basic_string_view<char, std::char_traits<char> >) [0x28d4193] in libtorch_cpu.so
=========         Host Frame: torch::autograd::VariableType::(anonymous namespace)::gelu(c10::DispatchKeySet, at::Tensor const&, std::basic_string_view<char, std::char_traits<char> >) [0x533cd3b] in libtorch_cpu.so
=========         Host Frame: c10::impl::wrap_kernel_functor_unboxed_<c10::impl::detail::WrapFunctionIntoFunctor_<c10::CompileTimeFunctionPointer<at::Tensor (c10::DispatchKeySet, at::Tensor const&, std::basic_string_view<char, std::char_traits<char> >), &torch::autograd::VariableType::(anonymous namespace)::gelu>, at::Tensor, c10::guts::typelist::typelist<c10::DispatchKeySet, at::Tensor const&, std::basic_string_view<char, std::char_traits<char> > > >, at::Tensor (c10::DispatchKeySet, at::Tensor const&, std::basic_string_view<char, std::char_traits<char> >)>::call(c10::OperatorKernel*, c10::DispatchKeySet, at::Tensor const&, std::basic_string_view<char, std::char_traits<char> >) [0x533d404] in libtorch_cpu.so
=========         Host Frame: at::_ops::gelu::call(at::Tensor const&, std::basic_string_view<char, std::char_traits<char> >) [0x298862f] in libtorch_cpu.so
=========         Host Frame: check_tail_aten(TailReferenceView const&) [0x3d236] in tail
=========         Host Frame: check_tail(int, int, int, int, bool) [0x1e88e] in tail
=========         Host Frame: main [0x16f42] in tail
========= 
========= Uninitialized __global__ memory read of size 16 bytes
=========     at void at::native::vectorized_elementwise_kernel<(int)8, at::native::GeluCUDAKernelImpl(at::TensorIteratorBase &, at::native::GeluType)::[lambda() (instance 2)]::operator ()() const::[lambda() (instance 4)]::operator ()() const::[lambda(c10::BFloat16) (instance 1)], std::array<char *, (unsigned long)2>>(int, T2, T3)+0xc0
=========     by thread (58,0,0) in block (0,0,0)
=========     Address 0x2b20dbc003a0
=========     Saved host backtrace up to driver entry point at kernel launch time
=========         Host Frame: cuLaunchKernel [0x39d6c4] in libcuda.so.1
=========         Host Frame:  [0x13e88] in libcudart.so.12
=========         Host Frame: cudaLaunchKernel [0x79f87] in libcudart.so.12
=========         Host Frame: void at::native::gpu_kernel_impl<__nv_hdl_wrapper_t<false, true, false, __nv_dl_tag<void (*)(at::TensorIteratorBase&, at::native::GeluType), &at::native::GeluCUDAKernelImpl, 8u>, c10::BFloat16 (c10::BFloat16)> >(at::TensorIteratorBase&, __nv_hdl_wrapper_t<false, true, false, __nv_dl_tag<void (*)(at::TensorIteratorBase&, at::native::GeluType), &at::native::GeluCUDAKernelImpl, 8u>, c10::BFloat16 (c10::BFloat16)> const&) [clone .isra.0] [0x149a222] in libtorch_cuda.so
=========         Host Frame: at::(anonymous namespace)::wrapper_CUDA_gelu(at::Tensor const&, std::basic_string_view<char, std::char_traits<char> >) [0x389d25e] in libtorch_cuda.so
=========         Host Frame: c10::impl::wrap_kernel_functor_unboxed_<c10::impl::detail::WrapFunctionIntoFunctor_<c10::CompileTimeFunctionPointer<at::Tensor (at::Tensor const&, std::basic_string_view<char, std::char_traits<char> >), &at::(anonymous namespace)::wrapper_CUDA_gelu>, at::Tensor, c10::guts::typelist::typelist<at::Tensor const&, std::basic_string_view<char, std::char_traits<char> > > >, at::Tensor (at::Tensor const&, std::basic_string_view<char, std::char_traits<char> >)>::call(c10::OperatorKernel*, c10::DispatchKeySet, at::Tensor const&, std::basic_string_view<char, std::char_traits<char> >) [0x389d301] in libtorch_cuda.so
=========         Host Frame: at::_ops::gelu::redispatch(c10::DispatchKeySet, at::Tensor const&, std::basic_string_view<char, std::char_traits<char> >) [0x28d4193] in libtorch_cpu.so
=========         Host Frame: torch::autograd::VariableType::(anonymous namespace)::gelu(c10::DispatchKeySet, at::Tensor const&, std::basic_string_view<char, std::char_traits<char> >) [0x533cd3b] in libtorch_cpu.so
=========         Host Frame: c10::impl::wrap_kernel_functor_unboxed_<c10::impl::detail::WrapFunctionIntoFunctor_<c10::CompileTimeFunctionPointer<at::Tensor (c10::DispatchKeySet, at::Tensor const&, std::basic_string_view<char, std::char_traits<char> >), &torch::autograd::VariableType::(anonymous namespace)::gelu>, at::Tensor, c10::guts::typelist::typelist<c10::DispatchKeySet, at::Tensor const&, std::basic_string_view<char, std::char_traits<char> > > >, at::Tensor (c10::DispatchKeySet, at::Tensor const&, std::basic_string_view<char, std::char_traits<char> >)>::call(c10::OperatorKernel*, c10::DispatchKeySet, at::Tensor const&, std::basic_string_view<char, std::char_traits<char> >) [0x533d404] in libtorch_cpu.so
=========         Host Frame: at::_ops::gelu::call(at::Tensor const&, std::basic_string_view<char, std::char_traits<char> >) [0x298862f] in libtorch_cpu.so
=========         Host Frame: check_tail_aten(TailReferenceView const&) [0x3d236] in tail
=========         Host Frame: check_tail(int, int, int, int, bool) [0x1e88e] in tail
=========         Host Frame: main [0x16f42] in tail
========= 
========= Uninitialized __global__ memory read of size 16 bytes
=========     at void at::native::vectorized_elementwise_kernel<(int)8, at::native::GeluCUDAKernelImpl(at::TensorIteratorBase &, at::native::GeluType)::[lambda() (instance 2)]::operator ()() const::[lambda() (instance 4)]::operator ()() const::[lambda(c10::BFloat16) (instance 1)], std::array<char *, (unsigned long)2>>(int, T2, T3)+0xc0
=========     by thread (59,0,0) in block (0,0,0)
=========     Address 0x2b20dbc003b0
=========     Saved host backtrace up to driver entry point at kernel launch time
=========         Host Frame: cuLaunchKernel [0x39d6c4] in libcuda.so.1
=========         Host Frame:  [0x13e88] in libcudart.so.12
=========         Host Frame: cudaLaunchKernel [0x79f87] in libcudart.so.12
=========         Host Frame: void at::native::gpu_kernel_impl<__nv_hdl_wrapper_t<false, true, false, __nv_dl_tag<void (*)(at::TensorIteratorBase&, at::native::GeluType), &at::native::GeluCUDAKernelImpl, 8u>, c10::BFloat16 (c10::BFloat16)> >(at::TensorIteratorBase&, __nv_hdl_wrapper_t<false, true, false, __nv_dl_tag<void (*)(at::TensorIteratorBase&, at::native::GeluType), &at::native::GeluCUDAKernelImpl, 8u>, c10::BFloat16 (c10::BFloat16)> const&) [clone .isra.0] [0x149a222] in libtorch_cuda.so
=========         Host Frame: at::(anonymous namespace)::wrapper_CUDA_gelu(at::Tensor const&, std::basic_string_view<char, std::char_traits<char> >) [0x389d25e] in libtorch_cuda.so
=========         Host Frame: c10::impl::wrap_kernel_functor_unboxed_<c10::impl::detail::WrapFunctionIntoFunctor_<c10::CompileTimeFunctionPointer<at::Tensor (at::Tensor const&, std::basic_string_view<char, std::char_traits<char> >), &at::(anonymous namespace)::wrapper_CUDA_gelu>, at::Tensor, c10::guts::typelist::typelist<at::Tensor const&, std::basic_string_view<char, std::char_traits<char> > > >, at::Tensor (at::Tensor const&, std::basic_string_view<char, std::char_traits<char> >)>::call(c10::OperatorKernel*, c10::DispatchKeySet, at::Tensor const&, std::basic_string_view<char, std::char_traits<char> >) [0x389d301] in libtorch_cuda.so
=========         Host Frame: at::_ops::gelu::redispatch(c10::DispatchKeySet, at::Tensor const&, std::basic_string_view<char, std::char_traits<char> >) [0x28d4193] in libtorch_cpu.so
=========         Host Frame: torch::autograd::VariableType::(anonymous namespace)::gelu(c10::DispatchKeySet, at::Tensor const&, std::basic_string_view<char, std::char_traits<char> >) [0x533cd3b] in libtorch_cpu.so
=========         Host Frame: c10::impl::wrap_kernel_functor_unboxed_<c10::impl::detail::WrapFunctionIntoFunctor_<c10::CompileTimeFunctionPointer<at::Tensor (c10::DispatchKeySet, at::Tensor const&, std::basic_string_view<char, std::char_traits<char> >), &torch::autograd::VariableType::(anonymous namespace)::gelu>, at::Tensor, c10::guts::typelist::typelist<c10::DispatchKeySet, at::Tensor const&, std::basic_string_view<char, std::char_traits<char> > > >, at::Tensor (c10::DispatchKeySet, at::Tensor const&, std::basic_string_view<char, std::char_traits<char> >)>::call(c10::OperatorKernel*, c10::DispatchKeySet, at::Tensor const&, std::basic_string_view<char, std::char_traits<char> >) [0x533d404] in libtorch_cpu.so
=========         Host Frame: at::_ops::gelu::call(at::Tensor const&, std::basic_string_view<char, std::char_traits<char> >) [0x298862f] in libtorch_cpu.so
=========         Host Frame: check_tail_aten(TailReferenceView const&) [0x3d236] in tail
=========         Host Frame: check_tail(int, int, int, int, bool) [0x1e88e] in tail
=========         Host Frame: main [0x16f42] in tail
========= 
========= Uninitialized __global__ memory read of size 16 bytes
=========     at void at::native::vectorized_elementwise_kernel<(int)8, at::native::GeluCUDAKernelImpl(at::TensorIteratorBase &, at::native::GeluType)::[lambda() (instance 2)]::operator ()() const::[lambda() (instance 4)]::operator ()() const::[lambda(c10::BFloat16) (instance 1)], std::array<char *, (unsigned long)2>>(int, T2, T3)+0xc0
=========     by thread (60,0,0) in block (0,0,0)
=========     Address 0x2b20dbc003c0
=========     Saved host backtrace up to driver entry point at kernel launch time
=========         Host Frame: cuLaunchKernel [0x39d6c4] in libcuda.so.1
=========         Host Frame:  [0x13e88] in libcudart.so.12
=========         Host Frame: cudaLaunchKernel [0x79f87] in libcudart.so.12
=========         Host Frame: void at::native::gpu_kernel_impl<__nv_hdl_wrapper_t<false, true, false, __nv_dl_tag<void (*)(at::TensorIteratorBase&, at::native::GeluType), &at::native::GeluCUDAKernelImpl, 8u>, c10::BFloat16 (c10::BFloat16)> >(at::TensorIteratorBase&, __nv_hdl_wrapper_t<false, true, false, __nv_dl_tag<void (*)(at::TensorIteratorBase&, at::native::GeluType), &at::native::GeluCUDAKernelImpl, 8u>, c10::BFloat16 (c10::BFloat16)> const&) [clone .isra.0] [0x149a222] in libtorch_cuda.so
=========         Host Frame: at::(anonymous namespace)::wrapper_CUDA_gelu(at::Tensor const&, std::basic_string_view<char, std::char_traits<char> >) [0x389d25e] in libtorch_cuda.so
=========         Host Frame: c10::impl::wrap_kernel_functor_unboxed_<c10::impl::detail::WrapFunctionIntoFunctor_<c10::CompileTimeFunctionPointer<at::Tensor (at::Tensor const&, std::basic_string_view<char, std::char_traits<char> >), &at::(anonymous namespace)::wrapper_CUDA_gelu>, at::Tensor, c10::guts::typelist::typelist<at::Tensor const&, std::basic_string_view<char, std::char_traits<char> > > >, at::Tensor (at::Tensor const&, std::basic_string_view<char, std::char_traits<char> >)>::call(c10::OperatorKernel*, c10::DispatchKeySet, at::Tensor const&, std::basic_string_view<char, std::char_traits<char> >) [0x389d301] in libtorch_cuda.so
=========         Host Frame: at::_ops::gelu::redispatch(c10::DispatchKeySet, at::Tensor const&, std::basic_string_view<char, std::char_traits<char> >) [0x28d4193] in libtorch_cpu.so
=========         Host Frame: torch::autograd::VariableType::(anonymous namespace)::gelu(c10::DispatchKeySet, at::Tensor const&, std::basic_string_view<char, std::char_traits<char> >) [0x533cd3b] in libtorch_cpu.so
=========         Host Frame: c10::impl::wrap_kernel_functor_unboxed_<c10::impl::detail::WrapFunctionIntoFunctor_<c10::CompileTimeFunctionPointer<at::Tensor (c10::DispatchKeySet, at::Tensor const&, std::basic_string_view<char, std::char_traits<char> >), &torch::autograd::VariableType::(anonymous namespace)::gelu>, at::Tensor, c10::guts::typelist::typelist<c10::DispatchKeySet, at::Tensor const&, std::basic_string_view<char, std::char_traits<char> > > >, at::Tensor (c10::DispatchKeySet, at::Tensor const&, std::basic_string_view<char, std::char_traits<char> >)>::call(c10::OperatorKernel*, c10::DispatchKeySet, at::Tensor const&, std::basic_string_view<char, std::char_traits<char> >) [0x533d404] in libtorch_cpu.so
=========         Host Frame: at::_ops::gelu::call(at::Tensor const&, std::basic_string_view<char, std::char_traits<char> >) [0x298862f] in libtorch_cpu.so
=========         Host Frame: check_tail_aten(TailReferenceView const&) [0x3d236] in tail
=========         Host Frame: check_tail(int, int, int, int, bool) [0x1e88e] in tail
=========         Host Frame: main [0x16f42] in tail
========= 
========= Uninitialized __global__ memory read of size 16 bytes
=========     at void at::native::vectorized_elementwise_kernel<(int)8, at::native::GeluCUDAKernelImpl(at::TensorIteratorBase &, at::native::GeluType)::[lambda() (instance 2)]::operator ()() const::[lambda() (instance 4)]::operator ()() const::[lambda(c10::BFloat16) (instance 1)], std::array<char *, (unsigned long)2>>(int, T2, T3)+0xc0
=========     by thread (61,0,0) in block (0,0,0)
=========     Address 0x2b20dbc003d0
=========     Saved host backtrace up to driver entry point at kernel launch time
=========         Host Frame: cuLaunchKernel [0x39d6c4] in libcuda.so.1
=========         Host Frame:  [0x13e88] in libcudart.so.12
=========         Host Frame: cudaLaunchKernel [0x79f87] in libcudart.so.12
=========         Host Frame: void at::native::gpu_kernel_impl<__nv_hdl_wrapper_t<false, true, false, __nv_dl_tag<void (*)(at::TensorIteratorBase&, at::native::GeluType), &at::native::GeluCUDAKernelImpl, 8u>, c10::BFloat16 (c10::BFloat16)> >(at::TensorIteratorBase&, __nv_hdl_wrapper_t<false, true, false, __nv_dl_tag<void (*)(at::TensorIteratorBase&, at::native::GeluType), &at::native::GeluCUDAKernelImpl, 8u>, c10::BFloat16 (c10::BFloat16)> const&) [clone .isra.0] [0x149a222] in libtorch_cuda.so
=========         Host Frame: at::(anonymous namespace)::wrapper_CUDA_gelu(at::Tensor const&, std::basic_string_view<char, std::char_traits<char> >) [0x389d25e] in libtorch_cuda.so
=========         Host Frame: c10::impl::wrap_kernel_functor_unboxed_<c10::impl::detail::WrapFunctionIntoFunctor_<c10::CompileTimeFunctionPointer<at::Tensor (at::Tensor const&, std::basic_string_view<char, std::char_traits<char> >), &at::(anonymous namespace)::wrapper_CUDA_gelu>, at::Tensor, c10::guts::typelist::typelist<at::Tensor const&, std::basic_string_view<char, std::char_traits<char> > > >, at::Tensor (at::Tensor const&, std::basic_string_view<char, std::char_traits<char> >)>::call(c10::OperatorKernel*, c10::DispatchKeySet, at::Tensor const&, std::basic_string_view<char, std::char_traits<char> >) [0x389d301] in libtorch_cuda.so
=========         Host Frame: at::_ops::gelu::redispatch(c10::DispatchKeySet, at::Tensor const&, std::basic_string_view<char, std::char_traits<char> >) [0x28d4193] in libtorch_cpu.so
=========         Host Frame: torch::autograd::VariableType::(anonymous namespace)::gelu(c10::DispatchKeySet, at::Tensor const&, std::basic_string_view<char, std::char_traits<char> >) [0x533cd3b] in libtorch_cpu.so
=========         Host Frame: c10::impl::wrap_kernel_functor_unboxed_<c10::impl::detail::WrapFunctionIntoFunctor_<c10::CompileTimeFunctionPointer<at::Tensor (c10::DispatchKeySet, at::Tensor const&, std::basic_string_view<char, std::char_traits<char> >), &torch::autograd::VariableType::(anonymous namespace)::gelu>, at::Tensor, c10::guts::typelist::typelist<c10::DispatchKeySet, at::Tensor const&, std::basic_string_view<char, std::char_traits<char> > > >, at::Tensor (c10::DispatchKeySet, at::Tensor const&, std::basic_string_view<char, std::char_traits<char> >)>::call(c10::OperatorKernel*, c10::DispatchKeySet, at::Tensor const&, std::basic_string_view<char, std::char_traits<char> >) [0x533d404] in libtorch_cpu.so
=========         Host Frame: at::_ops::gelu::call(at::Tensor const&, std::basic_string_view<char, std::char_traits<char> >) [0x298862f] in libtorch_cpu.so
=========         Host Frame: check_tail_aten(TailReferenceView const&) [0x3d236] in tail
=========         Host Frame: check_tail(int, int, int, int, bool) [0x1e88e] in tail
=========         Host Frame: main [0x16f42] in tail
========= 
========= Uninitialized __global__ memory read of size 16 bytes
=========     at void at::native::vectorized_elementwise_kernel<(int)8, at::native::GeluCUDAKernelImpl(at::TensorIteratorBase &, at::native::GeluType)::[lambda() (instance 2)]::operator ()() const::[lambda() (instance 4)]::operator ()() const::[lambda(c10::BFloat16) (instance 1)], std::array<char *, (unsigned long)2>>(int, T2, T3)+0xc0
=========     by thread (62,0,0) in block (0,0,0)
=========     Address 0x2b20dbc003e0
=========     Saved host backtrace up to driver entry point at kernel launch time
=========         Host Frame: cuLaunchKernel [0x39d6c4] in libcuda.so.1
=========         Host Frame:  [0x13e88] in libcudart.so.12
=========         Host Frame: cudaLaunchKernel [0x79f87] in libcudart.so.12
=========         Host Frame: void at::native::gpu_kernel_impl<__nv_hdl_wrapper_t<false, true, false, __nv_dl_tag<void (*)(at::TensorIteratorBase&, at::native::GeluType), &at::native::GeluCUDAKernelImpl, 8u>, c10::BFloat16 (c10::BFloat16)> >(at::TensorIteratorBase&, __nv_hdl_wrapper_t<false, true, false, __nv_dl_tag<void (*)(at::TensorIteratorBase&, at::native::GeluType), &at::native::GeluCUDAKernelImpl, 8u>, c10::BFloat16 (c10::BFloat16)> const&) [clone .isra.0] [0x149a222] in libtorch_cuda.so
=========         Host Frame: at::(anonymous namespace)::wrapper_CUDA_gelu(at::Tensor const&, std::basic_string_view<char, std::char_traits<char> >) [0x389d25e] in libtorch_cuda.so
=========         Host Frame: c10::impl::wrap_kernel_functor_unboxed_<c10::impl::detail::WrapFunctionIntoFunctor_<c10::CompileTimeFunctionPointer<at::Tensor (at::Tensor const&, std::basic_string_view<char, std::char_traits<char> >), &at::(anonymous namespace)::wrapper_CUDA_gelu>, at::Tensor, c10::guts::typelist::typelist<at::Tensor const&, std::basic_string_view<char, std::char_traits<char> > > >, at::Tensor (at::Tensor const&, std::basic_string_view<char, std::char_traits<char> >)>::call(c10::OperatorKernel*, c10::DispatchKeySet, at::Tensor const&, std::basic_string_view<char, std::char_traits<char> >) [0x389d301] in libtorch_cuda.so
=========         Host Frame: at::_ops::gelu::redispatch(c10::DispatchKeySet, at::Tensor const&, std::basic_string_view<char, std::char_traits<char> >) [0x28d4193] in libtorch_cpu.so
=========         Host Frame: torch::autograd::VariableType::(anonymous namespace)::gelu(c10::DispatchKeySet, at::Tensor const&, std::basic_string_view<char, std::char_traits<char> >) [0x533cd3b] in libtorch_cpu.so
=========         Host Frame: c10::impl::wrap_kernel_functor_unboxed_<c10::impl::detail::WrapFunctionIntoFunctor_<c10::CompileTimeFunctionPointer<at::Tensor (c10::DispatchKeySet, at::Tensor const&, std::basic_string_view<char, std::char_traits<char> >), &torch::autograd::VariableType::(anonymous namespace)::gelu>, at::Tensor, c10::guts::typelist::typelist<c10::DispatchKeySet, at::Tensor const&, std::basic_string_view<char, std::char_traits<char> > > >, at::Tensor (c10::DispatchKeySet, at::Tensor const&, std::basic_string_view<char, std::char_traits<char> >)>::call(c10::OperatorKernel*, c10::DispatchKeySet, at::Tensor const&, std::basic_string_view<char, std::char_traits<char> >) [0x533d404] in libtorch_cpu.so
=========         Host Frame: at::_ops::gelu::call(at::Tensor const&, std::basic_string_view<char, std::char_traits<char> >) [0x298862f] in libtorch_cpu.so
=========         Host Frame: check_tail_aten(TailReferenceView const&) [0x3d236] in tail
=========         Host Frame: check_tail(int, int, int, int, bool) [0x1e88e] in tail
=========         Host Frame: main [0x16f42] in tail
========= 
========= Uninitialized __global__ memory read of size 16 bytes
=========     at void at::native::vectorized_elementwise_kernel<(int)8, at::native::GeluCUDAKernelImpl(at::TensorIteratorBase &, at::native::GeluType)::[lambda() (instance 2)]::operator ()() const::[lambda() (instance 4)]::operator ()() const::[lambda(c10::BFloat16) (instance 1)], std::array<char *, (unsigned long)2>>(int, T2, T3)+0xc0
=========     by thread (63,0,0) in block (0,0,0)
=========     Address 0x2b20dbc003f0
=========     Saved host backtrace up to driver entry point at kernel launch time
=========         Host Frame: cuLaunchKernel [0x39d6c4] in libcuda.so.1
=========         Host Frame:  [0x13e88] in libcudart.so.12
=========         Host Frame: cudaLaunchKernel [0x79f87] in libcudart.so.12
=========         Host Frame: void at::native::gpu_kernel_impl<__nv_hdl_wrapper_t<false, true, false, __nv_dl_tag<void (*)(at::TensorIteratorBase&, at::native::GeluType), &at::native::GeluCUDAKernelImpl, 8u>, c10::BFloat16 (c10::BFloat16)> >(at::TensorIteratorBase&, __nv_hdl_wrapper_t<false, true, false, __nv_dl_tag<void (*)(at::TensorIteratorBase&, at::native::GeluType), &at::native::GeluCUDAKernelImpl, 8u>, c10::BFloat16 (c10::BFloat16)> const&) [clone .isra.0] [0x149a222] in libtorch_cuda.so
=========         Host Frame: at::(anonymous namespace)::wrapper_CUDA_gelu(at::Tensor const&, std::basic_string_view<char, std::char_traits<char> >) [0x389d25e] in libtorch_cuda.so
=========         Host Frame: c10::impl::wrap_kernel_functor_unboxed_<c10::impl::detail::WrapFunctionIntoFunctor_<c10::CompileTimeFunctionPointer<at::Tensor (at::Tensor const&, std::basic_string_view<char, std::char_traits<char> >), &at::(anonymous namespace)::wrapper_CUDA_gelu>, at::Tensor, c10::guts::typelist::typelist<at::Tensor const&, std::basic_string_view<char, std::char_traits<char> > > >, at::Tensor (at::Tensor const&, std::basic_string_view<char, std::char_traits<char> >)>::call(c10::OperatorKernel*, c10::DispatchKeySet, at::Tensor const&, std::basic_string_view<char, std::char_traits<char> >) [0x389d301] in libtorch_cuda.so
=========         Host Frame: at::_ops::gelu::redispatch(c10::DispatchKeySet, at::Tensor const&, std::basic_string_view<char, std::char_traits<char> >) [0x28d4193] in libtorch_cpu.so
=========         Host Frame: torch::autograd::VariableType::(anonymous namespace)::gelu(c10::DispatchKeySet, at::Tensor const&, std::basic_string_view<char, std::char_traits<char> >) [0x533cd3b] in libtorch_cpu.so
=========         Host Frame: c10::impl::wrap_kernel_functor_unboxed_<c10::impl::detail::WrapFunctionIntoFunctor_<c10::CompileTimeFunctionPointer<at::Tensor (c10::DispatchKeySet, at::Tensor const&, std::basic_string_view<char, std::char_traits<char> >), &torch::autograd::VariableType::(anonymous namespace)::gelu>, at::Tensor, c10::guts::typelist::typelist<c10::DispatchKeySet, at::Tensor const&, std::basic_string_view<char, std::char_traits<char> > > >, at::Tensor (c10::DispatchKeySet, at::Tensor const&, std::basic_string_view<char, std::char_traits<char> >)>::call(c10::OperatorKernel*, c10::DispatchKeySet, at::Tensor const&, std::basic_string_view<char, std::char_traits<char> >) [0x533d404] in libtorch_cpu.so
=========         Host Frame: at::_ops::gelu::call(at::Tensor const&, std::basic_string_view<char, std::char_traits<char> >) [0x298862f] in libtorch_cpu.so
=========         Host Frame: check_tail_aten(TailReferenceView const&) [0x3d236] in tail
=========         Host Frame: check_tail(int, int, int, int, bool) [0x1e88e] in tail
=========         Host Frame: main [0x16f42] in tail
========= 
========= Uninitialized __global__ memory read of size 16 bytes
=========     at void at::native::vectorized_elementwise_kernel<(int)8, at::native::GeluCUDAKernelImpl(at::TensorIteratorBase &, at::native::GeluType)::[lambda() (instance 2)]::operator ()() const::[lambda() (instance 4)]::operator ()() const::[lambda(c10::BFloat16) (instance 1)], std::array<char *, (unsigned long)2>>(int, T2, T3)+0xc0
=========     by thread (64,0,0) in block (0,0,0)
=========     Address 0x2b20dbc00400
=========     Saved host backtrace up to driver entry point at kernel launch time
=========         Host Frame: cuLaunchKernel [0x39d6c4] in libcuda.so.1
=========         Host Frame:  [0x13e88] in libcudart.so.12
=========         Host Frame: cudaLaunchKernel [0x79f87] in libcudart.so.12
=========         Host Frame: void at::native::gpu_kernel_impl<__nv_hdl_wrapper_t<false, true, false, __nv_dl_tag<void (*)(at::TensorIteratorBase&, at::native::GeluType), &at::native::GeluCUDAKernelImpl, 8u>, c10::BFloat16 (c10::BFloat16)> >(at::TensorIteratorBase&, __nv_hdl_wrapper_t<false, true, false, __nv_dl_tag<void (*)(at::TensorIteratorBase&, at::native::GeluType), &at::native::GeluCUDAKernelImpl, 8u>, c10::BFloat16 (c10::BFloat16)> const&) [clone .isra.0] [0x149a222] in libtorch_cuda.so
=========         Host Frame: at::(anonymous namespace)::wrapper_CUDA_gelu(at::Tensor const&, std::basic_string_view<char, std::char_traits<char> >) [0x389d25e] in libtorch_cuda.so
=========         Host Frame: c10::impl::wrap_kernel_functor_unboxed_<c10::impl::detail::WrapFunctionIntoFunctor_<c10::CompileTimeFunctionPointer<at::Tensor (at::Tensor const&, std::basic_string_view<char, std::char_traits<char> >), &at::(anonymous namespace)::wrapper_CUDA_gelu>, at::Tensor, c10::guts::typelist::typelist<at::Tensor const&, std::basic_string_view<char, std::char_traits<char> > > >, at::Tensor (at::Tensor const&, std::basic_string_view<char, std::char_traits<char> >)>::call(c10::OperatorKernel*, c10::DispatchKeySet, at::Tensor const&, std::basic_string_view<char, std::char_traits<char> >) [0x389d301] in libtorch_cuda.so
=========         Host Frame: at::_ops::gelu::redispatch(c10::DispatchKeySet, at::Tensor const&, std::basic_string_view<char, std::char_traits<char> >) [0x28d4193] in libtorch_cpu.so
=========         Host Frame: torch::autograd::VariableType::(anonymous namespace)::gelu(c10::DispatchKeySet, at::Tensor const&, std::basic_string_view<char, std::char_traits<char> >) [0x533cd3b] in libtorch_cpu.so
=========         Host Frame: c10::impl::wrap_kernel_functor_unboxed_<c10::impl::detail::WrapFunctionIntoFunctor_<c10::CompileTimeFunctionPointer<at::Tensor (c10::DispatchKeySet, at::Tensor const&, std::basic_string_view<char, std::char_traits<char> >), &torch::autograd::VariableType::(anonymous namespace)::gelu>, at::Tensor, c10::guts::typelist::typelist<c10::DispatchKeySet, at::Tensor const&, std::basic_string_view<char, std::char_traits<char> > > >, at::Tensor (c10::DispatchKeySet, at::Tensor const&, std::basic_string_view<char, std::char_traits<char> >)>::call(c10::OperatorKernel*, c10::DispatchKeySet, at::Tensor const&, std::basic_string_view<char, std::char_traits<char> >) [0x533d404] in libtorch_cpu.so
=========         Host Frame: at::_ops::gelu::call(at::Tensor const&, std::basic_string_view<char, std::char_traits<char> >) [0x298862f] in libtorch_cpu.so
=========         Host Frame: check_tail_aten(TailReferenceView const&) [0x3d236] in tail
=========         Host Frame: check_tail(int, int, int, int, bool) [0x1e88e] in tail
=========         Host Frame: main [0x16f42] in tail
========= 
========= Uninitialized __global__ memory read of size 16 bytes
=========     at void at::native::vectorized_elementwise_kernel<(int)8, at::native::GeluCUDAKernelImpl(at::TensorIteratorBase &, at::native::GeluType)::[lambda() (instance 2)]::operator ()() const::[lambda() (instance 4)]::operator ()() const::[lambda(c10::BFloat16) (instance 1)], std::array<char *, (unsigned long)2>>(int, T2, T3)+0xc0
=========     by thread (65,0,0) in block (0,0,0)
=========     Address 0x2b20dbc00410
=========     Saved host backtrace up to driver entry point at kernel launch time
=========         Host Frame: cuLaunchKernel [0x39d6c4] in libcuda.so.1
=========         Host Frame:  [0x13e88] in libcudart.so.12
=========         Host Frame: cudaLaunchKernel [0x79f87] in libcudart.so.12
=========         Host Frame: void at::native::gpu_kernel_impl<__nv_hdl_wrapper_t<false, true, false, __nv_dl_tag<void (*)(at::TensorIteratorBase&, at::native::GeluType), &at::native::GeluCUDAKernelImpl, 8u>, c10::BFloat16 (c10::BFloat16)> >(at::TensorIteratorBase&, __nv_hdl_wrapper_t<false, true, false, __nv_dl_tag<void (*)(at::TensorIteratorBase&, at::native::GeluType), &at::native::GeluCUDAKernelImpl, 8u>, c10::BFloat16 (c10::BFloat16)> const&) [clone .isra.0] [0x149a222] in libtorch_cuda.so
=========         Host Frame: at::(anonymous namespace)::wrapper_CUDA_gelu(at::Tensor const&, std::basic_string_view<char, std::char_traits<char> >) [0x389d25e] in libtorch_cuda.so
=========         Host Frame: c10::impl::wrap_kernel_functor_unboxed_<c10::impl::detail::WrapFunctionIntoFunctor_<c10::CompileTimeFunctionPointer<at::Tensor (at::Tensor const&, std::basic_string_view<char, std::char_traits<char> >), &at::(anonymous namespace)::wrapper_CUDA_gelu>, at::Tensor, c10::guts::typelist::typelist<at::Tensor const&, std::basic_string_view<char, std::char_traits<char> > > >, at::Tensor (at::Tensor const&, std::basic_string_view<char, std::char_traits<char> >)>::call(c10::OperatorKernel*, c10::DispatchKeySet, at::Tensor const&, std::basic_string_view<char, std::char_traits<char> >) [0x389d301] in libtorch_cuda.so
=========         Host Frame: at::_ops::gelu::redispatch(c10::DispatchKeySet, at::Tensor const&, std::basic_string_view<char, std::char_traits<char> >) [0x28d4193] in libtorch_cpu.so
=========         Host Frame: torch::autograd::VariableType::(anonymous namespace)::gelu(c10::DispatchKeySet, at::Tensor const&, std::basic_string_view<char, std::char_traits<char> >) [0x533cd3b] in libtorch_cpu.so
=========         Host Frame: c10::impl::wrap_kernel_functor_unboxed_<c10::impl::detail::WrapFunctionIntoFunctor_<c10::CompileTimeFunctionPointer<at::Tensor (c10::DispatchKeySet, at::Tensor const&, std::basic_string_view<char, std::char_traits<char> >), &torch::autograd::VariableType::(anonymous namespace)::gelu>, at::Tensor, c10::guts::typelist::typelist<c10::DispatchKeySet, at::Tensor const&, std::basic_string_view<char, std::char_traits<char> > > >, at::Tensor (c10::DispatchKeySet, at::Tensor const&, std::basic_string_view<char, std::char_traits<char> >)>::call(c10::OperatorKernel*, c10::DispatchKeySet, at::Tensor const&, std::basic_string_view<char, std::char_traits<char> >) [0x533d404] in libtorch_cpu.so
=========         Host Frame: at::_ops::gelu::call(at::Tensor const&, std::basic_string_view<char, std::char_traits<char> >) [0x298862f] in libtorch_cpu.so
=========         Host Frame: check_tail_aten(TailReferenceView const&) [0x3d236] in tail
=========         Host Frame: check_tail(int, int, int, int, bool) [0x1e88e] in tail
=========         Host Frame: main [0x16f42] in tail
========= 
========= Uninitialized __global__ memory read of size 16 bytes
=========     at void at::native::vectorized_elementwise_kernel<(int)8, at::native::GeluCUDAKernelImpl(at::TensorIteratorBase &, at::native::GeluType)::[lambda() (instance 2)]::operator ()() const::[lambda() (instance 4)]::operator ()() const::[lambda(c10::BFloat16) (instance 1)], std::array<char *, (unsigned long)2>>(int, T2, T3)+0xc0
=========     by thread (66,0,0) in block (0,0,0)
=========     Address 0x2b20dbc00420
=========     Saved host backtrace up to driver entry point at kernel launch time
=========         Host Frame: cuLaunchKernel [0x39d6c4] in libcuda.so.1
=========         Host Frame:  [0x13e88] in libcudart.so.12
=========         Host Frame: cudaLaunchKernel [0x79f87] in libcudart.so.12
=========         Host Frame: void at::native::gpu_kernel_impl<__nv_hdl_wrapper_t<false, true, false, __nv_dl_tag<void (*)(at::TensorIteratorBase&, at::native::GeluType), &at::native::GeluCUDAKernelImpl, 8u>, c10::BFloat16 (c10::BFloat16)> >(at::TensorIteratorBase&, __nv_hdl_wrapper_t<false, true, false, __nv_dl_tag<void (*)(at::TensorIteratorBase&, at::native::GeluType), &at::native::GeluCUDAKernelImpl, 8u>, c10::BFloat16 (c10::BFloat16)> const&) [clone .isra.0] [0x149a222] in libtorch_cuda.so
=========         Host Frame: at::(anonymous namespace)::wrapper_CUDA_gelu(at::Tensor const&, std::basic_string_view<char, std::char_traits<char> >) [0x389d25e] in libtorch_cuda.so
=========         Host Frame: c10::impl::wrap_kernel_functor_unboxed_<c10::impl::detail::WrapFunctionIntoFunctor_<c10::CompileTimeFunctionPointer<at::Tensor (at::Tensor const&, std::basic_string_view<char, std::char_traits<char> >), &at::(anonymous namespace)::wrapper_CUDA_gelu>, at::Tensor, c10::guts::typelist::typelist<at::Tensor const&, std::basic_string_view<char, std::char_traits<char> > > >, at::Tensor (at::Tensor const&, std::basic_string_view<char, std::char_traits<char> >)>::call(c10::OperatorKernel*, c10::DispatchKeySet, at::Tensor const&, std::basic_string_view<char, std::char_traits<char> >) [0x389d301] in libtorch_cuda.so
=========         Host Frame: at::_ops::gelu::redispatch(c10::DispatchKeySet, at::Tensor const&, std::basic_string_view<char, std::char_traits<char> >) [0x28d4193] in libtorch_cpu.so
=========         Host Frame: torch::autograd::VariableType::(anonymous namespace)::gelu(c10::DispatchKeySet, at::Tensor const&, std::basic_string_view<char, std::char_traits<char> >) [0x533cd3b] in libtorch_cpu.so
=========         Host Frame: c10::impl::wrap_kernel_functor_unboxed_<c10::impl::detail::WrapFunctionIntoFunctor_<c10::CompileTimeFunctionPointer<at::Tensor (c10::DispatchKeySet, at::Tensor const&, std::basic_string_view<char, std::char_traits<char> >), &torch::autograd::VariableType::(anonymous namespace)::gelu>, at::Tensor, c10::guts::typelist::typelist<c10::DispatchKeySet, at::Tensor const&, std::basic_string_view<char, std::char_traits<char> > > >, at::Tensor (c10::DispatchKeySet, at::Tensor const&, std::basic_string_view<char, std::char_traits<char> >)>::call(c10::OperatorKernel*, c10::DispatchKeySet, at::Tensor const&, std::basic_string_view<char, std::char_traits<char> >) [0x533d404] in libtorch_cpu.so
=========         Host Frame: at::_ops::gelu::call(at::Tensor const&, std::basic_string_view<char, std::char_traits<char> >) [0x298862f] in libtorch_cpu.so
=========         Host Frame: check_tail_aten(TailReferenceView const&) [0x3d236] in tail
=========         Host Frame: check_tail(int, int, int, int, bool) [0x1e88e] in tail
=========         Host Frame: main [0x16f42] in tail
========= 
========= Uninitialized __global__ memory read of size 16 bytes
=========     at void at::native::vectorized_elementwise_kernel<(int)8, at::native::GeluCUDAKernelImpl(at::TensorIteratorBase &, at::native::GeluType)::[lambda() (instance 2)]::operator ()() const::[lambda() (instance 4)]::operator ()() const::[lambda(c10::BFloat16) (instance 1)], std::array<char *, (unsigned long)2>>(int, T2, T3)+0xc0
=========     by thread (67,0,0) in block (0,0,0)
=========     Address 0x2b20dbc00430
=========     Saved host backtrace up to driver entry point at kernel launch time
=========         Host Frame: cuLaunchKernel [0x39d6c4] in libcuda.so.1
=========         Host Frame:  [0x13e88] in libcudart.so.12
=========         Host Frame: cudaLaunchKernel [0x79f87] in libcudart.so.12
=========         Host Frame: void at::native::gpu_kernel_impl<__nv_hdl_wrapper_t<false, true, false, __nv_dl_tag<void (*)(at::TensorIteratorBase&, at::native::GeluType), &at::native::GeluCUDAKernelImpl, 8u>, c10::BFloat16 (c10::BFloat16)> >(at::TensorIteratorBase&, __nv_hdl_wrapper_t<false, true, false, __nv_dl_tag<void (*)(at::TensorIteratorBase&, at::native::GeluType), &at::native::GeluCUDAKernelImpl, 8u>, c10::BFloat16 (c10::BFloat16)> const&) [clone .isra.0] [0x149a222] in libtorch_cuda.so
=========         Host Frame: at::(anonymous namespace)::wrapper_CUDA_gelu(at::Tensor const&, std::basic_string_view<char, std::char_traits<char> >) [0x389d25e] in libtorch_cuda.so
=========         Host Frame: c10::impl::wrap_kernel_functor_unboxed_<c10::impl::detail::WrapFunctionIntoFunctor_<c10::CompileTimeFunctionPointer<at::Tensor (at::Tensor const&, std::basic_string_view<char, std::char_traits<char> >), &at::(anonymous namespace)::wrapper_CUDA_gelu>, at::Tensor, c10::guts::typelist::typelist<at::Tensor const&, std::basic_string_view<char, std::char_traits<char> > > >, at::Tensor (at::Tensor const&, std::basic_string_view<char, std::char_traits<char> >)>::call(c10::OperatorKernel*, c10::DispatchKeySet, at::Tensor const&, std::basic_string_view<char, std::char_traits<char> >) [0x389d301] in libtorch_cuda.so
=========         Host Frame: at::_ops::gelu::redispatch(c10::DispatchKeySet, at::Tensor const&, std::basic_string_view<char, std::char_traits<char> >) [0x28d4193] in libtorch_cpu.so
=========         Host Frame: torch::autograd::VariableType::(anonymous namespace)::gelu(c10::DispatchKeySet, at::Tensor const&, std::basic_string_view<char, std::char_traits<char> >) [0x533cd3b] in libtorch_cpu.so
=========         Host Frame: c10::impl::wrap_kernel_functor_unboxed_<c10::impl::detail::WrapFunctionIntoFunctor_<c10::CompileTimeFunctionPointer<at::Tensor (c10::DispatchKeySet, at::Tensor const&, std::basic_string_view<char, std::char_traits<char> >), &torch::autograd::VariableType::(anonymous namespace)::gelu>, at::Tensor, c10::guts::typelist::typelist<c10::DispatchKeySet, at::Tensor const&, std::basic_string_view<char, std::char_traits<char> > > >, at::Tensor (c10::DispatchKeySet, at::Tensor const&, std::basic_string_view<char, std::char_traits<char> >)>::call(c10::OperatorKernel*, c10::DispatchKeySet, at::Tensor const&, std::basic_string_view<char, std::char_traits<char> >) [0x533d404] in libtorch_cpu.so
=========         Host Frame: at::_ops::gelu::call(at::Tensor const&, std::basic_string_view<char, std::char_traits<char> >) [0x298862f] in libtorch_cpu.so
=========         Host Frame: check_tail_aten(TailReferenceView const&) [0x3d236] in tail
=========         Host Frame: check_tail(int, int, int, int, bool) [0x1e88e] in tail
=========         Host Frame: main [0x16f42] in tail
========= 
========= Uninitialized __global__ memory read of size 16 bytes
=========     at void at::native::vectorized_elementwise_kernel<(int)8, at::native::GeluCUDAKernelImpl(at::TensorIteratorBase &, at::native::GeluType)::[lambda() (instance 2)]::operator ()() const::[lambda() (instance 4)]::operator ()() const::[lambda(c10::BFloat16) (instance 1)], std::array<char *, (unsigned long)2>>(int, T2, T3)+0xc0
=========     by thread (68,0,0) in block (0,0,0)
=========     Address 0x2b20dbc00440
=========     Saved host backtrace up to driver entry point at kernel launch time
=========         Host Frame: cuLaunchKernel [0x39d6c4] in libcuda.so.1
=========         Host Frame:  [0x13e88] in libcudart.so.12
=========         Host Frame: cudaLaunchKernel [0x79f87] in libcudart.so.12
=========         Host Frame: void at::native::gpu_kernel_impl<__nv_hdl_wrapper_t<false, true, false, __nv_dl_tag<void (*)(at::TensorIteratorBase&, at::native::GeluType), &at::native::GeluCUDAKernelImpl, 8u>, c10::BFloat16 (c10::BFloat16)> >(at::TensorIteratorBase&, __nv_hdl_wrapper_t<false, true, false, __nv_dl_tag<void (*)(at::TensorIteratorBase&, at::native::GeluType), &at::native::GeluCUDAKernelImpl, 8u>, c10::BFloat16 (c10::BFloat16)> const&) [clone .isra.0] [0x149a222] in libtorch_cuda.so
=========         Host Frame: at::(anonymous namespace)::wrapper_CUDA_gelu(at::Tensor const&, std::basic_string_view<char, std::char_traits<char> >) [0x389d25e] in libtorch_cuda.so
=========         Host Frame: c10::impl::wrap_kernel_functor_unboxed_<c10::impl::detail::WrapFunctionIntoFunctor_<c10::CompileTimeFunctionPointer<at::Tensor (at::Tensor const&, std::basic_string_view<char, std::char_traits<char> >), &at::(anonymous namespace)::wrapper_CUDA_gelu>, at::Tensor, c10::guts::typelist::typelist<at::Tensor const&, std::basic_string_view<char, std::char_traits<char> > > >, at::Tensor (at::Tensor const&, std::basic_string_view<char, std::char_traits<char> >)>::call(c10::OperatorKernel*, c10::DispatchKeySet, at::Tensor const&, std::basic_string_view<char, std::char_traits<char> >) [0x389d301] in libtorch_cuda.so
=========         Host Frame: at::_ops::gelu::redispatch(c10::DispatchKeySet, at::Tensor const&, std::basic_string_view<char, std::char_traits<char> >) [0x28d4193] in libtorch_cpu.so
=========         Host Frame: torch::autograd::VariableType::(anonymous namespace)::gelu(c10::DispatchKeySet, at::Tensor const&, std::basic_string_view<char, std::char_traits<char> >) [0x533cd3b] in libtorch_cpu.so
=========         Host Frame: c10::impl::wrap_kernel_functor_unboxed_<c10::impl::detail::WrapFunctionIntoFunctor_<c10::CompileTimeFunctionPointer<at::Tensor (c10::DispatchKeySet, at::Tensor const&, std::basic_string_view<char, std::char_traits<char> >), &torch::autograd::VariableType::(anonymous namespace)::gelu>, at::Tensor, c10::guts::typelist::typelist<c10::DispatchKeySet, at::Tensor const&, std::basic_string_view<char, std::char_traits<char> > > >, at::Tensor (c10::DispatchKeySet, at::Tensor const&, std::basic_string_view<char, std::char_traits<char> >)>::call(c10::OperatorKernel*, c10::DispatchKeySet, at::Tensor const&, std::basic_string_view<char, std::char_traits<char> >) [0x533d404] in libtorch_cpu.so
=========         Host Frame: at::_ops::gelu::call(at::Tensor const&, std::basic_string_view<char, std::char_traits<char> >) [0x298862f] in libtorch_cpu.so
=========         Host Frame: check_tail_aten(TailReferenceView const&) [0x3d236] in tail
=========         Host Frame: check_tail(int, int, int, int, bool) [0x1e88e] in tail
=========         Host Frame: main [0x16f42] in tail
========= 
========= Uninitialized __global__ memory read of size 16 bytes
=========     at void at::native::vectorized_elementwise_kernel<(int)8, at::native::GeluCUDAKernelImpl(at::TensorIteratorBase &, at::native::GeluType)::[lambda() (instance 2)]::operator ()() const::[lambda() (instance 4)]::operator ()() const::[lambda(c10::BFloat16) (instance 1)], std::array<char *, (unsigned long)2>>(int, T2, T3)+0xc0
=========     by thread (69,0,0) in block (0,0,0)
=========     Address 0x2b20dbc00450
=========     Saved host backtrace up to driver entry point at kernel launch time
=========         Host Frame: cuLaunchKernel [0x39d6c4] in libcuda.so.1
=========         Host Frame:  [0x13e88] in libcudart.so.12
=========         Host Frame: cudaLaunchKernel [0x79f87] in libcudart.so.12
=========         Host Frame: void at::native::gpu_kernel_impl<__nv_hdl_wrapper_t<false, true, false, __nv_dl_tag<void (*)(at::TensorIteratorBase&, at::native::GeluType), &at::native::GeluCUDAKernelImpl, 8u>, c10::BFloat16 (c10::BFloat16)> >(at::TensorIteratorBase&, __nv_hdl_wrapper_t<false, true, false, __nv_dl_tag<void (*)(at::TensorIteratorBase&, at::native::GeluType), &at::native::GeluCUDAKernelImpl, 8u>, c10::BFloat16 (c10::BFloat16)> const&) [clone .isra.0] [0x149a222] in libtorch_cuda.so
=========         Host Frame: at::(anonymous namespace)::wrapper_CUDA_gelu(at::Tensor const&, std::basic_string_view<char, std::char_traits<char> >) [0x389d25e] in libtorch_cuda.so
=========         Host Frame: c10::impl::wrap_kernel_functor_unboxed_<c10::impl::detail::WrapFunctionIntoFunctor_<c10::CompileTimeFunctionPointer<at::Tensor (at::Tensor const&, std::basic_string_view<char, std::char_traits<char> >), &at::(anonymous namespace)::wrapper_CUDA_gelu>, at::Tensor, c10::guts::typelist::typelist<at::Tensor const&, std::basic_string_view<char, std::char_traits<char> > > >, at::Tensor (at::Tensor const&, std::basic_string_view<char, std::char_traits<char> >)>::call(c10::OperatorKernel*, c10::DispatchKeySet, at::Tensor const&, std::basic_string_view<char, std::char_traits<char> >) [0x389d301] in libtorch_cuda.so
=========         Host Frame: at::_ops::gelu::redispatch(c10::DispatchKeySet, at::Tensor const&, std::basic_string_view<char, std::char_traits<char> >) [0x28d4193] in libtorch_cpu.so
=========         Host Frame: torch::autograd::VariableType::(anonymous namespace)::gelu(c10::DispatchKeySet, at::Tensor const&, std::basic_string_view<char, std::char_traits<char> >) [0x533cd3b] in libtorch_cpu.so
=========         Host Frame: c10::impl::wrap_kernel_functor_unboxed_<c10::impl::detail::WrapFunctionIntoFunctor_<c10::CompileTimeFunctionPointer<at::Tensor (c10::DispatchKeySet, at::Tensor const&, std::basic_string_view<char, std::char_traits<char> >), &torch::autograd::VariableType::(anonymous namespace)::gelu>, at::Tensor, c10::guts::typelist::typelist<c10::DispatchKeySet, at::Tensor const&, std::basic_string_view<char, std::char_traits<char> > > >, at::Tensor (c10::DispatchKeySet, at::Tensor const&, std::basic_string_view<char, std::char_traits<char> >)>::call(c10::OperatorKernel*, c10::DispatchKeySet, at::Tensor const&, std::basic_string_view<char, std::char_traits<char> >) [0x533d404] in libtorch_cpu.so
=========         Host Frame: at::_ops::gelu::call(at::Tensor const&, std::basic_string_view<char, std::char_traits<char> >) [0x298862f] in libtorch_cpu.so
=========         Host Frame: check_tail_aten(TailReferenceView const&) [0x3d236] in tail
=========         Host Frame: check_tail(int, int, int, int, bool) [0x1e88e] in tail
=========         Host Frame: main [0x16f42] in tail
========= 
========= Uninitialized __global__ memory read of size 16 bytes
=========     at void at::native::vectorized_elementwise_kernel<(int)8, at::native::GeluCUDAKernelImpl(at::TensorIteratorBase &, at::native::GeluType)::[lambda() (instance 2)]::operator ()() const::[lambda() (instance 4)]::operator ()() const::[lambda(c10::BFloat16) (instance 1)], std::array<char *, (unsigned long)2>>(int, T2, T3)+0xc0
=========     by thread (70,0,0) in block (0,0,0)
=========     Address 0x2b20dbc00460
=========     Saved host backtrace up to driver entry point at kernel launch time
=========         Host Frame: cuLaunchKernel [0x39d6c4] in libcuda.so.1
=========         Host Frame:  [0x13e88] in libcudart.so.12
=========         Host Frame: cudaLaunchKernel [0x79f87] in libcudart.so.12
=========         Host Frame: void at::native::gpu_kernel_impl<__nv_hdl_wrapper_t<false, true, false, __nv_dl_tag<void (*)(at::TensorIteratorBase&, at::native::GeluType), &at::native::GeluCUDAKernelImpl, 8u>, c10::BFloat16 (c10::BFloat16)> >(at::TensorIteratorBase&, __nv_hdl_wrapper_t<false, true, false, __nv_dl_tag<void (*)(at::TensorIteratorBase&, at::native::GeluType), &at::native::GeluCUDAKernelImpl, 8u>, c10::BFloat16 (c10::BFloat16)> const&) [clone .isra.0] [0x149a222] in libtorch_cuda.so
=========         Host Frame: at::(anonymous namespace)::wrapper_CUDA_gelu(at::Tensor const&, std::basic_string_view<char, std::char_traits<char> >) [0x389d25e] in libtorch_cuda.so
=========         Host Frame: c10::impl::wrap_kernel_functor_unboxed_<c10::impl::detail::WrapFunctionIntoFunctor_<c10::CompileTimeFunctionPointer<at::Tensor (at::Tensor const&, std::basic_string_view<char, std::char_traits<char> >), &at::(anonymous namespace)::wrapper_CUDA_gelu>, at::Tensor, c10::guts::typelist::typelist<at::Tensor const&, std::basic_string_view<char, std::char_traits<char> > > >, at::Tensor (at::Tensor const&, std::basic_string_view<char, std::char_traits<char> >)>::call(c10::OperatorKernel*, c10::DispatchKeySet, at::Tensor const&, std::basic_string_view<char, std::char_traits<char> >) [0x389d301] in libtorch_cuda.so
=========         Host Frame: at::_ops::gelu::redispatch(c10::DispatchKeySet, at::Tensor const&, std::basic_string_view<char, std::char_traits<char> >) [0x28d4193] in libtorch_cpu.so
=========         Host Frame: torch::autograd::VariableType::(anonymous namespace)::gelu(c10::DispatchKeySet, at::Tensor const&, std::basic_string_view<char, std::char_traits<char> >) [0x533cd3b] in libtorch_cpu.so
=========         Host Frame: c10::impl::wrap_kernel_functor_unboxed_<c10::impl::detail::WrapFunctionIntoFunctor_<c10::CompileTimeFunctionPointer<at::Tensor (c10::DispatchKeySet, at::Tensor const&, std::basic_string_view<char, std::char_traits<char> >), &torch::autograd::VariableType::(anonymous namespace)::gelu>, at::Tensor, c10::guts::typelist::typelist<c10::DispatchKeySet, at::Tensor const&, std::basic_string_view<char, std::char_traits<char> > > >, at::Tensor (c10::DispatchKeySet, at::Tensor const&, std::basic_string_view<char, std::char_traits<char> >)>::call(c10::OperatorKernel*, c10::DispatchKeySet, at::Tensor const&, std::basic_string_view<char, std::char_traits<char> >) [0x533d404] in libtorch_cpu.so
=========         Host Frame: at::_ops::gelu::call(at::Tensor const&, std::basic_string_view<char, std::char_traits<char> >) [0x298862f] in libtorch_cpu.so
=========         Host Frame: check_tail_aten(TailReferenceView const&) [0x3d236] in tail
=========         Host Frame: check_tail(int, int, int, int, bool) [0x1e88e] in tail
=========         Host Frame: main [0x16f42] in tail
========= 
========= Uninitialized __global__ memory read of size 16 bytes
=========     at void at::native::vectorized_elementwise_kernel<(int)8, at::native::GeluCUDAKernelImpl(at::TensorIteratorBase &, at::native::GeluType)::[lambda() (instance 2)]::operator ()() const::[lambda() (instance 4)]::operator ()() const::[lambda(c10::BFloat16) (instance 1)], std::array<char *, (unsigned long)2>>(int, T2, T3)+0xc0
=========     by thread (71,0,0) in block (0,0,0)
=========     Address 0x2b20dbc00470
=========     Saved host backtrace up to driver entry point at kernel launch time
=========         Host Frame: cuLaunchKernel [0x39d6c4] in libcuda.so.1
=========         Host Frame:  [0x13e88] in libcudart.so.12
=========         Host Frame: cudaLaunchKernel [0x79f87] in libcudart.so.12
=========         Host Frame: void at::native::gpu_kernel_impl<__nv_hdl_wrapper_t<false, true, false, __nv_dl_tag<void (*)(at::TensorIteratorBase&, at::native::GeluType), &at::native::GeluCUDAKernelImpl, 8u>, c10::BFloat16 (c10::BFloat16)> >(at::TensorIteratorBase&, __nv_hdl_wrapper_t<false, true, false, __nv_dl_tag<void (*)(at::TensorIteratorBase&, at::native::GeluType), &at::native::GeluCUDAKernelImpl, 8u>, c10::BFloat16 (c10::BFloat16)> const&) [clone .isra.0] [0x149a222] in libtorch_cuda.so
=========         Host Frame: at::(anonymous namespace)::wrapper_CUDA_gelu(at::Tensor const&, std::basic_string_view<char, std::char_traits<char> >) [0x389d25e] in libtorch_cuda.so
=========         Host Frame: c10::impl::wrap_kernel_functor_unboxed_<c10::impl::detail::WrapFunctionIntoFunctor_<c10::CompileTimeFunctionPointer<at::Tensor (at::Tensor const&, std::basic_string_view<char, std::char_traits<char> >), &at::(anonymous namespace)::wrapper_CUDA_gelu>, at::Tensor, c10::guts::typelist::typelist<at::Tensor const&, std::basic_string_view<char, std::char_traits<char> > > >, at::Tensor (at::Tensor const&, std::basic_string_view<char, std::char_traits<char> >)>::call(c10::OperatorKernel*, c10::DispatchKeySet, at::Tensor const&, std::basic_string_view<char, std::char_traits<char> >) [0x389d301] in libtorch_cuda.so
=========         Host Frame: at::_ops::gelu::redispatch(c10::DispatchKeySet, at::Tensor const&, std::basic_string_view<char, std::char_traits<char> >) [0x28d4193] in libtorch_cpu.so
=========         Host Frame: torch::autograd::VariableType::(anonymous namespace)::gelu(c10::DispatchKeySet, at::Tensor const&, std::basic_string_view<char, std::char_traits<char> >) [0x533cd3b] in libtorch_cpu.so
=========         Host Frame: c10::impl::wrap_kernel_functor_unboxed_<c10::impl::detail::WrapFunctionIntoFunctor_<c10::CompileTimeFunctionPointer<at::Tensor (c10::DispatchKeySet, at::Tensor const&, std::basic_string_view<char, std::char_traits<char> >), &torch::autograd::VariableType::(anonymous namespace)::gelu>, at::Tensor, c10::guts::typelist::typelist<c10::DispatchKeySet, at::Tensor const&, std::basic_string_view<char, std::char_traits<char> > > >, at::Tensor (c10::DispatchKeySet, at::Tensor const&, std::basic_string_view<char, std::char_traits<char> >)>::call(c10::OperatorKernel*, c10::DispatchKeySet, at::Tensor const&, std::basic_string_view<char, std::char_traits<char> >) [0x533d404] in libtorch_cpu.so
=========         Host Frame: at::_ops::gelu::call(at::Tensor const&, std::basic_string_view<char, std::char_traits<char> >) [0x298862f] in libtorch_cpu.so
=========         Host Frame: check_tail_aten(TailReferenceView const&) [0x3d236] in tail
=========         Host Frame: check_tail(int, int, int, int, bool) [0x1e88e] in tail
=========         Host Frame: main [0x16f42] in tail
========= 
========= Uninitialized __global__ memory read of size 16 bytes
=========     at void at::native::vectorized_elementwise_kernel<(int)8, at::native::GeluCUDAKernelImpl(at::TensorIteratorBase &, at::native::GeluType)::[lambda() (instance 2)]::operator ()() const::[lambda() (instance 4)]::operator ()() const::[lambda(c10::BFloat16) (instance 1)], std::array<char *, (unsigned long)2>>(int, T2, T3)+0xc0
=========     by thread (72,0,0) in block (0,0,0)
=========     Address 0x2b20dbc00480
=========     Saved host backtrace up to driver entry point at kernel launch time
=========         Host Frame: cuLaunchKernel [0x39d6c4] in libcuda.so.1
=========         Host Frame:  [0x13e88] in libcudart.so.12
=========         Host Frame: cudaLaunchKernel [0x79f87] in libcudart.so.12
=========         Host Frame: void at::native::gpu_kernel_impl<__nv_hdl_wrapper_t<false, true, false, __nv_dl_tag<void (*)(at::TensorIteratorBase&, at::native::GeluType), &at::native::GeluCUDAKernelImpl, 8u>, c10::BFloat16 (c10::BFloat16)> >(at::TensorIteratorBase&, __nv_hdl_wrapper_t<false, true, false, __nv_dl_tag<void (*)(at::TensorIteratorBase&, at::native::GeluType), &at::native::GeluCUDAKernelImpl, 8u>, c10::BFloat16 (c10::BFloat16)> const&) [clone .isra.0] [0x149a222] in libtorch_cuda.so
=========         Host Frame: at::(anonymous namespace)::wrapper_CUDA_gelu(at::Tensor const&, std::basic_string_view<char, std::char_traits<char> >) [0x389d25e] in libtorch_cuda.so
=========         Host Frame: c10::impl::wrap_kernel_functor_unboxed_<c10::impl::detail::WrapFunctionIntoFunctor_<c10::CompileTimeFunctionPointer<at::Tensor (at::Tensor const&, std::basic_string_view<char, std::char_traits<char> >), &at::(anonymous namespace)::wrapper_CUDA_gelu>, at::Tensor, c10::guts::typelist::typelist<at::Tensor const&, std::basic_string_view<char, std::char_traits<char> > > >, at::Tensor (at::Tensor const&, std::basic_string_view<char, std::char_traits<char> >)>::call(c10::OperatorKernel*, c10::DispatchKeySet, at::Tensor const&, std::basic_string_view<char, std::char_traits<char> >) [0x389d301] in libtorch_cuda.so
=========         Host Frame: at::_ops::gelu::redispatch(c10::DispatchKeySet, at::Tensor const&, std::basic_string_view<char, std::char_traits<char> >) [0x28d4193] in libtorch_cpu.so
=========         Host Frame: torch::autograd::VariableType::(anonymous namespace)::gelu(c10::DispatchKeySet, at::Tensor const&, std::basic_string_view<char, std::char_traits<char> >) [0x533cd3b] in libtorch_cpu.so
=========         Host Frame: c10::impl::wrap_kernel_functor_unboxed_<c10::impl::detail::WrapFunctionIntoFunctor_<c10::CompileTimeFunctionPointer<at::Tensor (c10::DispatchKeySet, at::Tensor const&, std::basic_string_view<char, std::char_traits<char> >), &torch::autograd::VariableType::(anonymous namespace)::gelu>, at::Tensor, c10::guts::typelist::typelist<c10::DispatchKeySet, at::Tensor const&, std::basic_string_view<char, std::char_traits<char> > > >, at::Tensor (c10::DispatchKeySet, at::Tensor const&, std::basic_string_view<char, std::char_traits<char> >)>::call(c10::OperatorKernel*, c10::DispatchKeySet, at::Tensor const&, std::basic_string_view<char, std::char_traits<char> >) [0x533d404] in libtorch_cpu.so
=========         Host Frame: at::_ops::gelu::call(at::Tensor const&, std::basic_string_view<char, std::char_traits<char> >) [0x298862f] in libtorch_cpu.so
=========         Host Frame: check_tail_aten(TailReferenceView const&) [0x3d236] in tail
=========         Host Frame: check_tail(int, int, int, int, bool) [0x1e88e] in tail
=========         Host Frame: main [0x16f42] in tail
========= 
========= Uninitialized __global__ memory read of size 16 bytes
=========     at void at::native::vectorized_elementwise_kernel<(int)8, at::native::GeluCUDAKernelImpl(at::TensorIteratorBase &, at::native::GeluType)::[lambda() (instance 2)]::operator ()() const::[lambda() (instance 4)]::operator ()() const::[lambda(c10::BFloat16) (instance 1)], std::array<char *, (unsigned long)2>>(int, T2, T3)+0xc0
=========     by thread (73,0,0) in block (0,0,0)
=========     Address 0x2b20dbc00490
=========     Saved host backtrace up to driver entry point at kernel launch time
=========         Host Frame: cuLaunchKernel [0x39d6c4] in libcuda.so.1
=========         Host Frame:  [0x13e88] in libcudart.so.12
=========         Host Frame: cudaLaunchKernel [0x79f87] in libcudart.so.12
=========         Host Frame: void at::native::gpu_kernel_impl<__nv_hdl_wrapper_t<false, true, false, __nv_dl_tag<void (*)(at::TensorIteratorBase&, at::native::GeluType), &at::native::GeluCUDAKernelImpl, 8u>, c10::BFloat16 (c10::BFloat16)> >(at::TensorIteratorBase&, __nv_hdl_wrapper_t<false, true, false, __nv_dl_tag<void (*)(at::TensorIteratorBase&, at::native::GeluType), &at::native::GeluCUDAKernelImpl, 8u>, c10::BFloat16 (c10::BFloat16)> const&) [clone .isra.0] [0x149a222] in libtorch_cuda.so
=========         Host Frame: at::(anonymous namespace)::wrapper_CUDA_gelu(at::Tensor const&, std::basic_string_view<char, std::char_traits<char> >) [0x389d25e] in libtorch_cuda.so
=========         Host Frame: c10::impl::wrap_kernel_functor_unboxed_<c10::impl::detail::WrapFunctionIntoFunctor_<c10::CompileTimeFunctionPointer<at::Tensor (at::Tensor const&, std::basic_string_view<char, std::char_traits<char> >), &at::(anonymous namespace)::wrapper_CUDA_gelu>, at::Tensor, c10::guts::typelist::typelist<at::Tensor const&, std::basic_string_view<char, std::char_traits<char> > > >, at::Tensor (at::Tensor const&, std::basic_string_view<char, std::char_traits<char> >)>::call(c10::OperatorKernel*, c10::DispatchKeySet, at::Tensor const&, std::basic_string_view<char, std::char_traits<char> >) [0x389d301] in libtorch_cuda.so
=========         Host Frame: at::_ops::gelu::redispatch(c10::DispatchKeySet, at::Tensor const&, std::basic_string_view<char, std::char_traits<char> >) [0x28d4193] in libtorch_cpu.so
=========         Host Frame: torch::autograd::VariableType::(anonymous namespace)::gelu(c10::DispatchKeySet, at::Tensor const&, std::basic_string_view<char, std::char_traits<char> >) [0x533cd3b] in libtorch_cpu.so
=========         Host Frame: c10::impl::wrap_kernel_functor_unboxed_<c10::impl::detail::WrapFunctionIntoFunctor_<c10::CompileTimeFunctionPointer<at::Tensor (c10::DispatchKeySet, at::Tensor const&, std::basic_string_view<char, std::char_traits<char> >), &torch::autograd::VariableType::(anonymous namespace)::gelu>, at::Tensor, c10::guts::typelist::typelist<c10::DispatchKeySet, at::Tensor const&, std::basic_string_view<char, std::char_traits<char> > > >, at::Tensor (c10::DispatchKeySet, at::Tensor const&, std::basic_string_view<char, std::char_traits<char> >)>::call(c10::OperatorKernel*, c10::DispatchKeySet, at::Tensor const&, std::basic_string_view<char, std::char_traits<char> >) [0x533d404] in libtorch_cpu.so
=========         Host Frame: at::_ops::gelu::call(at::Tensor const&, std::basic_string_view<char, std::char_traits<char> >) [0x298862f] in libtorch_cpu.so
=========         Host Frame: check_tail_aten(TailReferenceView const&) [0x3d236] in tail
=========         Host Frame: check_tail(int, int, int, int, bool) [0x1e88e] in tail
=========         Host Frame: main [0x16f42] in tail
========= 
========= Uninitialized __global__ memory read of size 16 bytes
=========     at void at::native::vectorized_elementwise_kernel<(int)8, at::native::GeluCUDAKernelImpl(at::TensorIteratorBase &, at::native::GeluType)::[lambda() (instance 2)]::operator ()() const::[lambda() (instance 4)]::operator ()() const::[lambda(c10::BFloat16) (instance 1)], std::array<char *, (unsigned long)2>>(int, T2, T3)+0xc0
=========     by thread (74,0,0) in block (0,0,0)
=========     Address 0x2b20dbc004a0
=========     Saved host backtrace up to driver entry point at kernel launch time
=========         Host Frame: cuLaunchKernel [0x39d6c4] in libcuda.so.1
=========         Host Frame:  [0x13e88] in libcudart.so.12
=========         Host Frame: cudaLaunchKernel [0x79f87] in libcudart.so.12
=========         Host Frame: void at::native::gpu_kernel_impl<__nv_hdl_wrapper_t<false, true, false, __nv_dl_tag<void (*)(at::TensorIteratorBase&, at::native::GeluType), &at::native::GeluCUDAKernelImpl, 8u>, c10::BFloat16 (c10::BFloat16)> >(at::TensorIteratorBase&, __nv_hdl_wrapper_t<false, true, false, __nv_dl_tag<void (*)(at::TensorIteratorBase&, at::native::GeluType), &at::native::GeluCUDAKernelImpl, 8u>, c10::BFloat16 (c10::BFloat16)> const&) [clone .isra.0] [0x149a222] in libtorch_cuda.so
=========         Host Frame: at::(anonymous namespace)::wrapper_CUDA_gelu(at::Tensor const&, std::basic_string_view<char, std::char_traits<char> >) [0x389d25e] in libtorch_cuda.so
=========         Host Frame: c10::impl::wrap_kernel_functor_unboxed_<c10::impl::detail::WrapFunctionIntoFunctor_<c10::CompileTimeFunctionPointer<at::Tensor (at::Tensor const&, std::basic_string_view<char, std::char_traits<char> >), &at::(anonymous namespace)::wrapper_CUDA_gelu>, at::Tensor, c10::guts::typelist::typelist<at::Tensor const&, std::basic_string_view<char, std::char_traits<char> > > >, at::Tensor (at::Tensor const&, std::basic_string_view<char, std::char_traits<char> >)>::call(c10::OperatorKernel*, c10::DispatchKeySet, at::Tensor const&, std::basic_string_view<char, std::char_traits<char> >) [0x389d301] in libtorch_cuda.so
=========         Host Frame: at::_ops::gelu::redispatch(c10::DispatchKeySet, at::Tensor const&, std::basic_string_view<char, std::char_traits<char> >) [0x28d4193] in libtorch_cpu.so
=========         Host Frame: torch::autograd::VariableType::(anonymous namespace)::gelu(c10::DispatchKeySet, at::Tensor const&, std::basic_string_view<char, std::char_traits<char> >) [0x533cd3b] in libtorch_cpu.so
=========         Host Frame: c10::impl::wrap_kernel_functor_unboxed_<c10::impl::detail::WrapFunctionIntoFunctor_<c10::CompileTimeFunctionPointer<at::Tensor (c10::DispatchKeySet, at::Tensor const&, std::basic_string_view<char, std::char_traits<char> >), &torch::autograd::VariableType::(anonymous namespace)::gelu>, at::Tensor, c10::guts::typelist::typelist<c10::DispatchKeySet, at::Tensor const&, std::basic_string_view<char, std::char_traits<char> > > >, at::Tensor (c10::DispatchKeySet, at::Tensor const&, std::basic_string_view<char, std::char_traits<char> >)>::call(c10::OperatorKernel*, c10::DispatchKeySet, at::Tensor const&, std::basic_string_view<char, std::char_traits<char> >) [0x533d404] in libtorch_cpu.so
=========         Host Frame: at::_ops::gelu::call(at::Tensor const&, std::basic_string_view<char, std::char_traits<char> >) [0x298862f] in libtorch_cpu.so
=========         Host Frame: check_tail_aten(TailReferenceView const&) [0x3d236] in tail
=========         Host Frame: check_tail(int, int, int, int, bool) [0x1e88e] in tail
=========         Host Frame: main [0x16f42] in tail
========= 
========= Uninitialized __global__ memory read of size 16 bytes
=========     at void at::native::vectorized_elementwise_kernel<(int)8, at::native::GeluCUDAKernelImpl(at::TensorIteratorBase &, at::native::GeluType)::[lambda() (instance 2)]::operator ()() const::[lambda() (instance 4)]::operator ()() const::[lambda(c10::BFloat16) (instance 1)], std::array<char *, (unsigned long)2>>(int, T2, T3)+0xc0
=========     by thread (75,0,0) in block (0,0,0)
=========     Address 0x2b20dbc004b0
=========     Saved host backtrace up to driver entry point at kernel launch time
=========         Host Frame: cuLaunchKernel [0x39d6c4] in libcuda.so.1
=========         Host Frame:  [0x13e88] in libcudart.so.12
=========         Host Frame: cudaLaunchKernel [0x79f87] in libcudart.so.12
=========         Host Frame: void at::native::gpu_kernel_impl<__nv_hdl_wrapper_t<false, true, false, __nv_dl_tag<void (*)(at::TensorIteratorBase&, at::native::GeluType), &at::native::GeluCUDAKernelImpl, 8u>, c10::BFloat16 (c10::BFloat16)> >(at::TensorIteratorBase&, __nv_hdl_wrapper_t<false, true, false, __nv_dl_tag<void (*)(at::TensorIteratorBase&, at::native::GeluType), &at::native::GeluCUDAKernelImpl, 8u>, c10::BFloat16 (c10::BFloat16)> const&) [clone .isra.0] [0x149a222] in libtorch_cuda.so
=========         Host Frame: at::(anonymous namespace)::wrapper_CUDA_gelu(at::Tensor const&, std::basic_string_view<char, std::char_traits<char> >) [0x389d25e] in libtorch_cuda.so
=========         Host Frame: c10::impl::wrap_kernel_functor_unboxed_<c10::impl::detail::WrapFunctionIntoFunctor_<c10::CompileTimeFunctionPointer<at::Tensor (at::Tensor const&, std::basic_string_view<char, std::char_traits<char> >), &at::(anonymous namespace)::wrapper_CUDA_gelu>, at::Tensor, c10::guts::typelist::typelist<at::Tensor const&, std::basic_string_view<char, std::char_traits<char> > > >, at::Tensor (at::Tensor const&, std::basic_string_view<char, std::char_traits<char> >)>::call(c10::OperatorKernel*, c10::DispatchKeySet, at::Tensor const&, std::basic_string_view<char, std::char_traits<char> >) [0x389d301] in libtorch_cuda.so
=========         Host Frame: at::_ops::gelu::redispatch(c10::DispatchKeySet, at::Tensor const&, std::basic_string_view<char, std::char_traits<char> >) [0x28d4193] in libtorch_cpu.so
=========         Host Frame: torch::autograd::VariableType::(anonymous namespace)::gelu(c10::DispatchKeySet, at::Tensor const&, std::basic_string_view<char, std::char_traits<char> >) [0x533cd3b] in libtorch_cpu.so
=========         Host Frame: c10::impl::wrap_kernel_functor_unboxed_<c10::impl::detail::WrapFunctionIntoFunctor_<c10::CompileTimeFunctionPointer<at::Tensor (c10::DispatchKeySet, at::Tensor const&, std::basic_string_view<char, std::char_traits<char> >), &torch::autograd::VariableType::(anonymous namespace)::gelu>, at::Tensor, c10::guts::typelist::typelist<c10::DispatchKeySet, at::Tensor const&, std::basic_string_view<char, std::char_traits<char> > > >, at::Tensor (c10::DispatchKeySet, at::Tensor const&, std::basic_string_view<char, std::char_traits<char> >)>::call(c10::OperatorKernel*, c10::DispatchKeySet, at::Tensor const&, std::basic_string_view<char, std::char_traits<char> >) [0x533d404] in libtorch_cpu.so
=========         Host Frame: at::_ops::gelu::call(at::Tensor const&, std::basic_string_view<char, std::char_traits<char> >) [0x298862f] in libtorch_cpu.so
=========         Host Frame: check_tail_aten(TailReferenceView const&) [0x3d236] in tail
=========         Host Frame: check_tail(int, int, int, int, bool) [0x1e88e] in tail
=========         Host Frame: main [0x16f42] in tail
========= 
========= Uninitialized __global__ memory read of size 16 bytes
=========     at void at::native::vectorized_elementwise_kernel<(int)8, at::native::GeluCUDAKernelImpl(at::TensorIteratorBase &, at::native::GeluType)::[lambda() (instance 2)]::operator ()() const::[lambda() (instance 4)]::operator ()() const::[lambda(c10::BFloat16) (instance 1)], std::array<char *, (unsigned long)2>>(int, T2, T3)+0xc0
=========     by thread (76,0,0) in block (0,0,0)
=========     Address 0x2b20dbc004c0
=========     Saved host backtrace up to driver entry point at kernel launch time
=========         Host Frame: cuLaunchKernel [0x39d6c4] in libcuda.so.1
=========         Host Frame:  [0x13e88] in libcudart.so.12
=========         Host Frame: cudaLaunchKernel [0x79f87] in libcudart.so.12
=========         Host Frame: void at::native::gpu_kernel_impl<__nv_hdl_wrapper_t<false, true, false, __nv_dl_tag<void (*)(at::TensorIteratorBase&, at::native::GeluType), &at::native::GeluCUDAKernelImpl, 8u>, c10::BFloat16 (c10::BFloat16)> >(at::TensorIteratorBase&, __nv_hdl_wrapper_t<false, true, false, __nv_dl_tag<void (*)(at::TensorIteratorBase&, at::native::GeluType), &at::native::GeluCUDAKernelImpl, 8u>, c10::BFloat16 (c10::BFloat16)> const&) [clone .isra.0] [0x149a222] in libtorch_cuda.so
=========         Host Frame: at::(anonymous namespace)::wrapper_CUDA_gelu(at::Tensor const&, std::basic_string_view<char, std::char_traits<char> >) [0x389d25e] in libtorch_cuda.so
=========         Host Frame: c10::impl::wrap_kernel_functor_unboxed_<c10::impl::detail::WrapFunctionIntoFunctor_<c10::CompileTimeFunctionPointer<at::Tensor (at::Tensor const&, std::basic_string_view<char, std::char_traits<char> >), &at::(anonymous namespace)::wrapper_CUDA_gelu>, at::Tensor, c10::guts::typelist::typelist<at::Tensor const&, std::basic_string_view<char, std::char_traits<char> > > >, at::Tensor (at::Tensor const&, std::basic_string_view<char, std::char_traits<char> >)>::call(c10::OperatorKernel*, c10::DispatchKeySet, at::Tensor const&, std::basic_string_view<char, std::char_traits<char> >) [0x389d301] in libtorch_cuda.so
=========         Host Frame: at::_ops::gelu::redispatch(c10::DispatchKeySet, at::Tensor const&, std::basic_string_view<char, std::char_traits<char> >) [0x28d4193] in libtorch_cpu.so
=========         Host Frame: torch::autograd::VariableType::(anonymous namespace)::gelu(c10::DispatchKeySet, at::Tensor const&, std::basic_string_view<char, std::char_traits<char> >) [0x533cd3b] in libtorch_cpu.so
=========         Host Frame: c10::impl::wrap_kernel_functor_unboxed_<c10::impl::detail::WrapFunctionIntoFunctor_<c10::CompileTimeFunctionPointer<at::Tensor (c10::DispatchKeySet, at::Tensor const&, std::basic_string_view<char, std::char_traits<char> >), &torch::autograd::VariableType::(anonymous namespace)::gelu>, at::Tensor, c10::guts::typelist::typelist<c10::DispatchKeySet, at::Tensor const&, std::basic_string_view<char, std::char_traits<char> > > >, at::Tensor (c10::DispatchKeySet, at::Tensor const&, std::basic_string_view<char, std::char_traits<char> >)>::call(c10::OperatorKernel*, c10::DispatchKeySet, at::Tensor const&, std::basic_string_view<char, std::char_traits<char> >) [0x533d404] in libtorch_cpu.so
=========         Host Frame: at::_ops::gelu::call(at::Tensor const&, std::basic_string_view<char, std::char_traits<char> >) [0x298862f] in libtorch_cpu.so
=========         Host Frame: check_tail_aten(TailReferenceView const&) [0x3d236] in tail
=========         Host Frame: check_tail(int, int, int, int, bool) [0x1e88e] in tail
=========         Host Frame: main [0x16f42] in tail
========= 
========= Uninitialized __global__ memory read of size 16 bytes
=========     at void at::native::vectorized_elementwise_kernel<(int)8, at::native::GeluCUDAKernelImpl(at::TensorIteratorBase &, at::native::GeluType)::[lambda() (instance 2)]::operator ()() const::[lambda() (instance 4)]::operator ()() const::[lambda(c10::BFloat16) (instance 1)], std::array<char *, (unsigned long)2>>(int, T2, T3)+0xc0
=========     by thread (77,0,0) in block (0,0,0)
=========     Address 0x2b20dbc004d0
=========     Saved host backtrace up to driver entry point at kernel launch time
=========         Host Frame: cuLaunchKernel [0x39d6c4] in libcuda.so.1
=========         Host Frame:  [0x13e88] in libcudart.so.12
=========         Host Frame: cudaLaunchKernel [0x79f87] in libcudart.so.12
=========         Host Frame: void at::native::gpu_kernel_impl<__nv_hdl_wrapper_t<false, true, false, __nv_dl_tag<void (*)(at::TensorIteratorBase&, at::native::GeluType), &at::native::GeluCUDAKernelImpl, 8u>, c10::BFloat16 (c10::BFloat16)> >(at::TensorIteratorBase&, __nv_hdl_wrapper_t<false, true, false, __nv_dl_tag<void (*)(at::TensorIteratorBase&, at::native::GeluType), &at::native::GeluCUDAKernelImpl, 8u>, c10::BFloat16 (c10::BFloat16)> const&) [clone .isra.0] [0x149a222] in libtorch_cuda.so
=========         Host Frame: at::(anonymous namespace)::wrapper_CUDA_gelu(at::Tensor const&, std::basic_string_view<char, std::char_traits<char> >) [0x389d25e] in libtorch_cuda.so
=========         Host Frame: c10::impl::wrap_kernel_functor_unboxed_<c10::impl::detail::WrapFunctionIntoFunctor_<c10::CompileTimeFunctionPointer<at::Tensor (at::Tensor const&, std::basic_string_view<char, std::char_traits<char> >), &at::(anonymous namespace)::wrapper_CUDA_gelu>, at::Tensor, c10::guts::typelist::typelist<at::Tensor const&, std::basic_string_view<char, std::char_traits<char> > > >, at::Tensor (at::Tensor const&, std::basic_string_view<char, std::char_traits<char> >)>::call(c10::OperatorKernel*, c10::DispatchKeySet, at::Tensor const&, std::basic_string_view<char, std::char_traits<char> >) [0x389d301] in libtorch_cuda.so
=========         Host Frame: at::_ops::gelu::redispatch(c10::DispatchKeySet, at::Tensor const&, std::basic_string_view<char, std::char_traits<char> >) [0x28d4193] in libtorch_cpu.so
=========         Host Frame: torch::autograd::VariableType::(anonymous namespace)::gelu(c10::DispatchKeySet, at::Tensor const&, std::basic_string_view<char, std::char_traits<char> >) [0x533cd3b] in libtorch_cpu.so
=========         Host Frame: c10::impl::wrap_kernel_functor_unboxed_<c10::impl::detail::WrapFunctionIntoFunctor_<c10::CompileTimeFunctionPointer<at::Tensor (c10::DispatchKeySet, at::Tensor const&, std::basic_string_view<char, std::char_traits<char> >), &torch::autograd::VariableType::(anonymous namespace)::gelu>, at::Tensor, c10::guts::typelist::typelist<c10::DispatchKeySet, at::Tensor const&, std::basic_string_view<char, std::char_traits<char> > > >, at::Tensor (c10::DispatchKeySet, at::Tensor const&, std::basic_string_view<char, std::char_traits<char> >)>::call(c10::OperatorKernel*, c10::DispatchKeySet, at::Tensor const&, std::basic_string_view<char, std::char_traits<char> >) [0x533d404] in libtorch_cpu.so
=========         Host Frame: at::_ops::gelu::call(at::Tensor const&, std::basic_string_view<char, std::char_traits<char> >) [0x298862f] in libtorch_cpu.so
=========         Host Frame: check_tail_aten(TailReferenceView const&) [0x3d236] in tail
=========         Host Frame: check_tail(int, int, int, int, bool) [0x1e88e] in tail
=========         Host Frame: main [0x16f42] in tail
========= 
========= Uninitialized __global__ memory read of size 16 bytes
=========     at void at::native::vectorized_elementwise_kernel<(int)8, at::native::GeluCUDAKernelImpl(at::TensorIteratorBase &, at::native::GeluType)::[lambda() (instance 2)]::operator ()() const::[lambda() (instance 4)]::operator ()() const::[lambda(c10::BFloat16) (instance 1)], std::array<char *, (unsigned long)2>>(int, T2, T3)+0xc0
=========     by thread (78,0,0) in block (0,0,0)
=========     Address 0x2b20dbc004e0
=========     Saved host backtrace up to driver entry point at kernel launch time
=========         Host Frame: cuLaunchKernel [0x39d6c4] in libcuda.so.1
=========         Host Frame:  [0x13e88] in libcudart.so.12
=========         Host Frame: cudaLaunchKernel [0x79f87] in libcudart.so.12
=========         Host Frame: void at::native::gpu_kernel_impl<__nv_hdl_wrapper_t<false, true, false, __nv_dl_tag<void (*)(at::TensorIteratorBase&, at::native::GeluType), &at::native::GeluCUDAKernelImpl, 8u>, c10::BFloat16 (c10::BFloat16)> >(at::TensorIteratorBase&, __nv_hdl_wrapper_t<false, true, false, __nv_dl_tag<void (*)(at::TensorIteratorBase&, at::native::GeluType), &at::native::GeluCUDAKernelImpl, 8u>, c10::BFloat16 (c10::BFloat16)> const&) [clone .isra.0] [0x149a222] in libtorch_cuda.so
=========         Host Frame: at::(anonymous namespace)::wrapper_CUDA_gelu(at::Tensor const&, std::basic_string_view<char, std::char_traits<char> >) [0x389d25e] in libtorch_cuda.so
=========         Host Frame: c10::impl::wrap_kernel_functor_unboxed_<c10::impl::detail::WrapFunctionIntoFunctor_<c10::CompileTimeFunctionPointer<at::Tensor (at::Tensor const&, std::basic_string_view<char, std::char_traits<char> >), &at::(anonymous namespace)::wrapper_CUDA_gelu>, at::Tensor, c10::guts::typelist::typelist<at::Tensor const&, std::basic_string_view<char, std::char_traits<char> > > >, at::Tensor (at::Tensor const&, std::basic_string_view<char, std::char_traits<char> >)>::call(c10::OperatorKernel*, c10::DispatchKeySet, at::Tensor const&, std::basic_string_view<char, std::char_traits<char> >) [0x389d301] in libtorch_cuda.so
=========         Host Frame: at::_ops::gelu::redispatch(c10::DispatchKeySet, at::Tensor const&, std::basic_string_view<char, std::char_traits<char> >) [0x28d4193] in libtorch_cpu.so
=========         Host Frame: torch::autograd::VariableType::(anonymous namespace)::gelu(c10::DispatchKeySet, at::Tensor const&, std::basic_string_view<char, std::char_traits<char> >) [0x533cd3b] in libtorch_cpu.so
=========         Host Frame: c10::impl::wrap_kernel_functor_unboxed_<c10::impl::detail::WrapFunctionIntoFunctor_<c10::CompileTimeFunctionPointer<at::Tensor (c10::DispatchKeySet, at::Tensor const&, std::basic_string_view<char, std::char_traits<char> >), &torch::autograd::VariableType::(anonymous namespace)::gelu>, at::Tensor, c10::guts::typelist::typelist<c10::DispatchKeySet, at::Tensor const&, std::basic_string_view<char, std::char_traits<char> > > >, at::Tensor (c10::DispatchKeySet, at::Tensor const&, std::basic_string_view<char, std::char_traits<char> >)>::call(c10::OperatorKernel*, c10::DispatchKeySet, at::Tensor const&, std::basic_string_view<char, std::char_traits<char> >) [0x533d404] in libtorch_cpu.so
=========         Host Frame: at::_ops::gelu::call(at::Tensor const&, std::basic_string_view<char, std::char_traits<char> >) [0x298862f] in libtorch_cpu.so
=========         Host Frame: check_tail_aten(TailReferenceView const&) [0x3d236] in tail
=========         Host Frame: check_tail(int, int, int, int, bool) [0x1e88e] in tail
=========         Host Frame: main [0x16f42] in tail
========= 
========= Uninitialized __global__ memory read of size 16 bytes
=========     at void at::native::vectorized_elementwise_kernel<(int)8, at::native::GeluCUDAKernelImpl(at::TensorIteratorBase &, at::native::GeluType)::[lambda() (instance 2)]::operator ()() const::[lambda() (instance 4)]::operator ()() const::[lambda(c10::BFloat16) (instance 1)], std::array<char *, (unsigned long)2>>(int, T2, T3)+0xc0
=========     by thread (79,0,0) in block (0,0,0)
=========     Address 0x2b20dbc004f0
=========     Saved host backtrace up to driver entry point at kernel launch time
=========         Host Frame: cuLaunchKernel [0x39d6c4] in libcuda.so.1
=========         Host Frame:  [0x13e88] in libcudart.so.12
=========         Host Frame: cudaLaunchKernel [0x79f87] in libcudart.so.12
=========         Host Frame: void at::native::gpu_kernel_impl<__nv_hdl_wrapper_t<false, true, false, __nv_dl_tag<void (*)(at::TensorIteratorBase&, at::native::GeluType), &at::native::GeluCUDAKernelImpl, 8u>, c10::BFloat16 (c10::BFloat16)> >(at::TensorIteratorBase&, __nv_hdl_wrapper_t<false, true, false, __nv_dl_tag<void (*)(at::TensorIteratorBase&, at::native::GeluType), &at::native::GeluCUDAKernelImpl, 8u>, c10::BFloat16 (c10::BFloat16)> const&) [clone .isra.0] [0x149a222] in libtorch_cuda.so
=========         Host Frame: at::(anonymous namespace)::wrapper_CUDA_gelu(at::Tensor const&, std::basic_string_view<char, std::char_traits<char> >) [0x389d25e] in libtorch_cuda.so
=========         Host Frame: c10::impl::wrap_kernel_functor_unboxed_<c10::impl::detail::WrapFunctionIntoFunctor_<c10::CompileTimeFunctionPointer<at::Tensor (at::Tensor const&, std::basic_string_view<char, std::char_traits<char> >), &at::(anonymous namespace)::wrapper_CUDA_gelu>, at::Tensor, c10::guts::typelist::typelist<at::Tensor const&, std::basic_string_view<char, std::char_traits<char> > > >, at::Tensor (at::Tensor const&, std::basic_string_view<char, std::char_traits<char> >)>::call(c10::OperatorKernel*, c10::DispatchKeySet, at::Tensor const&, std::basic_string_view<char, std::char_traits<char> >) [0x389d301] in libtorch_cuda.so
=========         Host Frame: at::_ops::gelu::redispatch(c10::DispatchKeySet, at::Tensor const&, std::basic_string_view<char, std::char_traits<char> >) [0x28d4193] in libtorch_cpu.so
=========         Host Frame: torch::autograd::VariableType::(anonymous namespace)::gelu(c10::DispatchKeySet, at::Tensor const&, std::basic_string_view<char, std::char_traits<char> >) [0x533cd3b] in libtorch_cpu.so
=========         Host Frame: c10::impl::wrap_kernel_functor_unboxed_<c10::impl::detail::WrapFunctionIntoFunctor_<c10::CompileTimeFunctionPointer<at::Tensor (c10::DispatchKeySet, at::Tensor const&, std::basic_string_view<char, std::char_traits<char> >), &torch::autograd::VariableType::(anonymous namespace)::gelu>, at::Tensor, c10::guts::typelist::typelist<c10::DispatchKeySet, at::Tensor const&, std::basic_string_view<char, std::char_traits<char> > > >, at::Tensor (c10::DispatchKeySet, at::Tensor const&, std::basic_string_view<char, std::char_traits<char> >)>::call(c10::OperatorKernel*, c10::DispatchKeySet, at::Tensor const&, std::basic_string_view<char, std::char_traits<char> >) [0x533d404] in libtorch_cpu.so
=========         Host Frame: at::_ops::gelu::call(at::Tensor const&, std::basic_string_view<char, std::char_traits<char> >) [0x298862f] in libtorch_cpu.so
=========         Host Frame: check_tail_aten(TailReferenceView const&) [0x3d236] in tail
=========         Host Frame: check_tail(int, int, int, int, bool) [0x1e88e] in tail
=========         Host Frame: main [0x16f42] in tail
========= 
========= Uninitialized __global__ memory read of size 16 bytes
=========     at void at::native::vectorized_elementwise_kernel<(int)8, at::native::GeluCUDAKernelImpl(at::TensorIteratorBase &, at::native::GeluType)::[lambda() (instance 2)]::operator ()() const::[lambda() (instance 4)]::operator ()() const::[lambda(c10::BFloat16) (instance 1)], std::array<char *, (unsigned long)2>>(int, T2, T3)+0xc0
=========     by thread (80,0,0) in block (0,0,0)
=========     Address 0x2b20dbc00500
=========     Saved host backtrace up to driver entry point at kernel launch time
=========         Host Frame: cuLaunchKernel [0x39d6c4] in libcuda.so.1
=========         Host Frame:  [0x13e88] in libcudart.so.12
=========         Host Frame: cudaLaunchKernel [0x79f87] in libcudart.so.12
=========         Host Frame: void at::native::gpu_kernel_impl<__nv_hdl_wrapper_t<false, true, false, __nv_dl_tag<void (*)(at::TensorIteratorBase&, at::native::GeluType), &at::native::GeluCUDAKernelImpl, 8u>, c10::BFloat16 (c10::BFloat16)> >(at::TensorIteratorBase&, __nv_hdl_wrapper_t<false, true, false, __nv_dl_tag<void (*)(at::TensorIteratorBase&, at::native::GeluType), &at::native::GeluCUDAKernelImpl, 8u>, c10::BFloat16 (c10::BFloat16)> const&) [clone .isra.0] [0x149a222] in libtorch_cuda.so
=========         Host Frame: at::(anonymous namespace)::wrapper_CUDA_gelu(at::Tensor const&, std::basic_string_view<char, std::char_traits<char> >) [0x389d25e] in libtorch_cuda.so
=========         Host Frame: c10::impl::wrap_kernel_functor_unboxed_<c10::impl::detail::WrapFunctionIntoFunctor_<c10::CompileTimeFunctionPointer<at::Tensor (at::Tensor const&, std::basic_string_view<char, std::char_traits<char> >), &at::(anonymous namespace)::wrapper_CUDA_gelu>, at::Tensor, c10::guts::typelist::typelist<at::Tensor const&, std::basic_string_view<char, std::char_traits<char> > > >, at::Tensor (at::Tensor const&, std::basic_string_view<char, std::char_traits<char> >)>::call(c10::OperatorKernel*, c10::DispatchKeySet, at::Tensor const&, std::basic_string_view<char, std::char_traits<char> >) [0x389d301] in libtorch_cuda.so
=========         Host Frame: at::_ops::gelu::redispatch(c10::DispatchKeySet, at::Tensor const&, std::basic_string_view<char, std::char_traits<char> >) [0x28d4193] in libtorch_cpu.so
=========         Host Frame: torch::autograd::VariableType::(anonymous namespace)::gelu(c10::DispatchKeySet, at::Tensor const&, std::basic_string_view<char, std::char_traits<char> >) [0x533cd3b] in libtorch_cpu.so
=========         Host Frame: c10::impl::wrap_kernel_functor_unboxed_<c10::impl::detail::WrapFunctionIntoFunctor_<c10::CompileTimeFunctionPointer<at::Tensor (c10::DispatchKeySet, at::Tensor const&, std::basic_string_view<char, std::char_traits<char> >), &torch::autograd::VariableType::(anonymous namespace)::gelu>, at::Tensor, c10::guts::typelist::typelist<c10::DispatchKeySet, at::Tensor const&, std::basic_string_view<char, std::char_traits<char> > > >, at::Tensor (c10::DispatchKeySet, at::Tensor const&, std::basic_string_view<char, std::char_traits<char> >)>::call(c10::OperatorKernel*, c10::DispatchKeySet, at::Tensor const&, std::basic_string_view<char, std::char_traits<char> >) [0x533d404] in libtorch_cpu.so
=========         Host Frame: at::_ops::gelu::call(at::Tensor const&, std::basic_string_view<char, std::char_traits<char> >) [0x298862f] in libtorch_cpu.so
=========         Host Frame: check_tail_aten(TailReferenceView const&) [0x3d236] in tail
=========         Host Frame: check_tail(int, int, int, int, bool) [0x1e88e] in tail
=========         Host Frame: main [0x16f42] in tail
========= 
========= Uninitialized __global__ memory read of size 16 bytes
=========     at void at::native::vectorized_elementwise_kernel<(int)8, at::native::GeluCUDAKernelImpl(at::TensorIteratorBase &, at::native::GeluType)::[lambda() (instance 2)]::operator ()() const::[lambda() (instance 4)]::operator ()() const::[lambda(c10::BFloat16) (instance 1)], std::array<char *, (unsigned long)2>>(int, T2, T3)+0xc0
=========     by thread (81,0,0) in block (0,0,0)
=========     Address 0x2b20dbc00510
=========     Saved host backtrace up to driver entry point at kernel launch time
=========         Host Frame: cuLaunchKernel [0x39d6c4] in libcuda.so.1
=========         Host Frame:  [0x13e88] in libcudart.so.12
=========         Host Frame: cudaLaunchKernel [0x79f87] in libcudart.so.12
=========         Host Frame: void at::native::gpu_kernel_impl<__nv_hdl_wrapper_t<false, true, false, __nv_dl_tag<void (*)(at::TensorIteratorBase&, at::native::GeluType), &at::native::GeluCUDAKernelImpl, 8u>, c10::BFloat16 (c10::BFloat16)> >(at::TensorIteratorBase&, __nv_hdl_wrapper_t<false, true, false, __nv_dl_tag<void (*)(at::TensorIteratorBase&, at::native::GeluType), &at::native::GeluCUDAKernelImpl, 8u>, c10::BFloat16 (c10::BFloat16)> const&) [clone .isra.0] [0x149a222] in libtorch_cuda.so
=========         Host Frame: at::(anonymous namespace)::wrapper_CUDA_gelu(at::Tensor const&, std::basic_string_view<char, std::char_traits<char> >) [0x389d25e] in libtorch_cuda.so
=========         Host Frame: c10::impl::wrap_kernel_functor_unboxed_<c10::impl::detail::WrapFunctionIntoFunctor_<c10::CompileTimeFunctionPointer<at::Tensor (at::Tensor const&, std::basic_string_view<char, std::char_traits<char> >), &at::(anonymous namespace)::wrapper_CUDA_gelu>, at::Tensor, c10::guts::typelist::typelist<at::Tensor const&, std::basic_string_view<char, std::char_traits<char> > > >, at::Tensor (at::Tensor const&, std::basic_string_view<char, std::char_traits<char> >)>::call(c10::OperatorKernel*, c10::DispatchKeySet, at::Tensor const&, std::basic_string_view<char, std::char_traits<char> >) [0x389d301] in libtorch_cuda.so
=========         Host Frame: at::_ops::gelu::redispatch(c10::DispatchKeySet, at::Tensor const&, std::basic_string_view<char, std::char_traits<char> >) [0x28d4193] in libtorch_cpu.so
=========         Host Frame: torch::autograd::VariableType::(anonymous namespace)::gelu(c10::DispatchKeySet, at::Tensor const&, std::basic_string_view<char, std::char_traits<char> >) [0x533cd3b] in libtorch_cpu.so
=========         Host Frame: c10::impl::wrap_kernel_functor_unboxed_<c10::impl::detail::WrapFunctionIntoFunctor_<c10::CompileTimeFunctionPointer<at::Tensor (c10::DispatchKeySet, at::Tensor const&, std::basic_string_view<char, std::char_traits<char> >), &torch::autograd::VariableType::(anonymous namespace)::gelu>, at::Tensor, c10::guts::typelist::typelist<c10::DispatchKeySet, at::Tensor const&, std::basic_string_view<char, std::char_traits<char> > > >, at::Tensor (c10::DispatchKeySet, at::Tensor const&, std::basic_string_view<char, std::char_traits<char> >)>::call(c10::OperatorKernel*, c10::DispatchKeySet, at::Tensor const&, std::basic_string_view<char, std::char_traits<char> >) [0x533d404] in libtorch_cpu.so
=========         Host Frame: at::_ops::gelu::call(at::Tensor const&, std::basic_string_view<char, std::char_traits<char> >) [0x298862f] in libtorch_cpu.so
=========         Host Frame: check_tail_aten(TailReferenceView const&) [0x3d236] in tail
=========         Host Frame: check_tail(int, int, int, int, bool) [0x1e88e] in tail
=========         Host Frame: main [0x16f42] in tail
========= 
========= Uninitialized __global__ memory read of size 16 bytes
=========     at void at::native::vectorized_elementwise_kernel<(int)8, at::native::GeluCUDAKernelImpl(at::TensorIteratorBase &, at::native::GeluType)::[lambda() (instance 2)]::operator ()() const::[lambda() (instance 4)]::operator ()() const::[lambda(c10::BFloat16) (instance 1)], std::array<char *, (unsigned long)2>>(int, T2, T3)+0xc0
=========     by thread (82,0,0) in block (0,0,0)
=========     Address 0x2b20dbc00520
=========     Saved host backtrace up to driver entry point at kernel launch time
=========         Host Frame: cuLaunchKernel [0x39d6c4] in libcuda.so.1
=========         Host Frame:  [0x13e88] in libcudart.so.12
=========         Host Frame: cudaLaunchKernel [0x79f87] in libcudart.so.12
=========         Host Frame: void at::native::gpu_kernel_impl<__nv_hdl_wrapper_t<false, true, false, __nv_dl_tag<void (*)(at::TensorIteratorBase&, at::native::GeluType), &at::native::GeluCUDAKernelImpl, 8u>, c10::BFloat16 (c10::BFloat16)> >(at::TensorIteratorBase&, __nv_hdl_wrapper_t<false, true, false, __nv_dl_tag<void (*)(at::TensorIteratorBase&, at::native::GeluType), &at::native::GeluCUDAKernelImpl, 8u>, c10::BFloat16 (c10::BFloat16)> const&) [clone .isra.0] [0x149a222] in libtorch_cuda.so
=========         Host Frame: at::(anonymous namespace)::wrapper_CUDA_gelu(at::Tensor const&, std::basic_string_view<char, std::char_traits<char> >) [0x389d25e] in libtorch_cuda.so
=========         Host Frame: c10::impl::wrap_kernel_functor_unboxed_<c10::impl::detail::WrapFunctionIntoFunctor_<c10::CompileTimeFunctionPointer<at::Tensor (at::Tensor const&, std::basic_string_view<char, std::char_traits<char> >), &at::(anonymous namespace)::wrapper_CUDA_gelu>, at::Tensor, c10::guts::typelist::typelist<at::Tensor const&, std::basic_string_view<char, std::char_traits<char> > > >, at::Tensor (at::Tensor const&, std::basic_string_view<char, std::char_traits<char> >)>::call(c10::OperatorKernel*, c10::DispatchKeySet, at::Tensor const&, std::basic_string_view<char, std::char_traits<char> >) [0x389d301] in libtorch_cuda.so
=========         Host Frame: at::_ops::gelu::redispatch(c10::DispatchKeySet, at::Tensor const&, std::basic_string_view<char, std::char_traits<char> >) [0x28d4193] in libtorch_cpu.so
=========         Host Frame: torch::autograd::VariableType::(anonymous namespace)::gelu(c10::DispatchKeySet, at::Tensor const&, std::basic_string_view<char, std::char_traits<char> >) [0x533cd3b] in libtorch_cpu.so
=========         Host Frame: c10::impl::wrap_kernel_functor_unboxed_<c10::impl::detail::WrapFunctionIntoFunctor_<c10::CompileTimeFunctionPointer<at::Tensor (c10::DispatchKeySet, at::Tensor const&, std::basic_string_view<char, std::char_traits<char> >), &torch::autograd::VariableType::(anonymous namespace)::gelu>, at::Tensor, c10::guts::typelist::typelist<c10::DispatchKeySet, at::Tensor const&, std::basic_string_view<char, std::char_traits<char> > > >, at::Tensor (c10::DispatchKeySet, at::Tensor const&, std::basic_string_view<char, std::char_traits<char> >)>::call(c10::OperatorKernel*, c10::DispatchKeySet, at::Tensor const&, std::basic_string_view<char, std::char_traits<char> >) [0x533d404] in libtorch_cpu.so
=========         Host Frame: at::_ops::gelu::call(at::Tensor const&, std::basic_string_view<char, std::char_traits<char> >) [0x298862f] in libtorch_cpu.so
=========         Host Frame: check_tail_aten(TailReferenceView const&) [0x3d236] in tail
=========         Host Frame: check_tail(int, int, int, int, bool) [0x1e88e] in tail
=========         Host Frame: main [0x16f42] in tail
========= 
========= Uninitialized __global__ memory read of size 16 bytes
=========     at void at::native::vectorized_elementwise_kernel<(int)8, at::native::GeluCUDAKernelImpl(at::TensorIteratorBase &, at::native::GeluType)::[lambda() (instance 2)]::operator ()() const::[lambda() (instance 4)]::operator ()() const::[lambda(c10::BFloat16) (instance 1)], std::array<char *, (unsigned long)2>>(int, T2, T3)+0xc0
=========     by thread (83,0,0) in block (0,0,0)
=========     Address 0x2b20dbc00530
=========     Saved host backtrace up to driver entry point at kernel launch time
=========         Host Frame: cuLaunchKernel [0x39d6c4] in libcuda.so.1
=========         Host Frame:  [0x13e88] in libcudart.so.12
=========         Host Frame: cudaLaunchKernel [0x79f87] in libcudart.so.12
=========         Host Frame: void at::native::gpu_kernel_impl<__nv_hdl_wrapper_t<false, true, false, __nv_dl_tag<void (*)(at::TensorIteratorBase&, at::native::GeluType), &at::native::GeluCUDAKernelImpl, 8u>, c10::BFloat16 (c10::BFloat16)> >(at::TensorIteratorBase&, __nv_hdl_wrapper_t<false, true, false, __nv_dl_tag<void (*)(at::TensorIteratorBase&, at::native::GeluType), &at::native::GeluCUDAKernelImpl, 8u>, c10::BFloat16 (c10::BFloat16)> const&) [clone .isra.0] [0x149a222] in libtorch_cuda.so
=========         Host Frame: at::(anonymous namespace)::wrapper_CUDA_gelu(at::Tensor const&, std::basic_string_view<char, std::char_traits<char> >) [0x389d25e] in libtorch_cuda.so
=========         Host Frame: c10::impl::wrap_kernel_functor_unboxed_<c10::impl::detail::WrapFunctionIntoFunctor_<c10::CompileTimeFunctionPointer<at::Tensor (at::Tensor const&, std::basic_string_view<char, std::char_traits<char> >), &at::(anonymous namespace)::wrapper_CUDA_gelu>, at::Tensor, c10::guts::typelist::typelist<at::Tensor const&, std::basic_string_view<char, std::char_traits<char> > > >, at::Tensor (at::Tensor const&, std::basic_string_view<char, std::char_traits<char> >)>::call(c10::OperatorKernel*, c10::DispatchKeySet, at::Tensor const&, std::basic_string_view<char, std::char_traits<char> >) [0x389d301] in libtorch_cuda.so
=========         Host Frame: at::_ops::gelu::redispatch(c10::DispatchKeySet, at::Tensor const&, std::basic_string_view<char, std::char_traits<char> >) [0x28d4193] in libtorch_cpu.so
=========         Host Frame: torch::autograd::VariableType::(anonymous namespace)::gelu(c10::DispatchKeySet, at::Tensor const&, std::basic_string_view<char, std::char_traits<char> >) [0x533cd3b] in libtorch_cpu.so
=========         Host Frame: c10::impl::wrap_kernel_functor_unboxed_<c10::impl::detail::WrapFunctionIntoFunctor_<c10::CompileTimeFunctionPointer<at::Tensor (c10::DispatchKeySet, at::Tensor const&, std::basic_string_view<char, std::char_traits<char> >), &torch::autograd::VariableType::(anonymous namespace)::gelu>, at::Tensor, c10::guts::typelist::typelist<c10::DispatchKeySet, at::Tensor const&, std::basic_string_view<char, std::char_traits<char> > > >, at::Tensor (c10::DispatchKeySet, at::Tensor const&, std::basic_string_view<char, std::char_traits<char> >)>::call(c10::OperatorKernel*, c10::DispatchKeySet, at::Tensor const&, std::basic_string_view<char, std::char_traits<char> >) [0x533d404] in libtorch_cpu.so
=========         Host Frame: at::_ops::gelu::call(at::Tensor const&, std::basic_string_view<char, std::char_traits<char> >) [0x298862f] in libtorch_cpu.so
=========         Host Frame: check_tail_aten(TailReferenceView const&) [0x3d236] in tail
=========         Host Frame: check_tail(int, int, int, int, bool) [0x1e88e] in tail
=========         Host Frame: main [0x16f42] in tail
========= 
========= Uninitialized __global__ memory read of size 16 bytes
=========     at void at::native::vectorized_elementwise_kernel<(int)8, at::native::GeluCUDAKernelImpl(at::TensorIteratorBase &, at::native::GeluType)::[lambda() (instance 2)]::operator ()() const::[lambda() (instance 4)]::operator ()() const::[lambda(c10::BFloat16) (instance 1)], std::array<char *, (unsigned long)2>>(int, T2, T3)+0xc0
=========     by thread (84,0,0) in block (0,0,0)
=========     Address 0x2b20dbc00540
=========     Saved host backtrace up to driver entry point at kernel launch time
=========         Host Frame: cuLaunchKernel [0x39d6c4] in libcuda.so.1
=========         Host Frame:  [0x13e88] in libcudart.so.12
=========         Host Frame: cudaLaunchKernel [0x79f87] in libcudart.so.12
=========         Host Frame: void at::native::gpu_kernel_impl<__nv_hdl_wrapper_t<false, true, false, __nv_dl_tag<void (*)(at::TensorIteratorBase&, at::native::GeluType), &at::native::GeluCUDAKernelImpl, 8u>, c10::BFloat16 (c10::BFloat16)> >(at::TensorIteratorBase&, __nv_hdl_wrapper_t<false, true, false, __nv_dl_tag<void (*)(at::TensorIteratorBase&, at::native::GeluType), &at::native::GeluCUDAKernelImpl, 8u>, c10::BFloat16 (c10::BFloat16)> const&) [clone .isra.0] [0x149a222] in libtorch_cuda.so
=========         Host Frame: at::(anonymous namespace)::wrapper_CUDA_gelu(at::Tensor const&, std::basic_string_view<char, std::char_traits<char> >) [0x389d25e] in libtorch_cuda.so
=========         Host Frame: c10::impl::wrap_kernel_functor_unboxed_<c10::impl::detail::WrapFunctionIntoFunctor_<c10::CompileTimeFunctionPointer<at::Tensor (at::Tensor const&, std::basic_string_view<char, std::char_traits<char> >), &at::(anonymous namespace)::wrapper_CUDA_gelu>, at::Tensor, c10::guts::typelist::typelist<at::Tensor const&, std::basic_string_view<char, std::char_traits<char> > > >, at::Tensor (at::Tensor const&, std::basic_string_view<char, std::char_traits<char> >)>::call(c10::OperatorKernel*, c10::DispatchKeySet, at::Tensor const&, std::basic_string_view<char, std::char_traits<char> >) [0x389d301] in libtorch_cuda.so
=========         Host Frame: at::_ops::gelu::redispatch(c10::DispatchKeySet, at::Tensor const&, std::basic_string_view<char, std::char_traits<char> >) [0x28d4193] in libtorch_cpu.so
=========         Host Frame: torch::autograd::VariableType::(anonymous namespace)::gelu(c10::DispatchKeySet, at::Tensor const&, std::basic_string_view<char, std::char_traits<char> >) [0x533cd3b] in libtorch_cpu.so
=========         Host Frame: c10::impl::wrap_kernel_functor_unboxed_<c10::impl::detail::WrapFunctionIntoFunctor_<c10::CompileTimeFunctionPointer<at::Tensor (c10::DispatchKeySet, at::Tensor const&, std::basic_string_view<char, std::char_traits<char> >), &torch::autograd::VariableType::(anonymous namespace)::gelu>, at::Tensor, c10::guts::typelist::typelist<c10::DispatchKeySet, at::Tensor const&, std::basic_string_view<char, std::char_traits<char> > > >, at::Tensor (c10::DispatchKeySet, at::Tensor const&, std::basic_string_view<char, std::char_traits<char> >)>::call(c10::OperatorKernel*, c10::DispatchKeySet, at::Tensor const&, std::basic_string_view<char, std::char_traits<char> >) [0x533d404] in libtorch_cpu.so
=========         Host Frame: at::_ops::gelu::call(at::Tensor const&, std::basic_string_view<char, std::char_traits<char> >) [0x298862f] in libtorch_cpu.so
=========         Host Frame: check_tail_aten(TailReferenceView const&) [0x3d236] in tail
=========         Host Frame: check_tail(int, int, int, int, bool) [0x1e88e] in tail
=========         Host Frame: main [0x16f42] in tail
========= 
========= Uninitialized __global__ memory read of size 16 bytes
=========     at void at::native::vectorized_elementwise_kernel<(int)8, at::native::GeluCUDAKernelImpl(at::TensorIteratorBase &, at::native::GeluType)::[lambda() (instance 2)]::operator ()() const::[lambda() (instance 4)]::operator ()() const::[lambda(c10::BFloat16) (instance 1)], std::array<char *, (unsigned long)2>>(int, T2, T3)+0xc0
=========     by thread (85,0,0) in block (0,0,0)
=========     Address 0x2b20dbc00550
=========     Saved host backtrace up to driver entry point at kernel launch time
=========         Host Frame: cuLaunchKernel [0x39d6c4] in libcuda.so.1
=========         Host Frame:  [0x13e88] in libcudart.so.12
=========         Host Frame: cudaLaunchKernel [0x79f87] in libcudart.so.12
=========         Host Frame: void at::native::gpu_kernel_impl<__nv_hdl_wrapper_t<false, true, false, __nv_dl_tag<void (*)(at::TensorIteratorBase&, at::native::GeluType), &at::native::GeluCUDAKernelImpl, 8u>, c10::BFloat16 (c10::BFloat16)> >(at::TensorIteratorBase&, __nv_hdl_wrapper_t<false, true, false, __nv_dl_tag<void (*)(at::TensorIteratorBase&, at::native::GeluType), &at::native::GeluCUDAKernelImpl, 8u>, c10::BFloat16 (c10::BFloat16)> const&) [clone .isra.0] [0x149a222] in libtorch_cuda.so
=========         Host Frame: at::(anonymous namespace)::wrapper_CUDA_gelu(at::Tensor const&, std::basic_string_view<char, std::char_traits<char> >) [0x389d25e] in libtorch_cuda.so
=========         Host Frame: c10::impl::wrap_kernel_functor_unboxed_<c10::impl::detail::WrapFunctionIntoFunctor_<c10::CompileTimeFunctionPointer<at::Tensor (at::Tensor const&, std::basic_string_view<char, std::char_traits<char> >), &at::(anonymous namespace)::wrapper_CUDA_gelu>, at::Tensor, c10::guts::typelist::typelist<at::Tensor const&, std::basic_string_view<char, std::char_traits<char> > > >, at::Tensor (at::Tensor const&, std::basic_string_view<char, std::char_traits<char> >)>::call(c10::OperatorKernel*, c10::DispatchKeySet, at::Tensor const&, std::basic_string_view<char, std::char_traits<char> >) [0x389d301] in libtorch_cuda.so
=========         Host Frame: at::_ops::gelu::redispatch(c10::DispatchKeySet, at::Tensor const&, std::basic_string_view<char, std::char_traits<char> >) [0x28d4193] in libtorch_cpu.so
=========         Host Frame: torch::autograd::VariableType::(anonymous namespace)::gelu(c10::DispatchKeySet, at::Tensor const&, std::basic_string_view<char, std::char_traits<char> >) [0x533cd3b] in libtorch_cpu.so
=========         Host Frame: c10::impl::wrap_kernel_functor_unboxed_<c10::impl::detail::WrapFunctionIntoFunctor_<c10::CompileTimeFunctionPointer<at::Tensor (c10::DispatchKeySet, at::Tensor const&, std::basic_string_view<char, std::char_traits<char> >), &torch::autograd::VariableType::(anonymous namespace)::gelu>, at::Tensor, c10::guts::typelist::typelist<c10::DispatchKeySet, at::Tensor const&, std::basic_string_view<char, std::char_traits<char> > > >, at::Tensor (c10::DispatchKeySet, at::Tensor const&, std::basic_string_view<char, std::char_traits<char> >)>::call(c10::OperatorKernel*, c10::DispatchKeySet, at::Tensor const&, std::basic_string_view<char, std::char_traits<char> >) [0x533d404] in libtorch_cpu.so
=========         Host Frame: at::_ops::gelu::call(at::Tensor const&, std::basic_string_view<char, std::char_traits<char> >) [0x298862f] in libtorch_cpu.so
=========         Host Frame: check_tail_aten(TailReferenceView const&) [0x3d236] in tail
=========         Host Frame: check_tail(int, int, int, int, bool) [0x1e88e] in tail
=========         Host Frame: main [0x16f42] in tail
========= 
========= Uninitialized __global__ memory read of size 16 bytes
=========     at void at::native::vectorized_elementwise_kernel<(int)8, at::native::GeluCUDAKernelImpl(at::TensorIteratorBase &, at::native::GeluType)::[lambda() (instance 2)]::operator ()() const::[lambda() (instance 4)]::operator ()() const::[lambda(c10::BFloat16) (instance 1)], std::array<char *, (unsigned long)2>>(int, T2, T3)+0xc0
=========     by thread (86,0,0) in block (0,0,0)
=========     Address 0x2b20dbc00560
=========     Saved host backtrace up to driver entry point at kernel launch time
=========         Host Frame: cuLaunchKernel [0x39d6c4] in libcuda.so.1
=========         Host Frame:  [0x13e88] in libcudart.so.12
=========         Host Frame: cudaLaunchKernel [0x79f87] in libcudart.so.12
=========         Host Frame: void at::native::gpu_kernel_impl<__nv_hdl_wrapper_t<false, true, false, __nv_dl_tag<void (*)(at::TensorIteratorBase&, at::native::GeluType), &at::native::GeluCUDAKernelImpl, 8u>, c10::BFloat16 (c10::BFloat16)> >(at::TensorIteratorBase&, __nv_hdl_wrapper_t<false, true, false, __nv_dl_tag<void (*)(at::TensorIteratorBase&, at::native::GeluType), &at::native::GeluCUDAKernelImpl, 8u>, c10::BFloat16 (c10::BFloat16)> const&) [clone .isra.0] [0x149a222] in libtorch_cuda.so
=========         Host Frame: at::(anonymous namespace)::wrapper_CUDA_gelu(at::Tensor const&, std::basic_string_view<char, std::char_traits<char> >) [0x389d25e] in libtorch_cuda.so
=========         Host Frame: c10::impl::wrap_kernel_functor_unboxed_<c10::impl::detail::WrapFunctionIntoFunctor_<c10::CompileTimeFunctionPointer<at::Tensor (at::Tensor const&, std::basic_string_view<char, std::char_traits<char> >), &at::(anonymous namespace)::wrapper_CUDA_gelu>, at::Tensor, c10::guts::typelist::typelist<at::Tensor const&, std::basic_string_view<char, std::char_traits<char> > > >, at::Tensor (at::Tensor const&, std::basic_string_view<char, std::char_traits<char> >)>::call(c10::OperatorKernel*, c10::DispatchKeySet, at::Tensor const&, std::basic_string_view<char, std::char_traits<char> >) [0x389d301] in libtorch_cuda.so
=========         Host Frame: at::_ops::gelu::redispatch(c10::DispatchKeySet, at::Tensor const&, std::basic_string_view<char, std::char_traits<char> >) [0x28d4193] in libtorch_cpu.so
=========         Host Frame: torch::autograd::VariableType::(anonymous namespace)::gelu(c10::DispatchKeySet, at::Tensor const&, std::basic_string_view<char, std::char_traits<char> >) [0x533cd3b] in libtorch_cpu.so
=========         Host Frame: c10::impl::wrap_kernel_functor_unboxed_<c10::impl::detail::WrapFunctionIntoFunctor_<c10::CompileTimeFunctionPointer<at::Tensor (c10::DispatchKeySet, at::Tensor const&, std::basic_string_view<char, std::char_traits<char> >), &torch::autograd::VariableType::(anonymous namespace)::gelu>, at::Tensor, c10::guts::typelist::typelist<c10::DispatchKeySet, at::Tensor const&, std::basic_string_view<char, std::char_traits<char> > > >, at::Tensor (c10::DispatchKeySet, at::Tensor const&, std::basic_string_view<char, std::char_traits<char> >)>::call(c10::OperatorKernel*, c10::DispatchKeySet, at::Tensor const&, std::basic_string_view<char, std::char_traits<char> >) [0x533d404] in libtorch_cpu.so
=========         Host Frame: at::_ops::gelu::call(at::Tensor const&, std::basic_string_view<char, std::char_traits<char> >) [0x298862f] in libtorch_cpu.so
=========         Host Frame: check_tail_aten(TailReferenceView const&) [0x3d236] in tail
=========         Host Frame: check_tail(int, int, int, int, bool) [0x1e88e] in tail
=========         Host Frame: main [0x16f42] in tail
========= 
========= Uninitialized __global__ memory read of size 16 bytes
=========     at void at::native::vectorized_elementwise_kernel<(int)8, at::native::GeluCUDAKernelImpl(at::TensorIteratorBase &, at::native::GeluType)::[lambda() (instance 2)]::operator ()() const::[lambda() (instance 4)]::operator ()() const::[lambda(c10::BFloat16) (instance 1)], std::array<char *, (unsigned long)2>>(int, T2, T3)+0xc0
=========     by thread (87,0,0) in block (0,0,0)
=========     Address 0x2b20dbc00570
=========     Saved host backtrace up to driver entry point at kernel launch time
=========         Host Frame: cuLaunchKernel [0x39d6c4] in libcuda.so.1
=========         Host Frame:  [0x13e88] in libcudart.so.12
=========         Host Frame: cudaLaunchKernel [0x79f87] in libcudart.so.12
=========         Host Frame: void at::native::gpu_kernel_impl<__nv_hdl_wrapper_t<false, true, false, __nv_dl_tag<void (*)(at::TensorIteratorBase&, at::native::GeluType), &at::native::GeluCUDAKernelImpl, 8u>, c10::BFloat16 (c10::BFloat16)> >(at::TensorIteratorBase&, __nv_hdl_wrapper_t<false, true, false, __nv_dl_tag<void (*)(at::TensorIteratorBase&, at::native::GeluType), &at::native::GeluCUDAKernelImpl, 8u>, c10::BFloat16 (c10::BFloat16)> const&) [clone .isra.0] [0x149a222] in libtorch_cuda.so
=========         Host Frame: at::(anonymous namespace)::wrapper_CUDA_gelu(at::Tensor const&, std::basic_string_view<char, std::char_traits<char> >) [0x389d25e] in libtorch_cuda.so
=========         Host Frame: c10::impl::wrap_kernel_functor_unboxed_<c10::impl::detail::WrapFunctionIntoFunctor_<c10::CompileTimeFunctionPointer<at::Tensor (at::Tensor const&, std::basic_string_view<char, std::char_traits<char> >), &at::(anonymous namespace)::wrapper_CUDA_gelu>, at::Tensor, c10::guts::typelist::typelist<at::Tensor const&, std::basic_string_view<char, std::char_traits<char> > > >, at::Tensor (at::Tensor const&, std::basic_string_view<char, std::char_traits<char> >)>::call(c10::OperatorKernel*, c10::DispatchKeySet, at::Tensor const&, std::basic_string_view<char, std::char_traits<char> >) [0x389d301] in libtorch_cuda.so
=========         Host Frame: at::_ops::gelu::redispatch(c10::DispatchKeySet, at::Tensor const&, std::basic_string_view<char, std::char_traits<char> >) [0x28d4193] in libtorch_cpu.so
=========         Host Frame: torch::autograd::VariableType::(anonymous namespace)::gelu(c10::DispatchKeySet, at::Tensor const&, std::basic_string_view<char, std::char_traits<char> >) [0x533cd3b] in libtorch_cpu.so
=========         Host Frame: c10::impl::wrap_kernel_functor_unboxed_<c10::impl::detail::WrapFunctionIntoFunctor_<c10::CompileTimeFunctionPointer<at::Tensor (c10::DispatchKeySet, at::Tensor const&, std::basic_string_view<char, std::char_traits<char> >), &torch::autograd::VariableType::(anonymous namespace)::gelu>, at::Tensor, c10::guts::typelist::typelist<c10::DispatchKeySet, at::Tensor const&, std::basic_string_view<char, std::char_traits<char> > > >, at::Tensor (c10::DispatchKeySet, at::Tensor const&, std::basic_string_view<char, std::char_traits<char> >)>::call(c10::OperatorKernel*, c10::DispatchKeySet, at::Tensor const&, std::basic_string_view<char, std::char_traits<char> >) [0x533d404] in libtorch_cpu.so
=========         Host Frame: at::_ops::gelu::call(at::Tensor const&, std::basic_string_view<char, std::char_traits<char> >) [0x298862f] in libtorch_cpu.so
=========         Host Frame: check_tail_aten(TailReferenceView const&) [0x3d236] in tail
=========         Host Frame: check_tail(int, int, int, int, bool) [0x1e88e] in tail
=========         Host Frame: main [0x16f42] in tail
========= 
========= Uninitialized __global__ memory read of size 16 bytes
=========     at void at::native::vectorized_elementwise_kernel<(int)8, at::native::GeluCUDAKernelImpl(at::TensorIteratorBase &, at::native::GeluType)::[lambda() (instance 2)]::operator ()() const::[lambda() (instance 4)]::operator ()() const::[lambda(c10::BFloat16) (instance 1)], std::array<char *, (unsigned long)2>>(int, T2, T3)+0xc0
=========     by thread (88,0,0) in block (0,0,0)
=========     Address 0x2b20dbc00580
=========     Saved host backtrace up to driver entry point at kernel launch time
=========         Host Frame: cuLaunchKernel [0x39d6c4] in libcuda.so.1
=========         Host Frame:  [0x13e88] in libcudart.so.12
=========         Host Frame: cudaLaunchKernel [0x79f87] in libcudart.so.12
=========         Host Frame: void at::native::gpu_kernel_impl<__nv_hdl_wrapper_t<false, true, false, __nv_dl_tag<void (*)(at::TensorIteratorBase&, at::native::GeluType), &at::native::GeluCUDAKernelImpl, 8u>, c10::BFloat16 (c10::BFloat16)> >(at::TensorIteratorBase&, __nv_hdl_wrapper_t<false, true, false, __nv_dl_tag<void (*)(at::TensorIteratorBase&, at::native::GeluType), &at::native::GeluCUDAKernelImpl, 8u>, c10::BFloat16 (c10::BFloat16)> const&) [clone .isra.0] [0x149a222] in libtorch_cuda.so
=========         Host Frame: at::(anonymous namespace)::wrapper_CUDA_gelu(at::Tensor const&, std::basic_string_view<char, std::char_traits<char> >) [0x389d25e] in libtorch_cuda.so
=========         Host Frame: c10::impl::wrap_kernel_functor_unboxed_<c10::impl::detail::WrapFunctionIntoFunctor_<c10::CompileTimeFunctionPointer<at::Tensor (at::Tensor const&, std::basic_string_view<char, std::char_traits<char> >), &at::(anonymous namespace)::wrapper_CUDA_gelu>, at::Tensor, c10::guts::typelist::typelist<at::Tensor const&, std::basic_string_view<char, std::char_traits<char> > > >, at::Tensor (at::Tensor const&, std::basic_string_view<char, std::char_traits<char> >)>::call(c10::OperatorKernel*, c10::DispatchKeySet, at::Tensor const&, std::basic_string_view<char, std::char_traits<char> >) [0x389d301] in libtorch_cuda.so
=========         Host Frame: at::_ops::gelu::redispatch(c10::DispatchKeySet, at::Tensor const&, std::basic_string_view<char, std::char_traits<char> >) [0x28d4193] in libtorch_cpu.so
=========         Host Frame: torch::autograd::VariableType::(anonymous namespace)::gelu(c10::DispatchKeySet, at::Tensor const&, std::basic_string_view<char, std::char_traits<char> >) [0x533cd3b] in libtorch_cpu.so
=========         Host Frame: c10::impl::wrap_kernel_functor_unboxed_<c10::impl::detail::WrapFunctionIntoFunctor_<c10::CompileTimeFunctionPointer<at::Tensor (c10::DispatchKeySet, at::Tensor const&, std::basic_string_view<char, std::char_traits<char> >), &torch::autograd::VariableType::(anonymous namespace)::gelu>, at::Tensor, c10::guts::typelist::typelist<c10::DispatchKeySet, at::Tensor const&, std::basic_string_view<char, std::char_traits<char> > > >, at::Tensor (c10::DispatchKeySet, at::Tensor const&, std::basic_string_view<char, std::char_traits<char> >)>::call(c10::OperatorKernel*, c10::DispatchKeySet, at::Tensor const&, std::basic_string_view<char, std::char_traits<char> >) [0x533d404] in libtorch_cpu.so
=========         Host Frame: at::_ops::gelu::call(at::Tensor const&, std::basic_string_view<char, std::char_traits<char> >) [0x298862f] in libtorch_cpu.so
=========         Host Frame: check_tail_aten(TailReferenceView const&) [0x3d236] in tail
=========         Host Frame: check_tail(int, int, int, int, bool) [0x1e88e] in tail
=========         Host Frame: main [0x16f42] in tail
========= 
========= Uninitialized __global__ memory read of size 16 bytes
=========     at void at::native::vectorized_elementwise_kernel<(int)8, at::native::GeluCUDAKernelImpl(at::TensorIteratorBase &, at::native::GeluType)::[lambda() (instance 2)]::operator ()() const::[lambda() (instance 4)]::operator ()() const::[lambda(c10::BFloat16) (instance 1)], std::array<char *, (unsigned long)2>>(int, T2, T3)+0xc0
=========     by thread (89,0,0) in block (0,0,0)
=========     Address 0x2b20dbc00590
=========     Saved host backtrace up to driver entry point at kernel launch time
=========         Host Frame: cuLaunchKernel [0x39d6c4] in libcuda.so.1
=========         Host Frame:  [0x13e88] in libcudart.so.12
=========         Host Frame: cudaLaunchKernel [0x79f87] in libcudart.so.12
=========         Host Frame: void at::native::gpu_kernel_impl<__nv_hdl_wrapper_t<false, true, false, __nv_dl_tag<void (*)(at::TensorIteratorBase&, at::native::GeluType), &at::native::GeluCUDAKernelImpl, 8u>, c10::BFloat16 (c10::BFloat16)> >(at::TensorIteratorBase&, __nv_hdl_wrapper_t<false, true, false, __nv_dl_tag<void (*)(at::TensorIteratorBase&, at::native::GeluType), &at::native::GeluCUDAKernelImpl, 8u>, c10::BFloat16 (c10::BFloat16)> const&) [clone .isra.0] [0x149a222] in libtorch_cuda.so
=========         Host Frame: at::(anonymous namespace)::wrapper_CUDA_gelu(at::Tensor const&, std::basic_string_view<char, std::char_traits<char> >) [0x389d25e] in libtorch_cuda.so
=========         Host Frame: c10::impl::wrap_kernel_functor_unboxed_<c10::impl::detail::WrapFunctionIntoFunctor_<c10::CompileTimeFunctionPointer<at::Tensor (at::Tensor const&, std::basic_string_view<char, std::char_traits<char> >), &at::(anonymous namespace)::wrapper_CUDA_gelu>, at::Tensor, c10::guts::typelist::typelist<at::Tensor const&, std::basic_string_view<char, std::char_traits<char> > > >, at::Tensor (at::Tensor const&, std::basic_string_view<char, std::char_traits<char> >)>::call(c10::OperatorKernel*, c10::DispatchKeySet, at::Tensor const&, std::basic_string_view<char, std::char_traits<char> >) [0x389d301] in libtorch_cuda.so
=========         Host Frame: at::_ops::gelu::redispatch(c10::DispatchKeySet, at::Tensor const&, std::basic_string_view<char, std::char_traits<char> >) [0x28d4193] in libtorch_cpu.so
=========         Host Frame: torch::autograd::VariableType::(anonymous namespace)::gelu(c10::DispatchKeySet, at::Tensor const&, std::basic_string_view<char, std::char_traits<char> >) [0x533cd3b] in libtorch_cpu.so
=========         Host Frame: c10::impl::wrap_kernel_functor_unboxed_<c10::impl::detail::WrapFunctionIntoFunctor_<c10::CompileTimeFunctionPointer<at::Tensor (c10::DispatchKeySet, at::Tensor const&, std::basic_string_view<char, std::char_traits<char> >), &torch::autograd::VariableType::(anonymous namespace)::gelu>, at::Tensor, c10::guts::typelist::typelist<c10::DispatchKeySet, at::Tensor const&, std::basic_string_view<char, std::char_traits<char> > > >, at::Tensor (c10::DispatchKeySet, at::Tensor const&, std::basic_string_view<char, std::char_traits<char> >)>::call(c10::OperatorKernel*, c10::DispatchKeySet, at::Tensor const&, std::basic_string_view<char, std::char_traits<char> >) [0x533d404] in libtorch_cpu.so
=========         Host Frame: at::_ops::gelu::call(at::Tensor const&, std::basic_string_view<char, std::char_traits<char> >) [0x298862f] in libtorch_cpu.so
=========         Host Frame: check_tail_aten(TailReferenceView const&) [0x3d236] in tail
=========         Host Frame: check_tail(int, int, int, int, bool) [0x1e88e] in tail
=========         Host Frame: main [0x16f42] in tail
========= 
========= Uninitialized __global__ memory read of size 16 bytes
=========     at void at::native::vectorized_elementwise_kernel<(int)8, at::native::GeluCUDAKernelImpl(at::TensorIteratorBase &, at::native::GeluType)::[lambda() (instance 2)]::operator ()() const::[lambda() (instance 4)]::operator ()() const::[lambda(c10::BFloat16) (instance 1)], std::array<char *, (unsigned long)2>>(int, T2, T3)+0xc0
=========     by thread (90,0,0) in block (0,0,0)
=========     Address 0x2b20dbc005a0
=========     Saved host backtrace up to driver entry point at kernel launch time
=========         Host Frame: cuLaunchKernel [0x39d6c4] in libcuda.so.1
=========         Host Frame:  [0x13e88] in libcudart.so.12
=========         Host Frame: cudaLaunchKernel [0x79f87] in libcudart.so.12
=========         Host Frame: void at::native::gpu_kernel_impl<__nv_hdl_wrapper_t<false, true, false, __nv_dl_tag<void (*)(at::TensorIteratorBase&, at::native::GeluType), &at::native::GeluCUDAKernelImpl, 8u>, c10::BFloat16 (c10::BFloat16)> >(at::TensorIteratorBase&, __nv_hdl_wrapper_t<false, true, false, __nv_dl_tag<void (*)(at::TensorIteratorBase&, at::native::GeluType), &at::native::GeluCUDAKernelImpl, 8u>, c10::BFloat16 (c10::BFloat16)> const&) [clone .isra.0] [0x149a222] in libtorch_cuda.so
=========         Host Frame: at::(anonymous namespace)::wrapper_CUDA_gelu(at::Tensor const&, std::basic_string_view<char, std::char_traits<char> >) [0x389d25e] in libtorch_cuda.so
=========         Host Frame: c10::impl::wrap_kernel_functor_unboxed_<c10::impl::detail::WrapFunctionIntoFunctor_<c10::CompileTimeFunctionPointer<at::Tensor (at::Tensor const&, std::basic_string_view<char, std::char_traits<char> >), &at::(anonymous namespace)::wrapper_CUDA_gelu>, at::Tensor, c10::guts::typelist::typelist<at::Tensor const&, std::basic_string_view<char, std::char_traits<char> > > >, at::Tensor (at::Tensor const&, std::basic_string_view<char, std::char_traits<char> >)>::call(c10::OperatorKernel*, c10::DispatchKeySet, at::Tensor const&, std::basic_string_view<char, std::char_traits<char> >) [0x389d301] in libtorch_cuda.so
=========         Host Frame: at::_ops::gelu::redispatch(c10::DispatchKeySet, at::Tensor const&, std::basic_string_view<char, std::char_traits<char> >) [0x28d4193] in libtorch_cpu.so
=========         Host Frame: torch::autograd::VariableType::(anonymous namespace)::gelu(c10::DispatchKeySet, at::Tensor const&, std::basic_string_view<char, std::char_traits<char> >) [0x533cd3b] in libtorch_cpu.so
=========         Host Frame: c10::impl::wrap_kernel_functor_unboxed_<c10::impl::detail::WrapFunctionIntoFunctor_<c10::CompileTimeFunctionPointer<at::Tensor (c10::DispatchKeySet, at::Tensor const&, std::basic_string_view<char, std::char_traits<char> >), &torch::autograd::VariableType::(anonymous namespace)::gelu>, at::Tensor, c10::guts::typelist::typelist<c10::DispatchKeySet, at::Tensor const&, std::basic_string_view<char, std::char_traits<char> > > >, at::Tensor (c10::DispatchKeySet, at::Tensor const&, std::basic_string_view<char, std::char_traits<char> >)>::call(c10::OperatorKernel*, c10::DispatchKeySet, at::Tensor const&, std::basic_string_view<char, std::char_traits<char> >) [0x533d404] in libtorch_cpu.so
=========         Host Frame: at::_ops::gelu::call(at::Tensor const&, std::basic_string_view<char, std::char_traits<char> >) [0x298862f] in libtorch_cpu.so
=========         Host Frame: check_tail_aten(TailReferenceView const&) [0x3d236] in tail
=========         Host Frame: check_tail(int, int, int, int, bool) [0x1e88e] in tail
=========         Host Frame: main [0x16f42] in tail
========= 
========= Uninitialized __global__ memory read of size 16 bytes
=========     at void at::native::vectorized_elementwise_kernel<(int)8, at::native::GeluCUDAKernelImpl(at::TensorIteratorBase &, at::native::GeluType)::[lambda() (instance 2)]::operator ()() const::[lambda() (instance 4)]::operator ()() const::[lambda(c10::BFloat16) (instance 1)], std::array<char *, (unsigned long)2>>(int, T2, T3)+0xc0
=========     by thread (91,0,0) in block (0,0,0)
=========     Address 0x2b20dbc005b0
=========     Saved host backtrace up to driver entry point at kernel launch time
=========         Host Frame: cuLaunchKernel [0x39d6c4] in libcuda.so.1
=========         Host Frame:  [0x13e88] in libcudart.so.12
=========         Host Frame: cudaLaunchKernel [0x79f87] in libcudart.so.12
=========         Host Frame: void at::native::gpu_kernel_impl<__nv_hdl_wrapper_t<false, true, false, __nv_dl_tag<void (*)(at::TensorIteratorBase&, at::native::GeluType), &at::native::GeluCUDAKernelImpl, 8u>, c10::BFloat16 (c10::BFloat16)> >(at::TensorIteratorBase&, __nv_hdl_wrapper_t<false, true, false, __nv_dl_tag<void (*)(at::TensorIteratorBase&, at::native::GeluType), &at::native::GeluCUDAKernelImpl, 8u>, c10::BFloat16 (c10::BFloat16)> const&) [clone .isra.0] [0x149a222] in libtorch_cuda.so
=========         Host Frame: at::(anonymous namespace)::wrapper_CUDA_gelu(at::Tensor const&, std::basic_string_view<char, std::char_traits<char> >) [0x389d25e] in libtorch_cuda.so
=========         Host Frame: c10::impl::wrap_kernel_functor_unboxed_<c10::impl::detail::WrapFunctionIntoFunctor_<c10::CompileTimeFunctionPointer<at::Tensor (at::Tensor const&, std::basic_string_view<char, std::char_traits<char> >), &at::(anonymous namespace)::wrapper_CUDA_gelu>, at::Tensor, c10::guts::typelist::typelist<at::Tensor const&, std::basic_string_view<char, std::char_traits<char> > > >, at::Tensor (at::Tensor const&, std::basic_string_view<char, std::char_traits<char> >)>::call(c10::OperatorKernel*, c10::DispatchKeySet, at::Tensor const&, std::basic_string_view<char, std::char_traits<char> >) [0x389d301] in libtorch_cuda.so
=========         Host Frame: at::_ops::gelu::redispatch(c10::DispatchKeySet, at::Tensor const&, std::basic_string_view<char, std::char_traits<char> >) [0x28d4193] in libtorch_cpu.so
=========         Host Frame: torch::autograd::VariableType::(anonymous namespace)::gelu(c10::DispatchKeySet, at::Tensor const&, std::basic_string_view<char, std::char_traits<char> >) [0x533cd3b] in libtorch_cpu.so
=========         Host Frame: c10::impl::wrap_kernel_functor_unboxed_<c10::impl::detail::WrapFunctionIntoFunctor_<c10::CompileTimeFunctionPointer<at::Tensor (c10::DispatchKeySet, at::Tensor const&, std::basic_string_view<char, std::char_traits<char> >), &torch::autograd::VariableType::(anonymous namespace)::gelu>, at::Tensor, c10::guts::typelist::typelist<c10::DispatchKeySet, at::Tensor const&, std::basic_string_view<char, std::char_traits<char> > > >, at::Tensor (c10::DispatchKeySet, at::Tensor const&, std::basic_string_view<char, std::char_traits<char> >)>::call(c10::OperatorKernel*, c10::DispatchKeySet, at::Tensor const&, std::basic_string_view<char, std::char_traits<char> >) [0x533d404] in libtorch_cpu.so
=========         Host Frame: at::_ops::gelu::call(at::Tensor const&, std::basic_string_view<char, std::char_traits<char> >) [0x298862f] in libtorch_cpu.so
=========         Host Frame: check_tail_aten(TailReferenceView const&) [0x3d236] in tail
=========         Host Frame: check_tail(int, int, int, int, bool) [0x1e88e] in tail
=========         Host Frame: main [0x16f42] in tail
========= 
========= Uninitialized __global__ memory read of size 16 bytes
=========     at void at::native::vectorized_elementwise_kernel<(int)8, at::native::GeluCUDAKernelImpl(at::TensorIteratorBase &, at::native::GeluType)::[lambda() (instance 2)]::operator ()() const::[lambda() (instance 4)]::operator ()() const::[lambda(c10::BFloat16) (instance 1)], std::array<char *, (unsigned long)2>>(int, T2, T3)+0xc0
=========     by thread (92,0,0) in block (0,0,0)
=========     Address 0x2b20dbc005c0
=========     Saved host backtrace up to driver entry point at kernel launch time
=========         Host Frame: cuLaunchKernel [0x39d6c4] in libcuda.so.1
=========         Host Frame:  [0x13e88] in libcudart.so.12
=========         Host Frame: cudaLaunchKernel [0x79f87] in libcudart.so.12
=========         Host Frame: void at::native::gpu_kernel_impl<__nv_hdl_wrapper_t<false, true, false, __nv_dl_tag<void (*)(at::TensorIteratorBase&, at::native::GeluType), &at::native::GeluCUDAKernelImpl, 8u>, c10::BFloat16 (c10::BFloat16)> >(at::TensorIteratorBase&, __nv_hdl_wrapper_t<false, true, false, __nv_dl_tag<void (*)(at::TensorIteratorBase&, at::native::GeluType), &at::native::GeluCUDAKernelImpl, 8u>, c10::BFloat16 (c10::BFloat16)> const&) [clone .isra.0] [0x149a222] in libtorch_cuda.so
=========         Host Frame: at::(anonymous namespace)::wrapper_CUDA_gelu(at::Tensor const&, std::basic_string_view<char, std::char_traits<char> >) [0x389d25e] in libtorch_cuda.so
=========         Host Frame: c10::impl::wrap_kernel_functor_unboxed_<c10::impl::detail::WrapFunctionIntoFunctor_<c10::CompileTimeFunctionPointer<at::Tensor (at::Tensor const&, std::basic_string_view<char, std::char_traits<char> >), &at::(anonymous namespace)::wrapper_CUDA_gelu>, at::Tensor, c10::guts::typelist::typelist<at::Tensor const&, std::basic_string_view<char, std::char_traits<char> > > >, at::Tensor (at::Tensor const&, std::basic_string_view<char, std::char_traits<char> >)>::call(c10::OperatorKernel*, c10::DispatchKeySet, at::Tensor const&, std::basic_string_view<char, std::char_traits<char> >) [0x389d301] in libtorch_cuda.so
=========         Host Frame: at::_ops::gelu::redispatch(c10::DispatchKeySet, at::Tensor const&, std::basic_string_view<char, std::char_traits<char> >) [0x28d4193] in libtorch_cpu.so
=========         Host Frame: torch::autograd::VariableType::(anonymous namespace)::gelu(c10::DispatchKeySet, at::Tensor const&, std::basic_string_view<char, std::char_traits<char> >) [0x533cd3b] in libtorch_cpu.so
=========         Host Frame: c10::impl::wrap_kernel_functor_unboxed_<c10::impl::detail::WrapFunctionIntoFunctor_<c10::CompileTimeFunctionPointer<at::Tensor (c10::DispatchKeySet, at::Tensor const&, std::basic_string_view<char, std::char_traits<char> >), &torch::autograd::VariableType::(anonymous namespace)::gelu>, at::Tensor, c10::guts::typelist::typelist<c10::DispatchKeySet, at::Tensor const&, std::basic_string_view<char, std::char_traits<char> > > >, at::Tensor (c10::DispatchKeySet, at::Tensor const&, std::basic_string_view<char, std::char_traits<char> >)>::call(c10::OperatorKernel*, c10::DispatchKeySet, at::Tensor const&, std::basic_string_view<char, std::char_traits<char> >) [0x533d404] in libtorch_cpu.so
=========         Host Frame: at::_ops::gelu::call(at::Tensor const&, std::basic_string_view<char, std::char_traits<char> >) [0x298862f] in libtorch_cpu.so
=========         Host Frame: check_tail_aten(TailReferenceView const&) [0x3d236] in tail
=========         Host Frame: check_tail(int, int, int, int, bool) [0x1e88e] in tail
=========         Host Frame: main [0x16f42] in tail
========= 
========= Uninitialized __global__ memory read of size 16 bytes
=========     at void at::native::vectorized_elementwise_kernel<(int)8, at::native::GeluCUDAKernelImpl(at::TensorIteratorBase &, at::native::GeluType)::[lambda() (instance 2)]::operator ()() const::[lambda() (instance 4)]::operator ()() const::[lambda(c10::BFloat16) (instance 1)], std::array<char *, (unsigned long)2>>(int, T2, T3)+0xc0
=========     by thread (93,0,0) in block (0,0,0)
=========     Address 0x2b20dbc005d0
=========     Saved host backtrace up to driver entry point at kernel launch time
=========         Host Frame: cuLaunchKernel [0x39d6c4] in libcuda.so.1
=========         Host Frame:  [0x13e88] in libcudart.so.12
=========         Host Frame: cudaLaunchKernel [0x79f87] in libcudart.so.12
=========         Host Frame: void at::native::gpu_kernel_impl<__nv_hdl_wrapper_t<false, true, false, __nv_dl_tag<void (*)(at::TensorIteratorBase&, at::native::GeluType), &at::native::GeluCUDAKernelImpl, 8u>, c10::BFloat16 (c10::BFloat16)> >(at::TensorIteratorBase&, __nv_hdl_wrapper_t<false, true, false, __nv_dl_tag<void (*)(at::TensorIteratorBase&, at::native::GeluType), &at::native::GeluCUDAKernelImpl, 8u>, c10::BFloat16 (c10::BFloat16)> const&) [clone .isra.0] [0x149a222] in libtorch_cuda.so
=========         Host Frame: at::(anonymous namespace)::wrapper_CUDA_gelu(at::Tensor const&, std::basic_string_view<char, std::char_traits<char> >) [0x389d25e] in libtorch_cuda.so
=========         Host Frame: c10::impl::wrap_kernel_functor_unboxed_<c10::impl::detail::WrapFunctionIntoFunctor_<c10::CompileTimeFunctionPointer<at::Tensor (at::Tensor const&, std::basic_string_view<char, std::char_traits<char> >), &at::(anonymous namespace)::wrapper_CUDA_gelu>, at::Tensor, c10::guts::typelist::typelist<at::Tensor const&, std::basic_string_view<char, std::char_traits<char> > > >, at::Tensor (at::Tensor const&, std::basic_string_view<char, std::char_traits<char> >)>::call(c10::OperatorKernel*, c10::DispatchKeySet, at::Tensor const&, std::basic_string_view<char, std::char_traits<char> >) [0x389d301] in libtorch_cuda.so
=========         Host Frame: at::_ops::gelu::redispatch(c10::DispatchKeySet, at::Tensor const&, std::basic_string_view<char, std::char_traits<char> >) [0x28d4193] in libtorch_cpu.so
=========         Host Frame: torch::autograd::VariableType::(anonymous namespace)::gelu(c10::DispatchKeySet, at::Tensor const&, std::basic_string_view<char, std::char_traits<char> >) [0x533cd3b] in libtorch_cpu.so
=========         Host Frame: c10::impl::wrap_kernel_functor_unboxed_<c10::impl::detail::WrapFunctionIntoFunctor_<c10::CompileTimeFunctionPointer<at::Tensor (c10::DispatchKeySet, at::Tensor const&, std::basic_string_view<char, std::char_traits<char> >), &torch::autograd::VariableType::(anonymous namespace)::gelu>, at::Tensor, c10::guts::typelist::typelist<c10::DispatchKeySet, at::Tensor const&, std::basic_string_view<char, std::char_traits<char> > > >, at::Tensor (c10::DispatchKeySet, at::Tensor const&, std::basic_string_view<char, std::char_traits<char> >)>::call(c10::OperatorKernel*, c10::DispatchKeySet, at::Tensor const&, std::basic_string_view<char, std::char_traits<char> >) [0x533d404] in libtorch_cpu.so
=========         Host Frame: at::_ops::gelu::call(at::Tensor const&, std::basic_string_view<char, std::char_traits<char> >) [0x298862f] in libtorch_cpu.so
=========         Host Frame: check_tail_aten(TailReferenceView const&) [0x3d236] in tail
=========         Host Frame: check_tail(int, int, int, int, bool) [0x1e88e] in tail
=========         Host Frame: main [0x16f42] in tail
========= 
========= Uninitialized __global__ memory read of size 16 bytes
=========     at void at::native::vectorized_elementwise_kernel<(int)8, at::native::GeluCUDAKernelImpl(at::TensorIteratorBase &, at::native::GeluType)::[lambda() (instance 2)]::operator ()() const::[lambda() (instance 4)]::operator ()() const::[lambda(c10::BFloat16) (instance 1)], std::array<char *, (unsigned long)2>>(int, T2, T3)+0xc0
=========     by thread (94,0,0) in block (0,0,0)
=========     Address 0x2b20dbc005e0
=========     Saved host backtrace up to driver entry point at kernel launch time
=========         Host Frame: cuLaunchKernel [0x39d6c4] in libcuda.so.1
=========         Host Frame:  [0x13e88] in libcudart.so.12
=========         Host Frame: cudaLaunchKernel [0x79f87] in libcudart.so.12
=========         Host Frame: void at::native::gpu_kernel_impl<__nv_hdl_wrapper_t<false, true, false, __nv_dl_tag<void (*)(at::TensorIteratorBase&, at::native::GeluType), &at::native::GeluCUDAKernelImpl, 8u>, c10::BFloat16 (c10::BFloat16)> >(at::TensorIteratorBase&, __nv_hdl_wrapper_t<false, true, false, __nv_dl_tag<void (*)(at::TensorIteratorBase&, at::native::GeluType), &at::native::GeluCUDAKernelImpl, 8u>, c10::BFloat16 (c10::BFloat16)> const&) [clone .isra.0] [0x149a222] in libtorch_cuda.so
=========         Host Frame: at::(anonymous namespace)::wrapper_CUDA_gelu(at::Tensor const&, std::basic_string_view<char, std::char_traits<char> >) [0x389d25e] in libtorch_cuda.so
=========         Host Frame: c10::impl::wrap_kernel_functor_unboxed_<c10::impl::detail::WrapFunctionIntoFunctor_<c10::CompileTimeFunctionPointer<at::Tensor (at::Tensor const&, std::basic_string_view<char, std::char_traits<char> >), &at::(anonymous namespace)::wrapper_CUDA_gelu>, at::Tensor, c10::guts::typelist::typelist<at::Tensor const&, std::basic_string_view<char, std::char_traits<char> > > >, at::Tensor (at::Tensor const&, std::basic_string_view<char, std::char_traits<char> >)>::call(c10::OperatorKernel*, c10::DispatchKeySet, at::Tensor const&, std::basic_string_view<char, std::char_traits<char> >) [0x389d301] in libtorch_cuda.so
=========         Host Frame: at::_ops::gelu::redispatch(c10::DispatchKeySet, at::Tensor const&, std::basic_string_view<char, std::char_traits<char> >) [0x28d4193] in libtorch_cpu.so
=========         Host Frame: torch::autograd::VariableType::(anonymous namespace)::gelu(c10::DispatchKeySet, at::Tensor const&, std::basic_string_view<char, std::char_traits<char> >) [0x533cd3b] in libtorch_cpu.so
=========         Host Frame: c10::impl::wrap_kernel_functor_unboxed_<c10::impl::detail::WrapFunctionIntoFunctor_<c10::CompileTimeFunctionPointer<at::Tensor (c10::DispatchKeySet, at::Tensor const&, std::basic_string_view<char, std::char_traits<char> >), &torch::autograd::VariableType::(anonymous namespace)::gelu>, at::Tensor, c10::guts::typelist::typelist<c10::DispatchKeySet, at::Tensor const&, std::basic_string_view<char, std::char_traits<char> > > >, at::Tensor (c10::DispatchKeySet, at::Tensor const&, std::basic_string_view<char, std::char_traits<char> >)>::call(c10::OperatorKernel*, c10::DispatchKeySet, at::Tensor const&, std::basic_string_view<char, std::char_traits<char> >) [0x533d404] in libtorch_cpu.so
=========         Host Frame: at::_ops::gelu::call(at::Tensor const&, std::basic_string_view<char, std::char_traits<char> >) [0x298862f] in libtorch_cpu.so
=========         Host Frame: check_tail_aten(TailReferenceView const&) [0x3d236] in tail
=========         Host Frame: check_tail(int, int, int, int, bool) [0x1e88e] in tail
=========         Host Frame: main [0x16f42] in tail
========= 
========= Uninitialized __global__ memory read of size 16 bytes
=========     at void at::native::vectorized_elementwise_kernel<(int)8, at::native::GeluCUDAKernelImpl(at::TensorIteratorBase &, at::native::GeluType)::[lambda() (instance 2)]::operator ()() const::[lambda() (instance 4)]::operator ()() const::[lambda(c10::BFloat16) (instance 1)], std::array<char *, (unsigned long)2>>(int, T2, T3)+0xc0
=========     by thread (95,0,0) in block (0,0,0)
=========     Address 0x2b20dbc005f0
=========     Saved host backtrace up to driver entry point at kernel launch time
=========         Host Frame: cuLaunchKernel [0x39d6c4] in libcuda.so.1
=========         Host Frame:  [0x13e88] in libcudart.so.12
=========         Host Frame: cudaLaunchKernel [0x79f87] in libcudart.so.12
=========         Host Frame: void at::native::gpu_kernel_impl<__nv_hdl_wrapper_t<false, true, false, __nv_dl_tag<void (*)(at::TensorIteratorBase&, at::native::GeluType), &at::native::GeluCUDAKernelImpl, 8u>, c10::BFloat16 (c10::BFloat16)> >(at::TensorIteratorBase&, __nv_hdl_wrapper_t<false, true, false, __nv_dl_tag<void (*)(at::TensorIteratorBase&, at::native::GeluType), &at::native::GeluCUDAKernelImpl, 8u>, c10::BFloat16 (c10::BFloat16)> const&) [clone .isra.0] [0x149a222] in libtorch_cuda.so
=========         Host Frame: at::(anonymous namespace)::wrapper_CUDA_gelu(at::Tensor const&, std::basic_string_view<char, std::char_traits<char> >) [0x389d25e] in libtorch_cuda.so
=========         Host Frame: c10::impl::wrap_kernel_functor_unboxed_<c10::impl::detail::WrapFunctionIntoFunctor_<c10::CompileTimeFunctionPointer<at::Tensor (at::Tensor const&, std::basic_string_view<char, std::char_traits<char> >), &at::(anonymous namespace)::wrapper_CUDA_gelu>, at::Tensor, c10::guts::typelist::typelist<at::Tensor const&, std::basic_string_view<char, std::char_traits<char> > > >, at::Tensor (at::Tensor const&, std::basic_string_view<char, std::char_traits<char> >)>::call(c10::OperatorKernel*, c10::DispatchKeySet, at::Tensor const&, std::basic_string_view<char, std::char_traits<char> >) [0x389d301] in libtorch_cuda.so
=========         Host Frame: at::_ops::gelu::redispatch(c10::DispatchKeySet, at::Tensor const&, std::basic_string_view<char, std::char_traits<char> >) [0x28d4193] in libtorch_cpu.so
=========         Host Frame: torch::autograd::VariableType::(anonymous namespace)::gelu(c10::DispatchKeySet, at::Tensor const&, std::basic_string_view<char, std::char_traits<char> >) [0x533cd3b] in libtorch_cpu.so
=========         Host Frame: c10::impl::wrap_kernel_functor_unboxed_<c10::impl::detail::WrapFunctionIntoFunctor_<c10::CompileTimeFunctionPointer<at::Tensor (c10::DispatchKeySet, at::Tensor const&, std::basic_string_view<char, std::char_traits<char> >), &torch::autograd::VariableType::(anonymous namespace)::gelu>, at::Tensor, c10::guts::typelist::typelist<c10::DispatchKeySet, at::Tensor const&, std::basic_string_view<char, std::char_traits<char> > > >, at::Tensor (c10::DispatchKeySet, at::Tensor const&, std::basic_string_view<char, std::char_traits<char> >)>::call(c10::OperatorKernel*, c10::DispatchKeySet, at::Tensor const&, std::basic_string_view<char, std::char_traits<char> >) [0x533d404] in libtorch_cpu.so
=========         Host Frame: at::_ops::gelu::call(at::Tensor const&, std::basic_string_view<char, std::char_traits<char> >) [0x298862f] in libtorch_cpu.so
=========         Host Frame: check_tail_aten(TailReferenceView const&) [0x3d236] in tail
=========         Host Frame: check_tail(int, int, int, int, bool) [0x1e88e] in tail
=========         Host Frame: main [0x16f42] in tail
========= 
========= Uninitialized __global__ memory read of size 16 bytes
=========     at void at::native::vectorized_elementwise_kernel<(int)8, at::native::GeluCUDAKernelImpl(at::TensorIteratorBase &, at::native::GeluType)::[lambda() (instance 2)]::operator ()() const::[lambda() (instance 4)]::operator ()() const::[lambda(c10::BFloat16) (instance 1)], std::array<char *, (unsigned long)2>>(int, T2, T3)+0xc0
=========     by thread (96,0,0) in block (0,0,0)
=========     Address 0x2b20dbc00600
=========     Saved host backtrace up to driver entry point at kernel launch time
=========         Host Frame: cuLaunchKernel [0x39d6c4] in libcuda.so.1
=========         Host Frame:  [0x13e88] in libcudart.so.12
=========         Host Frame: cudaLaunchKernel [0x79f87] in libcudart.so.12
=========         Host Frame: void at::native::gpu_kernel_impl<__nv_hdl_wrapper_t<false, true, false, __nv_dl_tag<void (*)(at::TensorIteratorBase&, at::native::GeluType), &at::native::GeluCUDAKernelImpl, 8u>, c10::BFloat16 (c10::BFloat16)> >(at::TensorIteratorBase&, __nv_hdl_wrapper_t<false, true, false, __nv_dl_tag<void (*)(at::TensorIteratorBase&, at::native::GeluType), &at::native::GeluCUDAKernelImpl, 8u>, c10::BFloat16 (c10::BFloat16)> const&) [clone .isra.0] [0x149a222] in libtorch_cuda.so
=========         Host Frame: at::(anonymous namespace)::wrapper_CUDA_gelu(at::Tensor const&, std::basic_string_view<char, std::char_traits<char> >) [0x389d25e] in libtorch_cuda.so
=========         Host Frame: c10::impl::wrap_kernel_functor_unboxed_<c10::impl::detail::WrapFunctionIntoFunctor_<c10::CompileTimeFunctionPointer<at::Tensor (at::Tensor const&, std::basic_string_view<char, std::char_traits<char> >), &at::(anonymous namespace)::wrapper_CUDA_gelu>, at::Tensor, c10::guts::typelist::typelist<at::Tensor const&, std::basic_string_view<char, std::char_traits<char> > > >, at::Tensor (at::Tensor const&, std::basic_string_view<char, std::char_traits<char> >)>::call(c10::OperatorKernel*, c10::DispatchKeySet, at::Tensor const&, std::basic_string_view<char, std::char_traits<char> >) [0x389d301] in libtorch_cuda.so
=========         Host Frame: at::_ops::gelu::redispatch(c10::DispatchKeySet, at::Tensor const&, std::basic_string_view<char, std::char_traits<char> >) [0x28d4193] in libtorch_cpu.so
=========         Host Frame: torch::autograd::VariableType::(anonymous namespace)::gelu(c10::DispatchKeySet, at::Tensor const&, std::basic_string_view<char, std::char_traits<char> >) [0x533cd3b] in libtorch_cpu.so
=========         Host Frame: c10::impl::wrap_kernel_functor_unboxed_<c10::impl::detail::WrapFunctionIntoFunctor_<c10::CompileTimeFunctionPointer<at::Tensor (c10::DispatchKeySet, at::Tensor const&, std::basic_string_view<char, std::char_traits<char> >), &torch::autograd::VariableType::(anonymous namespace)::gelu>, at::Tensor, c10::guts::typelist::typelist<c10::DispatchKeySet, at::Tensor const&, std::basic_string_view<char, std::char_traits<char> > > >, at::Tensor (c10::DispatchKeySet, at::Tensor const&, std::basic_string_view<char, std::char_traits<char> >)>::call(c10::OperatorKernel*, c10::DispatchKeySet, at::Tensor const&, std::basic_string_view<char, std::char_traits<char> >) [0x533d404] in libtorch_cpu.so
=========         Host Frame: at::_ops::gelu::call(at::Tensor const&, std::basic_string_view<char, std::char_traits<char> >) [0x298862f] in libtorch_cpu.so
=========         Host Frame: check_tail_aten(TailReferenceView const&) [0x3d236] in tail
=========         Host Frame: check_tail(int, int, int, int, bool) [0x1e88e] in tail
=========         Host Frame: main [0x16f42] in tail
========= 
========= Uninitialized __global__ memory read of size 16 bytes
=========     at void at::native::vectorized_elementwise_kernel<(int)8, at::native::GeluCUDAKernelImpl(at::TensorIteratorBase &, at::native::GeluType)::[lambda() (instance 2)]::operator ()() const::[lambda() (instance 4)]::operator ()() const::[lambda(c10::BFloat16) (instance 1)], std::array<char *, (unsigned long)2>>(int, T2, T3)+0xc0
=========     by thread (97,0,0) in block (0,0,0)
=========     Address 0x2b20dbc00610
=========     Saved host backtrace up to driver entry point at kernel launch time
=========         Host Frame: cuLaunchKernel [0x39d6c4] in libcuda.so.1
=========         Host Frame:  [0x13e88] in libcudart.so.12
=========         Host Frame: cudaLaunchKernel [0x79f87] in libcudart.so.12
=========         Host Frame: void at::native::gpu_kernel_impl<__nv_hdl_wrapper_t<false, true, false, __nv_dl_tag<void (*)(at::TensorIteratorBase&, at::native::GeluType), &at::native::GeluCUDAKernelImpl, 8u>, c10::BFloat16 (c10::BFloat16)> >(at::TensorIteratorBase&, __nv_hdl_wrapper_t<false, true, false, __nv_dl_tag<void (*)(at::TensorIteratorBase&, at::native::GeluType), &at::native::GeluCUDAKernelImpl, 8u>, c10::BFloat16 (c10::BFloat16)> const&) [clone .isra.0] [0x149a222] in libtorch_cuda.so
=========         Host Frame: at::(anonymous namespace)::wrapper_CUDA_gelu(at::Tensor const&, std::basic_string_view<char, std::char_traits<char> >) [0x389d25e] in libtorch_cuda.so
=========         Host Frame: c10::impl::wrap_kernel_functor_unboxed_<c10::impl::detail::WrapFunctionIntoFunctor_<c10::CompileTimeFunctionPointer<at::Tensor (at::Tensor const&, std::basic_string_view<char, std::char_traits<char> >), &at::(anonymous namespace)::wrapper_CUDA_gelu>, at::Tensor, c10::guts::typelist::typelist<at::Tensor const&, std::basic_string_view<char, std::char_traits<char> > > >, at::Tensor (at::Tensor const&, std::basic_string_view<char, std::char_traits<char> >)>::call(c10::OperatorKernel*, c10::DispatchKeySet, at::Tensor const&, std::basic_string_view<char, std::char_traits<char> >) [0x389d301] in libtorch_cuda.so
=========         Host Frame: at::_ops::gelu::redispatch(c10::DispatchKeySet, at::Tensor const&, std::basic_string_view<char, std::char_traits<char> >) [0x28d4193] in libtorch_cpu.so
=========         Host Frame: torch::autograd::VariableType::(anonymous namespace)::gelu(c10::DispatchKeySet, at::Tensor const&, std::basic_string_view<char, std::char_traits<char> >) [0x533cd3b] in libtorch_cpu.so
=========         Host Frame: c10::impl::wrap_kernel_functor_unboxed_<c10::impl::detail::WrapFunctionIntoFunctor_<c10::CompileTimeFunctionPointer<at::Tensor (c10::DispatchKeySet, at::Tensor const&, std::basic_string_view<char, std::char_traits<char> >), &torch::autograd::VariableType::(anonymous namespace)::gelu>, at::Tensor, c10::guts::typelist::typelist<c10::DispatchKeySet, at::Tensor const&, std::basic_string_view<char, std::char_traits<char> > > >, at::Tensor (c10::DispatchKeySet, at::Tensor const&, std::basic_string_view<char, std::char_traits<char> >)>::call(c10::OperatorKernel*, c10::DispatchKeySet, at::Tensor const&, std::basic_string_view<char, std::char_traits<char> >) [0x533d404] in libtorch_cpu.so
=========         Host Frame: at::_ops::gelu::call(at::Tensor const&, std::basic_string_view<char, std::char_traits<char> >) [0x298862f] in libtorch_cpu.so
=========         Host Frame: check_tail_aten(TailReferenceView const&) [0x3d236] in tail
=========         Host Frame: check_tail(int, int, int, int, bool) [0x1e88e] in tail
=========         Host Frame: main [0x16f42] in tail
========= 
========= Uninitialized __global__ memory read of size 16 bytes
=========     at void at::native::vectorized_elementwise_kernel<(int)8, at::native::GeluCUDAKernelImpl(at::TensorIteratorBase &, at::native::GeluType)::[lambda() (instance 2)]::operator ()() const::[lambda() (instance 4)]::operator ()() const::[lambda(c10::BFloat16) (instance 1)], std::array<char *, (unsigned long)2>>(int, T2, T3)+0xc0
=========     by thread (98,0,0) in block (0,0,0)
=========     Address 0x2b20dbc00620
=========     Saved host backtrace up to driver entry point at kernel launch time
=========         Host Frame: cuLaunchKernel [0x39d6c4] in libcuda.so.1
=========         Host Frame:  [0x13e88] in libcudart.so.12
=========         Host Frame: cudaLaunchKernel [0x79f87] in libcudart.so.12
=========         Host Frame: void at::native::gpu_kernel_impl<__nv_hdl_wrapper_t<false, true, false, __nv_dl_tag<void (*)(at::TensorIteratorBase&, at::native::GeluType), &at::native::GeluCUDAKernelImpl, 8u>, c10::BFloat16 (c10::BFloat16)> >(at::TensorIteratorBase&, __nv_hdl_wrapper_t<false, true, false, __nv_dl_tag<void (*)(at::TensorIteratorBase&, at::native::GeluType), &at::native::GeluCUDAKernelImpl, 8u>, c10::BFloat16 (c10::BFloat16)> const&) [clone .isra.0] [0x149a222] in libtorch_cuda.so
=========         Host Frame: at::(anonymous namespace)::wrapper_CUDA_gelu(at::Tensor const&, std::basic_string_view<char, std::char_traits<char> >) [0x389d25e] in libtorch_cuda.so
=========         Host Frame: c10::impl::wrap_kernel_functor_unboxed_<c10::impl::detail::WrapFunctionIntoFunctor_<c10::CompileTimeFunctionPointer<at::Tensor (at::Tensor const&, std::basic_string_view<char, std::char_traits<char> >), &at::(anonymous namespace)::wrapper_CUDA_gelu>, at::Tensor, c10::guts::typelist::typelist<at::Tensor const&, std::basic_string_view<char, std::char_traits<char> > > >, at::Tensor (at::Tensor const&, std::basic_string_view<char, std::char_traits<char> >)>::call(c10::OperatorKernel*, c10::DispatchKeySet, at::Tensor const&, std::basic_string_view<char, std::char_traits<char> >) [0x389d301] in libtorch_cuda.so
=========         Host Frame: at::_ops::gelu::redispatch(c10::DispatchKeySet, at::Tensor const&, std::basic_string_view<char, std::char_traits<char> >) [0x28d4193] in libtorch_cpu.so
=========         Host Frame: torch::autograd::VariableType::(anonymous namespace)::gelu(c10::DispatchKeySet, at::Tensor const&, std::basic_string_view<char, std::char_traits<char> >) [0x533cd3b] in libtorch_cpu.so
=========         Host Frame: c10::impl::wrap_kernel_functor_unboxed_<c10::impl::detail::WrapFunctionIntoFunctor_<c10::CompileTimeFunctionPointer<at::Tensor (c10::DispatchKeySet, at::Tensor const&, std::basic_string_view<char, std::char_traits<char> >), &torch::autograd::VariableType::(anonymous namespace)::gelu>, at::Tensor, c10::guts::typelist::typelist<c10::DispatchKeySet, at::Tensor const&, std::basic_string_view<char, std::char_traits<char> > > >, at::Tensor (c10::DispatchKeySet, at::Tensor const&, std::basic_string_view<char, std::char_traits<char> >)>::call(c10::OperatorKernel*, c10::DispatchKeySet, at::Tensor const&, std::basic_string_view<char, std::char_traits<char> >) [0x533d404] in libtorch_cpu.so
=========         Host Frame: at::_ops::gelu::call(at::Tensor const&, std::basic_string_view<char, std::char_traits<char> >) [0x298862f] in libtorch_cpu.so
=========         Host Frame: check_tail_aten(TailReferenceView const&) [0x3d236] in tail
=========         Host Frame: check_tail(int, int, int, int, bool) [0x1e88e] in tail
=========         Host Frame: main [0x16f42] in tail
========= 
========= Uninitialized __global__ memory read of size 16 bytes
=========     at void at::native::vectorized_elementwise_kernel<(int)8, at::native::GeluCUDAKernelImpl(at::TensorIteratorBase &, at::native::GeluType)::[lambda() (instance 2)]::operator ()() const::[lambda() (instance 4)]::operator ()() const::[lambda(c10::BFloat16) (instance 1)], std::array<char *, (unsigned long)2>>(int, T2, T3)+0xc0
=========     by thread (99,0,0) in block (0,0,0)
=========     Address 0x2b20dbc00630
=========     Saved host backtrace up to driver entry point at kernel launch time
=========         Host Frame: cuLaunchKernel [0x39d6c4] in libcuda.so.1
=========         Host Frame:  [0x13e88] in libcudart.so.12
=========         Host Frame: cudaLaunchKernel [0x79f87] in libcudart.so.12
=========         Host Frame: void at::native::gpu_kernel_impl<__nv_hdl_wrapper_t<false, true, false, __nv_dl_tag<void (*)(at::TensorIteratorBase&, at::native::GeluType), &at::native::GeluCUDAKernelImpl, 8u>, c10::BFloat16 (c10::BFloat16)> >(at::TensorIteratorBase&, __nv_hdl_wrapper_t<false, true, false, __nv_dl_tag<void (*)(at::TensorIteratorBase&, at::native::GeluType), &at::native::GeluCUDAKernelImpl, 8u>, c10::BFloat16 (c10::BFloat16)> const&) [clone .isra.0] [0x149a222] in libtorch_cuda.so
=========         Host Frame: at::(anonymous namespace)::wrapper_CUDA_gelu(at::Tensor const&, std::basic_string_view<char, std::char_traits<char> >) [0x389d25e] in libtorch_cuda.so
=========         Host Frame: c10::impl::wrap_kernel_functor_unboxed_<c10::impl::detail::WrapFunctionIntoFunctor_<c10::CompileTimeFunctionPointer<at::Tensor (at::Tensor const&, std::basic_string_view<char, std::char_traits<char> >), &at::(anonymous namespace)::wrapper_CUDA_gelu>, at::Tensor, c10::guts::typelist::typelist<at::Tensor const&, std::basic_string_view<char, std::char_traits<char> > > >, at::Tensor (at::Tensor const&, std::basic_string_view<char, std::char_traits<char> >)>::call(c10::OperatorKernel*, c10::DispatchKeySet, at::Tensor const&, std::basic_string_view<char, std::char_traits<char> >) [0x389d301] in libtorch_cuda.so
=========         Host Frame: at::_ops::gelu::redispatch(c10::DispatchKeySet, at::Tensor const&, std::basic_string_view<char, std::char_traits<char> >) [0x28d4193] in libtorch_cpu.so
=========         Host Frame: torch::autograd::VariableType::(anonymous namespace)::gelu(c10::DispatchKeySet, at::Tensor const&, std::basic_string_view<char, std::char_traits<char> >) [0x533cd3b] in libtorch_cpu.so
=========         Host Frame: c10::impl::wrap_kernel_functor_unboxed_<c10::impl::detail::WrapFunctionIntoFunctor_<c10::CompileTimeFunctionPointer<at::Tensor (c10::DispatchKeySet, at::Tensor const&, std::basic_string_view<char, std::char_traits<char> >), &torch::autograd::VariableType::(anonymous namespace)::gelu>, at::Tensor, c10::guts::typelist::typelist<c10::DispatchKeySet, at::Tensor const&, std::basic_string_view<char, std::char_traits<char> > > >, at::Tensor (c10::DispatchKeySet, at::Tensor const&, std::basic_string_view<char, std::char_traits<char> >)>::call(c10::OperatorKernel*, c10::DispatchKeySet, at::Tensor const&, std::basic_string_view<char, std::char_traits<char> >) [0x533d404] in libtorch_cpu.so
=========         Host Frame: at::_ops::gelu::call(at::Tensor const&, std::basic_string_view<char, std::char_traits<char> >) [0x298862f] in libtorch_cpu.so
=========         Host Frame: check_tail_aten(TailReferenceView const&) [0x3d236] in tail
=========         Host Frame: check_tail(int, int, int, int, bool) [0x1e88e] in tail
=========         Host Frame: main [0x16f42] in tail
========= 
FAIL: CUDA error: CUBLAS_STATUS_INTERNAL_ERROR when calling `cublasGemmEx( handle, opa, opb, m, n, k, &falpha, a, CUDA_R_16BF, lda, b, CUDA_R_16BF, ldb, &fbeta, c, std::is_same_v<C_Dtype, float> ? CUDA_R_32F : CUDA_R_16BF, ldc, compute_type, CUBLAS_GEMM_DEFAULT_TENSOR_OP)`
Exception raised from gemm_internal_cublas_bfloat16_helper at /pytorch/aten/src/ATen/cuda/CUDABlas.cpp:1246 (most recent call first):
frame #0: c10::Error::Error(c10::SourceLocation, std::__cxx11::basic_string<char, std::char_traits<char>, std::allocator<char> >) + 0x9d (0x2b1dc9211fdd in /usr/local/lib/python3.12/site-packages/torch/lib/libc10.so)
frame #1: c10::detail::torchCheckFail(char const*, char const*, unsigned int, std::__cxx11::basic_string<char, std::char_traits<char>, std::allocator<char> > const&) + 0xc3 (0x2b1dc91a7561 in /usr/local/lib/python3.12/site-packages/torch/lib/libc10.so)
frame #2: <unknown function> + 0x3aa78a3 (0x2b1dff7998a3 in /usr/local/lib/python3.12/site-packages/torch/lib/libtorch_cuda.so)
frame #3: <unknown function> + 0x3b13df9 (0x2b1dff805df9 in /usr/local/lib/python3.12/site-packages/torch/lib/libtorch_cuda.so)
frame #4: at::native::structured_mm_out_cuda::impl(at::Tensor const&, at::Tensor const&, at::Tensor const&) + 0x44 (0x2b1dff807df4 in /usr/local/lib/python3.12/site-packages/torch/lib/libtorch_cuda.so)
frame #5: <unknown function> + 0x38ce2d3 (0x2b1dff5c02d3 in /usr/local/lib/python3.12/site-packages/torch/lib/libtorch_cuda.so)
frame #6: at::_ops::mm::redispatch(c10::DispatchKeySet, at::Tensor const&, at::Tensor const&) + 0xe8 (0x2b1db6986ed8 in /usr/local/lib/python3.12/site-packages/torch/lib/libtorch_cpu.so)
frame #7: <unknown function> + 0x5537b58 (0x2b1db9242b58 in /usr/local/lib/python3.12/site-packages/torch/lib/libtorch_cpu.so)
frame #8: <unknown function> + 0x5538252 (0x2b1db9243252 in /usr/local/lib/python3.12/site-packages/torch/lib/libtorch_cpu.so)
frame #9: at::_ops::mm::call(at::Tensor const&, at::Tensor const&) + 0x191 (0x2b1db69fe1a1 in /usr/local/lib/python3.12/site-packages/torch/lib/libtorch_cpu.so)
frame #10: <unknown function> + 0x1f3dba0 (0x2b1db5c48ba0 in /usr/local/lib/python3.12/site-packages/torch/lib/libtorch_cpu.so)
frame #11: at::native::matmul(at::Tensor const&, at::Tensor const&) + 0x43 (0x2b1db5c49223 in /usr/local/lib/python3.12/site-packages/torch/lib/libtorch_cpu.so)
frame #12: <unknown function> + 0x32cfb9f (0x2b1db6fdab9f in /usr/local/lib/python3.12/site-packages/torch/lib/libtorch_cpu.so)
frame #13: at::_ops::matmul::call(at::Tensor const&, at::Tensor const&) + 0x191 (0x2b1db6b4ddf1 in /usr/local/lib/python3.12/site-packages/torch/lib/libtorch_cpu.so)
frame #14: at::native::linear(at::Tensor const&, at::Tensor const&, std::optional<at::Tensor> const&) + 0x13b (0x2b1db5c0e1fb in /usr/local/lib/python3.12/site-packages/torch/lib/libtorch_cpu.so)
frame #15: <unknown function> + 0x32cf892 (0x2b1db6fda892 in /usr/local/lib/python3.12/site-packages/torch/lib/libtorch_cpu.so)
frame #16: at::_ops::linear::call(at::Tensor const&, at::Tensor const&, std::optional<at::Tensor> const&) + 0x1d0 (0x2b1db650bf10 in /usr/local/lib/python3.12/site-packages/torch/lib/libtorch_cpu.so)
frame #17: <unknown function> + 0x3d303 (0x55e78d6d5303 in /workspace/cuda/tail)
frame #18: <unknown function> + 0x1e88f (0x55e78d6b688f in /workspace/cuda/tail)
frame #19: <unknown function> + 0x16f43 (0x55e78d6aef43 in /workspace/cuda/tail)
frame #20: <unknown function> + 0x2a1ca (0x2b1dc96301ca in /usr/lib/x86_64-linux-gnu/libc.so.6)
frame #21: __libc_start_main + 0x8b (0x2b1dc963028b in /usr/lib/x86_64-linux-gnu/libc.so.6)
frame #22: <unknown function> + 0x17285 (0x55e78d6af285 in /workspace/cuda/tail)

GPU[0]=NVIDIA H100 80GB HBM3 SMs=132 runtime=12080
LOSS FP64 max_loss=8.72122886e-07 max_raw_gradient=0.000725049502
LOSS FP64 max_descaled_gradient=9.48289502e-09 gradient_rel_l2=1.37728149e-07
LOSS pinned CUDA max_loss=0 gradient_rel_l2=0 changed_codes=0/32768
HEAD product=0 M=16 N=2048 K=768 rel_l2=2.22728895e-08 max_abs=4.76837158e-07
HEAD product=1 M=16 N=768 K=2048 rel_l2=1.0761014e-07 max_abs=2.79396772e-09
HEAD product=2 M=768 N=2048 K=16 rel_l2=2.220256e-08 max_abs=2.98023224e-08
LAYER BF16 projection/product rel_l2=7.23490232e-07 max_abs=7.74860382e-07
LAYER BF16 projection/product rel_l2=8.63812504e-08 max_abs=2.98023224e-08
LAYER BF16 projection/product rel_l2=7.86999785e-08 max_abs=2.98023224e-08
LAYER BF16 projection/product rel_l2=2.85901554e-08 max_abs=2.32830644e-10
LAYER BF16 projection/product rel_l2=1.24344304e-07 max_abs=4.65661287e-10
LAYER BF16 projection/product rel_l2=9.03344941e-08 max_abs=1.74622983e-10
LAYER BF16 projection/product rel_l2=4.07916787e-08 max_abs=2.32830644e-10
LAYER BF16 projection/product rel_l2=2.98897682e-08 max_abs=9.31322575e-10
LAYER BF16 projection/product rel_l2=3.49210764e-08 max_abs=2.32830644e-10
LAYER tail forward gate rel_l2=3.94772915e-08 max_abs=3.46584711e-08
LAYER tail forward gate rel_l2=1.38295549e-08 max_abs=1.33927642e-08
LAYER tail forward gate rel_l2=2.54400603e-08 max_abs=8.80390871e-10
LAYER tail coefficient adjoints rel_l2=3.70263426e-08 max_abs=2.32830644e-09
LAYER tail coefficient adjoints rel_l2=3.61745833e-08 max_abs=1.51339918e-09
LAYER tail coefficient adjoints rel_l2=3.73936645e-08 max_abs=2.32830644e-09
LAYER tail coefficient adjoints rel_l2=3.75348285e-08 max_abs=2.79396772e-09
LAYER tail coefficient adjoints rel_l2=3.88321214e-08 max_abs=2.21189111e-09
LAYER tail coefficient adjoints rel_l2=4.10532028e-08 max_abs=3.02679837e-09
LAYER tail coefficient adjoints rel_l2=3.52331122e-08 max_abs=2.32830644e-09
LAYER tail coefficient adjoints rel_l2=3.83490681e-08 max_abs=2.32830644e-09
LAYER tail coefficient adjoints rel_l2=3.81786386e-08 max_abs=2.32830644e-09
LAYER tail coefficient adjoints rel_l2=3.63776013e-08 max_abs=1.86264515e-09
LAYER tail mixing rel_l2=6.72336441e-08 max_abs=1.39698386e-07
LAYER tail RMS rel_l2=4.85588386e-08 max_abs=3.5291109e-07
LAYER tail RMS backward rel_l2=5.65701701e-08 max_abs=3.49129336e-09
LAYER tail shared GELU gradient rel_l2=4.3094886e-08 max_abs=1.49870594e-10
========= Target application returned an error
========= ERROR SUMMARY: 128 errors
========= ERROR SUMMARY: 28 errors were not printed. Use --print-limit option to adjust the number of printed errors
