sha256 aca99dae8b12f0694b204a91b1a38392eff4e4cbccf8fc6dabdb8065a1691fcd Makefile
sha256 1a7b328be13871a9f3641b9453803076aba41ab4f1890320fa58e59d21689522 attention.cu
sha256 3d490e66a7b6558fa971bc944951c18d9467605bc27d560d34e78d2243bf6136 attention.cuh
sha256 27d710da211d259c85d64fbbd7db383565758285686f078ee7b90fea38a70c6d bench.cuh
sha256 a1239425b438fa85c0628a25decee76f394162bc6c3aae2cfa03cc6e5fd1c3d9 bf16.cu
sha256 538793c348108ea29c361401d86cd7855e8b16db9f441ec824bbd6b4f927e12b bf16_gemm.cuh
sha256 6eb043b0deec41825720d6ba638468d9aec856a01cb2b9dec6c23a28ffe49a81 frontier.cuh
sha256 6c7816f88d3635a7a72d3db3eb5fb7b09dd04f5350db0b76e7769ec0b570e361 hopper.cuh
sha256 6c46e001995dceb6cbe169868edd5dea4e2c7b5084e3654c6f4dfe29a0fb0849 megakernel.cuh
sha256 2cfe05bf690ca0783fddd52ff5337f292baff00fd328c5d851d55264aadddf36 qkv.cuh
sha256 cef57ceb07ba44e55effc962c75d7f96485a7f1b80a5555438c99016553708d9 quantize.cu
sha256 f2bff3dccf7c4d0f34cf0013fecc638bf73931d93eb069f5791551950ad2a43b tokenizer.cpp
sha256 6162af3343d30737858843abf1b3e930bee0e4af510aa75df73a810816d39da9 transport.cu
sha256 4c74b0dba9a3a754d4fff90f9cab402ed715067484f50079efdc703ddb8ef6fe validate.cu
$ nvidia-smi
Sat Sep 19 03:46:10 2026       
+-----------------------------------------------------------------------------------------+
| NVIDIA-SMI 580.95.05              Driver Version: 580.95.05      CUDA Version: 13.0     |
+-----------------------------------------+------------------------+----------------------+
| GPU  Name                 Persistence-M | Bus-Id          Disp.A | Volatile Uncorr. ECC |
| Fan  Temp   Perf          Pwr:Usage/Cap |           Memory-Usage | GPU-Util  Compute M. |
|                                         |                        |               MIG M. |
|=========================================+========================+======================|
|   0  NVIDIA H100 80GB HBM3          On  |   00000000:49:00.0 Off |                    0 |
| N/A   37C    P0             76W /  700W |       4MiB /  81559MiB |      0%      Default |
|                                         |                        |             Disabled |
+-----------------------------------------+------------------------+----------------------+

+-----------------------------------------------------------------------------------------+
| Processes:                                                                              |
|  GPU   GI   CI              PID   Type   Process name                        GPU Memory |
|        ID   ID                                                               Usage      |
|=========================================================================================|
|  No running processes found                                                             |
+-----------------------------------------------------------------------------------------+

$ nvcc --version
nvcc: NVIDIA (R) Cuda compiler driver
Copyright (c) 2005-2025 NVIDIA Corporation
Built on Fri_Feb_21_20:23:50_PST_2025
Cuda compilation tools, release 12.8, V12.8.93
Build cuda_12.8.r12.8/compiler.35583870_0

$ make -C /workspace/cuda validate
make: Entering directory '/workspace/cuda'
nvcc -std=c++17 -O3 -arch=sm_90a -lineinfo -Xptxas=-v,-warn-spills -DNANO_TRANSPOSE_PAD=4 -DNANO_REUSE_QUANT=1 -DNANO_MIN_BLOCKS=4 -DNANO_ALIGNED=1 -DNANO_K_LOOP=1 -DNANO_FRONTIER=1 validate.cu -lcublas -o validate
ptxas info    : 0 bytes gmem
ptxas info    : Compiling entry function '_ZN4nano10megakernelILb1ELb1ELb0ELb0EEEvNS_5GraphE' for 'sm_90a'
ptxas info    : Function properties for _ZN4nano10megakernelILb1ELb1ELb0ELb0EEEvNS_5GraphE
    0 bytes stack frame, 0 bytes spill stores, 0 bytes spill loads
ptxas info    : Used 124 registers, used 1 barriers, 32776 bytes smem
ptxas info    : Compile time = 1999.025 ms
ptxas info    : Compiling entry function '_ZN4nano10megakernelILb0ELb1ELb0ELb0EEEvNS_5GraphE' for 'sm_90a'
ptxas info    : Function properties for _ZN4nano10megakernelILb0ELb1ELb0ELb0EEEvNS_5GraphE
    0 bytes stack frame, 0 bytes spill stores, 0 bytes spill loads
ptxas info    : Used 124 registers, used 1 barriers, 32776 bytes smem
ptxas info    : Compile time = 2133.085 ms
ptxas info    : Compiling entry function '_ZN4nano10megakernelILb1ELb0ELb0ELb0EEEvNS_5GraphE' for 'sm_90a'
ptxas info    : Function properties for _ZN4nano10megakernelILb1ELb0ELb0ELb0EEEvNS_5GraphE
    0 bytes stack frame, 0 bytes spill stores, 0 bytes spill loads
ptxas info    : Used 128 registers, used 1 barriers, 32776 bytes smem
ptxas info    : Compile time = 2954.441 ms
ptxas info    : Compiling entry function '_ZN4nano10megakernelILb0ELb0ELb0ELb0EEEvNS_5GraphE' for 'sm_90a'
ptxas info    : Function properties for _ZN4nano10megakernelILb0ELb0ELb0ELb0EEEvNS_5GraphE
    0 bytes stack frame, 0 bytes spill stores, 0 bytes spill loads
ptxas info    : Used 126 registers, used 1 barriers, 32776 bytes smem
ptxas info    : Compile time = 2902.076 ms
ptxas info    : Compiling entry function '_Z13staged_kernelILb0EEvN4nano6MatmulE' for 'sm_90a'
ptxas info    : Function properties for _Z13staged_kernelILb0EEvN4nano6MatmulE
    0 bytes stack frame, 0 bytes spill stores, 0 bytes spill loads
ptxas info    : Used 125 registers, used 1 barriers, 32768 bytes smem
ptxas info    : Compile time = 2439.338 ms
ptxas info    : Compiling entry function '_Z13staged_kernelILb1EEvN4nano6MatmulE' for 'sm_90a'
ptxas info    : Function properties for _Z13staged_kernelILb1EEvN4nano6MatmulE
    0 bytes stack frame, 0 bytes spill stores, 0 bytes spill loads
ptxas info    : Used 95 registers, used 1 barriers, 32768 bytes smem
ptxas info    : Compile time = 1922.071 ms
ptxas info    : Compiling entry function '_Z18reference_epiloguePKfN4nano6MatmulE' for 'sm_90a'
ptxas info    : Function properties for _Z18reference_epiloguePKfN4nano6MatmulE
    0 bytes stack frame, 0 bytes spill stores, 0 bytes spill loads
ptxas info    : Used 17 registers, used 0 barriers
ptxas info    : Compile time = 11.151 ms
ptxas info    : Compiling entry function '_Z6unpackPK13__nv_fp8_e4m3Pfib' for 'sm_90a'
ptxas info    : Function properties for _Z6unpackPK13__nv_fp8_e4m3Pfib
    0 bytes stack frame, 0 bytes spill stores, 0 bytes spill loads
ptxas info    : Used 10 registers, used 0 barriers
ptxas info    : Compile time = 1.720 ms
make: Leaving directory '/workspace/cuda'

$ /workspace/cuda/validate --main-shapes --gradient-chunk=4096
GPU=NVIDIA H100 80GB HBM3 SMs=132 CUDA_runtime=12080
megakernel registers=124 static_shared=32776 local_bytes=0
resident_blocks_per_SM=4
operand_K=128
scheduler=ready_first
operand_stages=2
target=PR360 commit=c924f68e4d72e80307fc27a7bb3a55cfb6ad43c7 MLP=E4M3/E5M2 width=2816; component only
shape M=7 C=17 H=33 workers=1 seed=42 zeros=0 gradient_chunk=64
audit: every task executed once; gradient_tasks_before_all_roots=0
  raw    rel_l2=0 max_abs=0 different=0/231
  raw    rel_l2=0 max_abs=0 different=0/231
  post   rel_l2=0 max_abs=0 different=0/231
  dpre   rel_l2=0 max_abs=0 different=0/231
  post.T rel_l2=0 max_abs=0 different=0/231
  dpre.T rel_l2=0 max_abs=0 different=0/231
  y      rel_l2=0 max_abs=0 different=0/119
  dx     rel_l2=0 max_abs=0 different=0/119
  dw1    rel_l2=0 max_abs=0 different=0/561
  dw2    rel_l2=0 max_abs=0 different=0/561
  dw1.chunk rel_l2=0 max_abs=0 different=0/561
  dw2.chunk rel_l2=0 max_abs=0 different=0/561
production specialization after reset:
  raw    rel_l2=0 max_abs=0 different=0/231
  post   rel_l2=0 max_abs=0 different=0/231
  dpre   rel_l2=0 max_abs=0 different=0/231
  post.T rel_l2=0 max_abs=0 different=0/231
  dpre.T rel_l2=0 max_abs=0 different=0/231
  y      rel_l2=0 max_abs=0 different=0/119
  dx     rel_l2=0 max_abs=0 different=0/119
  dw1    rel_l2=0 max_abs=0 different=0/561
  dw2    rel_l2=0 max_abs=0 different=0/561
shape M=129 C=96 H=160 workers=1 seed=1337 zeros=0 gradient_chunk=64
audit: every task executed once; gradient_tasks_before_all_roots=28
  raw    rel_l2=0 max_abs=0 different=0/20640
  raw    rel_l2=0 max_abs=0 different=0/20640
  post   rel_l2=0 max_abs=0 different=0/20640
  dpre   rel_l2=0 max_abs=0 different=0/20640
  post.T rel_l2=0 max_abs=0 different=0/20640
  dpre.T rel_l2=0 max_abs=0 different=0/20640
  y      rel_l2=0 max_abs=0 different=0/12384
  dx     rel_l2=0 max_abs=0 different=0/12384
  dw1    rel_l2=0 max_abs=0 different=0/15360
  dw2    rel_l2=0 max_abs=0 different=0/15360
  dw1.chunk rel_l2=0 max_abs=0 different=0/15360
  dw2.chunk rel_l2=0 max_abs=0 different=0/15360
production specialization after reset:
  raw    rel_l2=0 max_abs=0 different=0/20640
  post   rel_l2=0 max_abs=0 different=0/20640
  dpre   rel_l2=0 max_abs=0 different=0/20640
  post.T rel_l2=0 max_abs=0 different=0/20640
  dpre.T rel_l2=0 max_abs=0 different=0/20640
  y      rel_l2=0 max_abs=0 different=0/12384
  dx     rel_l2=0 max_abs=0 different=0/12384
  dw1    rel_l2=0 max_abs=0 different=0/15360
  dw2    rel_l2=0 max_abs=0 different=0/15360
shape M=65 C=32 H=64 workers=1 seed=2 zeros=1 gradient_chunk=64
audit: every task executed once; gradient_tasks_before_all_roots=0
  raw    rel_l2=0 max_abs=0 different=0/4160
  raw    rel_l2=0 max_abs=0 different=0/4160
  post   rel_l2=0 max_abs=0 different=0/4160
  dpre   rel_l2=0 max_abs=0 different=0/4160
  post.T rel_l2=0 max_abs=0 different=0/4160
  dpre.T rel_l2=0 max_abs=0 different=0/4160
  y      rel_l2=0 max_abs=0 different=0/2080
  dx     rel_l2=0 max_abs=0 different=0/2080
  dw1    rel_l2=0 max_abs=0 different=0/2048
  dw2    rel_l2=0 max_abs=0 different=0/2048
  dw1.chunk rel_l2=0 max_abs=0 different=0/2048
  dw2.chunk rel_l2=0 max_abs=0 different=0/2048
production specialization after reset:
  raw    rel_l2=0 max_abs=0 different=0/4160
  post   rel_l2=0 max_abs=0 different=0/4160
  dpre   rel_l2=0 max_abs=0 different=0/4160
  post.T rel_l2=0 max_abs=0 different=0/4160
  dpre.T rel_l2=0 max_abs=0 different=0/4160
  y      rel_l2=0 max_abs=0 different=0/2080
  dx     rel_l2=0 max_abs=0 different=0/2080
  dw1    rel_l2=0 max_abs=0 different=0/2048
  dw2    rel_l2=0 max_abs=0 different=0/2048
shape M=256 C=128 H=256 workers=1 seed=1337 zeros=0 gradient_chunk=4096
audit: every task executed once; gradient_tasks_before_all_roots=6
  post   rel_l2=0 max_abs=0 different=0/65536
  dpre   rel_l2=0 max_abs=0 different=0/65536
  post.T rel_l2=0 max_abs=0 different=0/65536
  dpre.T rel_l2=0 max_abs=0 different=0/65536
  y      rel_l2=0 max_abs=0 different=0/32768
  dx     rel_l2=0 max_abs=0 different=0/32768
  dw1    rel_l2=1.5333805e-05 max_abs=0.00048828125 different=1/32768
  dw2    rel_l2=0 max_abs=0 different=0/32768
  dw1.chunk rel_l2=0 max_abs=0 different=0/32768
  dw2.chunk rel_l2=0 max_abs=0 different=0/32768
production specialization after reset:
  post   rel_l2=0 max_abs=0 different=0/65536
  dpre   rel_l2=0 max_abs=0 different=0/65536
  post.T rel_l2=0 max_abs=0 different=0/65536
  dpre.T rel_l2=0 max_abs=0 different=0/65536
  y      rel_l2=0 max_abs=0 different=0/32768
  dx     rel_l2=0 max_abs=0 different=0/32768
  dw1    rel_l2=1.5333805e-05 max_abs=0.00048828125 different=1/32768
  dw2    rel_l2=0 max_abs=0 different=0/32768
shape M=7 C=17 H=33 workers=7 seed=42 zeros=0 gradient_chunk=64
audit: every task executed once; gradient_tasks_before_all_roots=0
  raw    rel_l2=0 max_abs=0 different=0/231
  raw    rel_l2=0 max_abs=0 different=0/231
  post   rel_l2=0 max_abs=0 different=0/231
  dpre   rel_l2=0 max_abs=0 different=0/231
  post.T rel_l2=0 max_abs=0 different=0/231
  dpre.T rel_l2=0 max_abs=0 different=0/231
  y      rel_l2=0 max_abs=0 different=0/119
  dx     rel_l2=0 max_abs=0 different=0/119
  dw1    rel_l2=0 max_abs=0 different=0/561
  dw2    rel_l2=0 max_abs=0 different=0/561
  dw1.chunk rel_l2=0 max_abs=0 different=0/561
  dw2.chunk rel_l2=0 max_abs=0 different=0/561
production specialization after reset:
  raw    rel_l2=0 max_abs=0 different=0/231
  post   rel_l2=0 max_abs=0 different=0/231
  dpre   rel_l2=0 max_abs=0 different=0/231
  post.T rel_l2=0 max_abs=0 different=0/231
  dpre.T rel_l2=0 max_abs=0 different=0/231
  y      rel_l2=0 max_abs=0 different=0/119
  dx     rel_l2=0 max_abs=0 different=0/119
  dw1    rel_l2=0 max_abs=0 different=0/561
  dw2    rel_l2=0 max_abs=0 different=0/561
shape M=129 C=96 H=160 workers=7 seed=1337 zeros=0 gradient_chunk=64
audit: every task executed once; gradient_tasks_before_all_roots=4
  raw    rel_l2=0 max_abs=0 different=0/20640
  raw    rel_l2=0 max_abs=0 different=0/20640
  post   rel_l2=0 max_abs=0 different=0/20640
  dpre   rel_l2=0 max_abs=0 different=0/20640
  post.T rel_l2=0 max_abs=0 different=0/20640
  dpre.T rel_l2=0 max_abs=0 different=0/20640
  y      rel_l2=0 max_abs=0 different=0/12384
  dx     rel_l2=0 max_abs=0 different=0/12384
  dw1    rel_l2=0 max_abs=0 different=0/15360
  dw2    rel_l2=0 max_abs=0 different=0/15360
  dw1.chunk rel_l2=0 max_abs=0 different=0/15360
  dw2.chunk rel_l2=0 max_abs=0 different=0/15360
production specialization after reset:
  raw    rel_l2=0 max_abs=0 different=0/20640
  post   rel_l2=0 max_abs=0 different=0/20640
  dpre   rel_l2=0 max_abs=0 different=0/20640
  post.T rel_l2=0 max_abs=0 different=0/20640
  dpre.T rel_l2=0 max_abs=0 different=0/20640
  y      rel_l2=0 max_abs=0 different=0/12384
  dx     rel_l2=0 max_abs=0 different=0/12384
  dw1    rel_l2=0 max_abs=0 different=0/15360
  dw2    rel_l2=0 max_abs=0 different=0/15360
shape M=65 C=32 H=64 workers=7 seed=2 zeros=1 gradient_chunk=64
audit: every task executed once; gradient_tasks_before_all_roots=0
  raw    rel_l2=0 max_abs=0 different=0/4160
  raw    rel_l2=0 max_abs=0 different=0/4160
  post   rel_l2=0 max_abs=0 different=0/4160
  dpre   rel_l2=0 max_abs=0 different=0/4160
  post.T rel_l2=0 max_abs=0 different=0/4160
  dpre.T rel_l2=0 max_abs=0 different=0/4160
  y      rel_l2=0 max_abs=0 different=0/2080
  dx     rel_l2=0 max_abs=0 different=0/2080
  dw1    rel_l2=0 max_abs=0 different=0/2048
  dw2    rel_l2=0 max_abs=0 different=0/2048
  dw1.chunk rel_l2=0 max_abs=0 different=0/2048
  dw2.chunk rel_l2=0 max_abs=0 different=0/2048
production specialization after reset:
  raw    rel_l2=0 max_abs=0 different=0/4160
  post   rel_l2=0 max_abs=0 different=0/4160
  dpre   rel_l2=0 max_abs=0 different=0/4160
  post.T rel_l2=0 max_abs=0 different=0/4160
  dpre.T rel_l2=0 max_abs=0 different=0/4160
  y      rel_l2=0 max_abs=0 different=0/2080
  dx     rel_l2=0 max_abs=0 different=0/2080
  dw1    rel_l2=0 max_abs=0 different=0/2048
  dw2    rel_l2=0 max_abs=0 different=0/2048
shape M=256 C=128 H=256 workers=7 seed=1337 zeros=0 gradient_chunk=4096
audit: every task executed once; gradient_tasks_before_all_roots=2
  post   rel_l2=0 max_abs=0 different=0/65536
  dpre   rel_l2=0 max_abs=0 different=0/65536
  post.T rel_l2=0 max_abs=0 different=0/65536
  dpre.T rel_l2=0 max_abs=0 different=0/65536
  y      rel_l2=0 max_abs=0 different=0/32768
  dx     rel_l2=0 max_abs=0 different=0/32768
  dw1    rel_l2=1.5333805e-05 max_abs=0.00048828125 different=1/32768
  dw2    rel_l2=0 max_abs=0 different=0/32768
  dw1.chunk rel_l2=0 max_abs=0 different=0/32768
  dw2.chunk rel_l2=0 max_abs=0 different=0/32768
production specialization after reset:
  post   rel_l2=0 max_abs=0 different=0/65536
  dpre   rel_l2=0 max_abs=0 different=0/65536
  post.T rel_l2=0 max_abs=0 different=0/65536
  dpre.T rel_l2=0 max_abs=0 different=0/65536
  y      rel_l2=0 max_abs=0 different=0/32768
  dx     rel_l2=0 max_abs=0 different=0/32768
  dw1    rel_l2=1.5333805e-05 max_abs=0.00048828125 different=1/32768
  dw2    rel_l2=0 max_abs=0 different=0/32768
shape M=7 C=17 H=33 workers=132 seed=42 zeros=0 gradient_chunk=64
audit: every task executed once; gradient_tasks_before_all_roots=0
  raw    rel_l2=0 max_abs=0 different=0/231
  raw    rel_l2=0 max_abs=0 different=0/231
  post   rel_l2=0 max_abs=0 different=0/231
  dpre   rel_l2=0 max_abs=0 different=0/231
  post.T rel_l2=0 max_abs=0 different=0/231
  dpre.T rel_l2=0 max_abs=0 different=0/231
  y      rel_l2=0 max_abs=0 different=0/119
  dx     rel_l2=0 max_abs=0 different=0/119
  dw1    rel_l2=0 max_abs=0 different=0/561
  dw2    rel_l2=0 max_abs=0 different=0/561
  dw1.chunk rel_l2=0 max_abs=0 different=0/561
  dw2.chunk rel_l2=0 max_abs=0 different=0/561
production specialization after reset:
  raw    rel_l2=0 max_abs=0 different=0/231
  post   rel_l2=0 max_abs=0 different=0/231
  dpre   rel_l2=0 max_abs=0 different=0/231
  post.T rel_l2=0 max_abs=0 different=0/231
  dpre.T rel_l2=0 max_abs=0 different=0/231
  y      rel_l2=0 max_abs=0 different=0/119
  dx     rel_l2=0 max_abs=0 different=0/119
  dw1    rel_l2=0 max_abs=0 different=0/561
  dw2    rel_l2=0 max_abs=0 different=0/561
shape M=129 C=96 H=160 workers=132 seed=1337 zeros=0 gradient_chunk=64
audit: every task executed once; gradient_tasks_before_all_roots=0
  raw    rel_l2=0 max_abs=0 different=0/20640
  raw    rel_l2=0 max_abs=0 different=0/20640
  post   rel_l2=0 max_abs=0 different=0/20640
  dpre   rel_l2=0 max_abs=0 different=0/20640
  post.T rel_l2=0 max_abs=0 different=0/20640
  dpre.T rel_l2=0 max_abs=0 different=0/20640
  y      rel_l2=0 max_abs=0 different=0/12384
  dx     rel_l2=0 max_abs=0 different=0/12384
  dw1    rel_l2=0 max_abs=0 different=0/15360
  dw2    rel_l2=0 max_abs=0 different=0/15360
  dw1.chunk rel_l2=0 max_abs=0 different=0/15360
  dw2.chunk rel_l2=0 max_abs=0 different=0/15360
production specialization after reset:
  raw    rel_l2=0 max_abs=0 different=0/20640
  post   rel_l2=0 max_abs=0 different=0/20640
  dpre   rel_l2=0 max_abs=0 different=0/20640
  post.T rel_l2=0 max_abs=0 different=0/20640
  dpre.T rel_l2=0 max_abs=0 different=0/20640
  y      rel_l2=0 max_abs=0 different=0/12384
  dx     rel_l2=0 max_abs=0 different=0/12384
  dw1    rel_l2=0 max_abs=0 different=0/15360
  dw2    rel_l2=0 max_abs=0 different=0/15360
shape M=65 C=32 H=64 workers=132 seed=2 zeros=1 gradient_chunk=64
audit: every task executed once; gradient_tasks_before_all_roots=0
  raw    rel_l2=0 max_abs=0 different=0/4160
  raw    rel_l2=0 max_abs=0 different=0/4160
  post   rel_l2=0 max_abs=0 different=0/4160
  dpre   rel_l2=0 max_abs=0 different=0/4160
  post.T rel_l2=0 max_abs=0 different=0/4160
  dpre.T rel_l2=0 max_abs=0 different=0/4160
  y      rel_l2=0 max_abs=0 different=0/2080
  dx     rel_l2=0 max_abs=0 different=0/2080
  dw1    rel_l2=0 max_abs=0 different=0/2048
  dw2    rel_l2=0 max_abs=0 different=0/2048
  dw1.chunk rel_l2=0 max_abs=0 different=0/2048
  dw2.chunk rel_l2=0 max_abs=0 different=0/2048
production specialization after reset:
  raw    rel_l2=0 max_abs=0 different=0/4160
  post   rel_l2=0 max_abs=0 different=0/4160
  dpre   rel_l2=0 max_abs=0 different=0/4160
  post.T rel_l2=0 max_abs=0 different=0/4160
  dpre.T rel_l2=0 max_abs=0 different=0/4160
  y      rel_l2=0 max_abs=0 different=0/2080
  dx     rel_l2=0 max_abs=0 different=0/2080
  dw1    rel_l2=0 max_abs=0 different=0/2048
  dw2    rel_l2=0 max_abs=0 different=0/2048
shape M=256 C=128 H=256 workers=132 seed=1337 zeros=0 gradient_chunk=4096
audit: every task executed once; gradient_tasks_before_all_roots=0
  post   rel_l2=0 max_abs=0 different=0/65536
  dpre   rel_l2=0 max_abs=0 different=0/65536
  post.T rel_l2=0 max_abs=0 different=0/65536
  dpre.T rel_l2=0 max_abs=0 different=0/65536
  y      rel_l2=0 max_abs=0 different=0/32768
  dx     rel_l2=0 max_abs=0 different=0/32768
  dw1    rel_l2=1.5333805e-05 max_abs=0.00048828125 different=1/32768
  dw2    rel_l2=0 max_abs=0 different=0/32768
  dw1.chunk rel_l2=0 max_abs=0 different=0/32768
  dw2.chunk rel_l2=0 max_abs=0 different=0/32768
production specialization after reset:
  post   rel_l2=0 max_abs=0 different=0/65536
  dpre   rel_l2=0 max_abs=0 different=0/65536
  post.T rel_l2=0 max_abs=0 different=0/65536
  dpre.T rel_l2=0 max_abs=0 different=0/65536
  y      rel_l2=0 max_abs=0 different=0/32768
  dx     rel_l2=0 max_abs=0 different=0/32768
  dw1    rel_l2=1.5333805e-05 max_abs=0.00048828125 different=1/32768
  dw2    rel_l2=0 max_abs=0 different=0/32768
shape M=7 C=17 H=33 workers=660 seed=42 zeros=0 gradient_chunk=64
audit: every task executed once; gradient_tasks_before_all_roots=0
  raw    rel_l2=0 max_abs=0 different=0/231
  raw    rel_l2=0 max_abs=0 different=0/231
  post   rel_l2=0 max_abs=0 different=0/231
  dpre   rel_l2=0 max_abs=0 different=0/231
  post.T rel_l2=0 max_abs=0 different=0/231
  dpre.T rel_l2=0 max_abs=0 different=0/231
  y      rel_l2=0 max_abs=0 different=0/119
  dx     rel_l2=0 max_abs=0 different=0/119
  dw1    rel_l2=0 max_abs=0 different=0/561
  dw2    rel_l2=0 max_abs=0 different=0/561
  dw1.chunk rel_l2=0 max_abs=0 different=0/561
  dw2.chunk rel_l2=0 max_abs=0 different=0/561
production specialization after reset:
  raw    rel_l2=0 max_abs=0 different=0/231
  post   rel_l2=0 max_abs=0 different=0/231
  dpre   rel_l2=0 max_abs=0 different=0/231
  post.T rel_l2=0 max_abs=0 different=0/231
  dpre.T rel_l2=0 max_abs=0 different=0/231
  y      rel_l2=0 max_abs=0 different=0/119
  dx     rel_l2=0 max_abs=0 different=0/119
  dw1    rel_l2=0 max_abs=0 different=0/561
  dw2    rel_l2=0 max_abs=0 different=0/561
shape M=129 C=96 H=160 workers=660 seed=1337 zeros=0 gradient_chunk=64
audit: every task executed once; gradient_tasks_before_all_roots=0
  raw    rel_l2=0 max_abs=0 different=0/20640
  raw    rel_l2=0 max_abs=0 different=0/20640
  post   rel_l2=0 max_abs=0 different=0/20640
  dpre   rel_l2=0 max_abs=0 different=0/20640
  post.T rel_l2=0 max_abs=0 different=0/20640
  dpre.T rel_l2=0 max_abs=0 different=0/20640
  y      rel_l2=0 max_abs=0 different=0/12384
  dx     rel_l2=0 max_abs=0 different=0/12384
  dw1    rel_l2=0 max_abs=0 different=0/15360
  dw2    rel_l2=0 max_abs=0 different=0/15360
  dw1.chunk rel_l2=0 max_abs=0 different=0/15360
  dw2.chunk rel_l2=0 max_abs=0 different=0/15360
production specialization after reset:
  raw    rel_l2=0 max_abs=0 different=0/20640
  post   rel_l2=0 max_abs=0 different=0/20640
  dpre   rel_l2=0 max_abs=0 different=0/20640
  post.T rel_l2=0 max_abs=0 different=0/20640
  dpre.T rel_l2=0 max_abs=0 different=0/20640
  y      rel_l2=0 max_abs=0 different=0/12384
  dx     rel_l2=0 max_abs=0 different=0/12384
  dw1    rel_l2=0 max_abs=0 different=0/15360
  dw2    rel_l2=0 max_abs=0 different=0/15360
shape M=65 C=32 H=64 workers=660 seed=2 zeros=1 gradient_chunk=64
audit: every task executed once; gradient_tasks_before_all_roots=0
  raw    rel_l2=0 max_abs=0 different=0/4160
  raw    rel_l2=0 max_abs=0 different=0/4160
  post   rel_l2=0 max_abs=0 different=0/4160
  dpre   rel_l2=0 max_abs=0 different=0/4160
  post.T rel_l2=0 max_abs=0 different=0/4160
  dpre.T rel_l2=0 max_abs=0 different=0/4160
  y      rel_l2=0 max_abs=0 different=0/2080
  dx     rel_l2=0 max_abs=0 different=0/2080
  dw1    rel_l2=0 max_abs=0 different=0/2048
  dw2    rel_l2=0 max_abs=0 different=0/2048
  dw1.chunk rel_l2=0 max_abs=0 different=0/2048
  dw2.chunk rel_l2=0 max_abs=0 different=0/2048
production specialization after reset:
  raw    rel_l2=0 max_abs=0 different=0/4160
  post   rel_l2=0 max_abs=0 different=0/4160
  dpre   rel_l2=0 max_abs=0 different=0/4160
  post.T rel_l2=0 max_abs=0 different=0/4160
  dpre.T rel_l2=0 max_abs=0 different=0/4160
  y      rel_l2=0 max_abs=0 different=0/2080
  dx     rel_l2=0 max_abs=0 different=0/2080
  dw1    rel_l2=0 max_abs=0 different=0/2048
  dw2    rel_l2=0 max_abs=0 different=0/2048
shape M=256 C=128 H=256 workers=660 seed=1337 zeros=0 gradient_chunk=4096
audit: every task executed once; gradient_tasks_before_all_roots=0
  post   rel_l2=0 max_abs=0 different=0/65536
  dpre   rel_l2=0 max_abs=0 different=0/65536
  post.T rel_l2=0 max_abs=0 different=0/65536
  dpre.T rel_l2=0 max_abs=0 different=0/65536
  y      rel_l2=0 max_abs=0 different=0/32768
  dx     rel_l2=0 max_abs=0 different=0/32768
  dw1    rel_l2=1.5333805e-05 max_abs=0.00048828125 different=1/32768
  dw2    rel_l2=0 max_abs=0 different=0/32768
  dw1.chunk rel_l2=0 max_abs=0 different=0/32768
  dw2.chunk rel_l2=0 max_abs=0 different=0/32768
production specialization after reset:
  post   rel_l2=0 max_abs=0 different=0/65536
  dpre   rel_l2=0 max_abs=0 different=0/65536
  post.T rel_l2=0 max_abs=0 different=0/65536
  dpre.T rel_l2=0 max_abs=0 different=0/65536
  y      rel_l2=0 max_abs=0 different=0/32768
  dx     rel_l2=0 max_abs=0 different=0/32768
  dw1    rel_l2=1.5333805e-05 max_abs=0.00048828125 different=1/32768
  dw2    rel_l2=0 max_abs=0 different=0/32768
shape M=8209 C=96 H=160 workers=7 seed=1337 zeros=0 gradient_chunk=4096
audit: every task executed once; gradient_tasks_before_all_roots=28
  post   rel_l2=0 max_abs=0 different=0/1313440
  dpre   rel_l2=0 max_abs=0 different=0/1313440
  post.T rel_l2=0 max_abs=0 different=0/1313440
  dpre.T rel_l2=0 max_abs=0 different=0/1313440
  y      rel_l2=0 max_abs=0 different=0/788064
  dx     rel_l2=0 max_abs=0 different=0/788064
  dw1    rel_l2=0 max_abs=0 different=0/15360
  dw2    rel_l2=0 max_abs=0 different=0/15360
  dw1.chunk rel_l2=0 max_abs=0 different=0/15360
  dw2.chunk rel_l2=0 max_abs=0 different=0/15360
production specialization after reset:
  post   rel_l2=0 max_abs=0 different=0/1313440
  dpre   rel_l2=0 max_abs=0 different=0/1313440
  post.T rel_l2=0 max_abs=0 different=0/1313440
  dpre.T rel_l2=0 max_abs=0 different=0/1313440
  y      rel_l2=0 max_abs=0 different=0/788064
  dx     rel_l2=0 max_abs=0 different=0/788064
  dw1    rel_l2=0 max_abs=0 different=0/15360
  dw2    rel_l2=0 max_abs=0 different=0/15360
shape M=8192 C=128 H=256 workers=7 seed=1337 zeros=0 gradient_chunk=4096
audit: every task executed once; gradient_tasks_before_all_roots=17
  post   rel_l2=0 max_abs=0 different=0/2097152
  dpre   rel_l2=0 max_abs=0 different=0/2097152
  post.T rel_l2=0 max_abs=0 different=0/2097152
  dpre.T rel_l2=0 max_abs=0 different=0/2097152
  y      rel_l2=0 max_abs=0 different=0/1048576
  dx     rel_l2=2.0881563e-08 max_abs=2.3841858e-07 different=2/1048576
  dw1    rel_l2=0 max_abs=0 different=0/32768
  dw2    rel_l2=0 max_abs=0 different=0/32768
  dw1.chunk rel_l2=0 max_abs=0 different=0/32768
  dw2.chunk rel_l2=0 max_abs=0 different=0/32768
production specialization after reset:
  post   rel_l2=0 max_abs=0 different=0/2097152
  dpre   rel_l2=0 max_abs=0 different=0/2097152
  post.T rel_l2=0 max_abs=0 different=0/2097152
  dpre.T rel_l2=0 max_abs=0 different=0/2097152
  y      rel_l2=0 max_abs=0 different=0/1048576
  dx     rel_l2=2.0881563e-08 max_abs=2.3841858e-07 different=2/1048576
  dw1    rel_l2=0 max_abs=0 different=0/32768
  dw2    rel_l2=0 max_abs=0 different=0/32768
shape M=16384 C=768 H=2816 workers=528 seed=42 zeros=0 gradient_chunk=4096
audit: every task executed once; gradient_tasks_before_all_roots=3356
  post   rel_l2=0 max_abs=0 different=0/46137344
  dpre   rel_l2=0 max_abs=0 different=0/46137344
  post.T rel_l2=0 max_abs=0 different=0/46137344
  dpre.T rel_l2=0 max_abs=0 different=0/46137344
  y      rel_l2=1.2737462e-05 max_abs=0.0078125 different=180/12582912
  dx     rel_l2=3.2840631e-06 max_abs=0.0009765625 different=69/12582912
  dw1    rel_l2=3.3038052e-05 max_abs=0.125 different=273/2162688
  dw2    rel_l2=3.2510012e-05 max_abs=0.125 different=346/2162688
  dw1.chunk rel_l2=0 max_abs=0 different=0/2162688
  dw2.chunk rel_l2=0 max_abs=0 different=0/2162688
production specialization after reset:
  post   rel_l2=0 max_abs=0 different=0/46137344
  dpre   rel_l2=0 max_abs=0 different=0/46137344
  post.T rel_l2=0 max_abs=0 different=0/46137344
  dpre.T rel_l2=0 max_abs=0 different=0/46137344
  y      rel_l2=1.2737462e-05 max_abs=0.0078125 different=180/12582912
  dx     rel_l2=3.2840631e-06 max_abs=0.0009765625 different=69/12582912
  dw1    rel_l2=3.3038052e-05 max_abs=0.125 different=273/2162688
  dw2    rel_l2=3.2510012e-05 max_abs=0.125 different=346/2162688
timing median_ms fused=3.863296 staged_same_tiles=3.448608 graph_same_tiles=3.436704 fused_with_reset=3.852016 tasks=32896 (warm cache)
samples_ms: 3.874976 3.879264 3.867776 3.893088 3.877376 3.858816 3.826432 3.798144 3.789152 3.793504
samples_ms: 3.450464 3.450432 3.449952 3.449504 3.450816 3.447712 3.372480 3.372160 3.372928 3.370848
samples_ms: 3.436864 3.437280 3.439904 3.438368 3.438528 3.436544 3.360480 3.358720 3.359712 3.358432
samples_ms: 3.883776 3.877632 3.902592 3.886048 3.892416 3.826400 3.790272 3.810656 3.813984 3.803488
shape M=32768 C=768 H=2816 workers=528 seed=42 zeros=0 gradient_chunk=4096
audit: every task executed once; gradient_tasks_before_all_roots=7392
  post   rel_l2=0 max_abs=0 different=0/92274688
  dpre   rel_l2=4.8194412e-08 max_abs=0.001953125 different=3/92274688
  post.T rel_l2=0 max_abs=0 different=0/92274688
  dpre.T rel_l2=4.8194412e-08 max_abs=0.001953125 different=3/92274688
  y      rel_l2=1.2823036e-05 max_abs=0.0078125 different=419/25165824
  dx     rel_l2=6.5506135e-06 max_abs=0.00390625 different=132/25165824
  dw1    rel_l2=2.8951632e-05 max_abs=0.125 different=364/2162688
  dw2    rel_l2=3.6514801e-05 max_abs=0.125 different=514/2162688
  dw1.chunk rel_l2=0 max_abs=0 different=0/2162688
  dw2.chunk rel_l2=0 max_abs=0 different=0/2162688
production specialization after reset:
  post   rel_l2=0 max_abs=0 different=0/92274688
  dpre   rel_l2=4.8194412e-08 max_abs=0.001953125 different=3/92274688
  post.T rel_l2=0 max_abs=0 different=0/92274688
  dpre.T rel_l2=4.8194412e-08 max_abs=0.001953125 different=3/92274688
  y      rel_l2=1.2823036e-05 max_abs=0.0078125 different=419/25165824
  dx     rel_l2=6.5506135e-06 max_abs=0.00390625 different=132/25165824
  dw1    rel_l2=2.8951632e-05 max_abs=0.125 different=364/2162688
  dw2    rel_l2=3.6514801e-05 max_abs=0.125 different=514/2162688
timing median_ms fused=7.473440 staged_same_tiles=6.595856 graph_same_tiles=6.584816 fused_with_reset=7.524160 tasks=65792 (warm cache)
samples_ms: 7.506368 7.463904 7.473152 7.481984 7.459680 7.498528 7.466464 7.483456 7.462432 7.473728
samples_ms: 6.595296 6.598368 6.597824 6.595392 6.596992 6.594912 6.596672 6.596320 6.594496 6.595360
samples_ms: 6.584064 6.584256 6.585856 6.583424 6.585376 6.583360 6.586176 6.586912 6.582080 6.585760
samples_ms: 7.526112 7.544320 7.522208 7.511968 7.530592 7.510560 7.498016 7.557184 7.532480 7.508736
shape M=49152 C=768 H=2816 workers=528 seed=42 zeros=0 gradient_chunk=4096
audit: every task executed once; gradient_tasks_before_all_roots=11740
  post   rel_l2=0 max_abs=0 different=0/138412032
  dpre   rel_l2=3.1501295e-07 max_abs=0.015625 different=3/138412032
  post.T rel_l2=0 max_abs=0 different=0/138412032
  dpre.T rel_l2=3.1501295e-07 max_abs=0.015625 different=3/138412032
  y      rel_l2=1.4015295e-05 max_abs=0.0078125 different=672/37748736
  dx     rel_l2=7.2195967e-06 max_abs=0.00390625 different=262/37748736
  dw1    rel_l2=3.4073701e-05 max_abs=0.25 different=476/2162688
  dw2    rel_l2=4.1781484e-05 max_abs=0.125 different=707/2162688
  dw1.chunk rel_l2=0 max_abs=0 different=0/2162688
  dw2.chunk rel_l2=0 max_abs=0 different=0/2162688
production specialization after reset:
  post   rel_l2=0 max_abs=0 different=0/138412032
  dpre   rel_l2=3.1501295e-07 max_abs=0.015625 different=3/138412032
  post.T rel_l2=0 max_abs=0 different=0/138412032
  dpre.T rel_l2=3.1501295e-07 max_abs=0.015625 different=3/138412032
  y      rel_l2=1.4015295e-05 max_abs=0.0078125 different=672/37748736
  dx     rel_l2=7.2195967e-06 max_abs=0.00390625 different=262/37748736
  dw1    rel_l2=3.4073701e-05 max_abs=0.25 different=476/2162688
  dw2    rel_l2=4.1781484e-05 max_abs=0.125 different=707/2162688
timing median_ms fused=11.192544 staged_same_tiles=9.812208 graph_same_tiles=9.799791 fused_with_reset=11.241009 tasks=98688 (warm cache)
samples_ms: 11.190848 11.210144 11.192064 11.191328 11.181856 11.199808 11.203904 11.193024 11.188704 11.198720
samples_ms: 9.812416 9.808544 9.812000 9.810080 9.811328 9.811232 9.821696 9.820032 9.821664 9.821024
samples_ms: 9.799808 9.798784 9.799552 9.798528 9.799776 9.799200 9.810080 9.813280 9.811840 9.811104
samples_ms: 11.246368 11.235616 11.242400 11.237504 11.232256 11.239616 11.286048 11.234944 11.245184 11.253568
shape M=40960 C=768 H=2816 workers=528 seed=42 zeros=0 gradient_chunk=4096
audit: every task executed once; gradient_tasks_before_all_roots=9504
  post   rel_l2=0 max_abs=0 different=0/115343360
  dpre   rel_l2=1.7225925e-07 max_abs=0.0078125 different=1/115343360
  post.T rel_l2=0 max_abs=0 different=0/115343360
  dpre.T rel_l2=1.7225925e-07 max_abs=0.0078125 different=1/115343360
  y      rel_l2=1.0749218e-05 max_abs=0.0078125 different=517/31457280
  dx     rel_l2=4.1412379e-06 max_abs=0.001953125 different=175/31457280
  dw1    rel_l2=3.4799865e-05 max_abs=0.25 different=423/2162688
  dw2    rel_l2=4.1261756e-05 max_abs=0.25 different=673/2162688
  dw1.chunk rel_l2=0 max_abs=0 different=0/2162688
  dw2.chunk rel_l2=0 max_abs=0 different=0/2162688
production specialization after reset:
  post   rel_l2=0 max_abs=0 different=0/115343360
  dpre   rel_l2=1.7225925e-07 max_abs=0.0078125 different=1/115343360
  post.T rel_l2=0 max_abs=0 different=0/115343360
  dpre.T rel_l2=1.7225925e-07 max_abs=0.0078125 different=1/115343360
  y      rel_l2=1.0749218e-05 max_abs=0.0078125 different=517/31457280
  dx     rel_l2=4.1412379e-06 max_abs=0.001953125 different=175/31457280
  dw1    rel_l2=3.4799865e-05 max_abs=0.25 different=423/2162688
  dw2    rel_l2=4.1261756e-05 max_abs=0.25 different=673/2162688
timing median_ms fused=9.356049 staged_same_tiles=8.220753 graph_same_tiles=8.210944 fused_with_reset=9.399055 tasks=82240 (warm cache)
samples_ms: 9.405632 9.349216 9.367584 9.347936 9.356672 9.352928 9.372032 9.366080 9.347200 9.355424
samples_ms: 8.212736 8.213344 8.215520 8.222272 8.220640 8.221056 8.222208 8.219104 8.220864 8.221248
samples_ms: 8.204000 8.200832 8.210816 8.209792 8.215008 8.210272 8.213184 8.212224 8.211072 8.213792
samples_ms: 9.390912 9.385280 9.408448 9.415776 9.391552 9.410912 9.410336 9.397632 9.396448 9.400480
PASS: FP8 six-GEMM MLP graph, all outputs and gradients; not full-model training.

$ make -C /workspace/cuda sanitize BIN=validate CHECK_FLAGS=--gradient-chunk=4096
make: Entering directory '/workspace/cuda'
compute-sanitizer --tool memcheck --error-exitcode 1 ./validate --quick --gradient-chunk=4096
========= COMPUTE-SANITIZER
GPU=NVIDIA H100 80GB HBM3 SMs=132 CUDA_runtime=12080
megakernel registers=124 static_shared=32776 local_bytes=0
resident_blocks_per_SM=4
operand_K=128
scheduler=ready_first
operand_stages=2
target=PR360 commit=c924f68e4d72e80307fc27a7bb3a55cfb6ad43c7 MLP=E4M3/E5M2 width=2816; component only
shape M=7 C=17 H=33 workers=1 seed=42 zeros=0 gradient_chunk=64
audit: every task executed once; gradient_tasks_before_all_roots=0
  raw    rel_l2=0 max_abs=0 different=0/231
  raw    rel_l2=0 max_abs=0 different=0/231
  post   rel_l2=0 max_abs=0 different=0/231
  dpre   rel_l2=0 max_abs=0 different=0/231
  post.T rel_l2=0 max_abs=0 different=0/231
  dpre.T rel_l2=0 max_abs=0 different=0/231
  y      rel_l2=0 max_abs=0 different=0/119
  dx     rel_l2=0 max_abs=0 different=0/119
  dw1    rel_l2=0 max_abs=0 different=0/561
  dw2    rel_l2=0 max_abs=0 different=0/561
  dw1.chunk rel_l2=0 max_abs=0 different=0/561
  dw2.chunk rel_l2=0 max_abs=0 different=0/561
production specialization after reset:
  raw    rel_l2=0 max_abs=0 different=0/231
  post   rel_l2=0 max_abs=0 different=0/231
  dpre   rel_l2=0 max_abs=0 different=0/231
  post.T rel_l2=0 max_abs=0 different=0/231
  dpre.T rel_l2=0 max_abs=0 different=0/231
  y      rel_l2=0 max_abs=0 different=0/119
  dx     rel_l2=0 max_abs=0 different=0/119
  dw1    rel_l2=0 max_abs=0 different=0/561
  dw2    rel_l2=0 max_abs=0 different=0/561
shape M=129 C=96 H=160 workers=1 seed=1337 zeros=0 gradient_chunk=64
audit: every task executed once; gradient_tasks_before_all_roots=28
  raw    rel_l2=0 max_abs=0 different=0/20640
  raw    rel_l2=0 max_abs=0 different=0/20640
  post   rel_l2=0 max_abs=0 different=0/20640
  dpre   rel_l2=0 max_abs=0 different=0/20640
  post.T rel_l2=0 max_abs=0 different=0/20640
  dpre.T rel_l2=0 max_abs=0 different=0/20640
  y      rel_l2=0 max_abs=0 different=0/12384
  dx     rel_l2=0 max_abs=0 different=0/12384
  dw1    rel_l2=0 max_abs=0 different=0/15360
  dw2    rel_l2=0 max_abs=0 different=0/15360
  dw1.chunk rel_l2=0 max_abs=0 different=0/15360
  dw2.chunk rel_l2=0 max_abs=0 different=0/15360
production specialization after reset:
  raw    rel_l2=0 max_abs=0 different=0/20640
  post   rel_l2=0 max_abs=0 different=0/20640
  dpre   rel_l2=0 max_abs=0 different=0/20640
  post.T rel_l2=0 max_abs=0 different=0/20640
  dpre.T rel_l2=0 max_abs=0 different=0/20640
  y      rel_l2=0 max_abs=0 different=0/12384
  dx     rel_l2=0 max_abs=0 different=0/12384
  dw1    rel_l2=0 max_abs=0 different=0/15360
  dw2    rel_l2=0 max_abs=0 different=0/15360
shape M=65 C=32 H=64 workers=1 seed=2 zeros=1 gradient_chunk=64
audit: every task executed once; gradient_tasks_before_all_roots=0
  raw    rel_l2=0 max_abs=0 different=0/4160
  raw    rel_l2=0 max_abs=0 different=0/4160
  post   rel_l2=0 max_abs=0 different=0/4160
  dpre   rel_l2=0 max_abs=0 different=0/4160
  post.T rel_l2=0 max_abs=0 different=0/4160
  dpre.T rel_l2=0 max_abs=0 different=0/4160
  y      rel_l2=0 max_abs=0 different=0/2080
  dx     rel_l2=0 max_abs=0 different=0/2080
  dw1    rel_l2=0 max_abs=0 different=0/2048
  dw2    rel_l2=0 max_abs=0 different=0/2048
  dw1.chunk rel_l2=0 max_abs=0 different=0/2048
  dw2.chunk rel_l2=0 max_abs=0 different=0/2048
production specialization after reset:
  raw    rel_l2=0 max_abs=0 different=0/4160
  post   rel_l2=0 max_abs=0 different=0/4160
  dpre   rel_l2=0 max_abs=0 different=0/4160
  post.T rel_l2=0 max_abs=0 different=0/4160
  dpre.T rel_l2=0 max_abs=0 different=0/4160
  y      rel_l2=0 max_abs=0 different=0/2080
  dx     rel_l2=0 max_abs=0 different=0/2080
  dw1    rel_l2=0 max_abs=0 different=0/2048
  dw2    rel_l2=0 max_abs=0 different=0/2048
shape M=256 C=128 H=256 workers=1 seed=1337 zeros=0 gradient_chunk=4096
audit: every task executed once; gradient_tasks_before_all_roots=6
  post   rel_l2=0 max_abs=0 different=0/65536
  dpre   rel_l2=0 max_abs=0 different=0/65536
  post.T rel_l2=0 max_abs=0 different=0/65536
  dpre.T rel_l2=0 max_abs=0 different=0/65536
  y      rel_l2=0 max_abs=0 different=0/32768
  dx     rel_l2=0 max_abs=0 different=0/32768
  dw1    rel_l2=1.5333805e-05 max_abs=0.00048828125 different=1/32768
  dw2    rel_l2=0 max_abs=0 different=0/32768
  dw1.chunk rel_l2=0 max_abs=0 different=0/32768
  dw2.chunk rel_l2=0 max_abs=0 different=0/32768
production specialization after reset:
  post   rel_l2=0 max_abs=0 different=0/65536
  dpre   rel_l2=0 max_abs=0 different=0/65536
  post.T rel_l2=0 max_abs=0 different=0/65536
  dpre.T rel_l2=0 max_abs=0 different=0/65536
  y      rel_l2=0 max_abs=0 different=0/32768
  dx     rel_l2=0 max_abs=0 different=0/32768
  dw1    rel_l2=1.5333805e-05 max_abs=0.00048828125 different=1/32768
  dw2    rel_l2=0 max_abs=0 different=0/32768
shape M=7 C=17 H=33 workers=7 seed=42 zeros=0 gradient_chunk=64
audit: every task executed once; gradient_tasks_before_all_roots=0
  raw    rel_l2=0 max_abs=0 different=0/231
  raw    rel_l2=0 max_abs=0 different=0/231
  post   rel_l2=0 max_abs=0 different=0/231
  dpre   rel_l2=0 max_abs=0 different=0/231
  post.T rel_l2=0 max_abs=0 different=0/231
  dpre.T rel_l2=0 max_abs=0 different=0/231
  y      rel_l2=0 max_abs=0 different=0/119
  dx     rel_l2=0 max_abs=0 different=0/119
  dw1    rel_l2=0 max_abs=0 different=0/561
  dw2    rel_l2=0 max_abs=0 different=0/561
  dw1.chunk rel_l2=0 max_abs=0 different=0/561
  dw2.chunk rel_l2=0 max_abs=0 different=0/561
production specialization after reset:
  raw    rel_l2=0 max_abs=0 different=0/231
  post   rel_l2=0 max_abs=0 different=0/231
  dpre   rel_l2=0 max_abs=0 different=0/231
  post.T rel_l2=0 max_abs=0 different=0/231
  dpre.T rel_l2=0 max_abs=0 different=0/231
  y      rel_l2=0 max_abs=0 different=0/119
  dx     rel_l2=0 max_abs=0 different=0/119
  dw1    rel_l2=0 max_abs=0 different=0/561
  dw2    rel_l2=0 max_abs=0 different=0/561
shape M=129 C=96 H=160 workers=7 seed=1337 zeros=0 gradient_chunk=64
audit: every task executed once; gradient_tasks_before_all_roots=3
  raw    rel_l2=0 max_abs=0 different=0/20640
  raw    rel_l2=0 max_abs=0 different=0/20640
  post   rel_l2=0 max_abs=0 different=0/20640
  dpre   rel_l2=0 max_abs=0 different=0/20640
  post.T rel_l2=0 max_abs=0 different=0/20640
  dpre.T rel_l2=0 max_abs=0 different=0/20640
  y      rel_l2=0 max_abs=0 different=0/12384
  dx     rel_l2=0 max_abs=0 different=0/12384
  dw1    rel_l2=0 max_abs=0 different=0/15360
  dw2    rel_l2=0 max_abs=0 different=0/15360
  dw1.chunk rel_l2=0 max_abs=0 different=0/15360
  dw2.chunk rel_l2=0 max_abs=0 different=0/15360
production specialization after reset:
  raw    rel_l2=0 max_abs=0 different=0/20640
  post   rel_l2=0 max_abs=0 different=0/20640
  dpre   rel_l2=0 max_abs=0 different=0/20640
  post.T rel_l2=0 max_abs=0 different=0/20640
  dpre.T rel_l2=0 max_abs=0 different=0/20640
  y      rel_l2=0 max_abs=0 different=0/12384
  dx     rel_l2=0 max_abs=0 different=0/12384
  dw1    rel_l2=0 max_abs=0 different=0/15360
  dw2    rel_l2=0 max_abs=0 different=0/15360
shape M=65 C=32 H=64 workers=7 seed=2 zeros=1 gradient_chunk=64
audit: every task executed once; gradient_tasks_before_all_roots=0
  raw    rel_l2=0 max_abs=0 different=0/4160
  raw    rel_l2=0 max_abs=0 different=0/4160
  post   rel_l2=0 max_abs=0 different=0/4160
  dpre   rel_l2=0 max_abs=0 different=0/4160
  post.T rel_l2=0 max_abs=0 different=0/4160
  dpre.T rel_l2=0 max_abs=0 different=0/4160
  y      rel_l2=0 max_abs=0 different=0/2080
  dx     rel_l2=0 max_abs=0 different=0/2080
  dw1    rel_l2=0 max_abs=0 different=0/2048
  dw2    rel_l2=0 max_abs=0 different=0/2048
  dw1.chunk rel_l2=0 max_abs=0 different=0/2048
  dw2.chunk rel_l2=0 max_abs=0 different=0/2048
production specialization after reset:
  raw    rel_l2=0 max_abs=0 different=0/4160
  post   rel_l2=0 max_abs=0 different=0/4160
  dpre   rel_l2=0 max_abs=0 different=0/4160
  post.T rel_l2=0 max_abs=0 different=0/4160
  dpre.T rel_l2=0 max_abs=0 different=0/4160
  y      rel_l2=0 max_abs=0 different=0/2080
  dx     rel_l2=0 max_abs=0 different=0/2080
  dw1    rel_l2=0 max_abs=0 different=0/2048
  dw2    rel_l2=0 max_abs=0 different=0/2048
shape M=256 C=128 H=256 workers=7 seed=1337 zeros=0 gradient_chunk=4096
audit: every task executed once; gradient_tasks_before_all_roots=2
  post   rel_l2=0 max_abs=0 different=0/65536
  dpre   rel_l2=0 max_abs=0 different=0/65536
  post.T rel_l2=0 max_abs=0 different=0/65536
  dpre.T rel_l2=0 max_abs=0 different=0/65536
  y      rel_l2=0 max_abs=0 different=0/32768
  dx     rel_l2=0 max_abs=0 different=0/32768
  dw1    rel_l2=1.5333805e-05 max_abs=0.00048828125 different=1/32768
  dw2    rel_l2=0 max_abs=0 different=0/32768
  dw1.chunk rel_l2=0 max_abs=0 different=0/32768
  dw2.chunk rel_l2=0 max_abs=0 different=0/32768
production specialization after reset:
  post   rel_l2=0 max_abs=0 different=0/65536
  dpre   rel_l2=0 max_abs=0 different=0/65536
  post.T rel_l2=0 max_abs=0 different=0/65536
  dpre.T rel_l2=0 max_abs=0 different=0/65536
  y      rel_l2=0 max_abs=0 different=0/32768
  dx     rel_l2=0 max_abs=0 different=0/32768
  dw1    rel_l2=1.5333805e-05 max_abs=0.00048828125 different=1/32768
  dw2    rel_l2=0 max_abs=0 different=0/32768
shape M=7 C=17 H=33 workers=132 seed=42 zeros=0 gradient_chunk=64
audit: every task executed once; gradient_tasks_before_all_roots=0
  raw    rel_l2=0 max_abs=0 different=0/231
  raw    rel_l2=0 max_abs=0 different=0/231
  post   rel_l2=0 max_abs=0 different=0/231
  dpre   rel_l2=0 max_abs=0 different=0/231
  post.T rel_l2=0 max_abs=0 different=0/231
  dpre.T rel_l2=0 max_abs=0 different=0/231
  y      rel_l2=0 max_abs=0 different=0/119
  dx     rel_l2=0 max_abs=0 different=0/119
  dw1    rel_l2=0 max_abs=0 different=0/561
  dw2    rel_l2=0 max_abs=0 different=0/561
  dw1.chunk rel_l2=0 max_abs=0 different=0/561
  dw2.chunk rel_l2=0 max_abs=0 different=0/561
production specialization after reset:
  raw    rel_l2=0 max_abs=0 different=0/231
  post   rel_l2=0 max_abs=0 different=0/231
  dpre   rel_l2=0 max_abs=0 different=0/231
  post.T rel_l2=0 max_abs=0 different=0/231
  dpre.T rel_l2=0 max_abs=0 different=0/231
  y      rel_l2=0 max_abs=0 different=0/119
  dx     rel_l2=0 max_abs=0 different=0/119
  dw1    rel_l2=0 max_abs=0 different=0/561
  dw2    rel_l2=0 max_abs=0 different=0/561
shape M=129 C=96 H=160 workers=132 seed=1337 zeros=0 gradient_chunk=64
audit: every task executed once; gradient_tasks_before_all_roots=2
  raw    rel_l2=0 max_abs=0 different=0/20640
  raw    rel_l2=0 max_abs=0 different=0/20640
  post   rel_l2=0 max_abs=0 different=0/20640
  dpre   rel_l2=0 max_abs=0 different=0/20640
  post.T rel_l2=0 max_abs=0 different=0/20640
  dpre.T rel_l2=0 max_abs=0 different=0/20640
  y      rel_l2=0 max_abs=0 different=0/12384
  dx     rel_l2=0 max_abs=0 different=0/12384
  dw1    rel_l2=0 max_abs=0 different=0/15360
  dw2    rel_l2=0 max_abs=0 different=0/15360
  dw1.chunk rel_l2=0 max_abs=0 different=0/15360
  dw2.chunk rel_l2=0 max_abs=0 different=0/15360
production specialization after reset:
  raw    rel_l2=0 max_abs=0 different=0/20640
  post   rel_l2=0 max_abs=0 different=0/20640
  dpre   rel_l2=0 max_abs=0 different=0/20640
  post.T rel_l2=0 max_abs=0 different=0/20640
  dpre.T rel_l2=0 max_abs=0 different=0/20640
  y      rel_l2=0 max_abs=0 different=0/12384
  dx     rel_l2=0 max_abs=0 different=0/12384
  dw1    rel_l2=0 max_abs=0 different=0/15360
  dw2    rel_l2=0 max_abs=0 different=0/15360
shape M=65 C=32 H=64 workers=132 seed=2 zeros=1 gradient_chunk=64
audit: every task executed once; gradient_tasks_before_all_roots=0
  raw    rel_l2=0 max_abs=0 different=0/4160
  raw    rel_l2=0 max_abs=0 different=0/4160
  post   rel_l2=0 max_abs=0 different=0/4160
  dpre   rel_l2=0 max_abs=0 different=0/4160
  post.T rel_l2=0 max_abs=0 different=0/4160
  dpre.T rel_l2=0 max_abs=0 different=0/4160
  y      rel_l2=0 max_abs=0 different=0/2080
  dx     rel_l2=0 max_abs=0 different=0/2080
  dw1    rel_l2=0 max_abs=0 different=0/2048
  dw2    rel_l2=0 max_abs=0 different=0/2048
  dw1.chunk rel_l2=0 max_abs=0 different=0/2048
  dw2.chunk rel_l2=0 max_abs=0 different=0/2048
production specialization after reset:
  raw    rel_l2=0 max_abs=0 different=0/4160
  post   rel_l2=0 max_abs=0 different=0/4160
  dpre   rel_l2=0 max_abs=0 different=0/4160
  post.T rel_l2=0 max_abs=0 different=0/4160
  dpre.T rel_l2=0 max_abs=0 different=0/4160
  y      rel_l2=0 max_abs=0 different=0/2080
  dx     rel_l2=0 max_abs=0 different=0/2080
  dw1    rel_l2=0 max_abs=0 different=0/2048
  dw2    rel_l2=0 max_abs=0 different=0/2048
shape M=256 C=128 H=256 workers=132 seed=1337 zeros=0 gradient_chunk=4096
audit: every task executed once; gradient_tasks_before_all_roots=0
  post   rel_l2=0 max_abs=0 different=0/65536
  dpre   rel_l2=0 max_abs=0 different=0/65536
  post.T rel_l2=0 max_abs=0 different=0/65536
  dpre.T rel_l2=0 max_abs=0 different=0/65536
  y      rel_l2=0 max_abs=0 different=0/32768
  dx     rel_l2=0 max_abs=0 different=0/32768
  dw1    rel_l2=1.5333805e-05 max_abs=0.00048828125 different=1/32768
  dw2    rel_l2=0 max_abs=0 different=0/32768
  dw1.chunk rel_l2=0 max_abs=0 different=0/32768
  dw2.chunk rel_l2=0 max_abs=0 different=0/32768
production specialization after reset:
  post   rel_l2=0 max_abs=0 different=0/65536
  dpre   rel_l2=0 max_abs=0 different=0/65536
  post.T rel_l2=0 max_abs=0 different=0/65536
  dpre.T rel_l2=0 max_abs=0 different=0/65536
  y      rel_l2=0 max_abs=0 different=0/32768
  dx     rel_l2=0 max_abs=0 different=0/32768
  dw1    rel_l2=1.5333805e-05 max_abs=0.00048828125 different=1/32768
  dw2    rel_l2=0 max_abs=0 different=0/32768
shape M=7 C=17 H=33 workers=660 seed=42 zeros=0 gradient_chunk=64
audit: every task executed once; gradient_tasks_before_all_roots=0
  raw    rel_l2=0 max_abs=0 different=0/231
  raw    rel_l2=0 max_abs=0 different=0/231
  post   rel_l2=0 max_abs=0 different=0/231
  dpre   rel_l2=0 max_abs=0 different=0/231
  post.T rel_l2=0 max_abs=0 different=0/231
  dpre.T rel_l2=0 max_abs=0 different=0/231
  y      rel_l2=0 max_abs=0 different=0/119
  dx     rel_l2=0 max_abs=0 different=0/119
  dw1    rel_l2=0 max_abs=0 different=0/561
  dw2    rel_l2=0 max_abs=0 different=0/561
  dw1.chunk rel_l2=0 max_abs=0 different=0/561
  dw2.chunk rel_l2=0 max_abs=0 different=0/561
production specialization after reset:
  raw    rel_l2=0 max_abs=0 different=0/231
  post   rel_l2=0 max_abs=0 different=0/231
  dpre   rel_l2=0 max_abs=0 different=0/231
  post.T rel_l2=0 max_abs=0 different=0/231
  dpre.T rel_l2=0 max_abs=0 different=0/231
  y      rel_l2=0 max_abs=0 different=0/119
  dx     rel_l2=0 max_abs=0 different=0/119
  dw1    rel_l2=0 max_abs=0 different=0/561
  dw2    rel_l2=0 max_abs=0 different=0/561
shape M=129 C=96 H=160 workers=660 seed=1337 zeros=0 gradient_chunk=64
audit: every task executed once; gradient_tasks_before_all_roots=2
  raw    rel_l2=0 max_abs=0 different=0/20640
  raw    rel_l2=0 max_abs=0 different=0/20640
  post   rel_l2=0 max_abs=0 different=0/20640
  dpre   rel_l2=0 max_abs=0 different=0/20640
  post.T rel_l2=0 max_abs=0 different=0/20640
  dpre.T rel_l2=0 max_abs=0 different=0/20640
  y      rel_l2=0 max_abs=0 different=0/12384
  dx     rel_l2=0 max_abs=0 different=0/12384
  dw1    rel_l2=0 max_abs=0 different=0/15360
  dw2    rel_l2=0 max_abs=0 different=0/15360
  dw1.chunk rel_l2=0 max_abs=0 different=0/15360
  dw2.chunk rel_l2=0 max_abs=0 different=0/15360
production specialization after reset:
  raw    rel_l2=0 max_abs=0 different=0/20640
  post   rel_l2=0 max_abs=0 different=0/20640
  dpre   rel_l2=0 max_abs=0 different=0/20640
  post.T rel_l2=0 max_abs=0 different=0/20640
  dpre.T rel_l2=0 max_abs=0 different=0/20640
  y      rel_l2=0 max_abs=0 different=0/12384
  dx     rel_l2=0 max_abs=0 different=0/12384
  dw1    rel_l2=0 max_abs=0 different=0/15360
  dw2    rel_l2=0 max_abs=0 different=0/15360
shape M=65 C=32 H=64 workers=660 seed=2 zeros=1 gradient_chunk=64
audit: every task executed once; gradient_tasks_before_all_roots=0
  raw    rel_l2=0 max_abs=0 different=0/4160
  raw    rel_l2=0 max_abs=0 different=0/4160
  post   rel_l2=0 max_abs=0 different=0/4160
  dpre   rel_l2=0 max_abs=0 different=0/4160
  post.T rel_l2=0 max_abs=0 different=0/4160
  dpre.T rel_l2=0 max_abs=0 different=0/4160
  y      rel_l2=0 max_abs=0 different=0/2080
  dx     rel_l2=0 max_abs=0 different=0/2080
  dw1    rel_l2=0 max_abs=0 different=0/2048
  dw2    rel_l2=0 max_abs=0 different=0/2048
  dw1.chunk rel_l2=0 max_abs=0 different=0/2048
  dw2.chunk rel_l2=0 max_abs=0 different=0/2048
production specialization after reset:
  raw    rel_l2=0 max_abs=0 different=0/4160
  post   rel_l2=0 max_abs=0 different=0/4160
  dpre   rel_l2=0 max_abs=0 different=0/4160
  post.T rel_l2=0 max_abs=0 different=0/4160
  dpre.T rel_l2=0 max_abs=0 different=0/4160
  y      rel_l2=0 max_abs=0 different=0/2080
  dx     rel_l2=0 max_abs=0 different=0/2080
  dw1    rel_l2=0 max_abs=0 different=0/2048
  dw2    rel_l2=0 max_abs=0 different=0/2048
shape M=256 C=128 H=256 workers=660 seed=1337 zeros=0 gradient_chunk=4096
audit: every task executed once; gradient_tasks_before_all_roots=0
  post   rel_l2=0 max_abs=0 different=0/65536
  dpre   rel_l2=0 max_abs=0 different=0/65536
  post.T rel_l2=0 max_abs=0 different=0/65536
  dpre.T rel_l2=0 max_abs=0 different=0/65536
  y      rel_l2=0 max_abs=0 different=0/32768
  dx     rel_l2=0 max_abs=0 different=0/32768
  dw1    rel_l2=1.5333805e-05 max_abs=0.00048828125 different=1/32768
  dw2    rel_l2=0 max_abs=0 different=0/32768
  dw1.chunk rel_l2=0 max_abs=0 different=0/32768
  dw2.chunk rel_l2=0 max_abs=0 different=0/32768
production specialization after reset:
  post   rel_l2=0 max_abs=0 different=0/65536
  dpre   rel_l2=0 max_abs=0 different=0/65536
  post.T rel_l2=0 max_abs=0 different=0/65536
  dpre.T rel_l2=0 max_abs=0 different=0/65536
  y      rel_l2=0 max_abs=0 different=0/32768
  dx     rel_l2=0 max_abs=0 different=0/32768
  dw1    rel_l2=1.5333805e-05 max_abs=0.00048828125 different=1/32768
  dw2    rel_l2=0 max_abs=0 different=0/32768
shape M=8209 C=96 H=160 workers=7 seed=1337 zeros=0 gradient_chunk=4096
audit: every task executed once; gradient_tasks_before_all_roots=28
  post   rel_l2=0 max_abs=0 different=0/1313440
  dpre   rel_l2=0 max_abs=0 different=0/1313440
  post.T rel_l2=0 max_abs=0 different=0/1313440
  dpre.T rel_l2=0 max_abs=0 different=0/1313440
  y      rel_l2=0 max_abs=0 different=0/788064
  dx     rel_l2=0 max_abs=0 different=0/788064
  dw1    rel_l2=0 max_abs=0 different=0/15360
  dw2    rel_l2=0 max_abs=0 different=0/15360
  dw1.chunk rel_l2=0 max_abs=0 different=0/15360
  dw2.chunk rel_l2=0 max_abs=0 different=0/15360
production specialization after reset:
  post   rel_l2=0 max_abs=0 different=0/1313440
  dpre   rel_l2=0 max_abs=0 different=0/1313440
  post.T rel_l2=0 max_abs=0 different=0/1313440
  dpre.T rel_l2=0 max_abs=0 different=0/1313440
  y      rel_l2=0 max_abs=0 different=0/788064
  dx     rel_l2=0 max_abs=0 different=0/788064
  dw1    rel_l2=0 max_abs=0 different=0/15360
  dw2    rel_l2=0 max_abs=0 different=0/15360
shape M=8192 C=128 H=256 workers=7 seed=1337 zeros=0 gradient_chunk=4096
audit: every task executed once; gradient_tasks_before_all_roots=16
  post   rel_l2=0 max_abs=0 different=0/2097152
  dpre   rel_l2=0 max_abs=0 different=0/2097152
  post.T rel_l2=0 max_abs=0 different=0/2097152
  dpre.T rel_l2=0 max_abs=0 different=0/2097152
  y      rel_l2=0 max_abs=0 different=0/1048576
  dx     rel_l2=2.0881563e-08 max_abs=2.3841858e-07 different=2/1048576
  dw1    rel_l2=0 max_abs=0 different=0/32768
  dw2    rel_l2=0 max_abs=0 different=0/32768
  dw1.chunk rel_l2=0 max_abs=0 different=0/32768
  dw2.chunk rel_l2=0 max_abs=0 different=0/32768
production specialization after reset:
  post   rel_l2=0 max_abs=0 different=0/2097152
  dpre   rel_l2=0 max_abs=0 different=0/2097152
  post.T rel_l2=0 max_abs=0 different=0/2097152
  dpre.T rel_l2=0 max_abs=0 different=0/2097152
  y      rel_l2=0 max_abs=0 different=0/1048576
  dx     rel_l2=2.0881563e-08 max_abs=2.3841858e-07 different=2/1048576
  dw1    rel_l2=0 max_abs=0 different=0/32768
  dw2    rel_l2=0 max_abs=0 different=0/32768
PASS: FP8 six-GEMM MLP graph, all outputs and gradients; not full-model training.
========= ERROR SUMMARY: 0 errors
compute-sanitizer --tool initcheck --error-exitcode 1 ./validate --quick --gradient-chunk=4096
========= COMPUTE-SANITIZER
GPU=NVIDIA H100 80GB HBM3 SMs=132 CUDA_runtime=12080
megakernel registers=124 static_shared=32776 local_bytes=0
resident_blocks_per_SM=4
operand_K=128
scheduler=ready_first
operand_stages=2
target=PR360 commit=c924f68e4d72e80307fc27a7bb3a55cfb6ad43c7 MLP=E4M3/E5M2 width=2816; component only
shape M=7 C=17 H=33 workers=1 seed=42 zeros=0 gradient_chunk=64
audit: every task executed once; gradient_tasks_before_all_roots=0
  raw    rel_l2=0 max_abs=0 different=0/231
  raw    rel_l2=0 max_abs=0 different=0/231
  post   rel_l2=0 max_abs=0 different=0/231
  dpre   rel_l2=0 max_abs=0 different=0/231
  post.T rel_l2=0 max_abs=0 different=0/231
  dpre.T rel_l2=0 max_abs=0 different=0/231
  y      rel_l2=0 max_abs=0 different=0/119
  dx     rel_l2=0 max_abs=0 different=0/119
  dw1    rel_l2=0 max_abs=0 different=0/561
  dw2    rel_l2=0 max_abs=0 different=0/561
  dw1.chunk rel_l2=0 max_abs=0 different=0/561
  dw2.chunk rel_l2=0 max_abs=0 different=0/561
production specialization after reset:
  raw    rel_l2=0 max_abs=0 different=0/231
  post   rel_l2=0 max_abs=0 different=0/231
  dpre   rel_l2=0 max_abs=0 different=0/231
  post.T rel_l2=0 max_abs=0 different=0/231
  dpre.T rel_l2=0 max_abs=0 different=0/231
  y      rel_l2=0 max_abs=0 different=0/119
  dx     rel_l2=0 max_abs=0 different=0/119
  dw1    rel_l2=0 max_abs=0 different=0/561
  dw2    rel_l2=0 max_abs=0 different=0/561
shape M=129 C=96 H=160 workers=1 seed=1337 zeros=0 gradient_chunk=64
audit: every task executed once; gradient_tasks_before_all_roots=28
  raw    rel_l2=0 max_abs=0 different=0/20640
  raw    rel_l2=0 max_abs=0 different=0/20640
  post   rel_l2=0 max_abs=0 different=0/20640
  dpre   rel_l2=0 max_abs=0 different=0/20640
  post.T rel_l2=0 max_abs=0 different=0/20640
  dpre.T rel_l2=0 max_abs=0 different=0/20640
  y      rel_l2=0 max_abs=0 different=0/12384
  dx     rel_l2=0 max_abs=0 different=0/12384
  dw1    rel_l2=0 max_abs=0 different=0/15360
  dw2    rel_l2=0 max_abs=0 different=0/15360
  dw1.chunk rel_l2=0 max_abs=0 different=0/15360
  dw2.chunk rel_l2=0 max_abs=0 different=0/15360
production specialization after reset:
  raw    rel_l2=0 max_abs=0 different=0/20640
  post   rel_l2=0 max_abs=0 different=0/20640
  dpre   rel_l2=0 max_abs=0 different=0/20640
  post.T rel_l2=0 max_abs=0 different=0/20640
  dpre.T rel_l2=0 max_abs=0 different=0/20640
  y      rel_l2=0 max_abs=0 different=0/12384
  dx     rel_l2=0 max_abs=0 different=0/12384
  dw1    rel_l2=0 max_abs=0 different=0/15360
  dw2    rel_l2=0 max_abs=0 different=0/15360
shape M=65 C=32 H=64 workers=1 seed=2 zeros=1 gradient_chunk=64
audit: every task executed once; gradient_tasks_before_all_roots=0
  raw    rel_l2=0 max_abs=0 different=0/4160
  raw    rel_l2=0 max_abs=0 different=0/4160
  post   rel_l2=0 max_abs=0 different=0/4160
  dpre   rel_l2=0 max_abs=0 different=0/4160
  post.T rel_l2=0 max_abs=0 different=0/4160
  dpre.T rel_l2=0 max_abs=0 different=0/4160
  y      rel_l2=0 max_abs=0 different=0/2080
  dx     rel_l2=0 max_abs=0 different=0/2080
  dw1    rel_l2=0 max_abs=0 different=0/2048
  dw2    rel_l2=0 max_abs=0 different=0/2048
  dw1.chunk rel_l2=0 max_abs=0 different=0/2048
  dw2.chunk rel_l2=0 max_abs=0 different=0/2048
production specialization after reset:
  raw    rel_l2=0 max_abs=0 different=0/4160
  post   rel_l2=0 max_abs=0 different=0/4160
  dpre   rel_l2=0 max_abs=0 different=0/4160
  post.T rel_l2=0 max_abs=0 different=0/4160
  dpre.T rel_l2=0 max_abs=0 different=0/4160
  y      rel_l2=0 max_abs=0 different=0/2080
  dx     rel_l2=0 max_abs=0 different=0/2080
  dw1    rel_l2=0 max_abs=0 different=0/2048
  dw2    rel_l2=0 max_abs=0 different=0/2048
shape M=256 C=128 H=256 workers=1 seed=1337 zeros=0 gradient_chunk=4096
audit: every task executed once; gradient_tasks_before_all_roots=6
  post   rel_l2=0 max_abs=0 different=0/65536
  dpre   rel_l2=0 max_abs=0 different=0/65536
  post.T rel_l2=0 max_abs=0 different=0/65536
  dpre.T rel_l2=0 max_abs=0 different=0/65536
  y      rel_l2=0 max_abs=0 different=0/32768
  dx     rel_l2=0 max_abs=0 different=0/32768
  dw1    rel_l2=1.5333805e-05 max_abs=0.00048828125 different=1/32768
  dw2    rel_l2=0 max_abs=0 different=0/32768
  dw1.chunk rel_l2=0 max_abs=0 different=0/32768
  dw2.chunk rel_l2=0 max_abs=0 different=0/32768
production specialization after reset:
  post   rel_l2=0 max_abs=0 different=0/65536
  dpre   rel_l2=0 max_abs=0 different=0/65536
  post.T rel_l2=0 max_abs=0 different=0/65536
  dpre.T rel_l2=0 max_abs=0 different=0/65536
  y      rel_l2=0 max_abs=0 different=0/32768
  dx     rel_l2=0 max_abs=0 different=0/32768
  dw1    rel_l2=1.5333805e-05 max_abs=0.00048828125 different=1/32768
  dw2    rel_l2=0 max_abs=0 different=0/32768
shape M=7 C=17 H=33 workers=7 seed=42 zeros=0 gradient_chunk=64
audit: every task executed once; gradient_tasks_before_all_roots=0
  raw    rel_l2=0 max_abs=0 different=0/231
  raw    rel_l2=0 max_abs=0 different=0/231
  post   rel_l2=0 max_abs=0 different=0/231
  dpre   rel_l2=0 max_abs=0 different=0/231
  post.T rel_l2=0 max_abs=0 different=0/231
  dpre.T rel_l2=0 max_abs=0 different=0/231
  y      rel_l2=0 max_abs=0 different=0/119
  dx     rel_l2=0 max_abs=0 different=0/119
  dw1    rel_l2=0 max_abs=0 different=0/561
  dw2    rel_l2=0 max_abs=0 different=0/561
  dw1.chunk rel_l2=0 max_abs=0 different=0/561
  dw2.chunk rel_l2=0 max_abs=0 different=0/561
production specialization after reset:
  raw    rel_l2=0 max_abs=0 different=0/231
  post   rel_l2=0 max_abs=0 different=0/231
  dpre   rel_l2=0 max_abs=0 different=0/231
  post.T rel_l2=0 max_abs=0 different=0/231
  dpre.T rel_l2=0 max_abs=0 different=0/231
  y      rel_l2=0 max_abs=0 different=0/119
  dx     rel_l2=0 max_abs=0 different=0/119
  dw1    rel_l2=0 max_abs=0 different=0/561
  dw2    rel_l2=0 max_abs=0 different=0/561
shape M=129 C=96 H=160 workers=7 seed=1337 zeros=0 gradient_chunk=64
audit: every task executed once; gradient_tasks_before_all_roots=4
  raw    rel_l2=0 max_abs=0 different=0/20640
  raw    rel_l2=0 max_abs=0 different=0/20640
  post   rel_l2=0 max_abs=0 different=0/20640
  dpre   rel_l2=0 max_abs=0 different=0/20640
  post.T rel_l2=0 max_abs=0 different=0/20640
  dpre.T rel_l2=0 max_abs=0 different=0/20640
  y      rel_l2=0 max_abs=0 different=0/12384
  dx     rel_l2=0 max_abs=0 different=0/12384
  dw1    rel_l2=0 max_abs=0 different=0/15360
  dw2    rel_l2=0 max_abs=0 different=0/15360
  dw1.chunk rel_l2=0 max_abs=0 different=0/15360
  dw2.chunk rel_l2=0 max_abs=0 different=0/15360
production specialization after reset:
  raw    rel_l2=0 max_abs=0 different=0/20640
  post   rel_l2=0 max_abs=0 different=0/20640
  dpre   rel_l2=0 max_abs=0 different=0/20640
  post.T rel_l2=0 max_abs=0 different=0/20640
  dpre.T rel_l2=0 max_abs=0 different=0/20640
  y      rel_l2=0 max_abs=0 different=0/12384
  dx     rel_l2=0 max_abs=0 different=0/12384
  dw1    rel_l2=0 max_abs=0 different=0/15360
  dw2    rel_l2=0 max_abs=0 different=0/15360
shape M=65 C=32 H=64 workers=7 seed=2 zeros=1 gradient_chunk=64
audit: every task executed once; gradient_tasks_before_all_roots=0
  raw    rel_l2=0 max_abs=0 different=0/4160
  raw    rel_l2=0 max_abs=0 different=0/4160
  post   rel_l2=0 max_abs=0 different=0/4160
  dpre   rel_l2=0 max_abs=0 different=0/4160
  post.T rel_l2=0 max_abs=0 different=0/4160
  dpre.T rel_l2=0 max_abs=0 different=0/4160
  y      rel_l2=0 max_abs=0 different=0/2080
  dx     rel_l2=0 max_abs=0 different=0/2080
  dw1    rel_l2=0 max_abs=0 different=0/2048
  dw2    rel_l2=0 max_abs=0 different=0/2048
  dw1.chunk rel_l2=0 max_abs=0 different=0/2048
  dw2.chunk rel_l2=0 max_abs=0 different=0/2048
production specialization after reset:
  raw    rel_l2=0 max_abs=0 different=0/4160
  post   rel_l2=0 max_abs=0 different=0/4160
  dpre   rel_l2=0 max_abs=0 different=0/4160
  post.T rel_l2=0 max_abs=0 different=0/4160
  dpre.T rel_l2=0 max_abs=0 different=0/4160
  y      rel_l2=0 max_abs=0 different=0/2080
  dx     rel_l2=0 max_abs=0 different=0/2080
  dw1    rel_l2=0 max_abs=0 different=0/2048
  dw2    rel_l2=0 max_abs=0 different=0/2048
shape M=256 C=128 H=256 workers=7 seed=1337 zeros=0 gradient_chunk=4096
audit: every task executed once; gradient_tasks_before_all_roots=3
  post   rel_l2=0 max_abs=0 different=0/65536
  dpre   rel_l2=0 max_abs=0 different=0/65536
  post.T rel_l2=0 max_abs=0 different=0/65536
  dpre.T rel_l2=0 max_abs=0 different=0/65536
  y      rel_l2=0 max_abs=0 different=0/32768
  dx     rel_l2=0 max_abs=0 different=0/32768
  dw1    rel_l2=1.5333805e-05 max_abs=0.00048828125 different=1/32768
  dw2    rel_l2=0 max_abs=0 different=0/32768
  dw1.chunk rel_l2=0 max_abs=0 different=0/32768
  dw2.chunk rel_l2=0 max_abs=0 different=0/32768
production specialization after reset:
  post   rel_l2=0 max_abs=0 different=0/65536
  dpre   rel_l2=0 max_abs=0 different=0/65536
  post.T rel_l2=0 max_abs=0 different=0/65536
  dpre.T rel_l2=0 max_abs=0 different=0/65536
  y      rel_l2=0 max_abs=0 different=0/32768
  dx     rel_l2=0 max_abs=0 different=0/32768
  dw1    rel_l2=1.5333805e-05 max_abs=0.00048828125 different=1/32768
  dw2    rel_l2=0 max_abs=0 different=0/32768
shape M=7 C=17 H=33 workers=132 seed=42 zeros=0 gradient_chunk=64
audit: every task executed once; gradient_tasks_before_all_roots=0
  raw    rel_l2=0 max_abs=0 different=0/231
  raw    rel_l2=0 max_abs=0 different=0/231
  post   rel_l2=0 max_abs=0 different=0/231
  dpre   rel_l2=0 max_abs=0 different=0/231
  post.T rel_l2=0 max_abs=0 different=0/231
  dpre.T rel_l2=0 max_abs=0 different=0/231
  y      rel_l2=0 max_abs=0 different=0/119
  dx     rel_l2=0 max_abs=0 different=0/119
  dw1    rel_l2=0 max_abs=0 different=0/561
  dw2    rel_l2=0 max_abs=0 different=0/561
  dw1.chunk rel_l2=0 max_abs=0 different=0/561
  dw2.chunk rel_l2=0 max_abs=0 different=0/561
production specialization after reset:
  raw    rel_l2=0 max_abs=0 different=0/231
  post   rel_l2=0 max_abs=0 different=0/231
  dpre   rel_l2=0 max_abs=0 different=0/231
  post.T rel_l2=0 max_abs=0 different=0/231
  dpre.T rel_l2=0 max_abs=0 different=0/231
  y      rel_l2=0 max_abs=0 different=0/119
  dx     rel_l2=0 max_abs=0 different=0/119
  dw1    rel_l2=0 max_abs=0 different=0/561
  dw2    rel_l2=0 max_abs=0 different=0/561
shape M=129 C=96 H=160 workers=132 seed=1337 zeros=0 gradient_chunk=64
audit: every task executed once; gradient_tasks_before_all_roots=2
  raw    rel_l2=0 max_abs=0 different=0/20640
  raw    rel_l2=0 max_abs=0 different=0/20640
  post   rel_l2=0 max_abs=0 different=0/20640
  dpre   rel_l2=0 max_abs=0 different=0/20640
  post.T rel_l2=0 max_abs=0 different=0/20640
  dpre.T rel_l2=0 max_abs=0 different=0/20640
  y      rel_l2=0 max_abs=0 different=0/12384
  dx     rel_l2=0 max_abs=0 different=0/12384
  dw1    rel_l2=0 max_abs=0 different=0/15360
  dw2    rel_l2=0 max_abs=0 different=0/15360
  dw1.chunk rel_l2=0 max_abs=0 different=0/15360
  dw2.chunk rel_l2=0 max_abs=0 different=0/15360
production specialization after reset:
  raw    rel_l2=0 max_abs=0 different=0/20640
  post   rel_l2=0 max_abs=0 different=0/20640
  dpre   rel_l2=0 max_abs=0 different=0/20640
  post.T rel_l2=0 max_abs=0 different=0/20640
  dpre.T rel_l2=0 max_abs=0 different=0/20640
  y      rel_l2=0 max_abs=0 different=0/12384
  dx     rel_l2=0 max_abs=0 different=0/12384
  dw1    rel_l2=0 max_abs=0 different=0/15360
  dw2    rel_l2=0 max_abs=0 different=0/15360
shape M=65 C=32 H=64 workers=132 seed=2 zeros=1 gradient_chunk=64
audit: every task executed once; gradient_tasks_before_all_roots=0
  raw    rel_l2=0 max_abs=0 different=0/4160
  raw    rel_l2=0 max_abs=0 different=0/4160
  post   rel_l2=0 max_abs=0 different=0/4160
  dpre   rel_l2=0 max_abs=0 different=0/4160
  post.T rel_l2=0 max_abs=0 different=0/4160
  dpre.T rel_l2=0 max_abs=0 different=0/4160
  y      rel_l2=0 max_abs=0 different=0/2080
  dx     rel_l2=0 max_abs=0 different=0/2080
  dw1    rel_l2=0 max_abs=0 different=0/2048
  dw2    rel_l2=0 max_abs=0 different=0/2048
  dw1.chunk rel_l2=0 max_abs=0 different=0/2048
  dw2.chunk rel_l2=0 max_abs=0 different=0/2048
production specialization after reset:
  raw    rel_l2=0 max_abs=0 different=0/4160
  post   rel_l2=0 max_abs=0 different=0/4160
  dpre   rel_l2=0 max_abs=0 different=0/4160
  post.T rel_l2=0 max_abs=0 different=0/4160
  dpre.T rel_l2=0 max_abs=0 different=0/4160
  y      rel_l2=0 max_abs=0 different=0/2080
  dx     rel_l2=0 max_abs=0 different=0/2080
  dw1    rel_l2=0 max_abs=0 different=0/2048
  dw2    rel_l2=0 max_abs=0 different=0/2048
shape M=256 C=128 H=256 workers=132 seed=1337 zeros=0 gradient_chunk=4096
audit: every task executed once; gradient_tasks_before_all_roots=0
  post   rel_l2=0 max_abs=0 different=0/65536
  dpre   rel_l2=0 max_abs=0 different=0/65536
  post.T rel_l2=0 max_abs=0 different=0/65536
  dpre.T rel_l2=0 max_abs=0 different=0/65536
  y      rel_l2=0 max_abs=0 different=0/32768
  dx     rel_l2=0 max_abs=0 different=0/32768
  dw1    rel_l2=1.5333805e-05 max_abs=0.00048828125 different=1/32768
  dw2    rel_l2=0 max_abs=0 different=0/32768
  dw1.chunk rel_l2=0 max_abs=0 different=0/32768
  dw2.chunk rel_l2=0 max_abs=0 different=0/32768
production specialization after reset:
  post   rel_l2=0 max_abs=0 different=0/65536
  dpre   rel_l2=0 max_abs=0 different=0/65536
  post.T rel_l2=0 max_abs=0 different=0/65536
  dpre.T rel_l2=0 max_abs=0 different=0/65536
  y      rel_l2=0 max_abs=0 different=0/32768
  dx     rel_l2=0 max_abs=0 different=0/32768
  dw1    rel_l2=1.5333805e-05 max_abs=0.00048828125 different=1/32768
  dw2    rel_l2=0 max_abs=0 different=0/32768
shape M=7 C=17 H=33 workers=660 seed=42 zeros=0 gradient_chunk=64
audit: every task executed once; gradient_tasks_before_all_roots=0
  raw    rel_l2=0 max_abs=0 different=0/231
  raw    rel_l2=0 max_abs=0 different=0/231
  post   rel_l2=0 max_abs=0 different=0/231
  dpre   rel_l2=0 max_abs=0 different=0/231
  post.T rel_l2=0 max_abs=0 different=0/231
  dpre.T rel_l2=0 max_abs=0 different=0/231
  y      rel_l2=0 max_abs=0 different=0/119
  dx     rel_l2=0 max_abs=0 different=0/119
  dw1    rel_l2=0 max_abs=0 different=0/561
  dw2    rel_l2=0 max_abs=0 different=0/561
  dw1.chunk rel_l2=0 max_abs=0 different=0/561
  dw2.chunk rel_l2=0 max_abs=0 different=0/561
production specialization after reset:
  raw    rel_l2=0 max_abs=0 different=0/231
  post   rel_l2=0 max_abs=0 different=0/231
  dpre   rel_l2=0 max_abs=0 different=0/231
  post.T rel_l2=0 max_abs=0 different=0/231
  dpre.T rel_l2=0 max_abs=0 different=0/231
  y      rel_l2=0 max_abs=0 different=0/119
  dx     rel_l2=0 max_abs=0 different=0/119
  dw1    rel_l2=0 max_abs=0 different=0/561
  dw2    rel_l2=0 max_abs=0 different=0/561
shape M=129 C=96 H=160 workers=660 seed=1337 zeros=0 gradient_chunk=64
audit: every task executed once; gradient_tasks_before_all_roots=2
  raw    rel_l2=0 max_abs=0 different=0/20640
  raw    rel_l2=0 max_abs=0 different=0/20640
  post   rel_l2=0 max_abs=0 different=0/20640
  dpre   rel_l2=0 max_abs=0 different=0/20640
  post.T rel_l2=0 max_abs=0 different=0/20640
  dpre.T rel_l2=0 max_abs=0 different=0/20640
  y      rel_l2=0 max_abs=0 different=0/12384
  dx     rel_l2=0 max_abs=0 different=0/12384
  dw1    rel_l2=0 max_abs=0 different=0/15360
  dw2    rel_l2=0 max_abs=0 different=0/15360
  dw1.chunk rel_l2=0 max_abs=0 different=0/15360
  dw2.chunk rel_l2=0 max_abs=0 different=0/15360
production specialization after reset:
  raw    rel_l2=0 max_abs=0 different=0/20640
  post   rel_l2=0 max_abs=0 different=0/20640
  dpre   rel_l2=0 max_abs=0 different=0/20640
  post.T rel_l2=0 max_abs=0 different=0/20640
  dpre.T rel_l2=0 max_abs=0 different=0/20640
  y      rel_l2=0 max_abs=0 different=0/12384
  dx     rel_l2=0 max_abs=0 different=0/12384
  dw1    rel_l2=0 max_abs=0 different=0/15360
  dw2    rel_l2=0 max_abs=0 different=0/15360
shape M=65 C=32 H=64 workers=660 seed=2 zeros=1 gradient_chunk=64
audit: every task executed once; gradient_tasks_before_all_roots=0
  raw    rel_l2=0 max_abs=0 different=0/4160
  raw    rel_l2=0 max_abs=0 different=0/4160
  post   rel_l2=0 max_abs=0 different=0/4160
  dpre   rel_l2=0 max_abs=0 different=0/4160
  post.T rel_l2=0 max_abs=0 different=0/4160
  dpre.T rel_l2=0 max_abs=0 different=0/4160
  y      rel_l2=0 max_abs=0 different=0/2080
  dx     rel_l2=0 max_abs=0 different=0/2080
  dw1    rel_l2=0 max_abs=0 different=0/2048
  dw2    rel_l2=0 max_abs=0 different=0/2048
  dw1.chunk rel_l2=0 max_abs=0 different=0/2048
  dw2.chunk rel_l2=0 max_abs=0 different=0/2048
production specialization after reset:
  raw    rel_l2=0 max_abs=0 different=0/4160
  post   rel_l2=0 max_abs=0 different=0/4160
  dpre   rel_l2=0 max_abs=0 different=0/4160
  post.T rel_l2=0 max_abs=0 different=0/4160
  dpre.T rel_l2=0 max_abs=0 different=0/4160
  y      rel_l2=0 max_abs=0 different=0/2080
  dx     rel_l2=0 max_abs=0 different=0/2080
  dw1    rel_l2=0 max_abs=0 different=0/2048
  dw2    rel_l2=0 max_abs=0 different=0/2048
shape M=256 C=128 H=256 workers=660 seed=1337 zeros=0 gradient_chunk=4096
audit: every task executed once; gradient_tasks_before_all_roots=4
  post   rel_l2=0 max_abs=0 different=0/65536
  dpre   rel_l2=0 max_abs=0 different=0/65536
  post.T rel_l2=0 max_abs=0 different=0/65536
  dpre.T rel_l2=0 max_abs=0 different=0/65536
  y      rel_l2=0 max_abs=0 different=0/32768
  dx     rel_l2=0 max_abs=0 different=0/32768
  dw1    rel_l2=1.5333805e-05 max_abs=0.00048828125 different=1/32768
  dw2    rel_l2=0 max_abs=0 different=0/32768
  dw1.chunk rel_l2=0 max_abs=0 different=0/32768
  dw2.chunk rel_l2=0 max_abs=0 different=0/32768
production specialization after reset:
  post   rel_l2=0 max_abs=0 different=0/65536
  dpre   rel_l2=0 max_abs=0 different=0/65536
  post.T rel_l2=0 max_abs=0 different=0/65536
  dpre.T rel_l2=0 max_abs=0 different=0/65536
  y      rel_l2=0 max_abs=0 different=0/32768
  dx     rel_l2=0 max_abs=0 different=0/32768
  dw1    rel_l2=1.5333805e-05 max_abs=0.00048828125 different=1/32768
  dw2    rel_l2=0 max_abs=0 different=0/32768
shape M=8209 C=96 H=160 workers=7 seed=1337 zeros=0 gradient_chunk=4096
audit: every task executed once; gradient_tasks_before_all_roots=15
  post   rel_l2=0 max_abs=0 different=0/1313440
  dpre   rel_l2=0 max_abs=0 different=0/1313440
  post.T rel_l2=0 max_abs=0 different=0/1313440
  dpre.T rel_l2=0 max_abs=0 different=0/1313440
  y      rel_l2=0 max_abs=0 different=0/788064
  dx     rel_l2=0 max_abs=0 different=0/788064
  dw1    rel_l2=0 max_abs=0 different=0/15360
  dw2    rel_l2=0 max_abs=0 different=0/15360
  dw1.chunk rel_l2=0 max_abs=0 different=0/15360
  dw2.chunk rel_l2=0 max_abs=0 different=0/15360
production specialization after reset:
  post   rel_l2=0 max_abs=0 different=0/1313440
  dpre   rel_l2=0 max_abs=0 different=0/1313440
  post.T rel_l2=0 max_abs=0 different=0/1313440
  dpre.T rel_l2=0 max_abs=0 different=0/1313440
  y      rel_l2=0 max_abs=0 different=0/788064
  dx     rel_l2=0 max_abs=0 different=0/788064
  dw1    rel_l2=0 max_abs=0 different=0/15360
  dw2    rel_l2=0 max_abs=0 different=0/15360
shape M=8192 C=128 H=256 workers=7 seed=1337 zeros=0 gradient_chunk=4096
audit: every task executed once; gradient_tasks_before_all_roots=20
  post   rel_l2=0 max_abs=0 different=0/2097152
  dpre   rel_l2=0 max_abs=0 different=0/2097152
  post.T rel_l2=0 max_abs=0 different=0/2097152
  dpre.T rel_l2=0 max_abs=0 different=0/2097152
  y      rel_l2=0 max_abs=0 different=0/1048576
  dx     rel_l2=2.0881563e-08 max_abs=2.3841858e-07 different=2/1048576
  dw1    rel_l2=0 max_abs=0 different=0/32768
  dw2    rel_l2=0 max_abs=0 different=0/32768
  dw1.chunk rel_l2=0 max_abs=0 different=0/32768
  dw2.chunk rel_l2=0 max_abs=0 different=0/32768
production specialization after reset:
  post   rel_l2=0 max_abs=0 different=0/2097152
  dpre   rel_l2=0 max_abs=0 different=0/2097152
  post.T rel_l2=0 max_abs=0 different=0/2097152
  dpre.T rel_l2=0 max_abs=0 different=0/2097152
  y      rel_l2=0 max_abs=0 different=0/1048576
  dx     rel_l2=2.0881563e-08 max_abs=2.3841858e-07 different=2/1048576
  dw1    rel_l2=0 max_abs=0 different=0/32768
  dw2    rel_l2=0 max_abs=0 different=0/32768
PASS: FP8 six-GEMM MLP graph, all outputs and gradients; not full-model training.
========= ERROR SUMMARY: 0 errors
compute-sanitizer --tool racecheck --error-exitcode 1 ./validate --quick --gradient-chunk=4096
========= COMPUTE-SANITIZER
GPU=NVIDIA H100 80GB HBM3 SMs=132 CUDA_runtime=12080
megakernel registers=124 static_shared=32776 local_bytes=0
resident_blocks_per_SM=4
operand_K=128
scheduler=ready_first
operand_stages=2
target=PR360 commit=c924f68e4d72e80307fc27a7bb3a55cfb6ad43c7 MLP=E4M3/E5M2 width=2816; component only
shape M=7 C=17 H=33 workers=1 seed=42 zeros=0 gradient_chunk=64
audit: every task executed once; gradient_tasks_before_all_roots=0
  raw    rel_l2=0 max_abs=0 different=0/231
  raw    rel_l2=0 max_abs=0 different=0/231
  post   rel_l2=0 max_abs=0 different=0/231
  dpre   rel_l2=0 max_abs=0 different=0/231
  post.T rel_l2=0 max_abs=0 different=0/231
  dpre.T rel_l2=0 max_abs=0 different=0/231
  y      rel_l2=0 max_abs=0 different=0/119
  dx     rel_l2=0 max_abs=0 different=0/119
  dw1    rel_l2=0 max_abs=0 different=0/561
  dw2    rel_l2=0 max_abs=0 different=0/561
  dw1.chunk rel_l2=0 max_abs=0 different=0/561
  dw2.chunk rel_l2=0 max_abs=0 different=0/561
production specialization after reset:
  raw    rel_l2=0 max_abs=0 different=0/231
  post   rel_l2=0 max_abs=0 different=0/231
  dpre   rel_l2=0 max_abs=0 different=0/231
  post.T rel_l2=0 max_abs=0 different=0/231
  dpre.T rel_l2=0 max_abs=0 different=0/231
  y      rel_l2=0 max_abs=0 different=0/119
  dx     rel_l2=0 max_abs=0 different=0/119
  dw1    rel_l2=0 max_abs=0 different=0/561
  dw2    rel_l2=0 max_abs=0 different=0/561
shape M=129 C=96 H=160 workers=1 seed=1337 zeros=0 gradient_chunk=64
audit: every task executed once; gradient_tasks_before_all_roots=28
  raw    rel_l2=0 max_abs=0 different=0/20640
  raw    rel_l2=0 max_abs=0 different=0/20640
  post   rel_l2=0 max_abs=0 different=0/20640
  dpre   rel_l2=0 max_abs=0 different=0/20640
  post.T rel_l2=0 max_abs=0 different=0/20640
  dpre.T rel_l2=0 max_abs=0 different=0/20640
  y      rel_l2=0 max_abs=0 different=0/12384
  dx     rel_l2=0 max_abs=0 different=0/12384
  dw1    rel_l2=0 max_abs=0 different=0/15360
  dw2    rel_l2=0 max_abs=0 different=0/15360
  dw1.chunk rel_l2=0 max_abs=0 different=0/15360
  dw2.chunk rel_l2=0 max_abs=0 different=0/15360
production specialization after reset:
  raw    rel_l2=0 max_abs=0 different=0/20640
  post   rel_l2=0 max_abs=0 different=0/20640
  dpre   rel_l2=0 max_abs=0 different=0/20640
  post.T rel_l2=0 max_abs=0 different=0/20640
  dpre.T rel_l2=0 max_abs=0 different=0/20640
  y      rel_l2=0 max_abs=0 different=0/12384
  dx     rel_l2=0 max_abs=0 different=0/12384
  dw1    rel_l2=0 max_abs=0 different=0/15360
  dw2    rel_l2=0 max_abs=0 different=0/15360
shape M=65 C=32 H=64 workers=1 seed=2 zeros=1 gradient_chunk=64
audit: every task executed once; gradient_tasks_before_all_roots=0
  raw    rel_l2=0 max_abs=0 different=0/4160
  raw    rel_l2=0 max_abs=0 different=0/4160
  post   rel_l2=0 max_abs=0 different=0/4160
  dpre   rel_l2=0 max_abs=0 different=0/4160
  post.T rel_l2=0 max_abs=0 different=0/4160
  dpre.T rel_l2=0 max_abs=0 different=0/4160
  y      rel_l2=0 max_abs=0 different=0/2080
  dx     rel_l2=0 max_abs=0 different=0/2080
  dw1    rel_l2=0 max_abs=0 different=0/2048
  dw2    rel_l2=0 max_abs=0 different=0/2048
  dw1.chunk rel_l2=0 max_abs=0 different=0/2048
  dw2.chunk rel_l2=0 max_abs=0 different=0/2048
production specialization after reset:
  raw    rel_l2=0 max_abs=0 different=0/4160
  post   rel_l2=0 max_abs=0 different=0/4160
  dpre   rel_l2=0 max_abs=0 different=0/4160
  post.T rel_l2=0 max_abs=0 different=0/4160
  dpre.T rel_l2=0 max_abs=0 different=0/4160
  y      rel_l2=0 max_abs=0 different=0/2080
  dx     rel_l2=0 max_abs=0 different=0/2080
  dw1    rel_l2=0 max_abs=0 different=0/2048
  dw2    rel_l2=0 max_abs=0 different=0/2048
shape M=256 C=128 H=256 workers=1 seed=1337 zeros=0 gradient_chunk=4096
audit: every task executed once; gradient_tasks_before_all_roots=6
  post   rel_l2=0 max_abs=0 different=0/65536
  dpre   rel_l2=0 max_abs=0 different=0/65536
  post.T rel_l2=0 max_abs=0 different=0/65536
  dpre.T rel_l2=0 max_abs=0 different=0/65536
  y      rel_l2=0 max_abs=0 different=0/32768
  dx     rel_l2=0 max_abs=0 different=0/32768
  dw1    rel_l2=1.5333805e-05 max_abs=0.00048828125 different=1/32768
  dw2    rel_l2=0 max_abs=0 different=0/32768
  dw1.chunk rel_l2=0 max_abs=0 different=0/32768
  dw2.chunk rel_l2=0 max_abs=0 different=0/32768
production specialization after reset:
  post   rel_l2=0 max_abs=0 different=0/65536
  dpre   rel_l2=0 max_abs=0 different=0/65536
  post.T rel_l2=0 max_abs=0 different=0/65536
  dpre.T rel_l2=0 max_abs=0 different=0/65536
  y      rel_l2=0 max_abs=0 different=0/32768
  dx     rel_l2=0 max_abs=0 different=0/32768
  dw1    rel_l2=1.5333805e-05 max_abs=0.00048828125 different=1/32768
  dw2    rel_l2=0 max_abs=0 different=0/32768
shape M=7 C=17 H=33 workers=7 seed=42 zeros=0 gradient_chunk=64
audit: every task executed once; gradient_tasks_before_all_roots=0
  raw    rel_l2=0 max_abs=0 different=0/231
  raw    rel_l2=0 max_abs=0 different=0/231
  post   rel_l2=0 max_abs=0 different=0/231
  dpre   rel_l2=0 max_abs=0 different=0/231
  post.T rel_l2=0 max_abs=0 different=0/231
  dpre.T rel_l2=0 max_abs=0 different=0/231
  y      rel_l2=0 max_abs=0 different=0/119
  dx     rel_l2=0 max_abs=0 different=0/119
  dw1    rel_l2=0 max_abs=0 different=0/561
  dw2    rel_l2=0 max_abs=0 different=0/561
  dw1.chunk rel_l2=0 max_abs=0 different=0/561
  dw2.chunk rel_l2=0 max_abs=0 different=0/561
production specialization after reset:
  raw    rel_l2=0 max_abs=0 different=0/231
  post   rel_l2=0 max_abs=0 different=0/231
  dpre   rel_l2=0 max_abs=0 different=0/231
  post.T rel_l2=0 max_abs=0 different=0/231
  dpre.T rel_l2=0 max_abs=0 different=0/231
  y      rel_l2=0 max_abs=0 different=0/119
  dx     rel_l2=0 max_abs=0 different=0/119
  dw1    rel_l2=0 max_abs=0 different=0/561
  dw2    rel_l2=0 max_abs=0 different=0/561
shape M=129 C=96 H=160 workers=7 seed=1337 zeros=0 gradient_chunk=64
audit: every task executed once; gradient_tasks_before_all_roots=3
  raw    rel_l2=0 max_abs=0 different=0/20640
  raw    rel_l2=0 max_abs=0 different=0/20640
  post   rel_l2=0 max_abs=0 different=0/20640
  dpre   rel_l2=0 max_abs=0 different=0/20640
  post.T rel_l2=0 max_abs=0 different=0/20640
  dpre.T rel_l2=0 max_abs=0 different=0/20640
  y      rel_l2=0 max_abs=0 different=0/12384
  dx     rel_l2=0 max_abs=0 different=0/12384
  dw1    rel_l2=0 max_abs=0 different=0/15360
  dw2    rel_l2=0 max_abs=0 different=0/15360
  dw1.chunk rel_l2=0 max_abs=0 different=0/15360
  dw2.chunk rel_l2=0 max_abs=0 different=0/15360
production specialization after reset:
  raw    rel_l2=0 max_abs=0 different=0/20640
  post   rel_l2=0 max_abs=0 different=0/20640
  dpre   rel_l2=0 max_abs=0 different=0/20640
  post.T rel_l2=0 max_abs=0 different=0/20640
  dpre.T rel_l2=0 max_abs=0 different=0/20640
  y      rel_l2=0 max_abs=0 different=0/12384
  dx     rel_l2=0 max_abs=0 different=0/12384
  dw1    rel_l2=0 max_abs=0 different=0/15360
  dw2    rel_l2=0 max_abs=0 different=0/15360
shape M=65 C=32 H=64 workers=7 seed=2 zeros=1 gradient_chunk=64
audit: every task executed once; gradient_tasks_before_all_roots=0
  raw    rel_l2=0 max_abs=0 different=0/4160
  raw    rel_l2=0 max_abs=0 different=0/4160
  post   rel_l2=0 max_abs=0 different=0/4160
  dpre   rel_l2=0 max_abs=0 different=0/4160
  post.T rel_l2=0 max_abs=0 different=0/4160
  dpre.T rel_l2=0 max_abs=0 different=0/4160
  y      rel_l2=0 max_abs=0 different=0/2080
  dx     rel_l2=0 max_abs=0 different=0/2080
  dw1    rel_l2=0 max_abs=0 different=0/2048
  dw2    rel_l2=0 max_abs=0 different=0/2048
  dw1.chunk rel_l2=0 max_abs=0 different=0/2048
  dw2.chunk rel_l2=0 max_abs=0 different=0/2048
production specialization after reset:
  raw    rel_l2=0 max_abs=0 different=0/4160
  post   rel_l2=0 max_abs=0 different=0/4160
  dpre   rel_l2=0 max_abs=0 different=0/4160
  post.T rel_l2=0 max_abs=0 different=0/4160
  dpre.T rel_l2=0 max_abs=0 different=0/4160
  y      rel_l2=0 max_abs=0 different=0/2080
  dx     rel_l2=0 max_abs=0 different=0/2080
  dw1    rel_l2=0 max_abs=0 different=0/2048
  dw2    rel_l2=0 max_abs=0 different=0/2048
shape M=256 C=128 H=256 workers=7 seed=1337 zeros=0 gradient_chunk=4096
audit: every task executed once; gradient_tasks_before_all_roots=4
  post   rel_l2=0 max_abs=0 different=0/65536
  dpre   rel_l2=0 max_abs=0 different=0/65536
  post.T rel_l2=0 max_abs=0 different=0/65536
  dpre.T rel_l2=0 max_abs=0 different=0/65536
  y      rel_l2=0 max_abs=0 different=0/32768
  dx     rel_l2=0 max_abs=0 different=0/32768
  dw1    rel_l2=1.5333805e-05 max_abs=0.00048828125 different=1/32768
  dw2    rel_l2=0 max_abs=0 different=0/32768
  dw1.chunk rel_l2=0 max_abs=0 different=0/32768
  dw2.chunk rel_l2=0 max_abs=0 different=0/32768
production specialization after reset:
  post   rel_l2=0 max_abs=0 different=0/65536
  dpre   rel_l2=0 max_abs=0 different=0/65536
  post.T rel_l2=0 max_abs=0 different=0/65536
  dpre.T rel_l2=0 max_abs=0 different=0/65536
  y      rel_l2=0 max_abs=0 different=0/32768
  dx     rel_l2=0 max_abs=0 different=0/32768
  dw1    rel_l2=1.5333805e-05 max_abs=0.00048828125 different=1/32768
  dw2    rel_l2=0 max_abs=0 different=0/32768
shape M=7 C=17 H=33 workers=132 seed=42 zeros=0 gradient_chunk=64
audit: every task executed once; gradient_tasks_before_all_roots=0
  raw    rel_l2=0 max_abs=0 different=0/231
  raw    rel_l2=0 max_abs=0 different=0/231
  post   rel_l2=0 max_abs=0 different=0/231
  dpre   rel_l2=0 max_abs=0 different=0/231
  post.T rel_l2=0 max_abs=0 different=0/231
  dpre.T rel_l2=0 max_abs=0 different=0/231
  y      rel_l2=0 max_abs=0 different=0/119
  dx     rel_l2=0 max_abs=0 different=0/119
  dw1    rel_l2=0 max_abs=0 different=0/561
  dw2    rel_l2=0 max_abs=0 different=0/561
  dw1.chunk rel_l2=0 max_abs=0 different=0/561
  dw2.chunk rel_l2=0 max_abs=0 different=0/561
production specialization after reset:
  raw    rel_l2=0 max_abs=0 different=0/231
  post   rel_l2=0 max_abs=0 different=0/231
  dpre   rel_l2=0 max_abs=0 different=0/231
  post.T rel_l2=0 max_abs=0 different=0/231
  dpre.T rel_l2=0 max_abs=0 different=0/231
  y      rel_l2=0 max_abs=0 different=0/119
  dx     rel_l2=0 max_abs=0 different=0/119
  dw1    rel_l2=0 max_abs=0 different=0/561
  dw2    rel_l2=0 max_abs=0 different=0/561
shape M=129 C=96 H=160 workers=132 seed=1337 zeros=0 gradient_chunk=64
audit: every task executed once; gradient_tasks_before_all_roots=3
  raw    rel_l2=0 max_abs=0 different=0/20640
  raw    rel_l2=0 max_abs=0 different=0/20640
  post   rel_l2=0 max_abs=0 different=0/20640
  dpre   rel_l2=0 max_abs=0 different=0/20640
  post.T rel_l2=0 max_abs=0 different=0/20640
  dpre.T rel_l2=0 max_abs=0 different=0/20640
  y      rel_l2=0 max_abs=0 different=0/12384
  dx     rel_l2=0 max_abs=0 different=0/12384
  dw1    rel_l2=0 max_abs=0 different=0/15360
  dw2    rel_l2=0 max_abs=0 different=0/15360
  dw1.chunk rel_l2=0 max_abs=0 different=0/15360
  dw2.chunk rel_l2=0 max_abs=0 different=0/15360
production specialization after reset:
  raw    rel_l2=0 max_abs=0 different=0/20640
  post   rel_l2=0 max_abs=0 different=0/20640
  dpre   rel_l2=0 max_abs=0 different=0/20640
  post.T rel_l2=0 max_abs=0 different=0/20640
  dpre.T rel_l2=0 max_abs=0 different=0/20640
  y      rel_l2=0 max_abs=0 different=0/12384
  dx     rel_l2=0 max_abs=0 different=0/12384
  dw1    rel_l2=0 max_abs=0 different=0/15360
  dw2    rel_l2=0 max_abs=0 different=0/15360
shape M=65 C=32 H=64 workers=132 seed=2 zeros=1 gradient_chunk=64
audit: every task executed once; gradient_tasks_before_all_roots=0
  raw    rel_l2=0 max_abs=0 different=0/4160
  raw    rel_l2=0 max_abs=0 different=0/4160
  post   rel_l2=0 max_abs=0 different=0/4160
  dpre   rel_l2=0 max_abs=0 different=0/4160
  post.T rel_l2=0 max_abs=0 different=0/4160
  dpre.T rel_l2=0 max_abs=0 different=0/4160
  y      rel_l2=0 max_abs=0 different=0/2080
  dx     rel_l2=0 max_abs=0 different=0/2080
  dw1    rel_l2=0 max_abs=0 different=0/2048
  dw2    rel_l2=0 max_abs=0 different=0/2048
  dw1.chunk rel_l2=0 max_abs=0 different=0/2048
  dw2.chunk rel_l2=0 max_abs=0 different=0/2048
production specialization after reset:
  raw    rel_l2=0 max_abs=0 different=0/4160
  post   rel_l2=0 max_abs=0 different=0/4160
  dpre   rel_l2=0 max_abs=0 different=0/4160
  post.T rel_l2=0 max_abs=0 different=0/4160
  dpre.T rel_l2=0 max_abs=0 different=0/4160
  y      rel_l2=0 max_abs=0 different=0/2080
  dx     rel_l2=0 max_abs=0 different=0/2080
  dw1    rel_l2=0 max_abs=0 different=0/2048
  dw2    rel_l2=0 max_abs=0 different=0/2048
shape M=256 C=128 H=256 workers=132 seed=1337 zeros=0 gradient_chunk=4096
audit: every task executed once; gradient_tasks_before_all_roots=2
  post   rel_l2=0 max_abs=0 different=0/65536
  dpre   rel_l2=0 max_abs=0 different=0/65536
  post.T rel_l2=0 max_abs=0 different=0/65536
  dpre.T rel_l2=0 max_abs=0 different=0/65536
  y      rel_l2=0 max_abs=0 different=0/32768
  dx     rel_l2=0 max_abs=0 different=0/32768
  dw1    rel_l2=1.5333805e-05 max_abs=0.00048828125 different=1/32768
  dw2    rel_l2=0 max_abs=0 different=0/32768
  dw1.chunk rel_l2=0 max_abs=0 different=0/32768
  dw2.chunk rel_l2=0 max_abs=0 different=0/32768
production specialization after reset:
  post   rel_l2=0 max_abs=0 different=0/65536
  dpre   rel_l2=0 max_abs=0 different=0/65536
  post.T rel_l2=0 max_abs=0 different=0/65536
  dpre.T rel_l2=0 max_abs=0 different=0/65536
  y      rel_l2=0 max_abs=0 different=0/32768
  dx     rel_l2=0 max_abs=0 different=0/32768
  dw1    rel_l2=1.5333805e-05 max_abs=0.00048828125 different=1/32768
  dw2    rel_l2=0 max_abs=0 different=0/32768
shape M=7 C=17 H=33 workers=660 seed=42 zeros=0 gradient_chunk=64
audit: every task executed once; gradient_tasks_before_all_roots=0
  raw    rel_l2=0 max_abs=0 different=0/231
  raw    rel_l2=0 max_abs=0 different=0/231
  post   rel_l2=0 max_abs=0 different=0/231
  dpre   rel_l2=0 max_abs=0 different=0/231
  post.T rel_l2=0 max_abs=0 different=0/231
  dpre.T rel_l2=0 max_abs=0 different=0/231
  y      rel_l2=0 max_abs=0 different=0/119
  dx     rel_l2=0 max_abs=0 different=0/119
  dw1    rel_l2=0 max_abs=0 different=0/561
  dw2    rel_l2=0 max_abs=0 different=0/561
  dw1.chunk rel_l2=0 max_abs=0 different=0/561
  dw2.chunk rel_l2=0 max_abs=0 different=0/561
production specialization after reset:
  raw    rel_l2=0 max_abs=0 different=0/231
  post   rel_l2=0 max_abs=0 different=0/231
  dpre   rel_l2=0 max_abs=0 different=0/231
  post.T rel_l2=0 max_abs=0 different=0/231
  dpre.T rel_l2=0 max_abs=0 different=0/231
  y      rel_l2=0 max_abs=0 different=0/119
  dx     rel_l2=0 max_abs=0 different=0/119
  dw1    rel_l2=0 max_abs=0 different=0/561
  dw2    rel_l2=0 max_abs=0 different=0/561
shape M=129 C=96 H=160 workers=660 seed=1337 zeros=0 gradient_chunk=64
audit: every task executed once; gradient_tasks_before_all_roots=4
  raw    rel_l2=0 max_abs=0 different=0/20640
  raw    rel_l2=0 max_abs=0 different=0/20640
  post   rel_l2=0 max_abs=0 different=0/20640
  dpre   rel_l2=0 max_abs=0 different=0/20640
  post.T rel_l2=0 max_abs=0 different=0/20640
  dpre.T rel_l2=0 max_abs=0 different=0/20640
  y      rel_l2=0 max_abs=0 different=0/12384
  dx     rel_l2=0 max_abs=0 different=0/12384
  dw1    rel_l2=0 max_abs=0 different=0/15360
  dw2    rel_l2=0 max_abs=0 different=0/15360
  dw1.chunk rel_l2=0 max_abs=0 different=0/15360
  dw2.chunk rel_l2=0 max_abs=0 different=0/15360
production specialization after reset:
  raw    rel_l2=0 max_abs=0 different=0/20640
  post   rel_l2=0 max_abs=0 different=0/20640
  dpre   rel_l2=0 max_abs=0 different=0/20640
  post.T rel_l2=0 max_abs=0 different=0/20640
  dpre.T rel_l2=0 max_abs=0 different=0/20640
  y      rel_l2=0 max_abs=0 different=0/12384
  dx     rel_l2=0 max_abs=0 different=0/12384
  dw1    rel_l2=0 max_abs=0 different=0/15360
  dw2    rel_l2=0 max_abs=0 different=0/15360
shape M=65 C=32 H=64 workers=660 seed=2 zeros=1 gradient_chunk=64
audit: every task executed once; gradient_tasks_before_all_roots=0
  raw    rel_l2=0 max_abs=0 different=0/4160
  raw    rel_l2=0 max_abs=0 different=0/4160
  post   rel_l2=0 max_abs=0 different=0/4160
  dpre   rel_l2=0 max_abs=0 different=0/4160
  post.T rel_l2=0 max_abs=0 different=0/4160
  dpre.T rel_l2=0 max_abs=0 different=0/4160
  y      rel_l2=0 max_abs=0 different=0/2080
  dx     rel_l2=0 max_abs=0 different=0/2080
  dw1    rel_l2=0 max_abs=0 different=0/2048
  dw2    rel_l2=0 max_abs=0 different=0/2048
  dw1.chunk rel_l2=0 max_abs=0 different=0/2048
  dw2.chunk rel_l2=0 max_abs=0 different=0/2048
production specialization after reset:
  raw    rel_l2=0 max_abs=0 different=0/4160
  post   rel_l2=0 max_abs=0 different=0/4160
  dpre   rel_l2=0 max_abs=0 different=0/4160
  post.T rel_l2=0 max_abs=0 different=0/4160
  dpre.T rel_l2=0 max_abs=0 different=0/4160
  y      rel_l2=0 max_abs=0 different=0/2080
  dx     rel_l2=0 max_abs=0 different=0/2080
  dw1    rel_l2=0 max_abs=0 different=0/2048
  dw2    rel_l2=0 max_abs=0 different=0/2048
shape M=256 C=128 H=256 workers=660 seed=1337 zeros=0 gradient_chunk=4096
audit: every task executed once; gradient_tasks_before_all_roots=5
  post   rel_l2=0 max_abs=0 different=0/65536
  dpre   rel_l2=0 max_abs=0 different=0/65536
  post.T rel_l2=0 max_abs=0 different=0/65536
  dpre.T rel_l2=0 max_abs=0 different=0/65536
  y      rel_l2=0 max_abs=0 different=0/32768
  dx     rel_l2=0 max_abs=0 different=0/32768
  dw1    rel_l2=1.5333805e-05 max_abs=0.00048828125 different=1/32768
  dw2    rel_l2=0 max_abs=0 different=0/32768
  dw1.chunk rel_l2=0 max_abs=0 different=0/32768
  dw2.chunk rel_l2=0 max_abs=0 different=0/32768
production specialization after reset:
  post   rel_l2=0 max_abs=0 different=0/65536
  dpre   rel_l2=0 max_abs=0 different=0/65536
  post.T rel_l2=0 max_abs=0 different=0/65536
  dpre.T rel_l2=0 max_abs=0 different=0/65536
  y      rel_l2=0 max_abs=0 different=0/32768
  dx     rel_l2=0 max_abs=0 different=0/32768
  dw1    rel_l2=1.5333805e-05 max_abs=0.00048828125 different=1/32768
  dw2    rel_l2=0 max_abs=0 different=0/32768
shape M=8209 C=96 H=160 workers=7 seed=1337 zeros=0 gradient_chunk=4096
audit: every task executed once; gradient_tasks_before_all_roots=16
  post   rel_l2=0 max_abs=0 different=0/1313440
  dpre   rel_l2=0 max_abs=0 different=0/1313440
  post.T rel_l2=0 max_abs=0 different=0/1313440
  dpre.T rel_l2=0 max_abs=0 different=0/1313440
  y      rel_l2=0 max_abs=0 different=0/788064
  dx     rel_l2=0 max_abs=0 different=0/788064
  dw1    rel_l2=0 max_abs=0 different=0/15360
  dw2    rel_l2=0 max_abs=0 different=0/15360
  dw1.chunk rel_l2=0 max_abs=0 different=0/15360
  dw2.chunk rel_l2=0 max_abs=0 different=0/15360
production specialization after reset:
  post   rel_l2=0 max_abs=0 different=0/1313440
  dpre   rel_l2=0 max_abs=0 different=0/1313440
  post.T rel_l2=0 max_abs=0 different=0/1313440
  dpre.T rel_l2=0 max_abs=0 different=0/1313440
  y      rel_l2=0 max_abs=0 different=0/788064
  dx     rel_l2=0 max_abs=0 different=0/788064
  dw1    rel_l2=0 max_abs=0 different=0/15360
  dw2    rel_l2=0 max_abs=0 different=0/15360
shape M=8192 C=128 H=256 workers=7 seed=1337 zeros=0 gradient_chunk=4096
audit: every task executed once; gradient_tasks_before_all_roots=22
  post   rel_l2=0 max_abs=0 different=0/2097152
  dpre   rel_l2=0 max_abs=0 different=0/2097152
  post.T rel_l2=0 max_abs=0 different=0/2097152
  dpre.T rel_l2=0 max_abs=0 different=0/2097152
  y      rel_l2=0 max_abs=0 different=0/1048576
  dx     rel_l2=2.0881563e-08 max_abs=2.3841858e-07 different=2/1048576
  dw1    rel_l2=0 max_abs=0 different=0/32768
  dw2    rel_l2=0 max_abs=0 different=0/32768
  dw1.chunk rel_l2=0 max_abs=0 different=0/32768
  dw2.chunk rel_l2=0 max_abs=0 different=0/32768
production specialization after reset:
  post   rel_l2=0 max_abs=0 different=0/2097152
  dpre   rel_l2=0 max_abs=0 different=0/2097152
  post.T rel_l2=0 max_abs=0 different=0/2097152
  dpre.T rel_l2=0 max_abs=0 different=0/2097152
  y      rel_l2=0 max_abs=0 different=0/1048576
  dx     rel_l2=2.0881563e-08 max_abs=2.3841858e-07 different=2/1048576
  dw1    rel_l2=0 max_abs=0 different=0/32768
  dw2    rel_l2=0 max_abs=0 different=0/32768
PASS: FP8 six-GEMM MLP graph, all outputs and gradients; not full-model training.
========= RACECHECK SUMMARY: 0 hazards displayed (0 errors, 0 warnings)
compute-sanitizer --tool synccheck --error-exitcode 1 ./validate --quick --gradient-chunk=4096
========= COMPUTE-SANITIZER
GPU=NVIDIA H100 80GB HBM3 SMs=132 CUDA_runtime=12080
megakernel registers=124 static_shared=32776 local_bytes=0
resident_blocks_per_SM=4
operand_K=128
scheduler=ready_first
operand_stages=2
target=PR360 commit=c924f68e4d72e80307fc27a7bb3a55cfb6ad43c7 MLP=E4M3/E5M2 width=2816; component only
shape M=7 C=17 H=33 workers=1 seed=42 zeros=0 gradient_chunk=64
audit: every task executed once; gradient_tasks_before_all_roots=0
  raw    rel_l2=0 max_abs=0 different=0/231
  raw    rel_l2=0 max_abs=0 different=0/231
  post   rel_l2=0 max_abs=0 different=0/231
  dpre   rel_l2=0 max_abs=0 different=0/231
  post.T rel_l2=0 max_abs=0 different=0/231
  dpre.T rel_l2=0 max_abs=0 different=0/231
  y      rel_l2=0 max_abs=0 different=0/119
  dx     rel_l2=0 max_abs=0 different=0/119
  dw1    rel_l2=0 max_abs=0 different=0/561
  dw2    rel_l2=0 max_abs=0 different=0/561
  dw1.chunk rel_l2=0 max_abs=0 different=0/561
  dw2.chunk rel_l2=0 max_abs=0 different=0/561
production specialization after reset:
  raw    rel_l2=0 max_abs=0 different=0/231
  post   rel_l2=0 max_abs=0 different=0/231
  dpre   rel_l2=0 max_abs=0 different=0/231
  post.T rel_l2=0 max_abs=0 different=0/231
  dpre.T rel_l2=0 max_abs=0 different=0/231
  y      rel_l2=0 max_abs=0 different=0/119
  dx     rel_l2=0 max_abs=0 different=0/119
  dw1    rel_l2=0 max_abs=0 different=0/561
  dw2    rel_l2=0 max_abs=0 different=0/561
shape M=129 C=96 H=160 workers=1 seed=1337 zeros=0 gradient_chunk=64
audit: every task executed once; gradient_tasks_before_all_roots=28
  raw    rel_l2=0 max_abs=0 different=0/20640
  raw    rel_l2=0 max_abs=0 different=0/20640
  post   rel_l2=0 max_abs=0 different=0/20640
  dpre   rel_l2=0 max_abs=0 different=0/20640
  post.T rel_l2=0 max_abs=0 different=0/20640
  dpre.T rel_l2=0 max_abs=0 different=0/20640
  y      rel_l2=0 max_abs=0 different=0/12384
  dx     rel_l2=0 max_abs=0 different=0/12384
  dw1    rel_l2=0 max_abs=0 different=0/15360
  dw2    rel_l2=0 max_abs=0 different=0/15360
  dw1.chunk rel_l2=0 max_abs=0 different=0/15360
  dw2.chunk rel_l2=0 max_abs=0 different=0/15360
production specialization after reset:
  raw    rel_l2=0 max_abs=0 different=0/20640
  post   rel_l2=0 max_abs=0 different=0/20640
  dpre   rel_l2=0 max_abs=0 different=0/20640
  post.T rel_l2=0 max_abs=0 different=0/20640
  dpre.T rel_l2=0 max_abs=0 different=0/20640
  y      rel_l2=0 max_abs=0 different=0/12384
  dx     rel_l2=0 max_abs=0 different=0/12384
  dw1    rel_l2=0 max_abs=0 different=0/15360
  dw2    rel_l2=0 max_abs=0 different=0/15360
shape M=65 C=32 H=64 workers=1 seed=2 zeros=1 gradient_chunk=64
audit: every task executed once; gradient_tasks_before_all_roots=0
  raw    rel_l2=0 max_abs=0 different=0/4160
  raw    rel_l2=0 max_abs=0 different=0/4160
  post   rel_l2=0 max_abs=0 different=0/4160
  dpre   rel_l2=0 max_abs=0 different=0/4160
  post.T rel_l2=0 max_abs=0 different=0/4160
  dpre.T rel_l2=0 max_abs=0 different=0/4160
  y      rel_l2=0 max_abs=0 different=0/2080
  dx     rel_l2=0 max_abs=0 different=0/2080
  dw1    rel_l2=0 max_abs=0 different=0/2048
  dw2    rel_l2=0 max_abs=0 different=0/2048
  dw1.chunk rel_l2=0 max_abs=0 different=0/2048
  dw2.chunk rel_l2=0 max_abs=0 different=0/2048
production specialization after reset:
  raw    rel_l2=0 max_abs=0 different=0/4160
  post   rel_l2=0 max_abs=0 different=0/4160
  dpre   rel_l2=0 max_abs=0 different=0/4160
  post.T rel_l2=0 max_abs=0 different=0/4160
  dpre.T rel_l2=0 max_abs=0 different=0/4160
  y      rel_l2=0 max_abs=0 different=0/2080
  dx     rel_l2=0 max_abs=0 different=0/2080
  dw1    rel_l2=0 max_abs=0 different=0/2048
  dw2    rel_l2=0 max_abs=0 different=0/2048
shape M=256 C=128 H=256 workers=1 seed=1337 zeros=0 gradient_chunk=4096
audit: every task executed once; gradient_tasks_before_all_roots=6
  post   rel_l2=0 max_abs=0 different=0/65536
  dpre   rel_l2=0 max_abs=0 different=0/65536
  post.T rel_l2=0 max_abs=0 different=0/65536
  dpre.T rel_l2=0 max_abs=0 different=0/65536
  y      rel_l2=0 max_abs=0 different=0/32768
  dx     rel_l2=0 max_abs=0 different=0/32768
  dw1    rel_l2=1.5333805e-05 max_abs=0.00048828125 different=1/32768
  dw2    rel_l2=0 max_abs=0 different=0/32768
  dw1.chunk rel_l2=0 max_abs=0 different=0/32768
  dw2.chunk rel_l2=0 max_abs=0 different=0/32768
production specialization after reset:
  post   rel_l2=0 max_abs=0 different=0/65536
  dpre   rel_l2=0 max_abs=0 different=0/65536
  post.T rel_l2=0 max_abs=0 different=0/65536
  dpre.T rel_l2=0 max_abs=0 different=0/65536
  y      rel_l2=0 max_abs=0 different=0/32768
  dx     rel_l2=0 max_abs=0 different=0/32768
  dw1    rel_l2=1.5333805e-05 max_abs=0.00048828125 different=1/32768
  dw2    rel_l2=0 max_abs=0 different=0/32768
shape M=7 C=17 H=33 workers=7 seed=42 zeros=0 gradient_chunk=64
audit: every task executed once; gradient_tasks_before_all_roots=0
  raw    rel_l2=0 max_abs=0 different=0/231
  raw    rel_l2=0 max_abs=0 different=0/231
  post   rel_l2=0 max_abs=0 different=0/231
  dpre   rel_l2=0 max_abs=0 different=0/231
  post.T rel_l2=0 max_abs=0 different=0/231
  dpre.T rel_l2=0 max_abs=0 different=0/231
  y      rel_l2=0 max_abs=0 different=0/119
  dx     rel_l2=0 max_abs=0 different=0/119
  dw1    rel_l2=0 max_abs=0 different=0/561
  dw2    rel_l2=0 max_abs=0 different=0/561
  dw1.chunk rel_l2=0 max_abs=0 different=0/561
  dw2.chunk rel_l2=0 max_abs=0 different=0/561
production specialization after reset:
  raw    rel_l2=0 max_abs=0 different=0/231
  post   rel_l2=0 max_abs=0 different=0/231
  dpre   rel_l2=0 max_abs=0 different=0/231
  post.T rel_l2=0 max_abs=0 different=0/231
  dpre.T rel_l2=0 max_abs=0 different=0/231
  y      rel_l2=0 max_abs=0 different=0/119
  dx     rel_l2=0 max_abs=0 different=0/119
  dw1    rel_l2=0 max_abs=0 different=0/561
  dw2    rel_l2=0 max_abs=0 different=0/561
shape M=129 C=96 H=160 workers=7 seed=1337 zeros=0 gradient_chunk=64
audit: every task executed once; gradient_tasks_before_all_roots=4
  raw    rel_l2=0 max_abs=0 different=0/20640
  raw    rel_l2=0 max_abs=0 different=0/20640
  post   rel_l2=0 max_abs=0 different=0/20640
  dpre   rel_l2=0 max_abs=0 different=0/20640
  post.T rel_l2=0 max_abs=0 different=0/20640
  dpre.T rel_l2=0 max_abs=0 different=0/20640
  y      rel_l2=0 max_abs=0 different=0/12384
  dx     rel_l2=0 max_abs=0 different=0/12384
  dw1    rel_l2=0 max_abs=0 different=0/15360
  dw2    rel_l2=0 max_abs=0 different=0/15360
  dw1.chunk rel_l2=0 max_abs=0 different=0/15360
  dw2.chunk rel_l2=0 max_abs=0 different=0/15360
production specialization after reset:
  raw    rel_l2=0 max_abs=0 different=0/20640
  post   rel_l2=0 max_abs=0 different=0/20640
  dpre   rel_l2=0 max_abs=0 different=0/20640
  post.T rel_l2=0 max_abs=0 different=0/20640
  dpre.T rel_l2=0 max_abs=0 different=0/20640
  y      rel_l2=0 max_abs=0 different=0/12384
  dx     rel_l2=0 max_abs=0 different=0/12384
  dw1    rel_l2=0 max_abs=0 different=0/15360
  dw2    rel_l2=0 max_abs=0 different=0/15360
shape M=65 C=32 H=64 workers=7 seed=2 zeros=1 gradient_chunk=64
audit: every task executed once; gradient_tasks_before_all_roots=0
  raw    rel_l2=0 max_abs=0 different=0/4160
  raw    rel_l2=0 max_abs=0 different=0/4160
  post   rel_l2=0 max_abs=0 different=0/4160
  dpre   rel_l2=0 max_abs=0 different=0/4160
  post.T rel_l2=0 max_abs=0 different=0/4160
  dpre.T rel_l2=0 max_abs=0 different=0/4160
  y      rel_l2=0 max_abs=0 different=0/2080
  dx     rel_l2=0 max_abs=0 different=0/2080
  dw1    rel_l2=0 max_abs=0 different=0/2048
  dw2    rel_l2=0 max_abs=0 different=0/2048
  dw1.chunk rel_l2=0 max_abs=0 different=0/2048
  dw2.chunk rel_l2=0 max_abs=0 different=0/2048
production specialization after reset:
  raw    rel_l2=0 max_abs=0 different=0/4160
  post   rel_l2=0 max_abs=0 different=0/4160
  dpre   rel_l2=0 max_abs=0 different=0/4160
  post.T rel_l2=0 max_abs=0 different=0/4160
  dpre.T rel_l2=0 max_abs=0 different=0/4160
  y      rel_l2=0 max_abs=0 different=0/2080
  dx     rel_l2=0 max_abs=0 different=0/2080
  dw1    rel_l2=0 max_abs=0 different=0/2048
  dw2    rel_l2=0 max_abs=0 different=0/2048
shape M=256 C=128 H=256 workers=7 seed=1337 zeros=0 gradient_chunk=4096
audit: every task executed once; gradient_tasks_before_all_roots=0
  post   rel_l2=0 max_abs=0 different=0/65536
  dpre   rel_l2=0 max_abs=0 different=0/65536
  post.T rel_l2=0 max_abs=0 different=0/65536
  dpre.T rel_l2=0 max_abs=0 different=0/65536
  y      rel_l2=0 max_abs=0 different=0/32768
  dx     rel_l2=0 max_abs=0 different=0/32768
  dw1    rel_l2=1.5333805e-05 max_abs=0.00048828125 different=1/32768
  dw2    rel_l2=0 max_abs=0 different=0/32768
  dw1.chunk rel_l2=0 max_abs=0 different=0/32768
  dw2.chunk rel_l2=0 max_abs=0 different=0/32768
production specialization after reset:
  post   rel_l2=0 max_abs=0 different=0/65536
  dpre   rel_l2=0 max_abs=0 different=0/65536
  post.T rel_l2=0 max_abs=0 different=0/65536
  dpre.T rel_l2=0 max_abs=0 different=0/65536
  y      rel_l2=0 max_abs=0 different=0/32768
  dx     rel_l2=0 max_abs=0 different=0/32768
  dw1    rel_l2=1.5333805e-05 max_abs=0.00048828125 different=1/32768
  dw2    rel_l2=0 max_abs=0 different=0/32768
shape M=7 C=17 H=33 workers=132 seed=42 zeros=0 gradient_chunk=64
audit: every task executed once; gradient_tasks_before_all_roots=0
  raw    rel_l2=0 max_abs=0 different=0/231
  raw    rel_l2=0 max_abs=0 different=0/231
  post   rel_l2=0 max_abs=0 different=0/231
  dpre   rel_l2=0 max_abs=0 different=0/231
  post.T rel_l2=0 max_abs=0 different=0/231
  dpre.T rel_l2=0 max_abs=0 different=0/231
  y      rel_l2=0 max_abs=0 different=0/119
  dx     rel_l2=0 max_abs=0 different=0/119
  dw1    rel_l2=0 max_abs=0 different=0/561
  dw2    rel_l2=0 max_abs=0 different=0/561
  dw1.chunk rel_l2=0 max_abs=0 different=0/561
  dw2.chunk rel_l2=0 max_abs=0 different=0/561
production specialization after reset:
  raw    rel_l2=0 max_abs=0 different=0/231
  post   rel_l2=0 max_abs=0 different=0/231
  dpre   rel_l2=0 max_abs=0 different=0/231
  post.T rel_l2=0 max_abs=0 different=0/231
  dpre.T rel_l2=0 max_abs=0 different=0/231
  y      rel_l2=0 max_abs=0 different=0/119
  dx     rel_l2=0 max_abs=0 different=0/119
  dw1    rel_l2=0 max_abs=0 different=0/561
  dw2    rel_l2=0 max_abs=0 different=0/561
shape M=129 C=96 H=160 workers=132 seed=1337 zeros=0 gradient_chunk=64
audit: every task executed once; gradient_tasks_before_all_roots=0
  raw    rel_l2=0 max_abs=0 different=0/20640
  raw    rel_l2=0 max_abs=0 different=0/20640
  post   rel_l2=0 max_abs=0 different=0/20640
  dpre   rel_l2=0 max_abs=0 different=0/20640
  post.T rel_l2=0 max_abs=0 different=0/20640
  dpre.T rel_l2=0 max_abs=0 different=0/20640
  y      rel_l2=0 max_abs=0 different=0/12384
  dx     rel_l2=0 max_abs=0 different=0/12384
  dw1    rel_l2=0 max_abs=0 different=0/15360
  dw2    rel_l2=0 max_abs=0 different=0/15360
  dw1.chunk rel_l2=0 max_abs=0 different=0/15360
  dw2.chunk rel_l2=0 max_abs=0 different=0/15360
production specialization after reset:
  raw    rel_l2=0 max_abs=0 different=0/20640
  post   rel_l2=0 max_abs=0 different=0/20640
  dpre   rel_l2=0 max_abs=0 different=0/20640
  post.T rel_l2=0 max_abs=0 different=0/20640
  dpre.T rel_l2=0 max_abs=0 different=0/20640
  y      rel_l2=0 max_abs=0 different=0/12384
  dx     rel_l2=0 max_abs=0 different=0/12384
  dw1    rel_l2=0 max_abs=0 different=0/15360
  dw2    rel_l2=0 max_abs=0 different=0/15360
shape M=65 C=32 H=64 workers=132 seed=2 zeros=1 gradient_chunk=64
audit: every task executed once; gradient_tasks_before_all_roots=0
  raw    rel_l2=0 max_abs=0 different=0/4160
  raw    rel_l2=0 max_abs=0 different=0/4160
  post   rel_l2=0 max_abs=0 different=0/4160
  dpre   rel_l2=0 max_abs=0 different=0/4160
  post.T rel_l2=0 max_abs=0 different=0/4160
  dpre.T rel_l2=0 max_abs=0 different=0/4160
  y      rel_l2=0 max_abs=0 different=0/2080
  dx     rel_l2=0 max_abs=0 different=0/2080
  dw1    rel_l2=0 max_abs=0 different=0/2048
  dw2    rel_l2=0 max_abs=0 different=0/2048
  dw1.chunk rel_l2=0 max_abs=0 different=0/2048
  dw2.chunk rel_l2=0 max_abs=0 different=0/2048
production specialization after reset:
  raw    rel_l2=0 max_abs=0 different=0/4160
  post   rel_l2=0 max_abs=0 different=0/4160
  dpre   rel_l2=0 max_abs=0 different=0/4160
  post.T rel_l2=0 max_abs=0 different=0/4160
  dpre.T rel_l2=0 max_abs=0 different=0/4160
  y      rel_l2=0 max_abs=0 different=0/2080
  dx     rel_l2=0 max_abs=0 different=0/2080
  dw1    rel_l2=0 max_abs=0 different=0/2048
  dw2    rel_l2=0 max_abs=0 different=0/2048
shape M=256 C=128 H=256 workers=132 seed=1337 zeros=0 gradient_chunk=4096
audit: every task executed once; gradient_tasks_before_all_roots=0
  post   rel_l2=0 max_abs=0 different=0/65536
  dpre   rel_l2=0 max_abs=0 different=0/65536
  post.T rel_l2=0 max_abs=0 different=0/65536
  dpre.T rel_l2=0 max_abs=0 different=0/65536
  y      rel_l2=0 max_abs=0 different=0/32768
  dx     rel_l2=0 max_abs=0 different=0/32768
  dw1    rel_l2=1.5333805e-05 max_abs=0.00048828125 different=1/32768
  dw2    rel_l2=0 max_abs=0 different=0/32768
  dw1.chunk rel_l2=0 max_abs=0 different=0/32768
  dw2.chunk rel_l2=0 max_abs=0 different=0/32768
production specialization after reset:
  post   rel_l2=0 max_abs=0 different=0/65536
  dpre   rel_l2=0 max_abs=0 different=0/65536
  post.T rel_l2=0 max_abs=0 different=0/65536
  dpre.T rel_l2=0 max_abs=0 different=0/65536
  y      rel_l2=0 max_abs=0 different=0/32768
  dx     rel_l2=0 max_abs=0 different=0/32768
  dw1    rel_l2=1.5333805e-05 max_abs=0.00048828125 different=1/32768
  dw2    rel_l2=0 max_abs=0 different=0/32768
shape M=7 C=17 H=33 workers=660 seed=42 zeros=0 gradient_chunk=64
audit: every task executed once; gradient_tasks_before_all_roots=0
  raw    rel_l2=0 max_abs=0 different=0/231
  raw    rel_l2=0 max_abs=0 different=0/231
  post   rel_l2=0 max_abs=0 different=0/231
  dpre   rel_l2=0 max_abs=0 different=0/231
  post.T rel_l2=0 max_abs=0 different=0/231
  dpre.T rel_l2=0 max_abs=0 different=0/231
  y      rel_l2=0 max_abs=0 different=0/119
  dx     rel_l2=0 max_abs=0 different=0/119
  dw1    rel_l2=0 max_abs=0 different=0/561
  dw2    rel_l2=0 max_abs=0 different=0/561
  dw1.chunk rel_l2=0 max_abs=0 different=0/561
  dw2.chunk rel_l2=0 max_abs=0 different=0/561
production specialization after reset:
  raw    rel_l2=0 max_abs=0 different=0/231
  post   rel_l2=0 max_abs=0 different=0/231
  dpre   rel_l2=0 max_abs=0 different=0/231
  post.T rel_l2=0 max_abs=0 different=0/231
  dpre.T rel_l2=0 max_abs=0 different=0/231
  y      rel_l2=0 max_abs=0 different=0/119
  dx     rel_l2=0 max_abs=0 different=0/119
  dw1    rel_l2=0 max_abs=0 different=0/561
  dw2    rel_l2=0 max_abs=0 different=0/561
shape M=129 C=96 H=160 workers=660 seed=1337 zeros=0 gradient_chunk=64
audit: every task executed once; gradient_tasks_before_all_roots=0
  raw    rel_l2=0 max_abs=0 different=0/20640
  raw    rel_l2=0 max_abs=0 different=0/20640
  post   rel_l2=0 max_abs=0 different=0/20640
  dpre   rel_l2=0 max_abs=0 different=0/20640
  post.T rel_l2=0 max_abs=0 different=0/20640
  dpre.T rel_l2=0 max_abs=0 different=0/20640
  y      rel_l2=0 max_abs=0 different=0/12384
  dx     rel_l2=0 max_abs=0 different=0/12384
  dw1    rel_l2=0 max_abs=0 different=0/15360
  dw2    rel_l2=0 max_abs=0 different=0/15360
  dw1.chunk rel_l2=0 max_abs=0 different=0/15360
  dw2.chunk rel_l2=0 max_abs=0 different=0/15360
production specialization after reset:
  raw    rel_l2=0 max_abs=0 different=0/20640
  post   rel_l2=0 max_abs=0 different=0/20640
  dpre   rel_l2=0 max_abs=0 different=0/20640
  post.T rel_l2=0 max_abs=0 different=0/20640
  dpre.T rel_l2=0 max_abs=0 different=0/20640
  y      rel_l2=0 max_abs=0 different=0/12384
  dx     rel_l2=0 max_abs=0 different=0/12384
  dw1    rel_l2=0 max_abs=0 different=0/15360
  dw2    rel_l2=0 max_abs=0 different=0/15360
shape M=65 C=32 H=64 workers=660 seed=2 zeros=1 gradient_chunk=64
audit: every task executed once; gradient_tasks_before_all_roots=0
  raw    rel_l2=0 max_abs=0 different=0/4160
  raw    rel_l2=0 max_abs=0 different=0/4160
  post   rel_l2=0 max_abs=0 different=0/4160
  dpre   rel_l2=0 max_abs=0 different=0/4160
  post.T rel_l2=0 max_abs=0 different=0/4160
  dpre.T rel_l2=0 max_abs=0 different=0/4160
  y      rel_l2=0 max_abs=0 different=0/2080
  dx     rel_l2=0 max_abs=0 different=0/2080
  dw1    rel_l2=0 max_abs=0 different=0/2048
  dw2    rel_l2=0 max_abs=0 different=0/2048
  dw1.chunk rel_l2=0 max_abs=0 different=0/2048
  dw2.chunk rel_l2=0 max_abs=0 different=0/2048
production specialization after reset:
  raw    rel_l2=0 max_abs=0 different=0/4160
  post   rel_l2=0 max_abs=0 different=0/4160
  dpre   rel_l2=0 max_abs=0 different=0/4160
  post.T rel_l2=0 max_abs=0 different=0/4160
  dpre.T rel_l2=0 max_abs=0 different=0/4160
  y      rel_l2=0 max_abs=0 different=0/2080
  dx     rel_l2=0 max_abs=0 different=0/2080
  dw1    rel_l2=0 max_abs=0 different=0/2048
  dw2    rel_l2=0 max_abs=0 different=0/2048
shape M=256 C=128 H=256 workers=660 seed=1337 zeros=0 gradient_chunk=4096
audit: every task executed once; gradient_tasks_before_all_roots=0
  post   rel_l2=0 max_abs=0 different=0/65536
  dpre   rel_l2=0 max_abs=0 different=0/65536
  post.T rel_l2=0 max_abs=0 different=0/65536
  dpre.T rel_l2=0 max_abs=0 different=0/65536
  y      rel_l2=0 max_abs=0 different=0/32768
  dx     rel_l2=0 max_abs=0 different=0/32768
  dw1    rel_l2=1.5333805e-05 max_abs=0.00048828125 different=1/32768
  dw2    rel_l2=0 max_abs=0 different=0/32768
  dw1.chunk rel_l2=0 max_abs=0 different=0/32768
  dw2.chunk rel_l2=0 max_abs=0 different=0/32768
production specialization after reset:
  post   rel_l2=0 max_abs=0 different=0/65536
  dpre   rel_l2=0 max_abs=0 different=0/65536
  post.T rel_l2=0 max_abs=0 different=0/65536
  dpre.T rel_l2=0 max_abs=0 different=0/65536
  y      rel_l2=0 max_abs=0 different=0/32768
  dx     rel_l2=0 max_abs=0 different=0/32768
  dw1    rel_l2=1.5333805e-05 max_abs=0.00048828125 different=1/32768
  dw2    rel_l2=0 max_abs=0 different=0/32768
shape M=8209 C=96 H=160 workers=7 seed=1337 zeros=0 gradient_chunk=4096
audit: every task executed once; gradient_tasks_before_all_roots=16
  post   rel_l2=0 max_abs=0 different=0/1313440
  dpre   rel_l2=0 max_abs=0 different=0/1313440
  post.T rel_l2=0 max_abs=0 different=0/1313440
  dpre.T rel_l2=0 max_abs=0 different=0/1313440
  y      rel_l2=0 max_abs=0 different=0/788064
  dx     rel_l2=0 max_abs=0 different=0/788064
  dw1    rel_l2=0 max_abs=0 different=0/15360
  dw2    rel_l2=0 max_abs=0 different=0/15360
  dw1.chunk rel_l2=0 max_abs=0 different=0/15360
  dw2.chunk rel_l2=0 max_abs=0 different=0/15360
production specialization after reset:
  post   rel_l2=0 max_abs=0 different=0/1313440
  dpre   rel_l2=0 max_abs=0 different=0/1313440
  post.T rel_l2=0 max_abs=0 different=0/1313440
  dpre.T rel_l2=0 max_abs=0 different=0/1313440
  y      rel_l2=0 max_abs=0 different=0/788064
  dx     rel_l2=0 max_abs=0 different=0/788064
  dw1    rel_l2=0 max_abs=0 different=0/15360
  dw2    rel_l2=0 max_abs=0 different=0/15360
shape M=8192 C=128 H=256 workers=7 seed=1337 zeros=0 gradient_chunk=4096
audit: every task executed once; gradient_tasks_before_all_roots=16
  post   rel_l2=0 max_abs=0 different=0/2097152
  dpre   rel_l2=0 max_abs=0 different=0/2097152
  post.T rel_l2=0 max_abs=0 different=0/2097152
  dpre.T rel_l2=0 max_abs=0 different=0/2097152
  y      rel_l2=0 max_abs=0 different=0/1048576
  dx     rel_l2=2.0881563e-08 max_abs=2.3841858e-07 different=2/1048576
  dw1    rel_l2=0 max_abs=0 different=0/32768
  dw2    rel_l2=0 max_abs=0 different=0/32768
  dw1.chunk rel_l2=0 max_abs=0 different=0/32768
  dw2.chunk rel_l2=0 max_abs=0 different=0/32768
production specialization after reset:
  post   rel_l2=0 max_abs=0 different=0/2097152
  dpre   rel_l2=0 max_abs=0 different=0/2097152
  post.T rel_l2=0 max_abs=0 different=0/2097152
  dpre.T rel_l2=0 max_abs=0 different=0/2097152
  y      rel_l2=0 max_abs=0 different=0/1048576
  dx     rel_l2=2.0881563e-08 max_abs=2.3841858e-07 different=2/1048576
  dw1    rel_l2=0 max_abs=0 different=0/32768
  dw2    rel_l2=0 max_abs=0 different=0/32768
PASS: FP8 six-GEMM MLP graph, all outputs and gradients; not full-model training.
========= ERROR SUMMARY: 0 errors
make: Leaving directory '/workspace/cuda'

Static SASS instruction counts for _ZN4nano10megakernelILb0ELb1ELb0ELb0EEEvNS_5GraphE: {'HMMA': 48, 'HGMMA': 0, 'LDGSTS': 28, 'LDL': 0, 'STL': 0}
Static SASS instruction counts for _ZN4nano10megakernelILb0ELb0ELb0ELb0EEEvNS_5GraphE: {'HMMA': 48, 'HGMMA': 0, 'LDGSTS': 28, 'LDL': 0, 'STL': 0}