sha256 df68ee4a8b3c58fb134cc3e01fbb764fda3a035e2e49ad12e7430c51dddb1303 Makefile
sha256 489a50ab144cd30e1e42d2029754c92de2ef09a2051f1a6034f9fe840fc8d2c2 anvil.cu
sha256 1dc9217e8b64c5b061aff94ec81e26279bf1a64c9d3cc8386cc97568adc41936 anvil.cuh
sha256 96d97e1fdc6596c83415a4d0ceff7138686ea3c1aecf1c99b8d8f28d38690409 anvil_graph.cuh
sha256 5a55ce388ca131f3fcac75df07010da61a2899a0889e3f04028c49b655639607 attention.cu
sha256 8c68a93307bfbd29b85a5f8f38a39a37e8bbb0bb89fb0282eebce7f9b74f0fca attention.cuh
sha256 5d182b599c3300cb3d01f882c10e3c3a598a5573b68c32053826c47e3d1ac63d attention_layer.cu
sha256 5e23df96de295a12c6770293bb3724e58ffee06f6310f0dbf43293c5c377ffac attention_layer.cuh
sha256 e43b134f524130c5fcc5b7ea3dfca072fed7dfcb72ff0957dbb0bd2e7d4f7733 attention_layer_reference.cuh
sha256 e8c9d493882f43781cb0cf48e1ae59a39c3d87f2901a33c07d3b52c30e092220 attention_post.cuh
sha256 7bae7cc6d4defc9026d5882b9e970dc184b2ff492d6735c7f67f40403dcfc239 attention_reference.cuh
sha256 a3be2ab6c64f030ca01f7d30c6a6bb7604b3bbe62257ba0aad9bb72bca232c76 bench.cuh
sha256 a1239425b438fa85c0628a25decee76f394162bc6c3aae2cfa03cc6e5fd1c3d9 bf16.cu
sha256 a221a6525b5565df618f066c3a4267b1702a9bef96f183e104e7974f0ecf7e3a bf16_gemm.cuh
sha256 d4b3c092f09347b8d6cefd89d84d64bc7bea040a24b64c0dd8614fbfe7c8b621 frontier.cuh
sha256 6c7816f88d3635a7a72d3db3eb5fb7b09dd04f5350db0b76e7769ec0b570e361 hopper.cuh
sha256 cc6af53d8c683653fe034a8f4b8e5068dbb6bb43e9d6815d22cc532e0107fb1f megakernel.cuh
sha256 650935fbe0799cec650ebe91331f83e58b23a3461c0a9df0f01a27a6dcebaec7 mlp_evaluation.cuh
sha256 abc976abdeaa14db113f1e1c880af4aa6b3399bb04b70e1f3718ac8abbc3d888 mlp_evaluation_check.cuh
sha256 e2597ab25c22b57f19b5ab28668ecd93a2b0a0dec4e70829152f7d17db6d1a64 model_evaluation.cuh
sha256 c1e5762e0e6d15ac97192d28063c02c9e6c0f0e1669fe3b1806dcc31bd920db8 model_evaluation_check.cuh
sha256 2cfe05bf690ca0783fddd52ff5337f292baff00fd328c5d851d55264aadddf36 qkv.cuh
sha256 cef57ceb07ba44e55effc962c75d7f96485a7f1b80a5555438c99016553708d9 quantize.cu
sha256 9075da55b9c101c83b3683c723f318808b2655b7b2b7219976b812520dc6deb2 routing.cu
sha256 ca484b3e8d99319779949171f011f533443b6cd387ad8d5459fdb676e072f33a routing.cuh
sha256 f2bff3dccf7c4d0f34cf0013fecc638bf73931d93eb069f5791551950ad2a43b tokenizer.cpp
sha256 6162af3343d30737858843abf1b3e930bee0e4af510aa75df73a810816d39da9 transport.cu
sha256 4c74b0dba9a3a754d4fff90f9cab402ed715067484f50079efdc703ddb8ef6fe validate.cu
$ nvidia-smi
Sat Sep 19 06:24:52 2026       
+-----------------------------------------------------------------------------------------+
| NVIDIA-SMI 580.95.05              Driver Version: 580.95.05      CUDA Version: 13.0     |
+-----------------------------------------+------------------------+----------------------+
| GPU  Name                 Persistence-M | Bus-Id          Disp.A | Volatile Uncorr. ECC |
| Fan  Temp   Perf          Pwr:Usage/Cap |           Memory-Usage | GPU-Util  Compute M. |
|                                         |                        |               MIG M. |
|=========================================+========================+======================|
|   0  NVIDIA H100 80GB HBM3          On  |   00000000:C7:00.0 Off |                    0 |
| N/A   32C    P0             72W /  700W |       4MiB /  81559MiB |      0%      Default |
|                                         |                        |             Disabled |
+-----------------------------------------+------------------------+----------------------+

+-----------------------------------------------------------------------------------------+
| Processes:                                                                              |
|  GPU   GI   CI              PID   Type   Process name                        GPU Memory |
|        ID   ID                                                               Usage      |
|=========================================================================================|
|  No running processes found                                                             |
+-----------------------------------------------------------------------------------------+

$ nvcc --version
nvcc: NVIDIA (R) Cuda compiler driver
Copyright (c) 2005-2025 NVIDIA Corporation
Built on Fri_Feb_21_20:23:50_PST_2025
Cuda compilation tools, release 12.8, V12.8.93
Build cuda_12.8.r12.8/compiler.35583870_0

$ make -C /workspace/cuda layer
make: Entering directory '/workspace/cuda'
nvcc -std=c++17 -O3 -arch=sm_90a -lineinfo -Xptxas=-v,-warn-spills -DNANO_TRANSPOSE_PAD=4 -DNANO_REUSE_QUANT=1 -DNANO_MIN_BLOCKS=4 -DNANO_ALIGNED=1 -DNANO_K_LOOP=1 -DNANO_FRONTIER=1 -DNANO_BF16_COALESCED=1 -DNANO_COOP_PUBLISH=1 attention_layer.cu -lcublas -o layer
ptxas warning : Registers are spilled to local memory in function '_ZN4nano10megakernelILb0ELb0ELb1ELb1ELb0ELb1ELb0EEEvNS_5GraphE', 4 bytes spill stores, 4 bytes spill loads
ptxas info    : 0 bytes gmem
ptxas info    : Compiling entry function '_ZN4nano10megakernelILb0ELb0ELb1ELb1ELb0ELb1ELb0EEEvNS_5GraphE' for 'sm_90a'
ptxas info    : Function properties for _ZN4nano10megakernelILb0ELb0ELb1ELb1ELb0ELb1ELb0EEEvNS_5GraphE
    8 bytes stack frame, 4 bytes spill stores, 4 bytes spill loads
ptxas info    : Used 128 registers, used 1 barriers, 8 bytes cumulative stack size, 32800 bytes smem
ptxas info    : Compile time = 898.934 ms
ptxas info    : Compiling entry function '_ZN4nano10megakernelILb0ELb0ELb1ELb1ELb1ELb1ELb0EEEvNS_5GraphE' for 'sm_90a'
ptxas info    : Function properties for _ZN4nano10megakernelILb0ELb0ELb1ELb1ELb1ELb1ELb0EEEvNS_5GraphE
    0 bytes stack frame, 0 bytes spill stores, 0 bytes spill loads
ptxas info    : Used 128 registers, used 1 barriers, 32800 bytes smem
ptxas info    : Compile time = 1024.119 ms
ptxas info    : Compiling entry function '_ZN4nano10megakernelILb1ELb0ELb1ELb1ELb1ELb1ELb0EEEvNS_5GraphE' for 'sm_90a'
ptxas info    : Function properties for _ZN4nano10megakernelILb1ELb0ELb1ELb1ELb1ELb1ELb0EEEvNS_5GraphE
    0 bytes stack frame, 0 bytes spill stores, 0 bytes spill loads
ptxas info    : Used 128 registers, used 1 barriers, 32800 bytes smem
ptxas info    : Compile time = 976.721 ms
ptxas info    : Compiling entry function '_Z12staged_layerILi4EEvN4nano5GraphEi' for 'sm_90a'
ptxas info    : Function properties for _Z12staged_layerILi4EEvN4nano5GraphEi
    0 bytes stack frame, 0 bytes spill stores, 0 bytes spill loads
ptxas info    : Used 126 registers, used 1 barriers, 32768 bytes smem
ptxas info    : Compile time = 737.056 ms
ptxas info    : Compiling entry function '_Z9post_onlyN4nano13AttentionPostENS_18AttentionPostStageE' for 'sm_90a'
ptxas info    : Function properties for _Z9post_onlyN4nano13AttentionPostENS_18AttentionPostStageE
    0 bytes stack frame, 0 bytes spill stores, 0 bytes spill loads
ptxas info    : Used 42 registers, used 0 barriers
ptxas info    : Compile time = 36.101 ms
ptxas info    : Compiling entry function '_Z12staged_layerILi1EEvN4nano5GraphEi' for 'sm_90a'
ptxas info    : Function properties for _Z12staged_layerILi1EEvN4nano5GraphEi
    0 bytes stack frame, 0 bytes spill stores, 0 bytes spill loads
ptxas info    : Used 165 registers, used 1 barriers, 32768 bytes smem
ptxas info    : Compile time = 733.614 ms
ptxas info    : Compiling entry function '_Z11reset_layerN4nano5GraphEi' for 'sm_90a'
ptxas info    : Function properties for _Z11reset_layerN4nano5GraphEi
    0 bytes stack frame, 0 bytes spill stores, 0 bytes spill loads
ptxas info    : Used 12 registers, used 0 barriers
ptxas info    : Compile time = 1.774 ms
make: Leaving directory '/workspace/cuda'

$ /workspace/cuda/layer
GPU[0]=NVIDIA H100 80GB HBM3 SMs=132 runtime=12080
LAYER CHECK reference_layer=0
LAYER step=0 grad_scale=0.00390625 qkv_gain=0.75 o_gain=0.875 extra_gain=1.125
LAYER FP8 projection/product rel_l2=1.95997252e-08 max_abs=1.1920929e-07
LAYER FP8 projection/product rel_l2=2.04752432e-08 max_abs=1.78813934e-07
LAYER FP8 projection/product rel_l2=3.9005578e-09 max_abs=5.96046448e-08
LAYER FP8 projection/product rel_l2=7.12811744e-08 max_abs=5.96046448e-08
LAYER BF16 projection/product rel_l2=7.66432854e-07 max_abs=1.43051147e-06
LAYER BF16 projection/product rel_l2=7.30200443e-07 max_abs=4.47034836e-07
LAYER BF16 projection/product rel_l2=3.5641326e-08 max_abs=5.96046448e-08
LAYER Q transform rel_l2=0 max_abs=0
LAYER K transform rel_l2=9.05934179e-11 max_abs=7.10133463e-09
LAYER V transform rel_l2=0 max_abs=0
LAYER attention Y rel_l2=7.04408041e-08 max_abs=1.07788632e-07
LAYER attention dQ rel_l2=1.46052786e-07 max_abs=2.68175559e-08
LAYER attention dK rel_l2=1.5345086e-07 max_abs=3.52583058e-08
LAYER attention dV rel_l2=1.15297899e-07 max_abs=8.42800131e-08
LAYER post Y rel_l2=0 max_abs=0
LAYER post finite difference rel_l2=2.46832064e-10 max_abs=1.59730007e-11
LAYER post dY rel_l2=0 max_abs=0
LAYER post dV side rel_l2=0 max_abs=0
LAYER post dAlpha rel_l2=0 max_abs=0
LAYER post dGate rel_l2=0 max_abs=0
LAYER QKV backward rel_l2=3.46992114e-08 max_abs=5.93591852e-08
LAYER gain gradients rel_l2=1.51436306e-07 max_abs=2.20090453e-07
LAYER PASS evaluation=0 tokens=16 qk=64 v=128 paired=1 xsa=0 gate=0 tasks=2415 gains=1.18879,1.17348,0.912707
LAYER step=1 grad_scale=0.0078125 qkv_gain=1.25 o_gain=0 extra_gain=0.875
LAYER FP8 projection/product rel_l2=1.80717422e-08 max_abs=1.78813934e-07
LAYER FP8 projection/product rel_l2=2.00476298e-08 max_abs=2.38418579e-07
LAYER FP8 projection/product rel_l2=0 max_abs=0
LAYER FP8 projection/product rel_l2=0 max_abs=0
LAYER BF16 projection/product rel_l2=0 max_abs=0
LAYER BF16 projection/product rel_l2=0 max_abs=0
LAYER BF16 projection/product rel_l2=3.57408016e-08 max_abs=1.1920929e-07
LAYER Q transform rel_l2=1.94649805e-07 max_abs=1.52587891e-05
LAYER K transform rel_l2=0 max_abs=0
LAYER V transform rel_l2=0 max_abs=0
LAYER attention Y rel_l2=6.31598085e-08 max_abs=1.88193891e-07
LAYER attention dQ rel_l2=0 max_abs=0
LAYER attention dK rel_l2=0 max_abs=0
LAYER attention dV rel_l2=0 max_abs=0
LAYER post Y rel_l2=0 max_abs=0
LAYER post finite difference rel_l2=0 max_abs=0
LAYER post dY rel_l2=0 max_abs=0
LAYER post dV side rel_l2=0 max_abs=0
LAYER post dAlpha rel_l2=0 max_abs=0
LAYER post dGate rel_l2=0 max_abs=0
LAYER QKV backward rel_l2=0 max_abs=0
LAYER gain gradients rel_l2=1.51157046e-07 max_abs=2.25142934e-07
LAYER PASS evaluation=0 tokens=16 qk=64 v=128 paired=1 xsa=0 gate=0 tasks=2415 gains=0,1.48946,0
LAYER step=2 grad_scale=0.00195312 qkv_gain=0 o_gain=-0.5 extra_gain=1.5
LAYER FP8 projection/product rel_l2=0 max_abs=0
LAYER FP8 projection/product rel_l2=0 max_abs=0
LAYER FP8 projection/product rel_l2=3.08989997e-09 max_abs=2.98023224e-08
LAYER FP8 projection/product rel_l2=0 max_abs=0
LAYER BF16 projection/product rel_l2=0 max_abs=0
LAYER BF16 projection/product rel_l2=6.96298909e-07 max_abs=2.83122063e-07
LAYER BF16 projection/product rel_l2=0 max_abs=0
LAYER Q transform rel_l2=0 max_abs=0
LAYER K transform rel_l2=0 max_abs=0
LAYER V transform rel_l2=0 max_abs=0
LAYER attention Y rel_l2=0 max_abs=0
LAYER attention dQ rel_l2=0 max_abs=0
LAYER attention dK rel_l2=0 max_abs=0
LAYER attention dV rel_l2=7.05140932e-08 max_abs=4.27841466e-08
LAYER post Y rel_l2=0 max_abs=0
LAYER post finite difference rel_l2=0 max_abs=0
LAYER post dY rel_l2=0 max_abs=0
LAYER post dV side rel_l2=0 max_abs=0
LAYER post dAlpha rel_l2=0 max_abs=0
LAYER post dGate rel_l2=0 max_abs=0
LAYER QKV backward rel_l2=0 max_abs=0
LAYER gain gradients rel_l2=9.244315e-07 max_abs=6.4684923e-07
LAYER PASS evaluation=0 tokens=16 qk=64 v=128 paired=1 xsa=0 gate=0 tasks=2415 gains=-0.699726,0,-0
LAYER CHECK reference_layer=1
LAYER step=0 grad_scale=0.00390625 qkv_gain=0.75 o_gain=0.875 extra_gain=1.125
LAYER FP8 projection/product rel_l2=3.50377165e-08 max_abs=1.78813934e-07
LAYER FP8 projection/product rel_l2=7.8388928e-09 max_abs=1.1920929e-07
LAYER FP8 projection/product rel_l2=5.43573835e-08 max_abs=5.96046448e-08
LAYER BF16 projection/product rel_l2=3.65332762e-07 max_abs=8.34465027e-07
LAYER BF16 projection/product rel_l2=7.2872947e-07 max_abs=4.76837158e-07
LAYER BF16 projection/product rel_l2=1.16246681e-07 max_abs=3.57627869e-07
LAYER Q transform rel_l2=0 max_abs=0
LAYER K transform rel_l2=4.35245593e-08 max_abs=7.62939453e-06
LAYER V transform rel_l2=0 max_abs=0
LAYER attention Y rel_l2=9.19356184e-08 max_abs=2.90415083e-07
LAYER attention dQ rel_l2=1.59643964e-07 max_abs=4.34072163e-08
LAYER attention dK rel_l2=1.78119669e-07 max_abs=4.03273816e-08
LAYER attention dV rel_l2=1.52478476e-07 max_abs=1.12573146e-07
LAYER post Y rel_l2=2.84683329e-08 max_abs=1.03651572e-07
LAYER post finite difference rel_l2=5.62671761e-08 max_abs=5.0572145e-09
LAYER post dY rel_l2=2.55341341e-08 max_abs=1.6043388e-08
LAYER post dV side rel_l2=7.76309995e-08 max_abs=2.69782699e-08
LAYER post dAlpha rel_l2=9.21731294e-08 max_abs=9.39028747e-08
LAYER post dGate rel_l2=0 max_abs=0
LAYER QKV backward rel_l2=4.35108466e-08 max_abs=9.31553853e-08
LAYER gain gradients rel_l2=5.58743323e-08 max_abs=4.2521242e-07
LAYER PASS evaluation=0 tokens=80 qk=64 v=64 paired=0 xsa=1 gate=0 tasks=2499 gains=1.50645,6.10158,4.74567
LAYER step=1 grad_scale=0.0078125 qkv_gain=1.25 o_gain=0 extra_gain=0.875
LAYER FP8 projection/product rel_l2=3.36245264e-08 max_abs=3.57627869e-07
LAYER FP8 projection/product rel_l2=0 max_abs=0
LAYER FP8 projection/product rel_l2=0 max_abs=0
LAYER BF16 projection/product rel_l2=0 max_abs=0
LAYER BF16 projection/product rel_l2=0 max_abs=0
LAYER BF16 projection/product rel_l2=1.17099083e-07 max_abs=4.76837158e-07
LAYER Q transform rel_l2=0 max_abs=0
LAYER K transform rel_l2=0 max_abs=0
LAYER V transform rel_l2=0 max_abs=0
LAYER attention Y rel_l2=9.50864268e-08 max_abs=3.17127291e-07
LAYER attention dQ rel_l2=0 max_abs=0
LAYER attention dK rel_l2=0 max_abs=0
LAYER attention dV rel_l2=0 max_abs=0
LAYER post Y rel_l2=2.93118752e-08 max_abs=1.66041965e-07
LAYER post finite difference rel_l2=0 max_abs=0
LAYER post dY rel_l2=0 max_abs=0
LAYER post dV side rel_l2=0 max_abs=0
LAYER post dAlpha rel_l2=0 max_abs=0
LAYER post dGate rel_l2=0 max_abs=0
LAYER QKV backward rel_l2=0 max_abs=0
LAYER gain gradients rel_l2=1.37526438e-07 max_abs=7.4694497e-07
LAYER PASS evaluation=0 tokens=80 qk=64 v=64 paired=0 xsa=1 gate=0 tasks=2499 gains=0,5.43128,0
LAYER step=2 grad_scale=0.00195312 qkv_gain=0 o_gain=-0.5 extra_gain=1.5
LAYER FP8 projection/product rel_l2=0 max_abs=0
LAYER FP8 projection/product rel_l2=6.96046273e-09 max_abs=5.96046448e-08
LAYER FP8 projection/product rel_l2=0 max_abs=0
LAYER BF16 projection/product rel_l2=3.60353579e-07 max_abs=4.76837158e-07
LAYER BF16 projection/product rel_l2=6.93388255e-07 max_abs=3.87430191e-07
LAYER BF16 projection/product rel_l2=1.18387813e-07 max_abs=2.98023224e-07
LAYER Q transform rel_l2=0 max_abs=0
LAYER K transform rel_l2=0 max_abs=0
LAYER V transform rel_l2=0 max_abs=0
LAYER attention Y rel_l2=1.71338264e-08 max_abs=2.64909532e-08
LAYER attention dQ rel_l2=0 max_abs=0
LAYER attention dK rel_l2=0 max_abs=0
LAYER attention dV rel_l2=1.07680383e-07 max_abs=8.55694409e-08
LAYER post Y rel_l2=2.95364934e-08 max_abs=6.5532169e-08
LAYER post finite difference rel_l2=7.45278173e-08 max_abs=6.39860397e-09
LAYER post dY rel_l2=2.56656427e-08 max_abs=1.623576e-08
LAYER post dV side rel_l2=7.77842075e-08 max_abs=1.3649372e-08
LAYER post dAlpha rel_l2=7.30367812e-08 max_abs=3.67762823e-08
LAYER post dGate rel_l2=0 max_abs=0
LAYER QKV backward rel_l2=0 max_abs=0
LAYER gain gradients rel_l2=1.88080407e-08 max_abs=7.90304924e-08
LAYER PASS evaluation=0 tokens=80 qk=64 v=64 paired=0 xsa=1 gate=0 tasks=2499 gains=-0.935539,5.53436,-1.84479
LAYER CHECK reference_layer=2
LAYER step=0 grad_scale=0.00390625 qkv_gain=0.75 o_gain=0.875 extra_gain=1.125
LAYER FP8 projection/product rel_l2=3.1730639e-08 max_abs=2.38418579e-07
LAYER FP8 projection/product rel_l2=3.34623631e-08 max_abs=2.38418579e-07
LAYER FP8 projection/product rel_l2=6.33514308e-09 max_abs=5.96046448e-08
LAYER FP8 projection/product rel_l2=7.09053124e-08 max_abs=8.94069672e-08
LAYER BF16 projection/product rel_l2=7.4705293e-07 max_abs=1.66893005e-06
LAYER BF16 projection/product rel_l2=7.27824221e-07 max_abs=3.87430191e-07
LAYER BF16 projection/product rel_l2=5.70808966e-08 max_abs=1.78813934e-07
LAYER Q transform rel_l2=0 max_abs=0
LAYER K transform rel_l2=0 max_abs=0
LAYER V transform rel_l2=0 max_abs=0
LAYER attention Y rel_l2=8.89268062e-08 max_abs=2.2145326e-07
LAYER attention dQ rel_l2=1.58155333e-07 max_abs=4.17302575e-08
LAYER attention dK rel_l2=1.74671502e-07 max_abs=7.26893417e-08
LAYER attention dV rel_l2=1.40849155e-07 max_abs=1.08551039e-07
LAYER post Y rel_l2=0 max_abs=0
LAYER post finite difference rel_l2=1.71272211e-10 max_abs=2.93027824e-11
LAYER post dY rel_l2=0 max_abs=0
LAYER post dV side rel_l2=0 max_abs=0
LAYER post dAlpha rel_l2=0 max_abs=0
LAYER post dGate rel_l2=0 max_abs=0
LAYER QKV backward rel_l2=4.30403778e-08 max_abs=4.83995836e-08
LAYER gain gradients rel_l2=5.61291217e-08 max_abs=4.68672049e-07
LAYER PASS evaluation=0 tokens=32 qk=64 v=128 paired=1 xsa=0 gate=0 tasks=2607 gains=0.925956,-7.49602,-5.83024
LAYER step=1 grad_scale=0.0078125 qkv_gain=1.25 o_gain=0 extra_gain=0.875
LAYER FP8 projection/product rel_l2=3.08543526e-08 max_abs=2.38418579e-07
LAYER FP8 projection/product rel_l2=3.22285998e-08 max_abs=2.38418579e-07
LAYER FP8 projection/product rel_l2=0 max_abs=0
LAYER FP8 projection/product rel_l2=0 max_abs=0
LAYER BF16 projection/product rel_l2=0 max_abs=0
LAYER BF16 projection/product rel_l2=0 max_abs=0
LAYER BF16 projection/product rel_l2=5.73781154e-08 max_abs=1.78813934e-07
LAYER Q transform rel_l2=0 max_abs=0
LAYER K transform rel_l2=0 max_abs=0
LAYER V transform rel_l2=0 max_abs=0
LAYER attention Y rel_l2=8.54259625e-08 max_abs=3.07167384e-07
LAYER attention dQ rel_l2=0 max_abs=0
LAYER attention dK rel_l2=0 max_abs=0
LAYER attention dV rel_l2=0 max_abs=0
LAYER post Y rel_l2=0 max_abs=0
LAYER post finite difference rel_l2=0 max_abs=0
LAYER post dY rel_l2=0 max_abs=0
LAYER post dV side rel_l2=0 max_abs=0
LAYER post dAlpha rel_l2=0 max_abs=0
LAYER post dGate rel_l2=0 max_abs=0
LAYER QKV backward rel_l2=0 max_abs=0
LAYER gain gradients rel_l2=2.20469986e-07 max_abs=1.18481503e-06
LAYER PASS evaluation=0 tokens=32 qk=64 v=128 paired=1 xsa=0 gate=0 tasks=2607 gains=0,-5.37404,-0
LAYER step=2 grad_scale=0.00195312 qkv_gain=0 o_gain=-0.5 extra_gain=1.5
LAYER FP8 projection/product rel_l2=0 max_abs=0
LAYER FP8 projection/product rel_l2=0 max_abs=0
LAYER FP8 projection/product rel_l2=6.539667e-09 max_abs=2.98023224e-08
LAYER FP8 projection/product rel_l2=0 max_abs=0
LAYER BF16 projection/product rel_l2=6.77155276e-07 max_abs=8.34465027e-07
LAYER BF16 projection/product rel_l2=6.94364714e-07 max_abs=2.98023224e-07
LAYER BF16 projection/product rel_l2=5.68507447e-08 max_abs=1.1920929e-07
LAYER Q transform rel_l2=0 max_abs=0
LAYER K transform rel_l2=0 max_abs=0
LAYER V transform rel_l2=0 max_abs=0
LAYER attention Y rel_l2=1.69481163e-08 max_abs=2.64909532e-08
LAYER attention dQ rel_l2=0 max_abs=0
LAYER attention dK rel_l2=0 max_abs=0
LAYER attention dV rel_l2=1.01008134e-07 max_abs=5.55708211e-08
LAYER post Y rel_l2=0 max_abs=0
LAYER post finite difference rel_l2=1.72712644e-10 max_abs=2.69082534e-11
LAYER post dY rel_l2=0 max_abs=0
LAYER post dV side rel_l2=0 max_abs=0
LAYER post dAlpha rel_l2=0 max_abs=0
LAYER post dGate rel_l2=0 max_abs=0
LAYER QKV backward rel_l2=0 max_abs=0
LAYER gain gradients rel_l2=2.40356398e-08 max_abs=1.34513286e-07
LAYER PASS evaluation=0 tokens=32 qk=64 v=128 paired=1 xsa=0 gate=0 tasks=2607 gains=-1.13187,-6.09522,2.03174
LAYER CHECK reference_layer=3
LAYER step=0 grad_scale=0.00390625 qkv_gain=0.75 o_gain=0.875 extra_gain=1.125
LAYER FP8 projection/product rel_l2=3.44855726e-08 max_abs=1.78813934e-07
LAYER FP8 projection/product rel_l2=7.68927791e-09 max_abs=2.98023224e-08
LAYER FP8 projection/product rel_l2=8.4791764e-08 max_abs=4.47034836e-08
LAYER BF16 projection/product rel_l2=7.90070998e-07 max_abs=4.47034836e-07
LAYER BF16 projection/product rel_l2=7.31660526e-07 max_abs=4.76837158e-07
LAYER BF16 projection/product rel_l2=7.14184195e-08 max_abs=5.96046448e-08
LAYER Q transform rel_l2=8.46468544e-11 max_abs=1.32713467e-08
LAYER K transform rel_l2=0 max_abs=0
LAYER V transform rel_l2=0 max_abs=0
LAYER attention Y rel_l2=7.04930939e-08 max_abs=9.85256088e-08
LAYER attention dQ rel_l2=1.4183452e-07 max_abs=1.06731073e-08
LAYER attention dK rel_l2=1.44199964e-07 max_abs=9.73723655e-09
LAYER attention dV rel_l2=1.15477724e-07 max_abs=4.55080434e-08
LAYER post Y rel_l2=3.75503518e-08 max_abs=3.97920753e-08
LAYER post finite difference rel_l2=2.40111133e-08 max_abs=2.81525747e-09
LAYER post dY rel_l2=2.50549033e-08 max_abs=1.42680749e-08
LAYER post dV side rel_l2=8.71431962e-08 max_abs=7.30233741e-09
LAYER post dAlpha rel_l2=1.07187062e-07 max_abs=5.747419e-08
LAYER post dGate rel_l2=8.29500094e-08 max_abs=1.39297132e-07
LAYER QKV backward rel_l2=3.34753474e-08 max_abs=1.66217661e-08
LAYER gain gradients rel_l2=3.80355821e-07 max_abs=2.59474684e-07
LAYER PASS evaluation=0 tokens=32 qk=128 v=128 paired=0 xsa=1 gate=1 tasks=3339 gains=0.624809,0.50094,0.38962
LAYER step=1 grad_scale=0.0078125 qkv_gain=1.25 o_gain=0 extra_gain=0.875
LAYER FP8 projection/product rel_l2=3.38515872e-08 max_abs=3.57627869e-07
LAYER FP8 projection/product rel_l2=0 max_abs=0
LAYER FP8 projection/product rel_l2=0 max_abs=0
LAYER BF16 projection/product rel_l2=0 max_abs=0
LAYER BF16 projection/product rel_l2=0 max_abs=0
LAYER BF16 projection/product rel_l2=7.14467363e-08 max_abs=1.1920929e-07
LAYER Q transform rel_l2=0 max_abs=0
LAYER K transform rel_l2=0 max_abs=0
LAYER V transform rel_l2=0 max_abs=0
LAYER attention Y rel_l2=6.95203761e-08 max_abs=2.81447295e-07
LAYER attention dQ rel_l2=0 max_abs=0
LAYER attention dK rel_l2=0 max_abs=0
LAYER attention dV rel_l2=0 max_abs=0
LAYER post Y rel_l2=3.75460785e-08 max_abs=6.35466892e-08
LAYER post finite difference rel_l2=0 max_abs=0
LAYER post dY rel_l2=0 max_abs=0
LAYER post dV side rel_l2=0 max_abs=0
LAYER post dAlpha rel_l2=0 max_abs=0
LAYER post dGate rel_l2=0 max_abs=0
LAYER QKV backward rel_l2=0 max_abs=0
LAYER gain gradients rel_l2=1.32584191e-07 max_abs=8.62470007e-08
LAYER PASS evaluation=0 tokens=32 qk=128 v=128 paired=0 xsa=1 gate=1 tasks=3339 gains=0,0.650508,0
LAYER step=2 grad_scale=0.00195312 qkv_gain=0 o_gain=-0.5 extra_gain=1.5
LAYER FP8 projection/product rel_l2=0 max_abs=0
LAYER FP8 projection/product rel_l2=6.77539435e-09 max_abs=2.98023224e-08
LAYER FP8 projection/product rel_l2=0 max_abs=0
LAYER BF16 projection/product rel_l2=0 max_abs=0
LAYER BF16 projection/product rel_l2=6.93424098e-07 max_abs=3.27825546e-07
LAYER BF16 projection/product rel_l2=0 max_abs=0
LAYER Q transform rel_l2=0 max_abs=0
LAYER K transform rel_l2=0 max_abs=0
LAYER V transform rel_l2=0 max_abs=0
LAYER attention Y rel_l2=0 max_abs=0
LAYER attention dQ rel_l2=0 max_abs=0
LAYER attention dK rel_l2=0 max_abs=0
LAYER attention dV rel_l2=6.8727501e-08 max_abs=1.54058059e-08
LAYER post Y rel_l2=0 max_abs=0
LAYER post finite difference rel_l2=0 max_abs=0
LAYER post dY rel_l2=0 max_abs=0
LAYER post dV side rel_l2=0 max_abs=0
LAYER post dAlpha rel_l2=0 max_abs=0
LAYER post dGate rel_l2=0 max_abs=0
LAYER QKV backward rel_l2=0 max_abs=0
LAYER gain gradients rel_l2=9.69739694e-08 max_abs=5.73719277e-08
LAYER PASS evaluation=0 tokens=32 qk=128 v=128 paired=0 xsa=1 gate=1 tasks=3339 gains=-0.591622,0,-0
LAYER CHECK reference_layer=8
LAYER step=0 grad_scale=0.00390625 qkv_gain=0.75 o_gain=0.875 extra_gain=1.125
LAYER FP8 projection/product rel_l2=3.4093446e-08 max_abs=2.38418579e-07
LAYER FP8 projection/product rel_l2=4.66078926e-09 max_abs=5.96046448e-08
LAYER FP8 projection/product rel_l2=5.5068975e-08 max_abs=5.96046448e-08
LAYER BF16 projection/product rel_l2=3.21560126e-07 max_abs=5.36441803e-07
LAYER BF16 projection/product rel_l2=7.27792098e-07 max_abs=4.17232513e-07
LAYER BF16 projection/product rel_l2=3.33857885e-08 max_abs=1.1920929e-07
LAYER Q transform rel_l2=0 max_abs=0
LAYER K transform rel_l2=0 max_abs=0
LAYER V transform rel_l2=0 max_abs=0
LAYER attention Y rel_l2=5.55301303e-08 max_abs=1.96094485e-07
LAYER attention dQ rel_l2=1.73279382e-07 max_abs=4.61462371e-08
LAYER attention dK rel_l2=1.70234507e-07 max_abs=3.95190713e-08
LAYER attention dV rel_l2=8.26797795e-08 max_abs=6.38305552e-08
LAYER post Y rel_l2=0 max_abs=0
LAYER post finite difference rel_l2=1.11374605e-10 max_abs=3.19460014e-11
LAYER post dY rel_l2=0 max_abs=0
LAYER post dV side rel_l2=0 max_abs=0
LAYER post dAlpha rel_l2=0 max_abs=0
LAYER post dGate rel_l2=0 max_abs=0
LAYER QKV backward rel_l2=3.82064594e-08 max_abs=6.28423699e-08
LAYER gain gradients rel_l2=6.6678004e-08 max_abs=4.21409737e-07
LAYER PASS evaluation=0 tokens=16 qk=64 v=64 paired=0 xsa=0 gate=0 tasks=1683 gains=3.58236,6.49086,5.04844
LAYER step=1 grad_scale=0.0078125 qkv_gain=1.25 o_gain=0 extra_gain=0.875
LAYER FP8 projection/product rel_l2=3.28008155e-08 max_abs=2.38418579e-07
LAYER FP8 projection/product rel_l2=0 max_abs=0
LAYER FP8 projection/product rel_l2=0 max_abs=0
LAYER BF16 projection/product rel_l2=0 max_abs=0
LAYER BF16 projection/product rel_l2=0 max_abs=0
LAYER BF16 projection/product rel_l2=3.42301646e-08 max_abs=1.1920929e-07
LAYER Q transform rel_l2=0 max_abs=0
LAYER K transform rel_l2=0 max_abs=0
LAYER V transform rel_l2=0 max_abs=0
LAYER attention Y rel_l2=5.33186679e-08 max_abs=1.87166043e-07
LAYER attention dQ rel_l2=0 max_abs=0
LAYER attention dK rel_l2=0 max_abs=0
LAYER attention dV rel_l2=0 max_abs=0
LAYER post Y rel_l2=0 max_abs=0
LAYER post finite difference rel_l2=0 max_abs=0
LAYER post dY rel_l2=0 max_abs=0
LAYER post dV side rel_l2=0 max_abs=0
LAYER post dAlpha rel_l2=0 max_abs=0
LAYER post dGate rel_l2=0 max_abs=0
LAYER QKV backward rel_l2=0 max_abs=0
LAYER gain gradients rel_l2=1.26701479e-08 max_abs=8.42199199e-08
LAYER PASS evaluation=0 tokens=16 qk=64 v=64 paired=0 xsa=0 gate=0 tasks=1683 gains=0,6.64711,0
LAYER step=2 grad_scale=0.00195312 qkv_gain=0 o_gain=-0.5 extra_gain=1.5
LAYER FP8 projection/product rel_l2=0 max_abs=0
LAYER FP8 projection/product rel_l2=3.06923426e-09 max_abs=2.98023224e-08
LAYER FP8 projection/product rel_l2=0 max_abs=0
LAYER BF16 projection/product rel_l2=3.12072295e-07 max_abs=3.57627869e-07
LAYER BF16 projection/product rel_l2=6.94432858e-07 max_abs=2.98023224e-07
LAYER BF16 projection/product rel_l2=3.11551125e-08 max_abs=5.96046448e-08
LAYER Q transform rel_l2=0 max_abs=0
LAYER K transform rel_l2=0 max_abs=0
LAYER V transform rel_l2=0 max_abs=0
LAYER attention Y rel_l2=1.14819762e-08 max_abs=1.9868215e-08
LAYER attention dQ rel_l2=0 max_abs=0
LAYER attention dK rel_l2=0 max_abs=0
LAYER attention dV rel_l2=4.88203435e-08 max_abs=3.46274603e-08
LAYER post Y rel_l2=0 max_abs=0
LAYER post finite difference rel_l2=7.254109e-11 max_abs=1.61328728e-11
LAYER post dY rel_l2=0 max_abs=0
LAYER post dV side rel_l2=0 max_abs=0
LAYER post dAlpha rel_l2=0 max_abs=0
LAYER post dGate rel_l2=0 max_abs=0
LAYER QKV backward rel_l2=0 max_abs=0
LAYER gain gradients rel_l2=8.01749389e-08 max_abs=4.17821667e-07
LAYER PASS evaluation=0 tokens=16 qk=64 v=64 paired=0 xsa=0 gate=0 tasks=1683 gains=-3.23335,6.25968,-2.08656
LAYER CHECK reference_layer=10
LAYER step=0 grad_scale=0.00390625 qkv_gain=0.75 o_gain=0.875 extra_gain=1
LAYER FP8 projection/product rel_l2=3.44855726e-08 max_abs=1.78813934e-07
LAYER FP8 projection/product rel_l2=8.89162368e-09 max_abs=2.98023224e-08
LAYER FP8 projection/product rel_l2=9.59845734e-08 max_abs=4.47034836e-08
LAYER BF16 projection/product rel_l2=7.9053973e-07 max_abs=7.15255737e-07
LAYER BF16 projection/product rel_l2=7.12154963e-07 max_abs=4.17232513e-07
LAYER BF16 projection/product rel_l2=7.13098247e-08 max_abs=8.94069672e-08
LAYER Q transform rel_l2=8.46468544e-11 max_abs=1.32713467e-08
LAYER K transform rel_l2=0 max_abs=0
LAYER V transform rel_l2=0 max_abs=0
LAYER attention Y rel_l2=6.99414694e-08 max_abs=1.84638636e-07
LAYER attention dQ rel_l2=1.43293548e-07 max_abs=1.55471922e-08
LAYER attention dK rel_l2=1.46968101e-07 max_abs=1.4802016e-08
LAYER attention dV rel_l2=1.14510188e-07 max_abs=4.91894539e-08
LAYER post Y rel_l2=0 max_abs=0
LAYER post finite difference rel_l2=4.50622364e-11 max_abs=3.54560825e-12
LAYER post dY rel_l2=0 max_abs=0
LAYER post dV side rel_l2=0 max_abs=0
LAYER post dAlpha rel_l2=0 max_abs=0
LAYER post dGate rel_l2=4.3336817e-08 max_abs=5.58793545e-08
LAYER QKV backward rel_l2=4.60634374e-08 max_abs=5.44161991e-08
LAYER gain gradients rel_l2=4.01388254e-07 max_abs=3.76924078e-07
LAYER PASS evaluation=0 tokens=32 qk=128 v=128 paired=0 xsa=0 gate=1 tasks=3339 gains=0.893207,0.615449,0.538518
LAYER step=1 grad_scale=0.0078125 qkv_gain=1.25 o_gain=0 extra_gain=1
LAYER FP8 projection/product rel_l2=3.38515872e-08 max_abs=3.57627869e-07
LAYER FP8 projection/product rel_l2=0 max_abs=0
LAYER FP8 projection/product rel_l2=0 max_abs=0
LAYER BF16 projection/product rel_l2=0 max_abs=0
LAYER BF16 projection/product rel_l2=0 max_abs=0
LAYER BF16 projection/product rel_l2=7.17960055e-08 max_abs=1.1920929e-07
LAYER Q transform rel_l2=0 max_abs=0
LAYER K transform rel_l2=0 max_abs=0
LAYER V transform rel_l2=0 max_abs=0
LAYER attention Y rel_l2=6.81619352e-08 max_abs=3.96143801e-07
LAYER attention dQ rel_l2=0 max_abs=0
LAYER attention dK rel_l2=0 max_abs=0
LAYER attention dV rel_l2=0 max_abs=0
LAYER post Y rel_l2=0 max_abs=0
LAYER post finite difference rel_l2=0 max_abs=0
LAYER post dY rel_l2=0 max_abs=0
LAYER post dV side rel_l2=0 max_abs=0
LAYER post dAlpha rel_l2=0 max_abs=0
LAYER post dGate rel_l2=0 max_abs=0
LAYER QKV backward rel_l2=0 max_abs=0
LAYER gain gradients rel_l2=2.88040133e-07 max_abs=3.11395013e-07
LAYER PASS evaluation=0 tokens=32 qk=128 v=128 paired=0 xsa=0 gate=1 tasks=3339 gains=0,1.08108,0
LAYER step=2 grad_scale=0.00195312 qkv_gain=0 o_gain=-0.5 extra_gain=1
LAYER FP8 projection/product rel_l2=0 max_abs=0
LAYER FP8 projection/product rel_l2=6.51708377e-09 max_abs=1.49011612e-08
LAYER FP8 projection/product rel_l2=0 max_abs=0
LAYER BF16 projection/product rel_l2=7.86423841e-07 max_abs=2.68220901e-07
LAYER BF16 projection/product rel_l2=7.34886203e-07 max_abs=2.08616257e-07
LAYER BF16 projection/product rel_l2=7.20205365e-08 max_abs=8.94069672e-08
LAYER Q transform rel_l2=0 max_abs=0
LAYER K transform rel_l2=0 max_abs=0
LAYER V transform rel_l2=0 max_abs=0
LAYER attention Y rel_l2=1.45899384e-08 max_abs=2.38418579e-08
LAYER attention dQ rel_l2=0 max_abs=0
LAYER attention dK rel_l2=0 max_abs=0
LAYER attention dV rel_l2=6.87234124e-08 max_abs=1.04588487e-08
LAYER post Y rel_l2=0 max_abs=0
LAYER post finite difference rel_l2=4.38283655e-11 max_abs=5.43121104e-12
LAYER post dY rel_l2=0 max_abs=0
LAYER post dV side rel_l2=0 max_abs=0
LAYER post dAlpha rel_l2=0 max_abs=0
LAYER post dGate rel_l2=4.30669071e-08 max_abs=2.88709998e-08
LAYER QKV backward rel_l2=0 max_abs=0
LAYER gain gradients rel_l2=8.66494774e-07 max_abs=2.88671192e-07
LAYER PASS evaluation=0 tokens=32 qk=128 v=128 paired=0 xsa=0 gate=1 tasks=3339 gains=-0.372149,0.0478737,-0.0239369
LAYER post floor output rel_l2=0 max_abs=0
LAYER post floor dy rel_l2=0 max_abs=0
LAYER post floor dv rel_l2=0 max_abs=0
LAYER post floor alpha rel_l2=0 max_abs=0
LAYER post floor gate rel_l2=3.60833166e-08 max_abs=3.91155481e-08
LAYER post finite difference rel_l2=1.85895639e-10 max_abs=8.0913054e-12
POST FLOOR PASS width=64 magnitude=0
LAYER post floor output rel_l2=2.99250672e-08 max_abs=1.01800282e-07
LAYER post floor dy rel_l2=2.36107418e-08 max_abs=1.48746096e-08
LAYER post floor dv rel_l2=6.56801412e-08 max_abs=5.58414104e-06
LAYER post floor alpha rel_l2=8.63144635e-08 max_abs=2.8718971e-12
LAYER post floor gate rel_l2=7.29149566e-08 max_abs=6.45066693e-08
LAYER post finite difference rel_l2=5.78648031e-10 max_abs=4.29604707e-09
POST FLOOR PASS width=64 magnitude=1e-07
LAYER post floor output rel_l2=3.06891589e-08 max_abs=1.0314935e-07
LAYER post floor dy rel_l2=2.2906938e-08 max_abs=1.61864218e-08
LAYER post floor dv rel_l2=6.63425532e-08 max_abs=1.96870355e-05
LAYER post floor alpha rel_l2=7.96221705e-08 max_abs=1.15766821e-08
LAYER post floor gate rel_l2=7.02039541e-08 max_abs=8.38237441e-08
LAYER post finite difference rel_l2=7.75261111e-11 max_abs=2.43123299e-09
POST FLOOR PASS width=64 magnitude=0.0001
LAYER post floor output rel_l2=0 max_abs=0
LAYER post floor dy rel_l2=0 max_abs=0
LAYER post floor dv rel_l2=0 max_abs=0
LAYER post floor alpha rel_l2=0 max_abs=0
LAYER post floor gate rel_l2=5.05347909e-08 max_abs=4.84287739e-08
LAYER post finite difference rel_l2=3.58788573e-10 max_abs=2.40873987e-11
POST FLOOR PASS width=128 magnitude=0
LAYER post floor output rel_l2=3.0019841e-08 max_abs=1.25901957e-07
LAYER post floor dy rel_l2=2.29663259e-08 max_abs=1.45209163e-08
LAYER post floor dv rel_l2=6.62622887e-08 max_abs=6.89125616e-06
LAYER post floor alpha rel_l2=1.19717018e-07 max_abs=4.51562212e-12
LAYER post floor gate rel_l2=8.65931681e-08 max_abs=8.69950587e-08
LAYER post finite difference rel_l2=5.6660528e-10 max_abs=4.32228831e-09
POST FLOOR PASS width=128 magnitude=1e-07
LAYER post floor output rel_l2=3.05602996e-08 max_abs=1.24438105e-07
LAYER post floor dy rel_l2=2.3655224e-08 max_abs=1.52673232e-08
LAYER post floor dv rel_l2=6.47493137e-08 max_abs=1.58353694e-05
LAYER post floor alpha rel_l2=1.00940448e-07 max_abs=8.26714971e-09
LAYER post floor gate rel_l2=9.33086573e-08 max_abs=8.99286673e-08
LAYER post finite difference rel_l2=2.25150734e-10 max_abs=4.58210181e-09
POST FLOOR PASS width=128 magnitude=0.0001
PASS: connected attention layer, independent stage references and exact replay
LAYER BENCH role=2 evaluation=0 tokens=16384 qk=64 v=128 paired=1 window=128 documents=19 workers=528 tasks=214131 stages=15
LAYER training bitwise replay PASS; caches supplied externally, setup and queue reset timed
LAYER separate stages median_ms=17.663248 samples_ms= 17.719488 17.725920 17.737152 17.736929 17.589216 17.605568 17.615969 17.601313 17.628096 17.698400
LAYER CUDA Graph median_ms=17.606576 samples_ms= 17.611073 17.580000 17.603329 17.589664 17.581312 17.609823 17.626017 17.571199 17.623232 17.613216
LAYER CUDA Graph four-block occupancy median_ms=14.963392 samples_ms= 14.951392 14.968032 14.982688 14.963648 14.947520 14.966496 14.967584 14.946208 14.952832 14.963136
LAYER persistent+reset workers=132 median_ms=50.690319 samples_ms= 50.730370 50.681919 50.666401 50.742527 50.703297 50.670338 50.698719 50.638206 50.646465 50.702976
LAYER persistent+reset workers=264 median_ms=25.720257 samples_ms= 25.694656 25.724705 25.704128 25.764671 25.701344 25.739519 25.715809 25.709761 25.726912 25.761057
LAYER persistent+reset workers=528 median_ms=16.368977 samples_ms= 16.372929 16.361856 16.392351 16.362881 16.359455 16.363935 16.365025 16.403233 16.388161 16.384735
LAYER BENCH role=1 evaluation=0 tokens=16384 qk=64 v=64 paired=0 window=128 documents=19 workers=528 tasks=210339 stages=15
LAYER training bitwise replay PASS; caches supplied externally, setup and queue reset timed
LAYER separate stages median_ms=16.033665 samples_ms= 16.176512 16.127008 16.118689 16.009567 15.972064 16.046721 16.073503 16.020609 15.972480 16.003040
LAYER CUDA Graph median_ms=15.989232 samples_ms= 15.941248 15.982688 15.989152 16.032160 15.952352 16.031391 15.999072 16.033119 15.979392 15.989312
LAYER CUDA Graph four-block occupancy median_ms=13.569648 samples_ms= 13.570944 13.585728 13.561120 13.571616 13.587328 13.550496 13.523008 13.568352 13.514464 13.610944
LAYER persistent+reset workers=132 median_ms=42.196081 samples_ms= 42.206142 42.173088 42.181984 42.197025 42.247070 42.255840 42.218494 42.185440 42.195137 42.131039
LAYER persistent+reset workers=264 median_ms=23.611056 samples_ms= 23.596416 23.556383 23.593409 23.645439 23.609089 23.612480 23.609632 23.654753 23.643232 23.634624
LAYER persistent+reset workers=528 median_ms=15.116752 samples_ms= 15.078592 15.101152 15.139840 15.118240 15.077440 15.120352 15.115264 15.098784 15.175776 15.123136
LAYER BENCH role=3 evaluation=0 tokens=16384 qk=128 v=128 paired=0 window=384 documents=19 workers=528 tasks=217923 stages=15
LAYER training bitwise replay PASS; caches supplied externally, setup and queue reset timed
LAYER separate stages median_ms=36.734753 samples_ms= 36.745407 36.708862 36.730976 36.733986 36.672382 36.740993 36.735519 36.710690 36.740128 36.748928
LAYER CUDA Graph median_ms=36.709232 samples_ms= 36.709312 36.699009 36.709152 36.715168 36.703487 36.672543 36.698078 36.734402 36.715679 36.718945
LAYER CUDA Graph four-block occupancy median_ms=31.889824 samples_ms= 31.897280 31.900385 31.874304 31.892799 31.884768 31.888865 31.902176 31.878368 31.876287 31.890783
LAYER persistent+reset workers=132 median_ms=100.804062 samples_ms= 100.755363 100.807388 100.808258 100.800735 100.747902 100.784515 100.884895 100.831581 100.899811 100.786560
LAYER persistent+reset workers=264 median_ms=51.324097 samples_ms= 51.332512 51.315681 51.361217 51.299839 51.309376 51.348545 51.358593 51.389954 51.301662 51.263554
LAYER persistent+reset workers=528 median_ms=33.209358 samples_ms= 33.204254 33.225697 33.195297 33.203678 33.214462 33.225601 33.220192 33.186752 33.232414 33.185410

$ make -C /workspace/cuda sanitize BIN=layer CHECK_FLAGS=
make: Entering directory '/workspace/cuda'
compute-sanitizer --tool memcheck --error-exitcode 1 ./layer --quick 
========= COMPUTE-SANITIZER
GPU[0]=NVIDIA H100 80GB HBM3 SMs=132 runtime=12080
LAYER CHECK reference_layer=0
LAYER step=0 grad_scale=0.00390625 qkv_gain=0.75 o_gain=0.875 extra_gain=1.125
LAYER FP8 projection/product rel_l2=1.95997252e-08 max_abs=1.1920929e-07
LAYER FP8 projection/product rel_l2=2.04752432e-08 max_abs=1.78813934e-07
LAYER FP8 projection/product rel_l2=3.9005578e-09 max_abs=5.96046448e-08
LAYER FP8 projection/product rel_l2=7.12811744e-08 max_abs=5.96046448e-08
LAYER BF16 projection/product rel_l2=7.66432854e-07 max_abs=1.43051147e-06
LAYER BF16 projection/product rel_l2=7.30200443e-07 max_abs=4.47034836e-07
LAYER BF16 projection/product rel_l2=3.5641326e-08 max_abs=5.96046448e-08
LAYER Q transform rel_l2=0 max_abs=0
LAYER K transform rel_l2=9.05934179e-11 max_abs=7.10133463e-09
LAYER V transform rel_l2=0 max_abs=0
LAYER attention Y rel_l2=7.04408041e-08 max_abs=1.07788632e-07
LAYER attention dQ rel_l2=1.46052786e-07 max_abs=2.68175559e-08
LAYER attention dK rel_l2=1.5345086e-07 max_abs=3.52583058e-08
LAYER attention dV rel_l2=1.15297899e-07 max_abs=8.42800131e-08
LAYER post Y rel_l2=0 max_abs=0
LAYER post finite difference rel_l2=2.46832064e-10 max_abs=1.59730007e-11
LAYER post dY rel_l2=0 max_abs=0
LAYER post dV side rel_l2=0 max_abs=0
LAYER post dAlpha rel_l2=0 max_abs=0
LAYER post dGate rel_l2=0 max_abs=0
LAYER QKV backward rel_l2=3.46992114e-08 max_abs=5.93591852e-08
LAYER gain gradients rel_l2=1.51436306e-07 max_abs=2.20090453e-07
LAYER PASS evaluation=0 tokens=16 qk=64 v=128 paired=1 xsa=0 gate=0 tasks=2415 gains=1.18879,1.17348,0.912707
LAYER step=1 grad_scale=0.0078125 qkv_gain=1.25 o_gain=0 extra_gain=0.875
LAYER FP8 projection/product rel_l2=1.80717422e-08 max_abs=1.78813934e-07
LAYER FP8 projection/product rel_l2=2.00476298e-08 max_abs=2.38418579e-07
LAYER FP8 projection/product rel_l2=0 max_abs=0
LAYER FP8 projection/product rel_l2=0 max_abs=0
LAYER BF16 projection/product rel_l2=0 max_abs=0
LAYER BF16 projection/product rel_l2=0 max_abs=0
LAYER BF16 projection/product rel_l2=3.57408016e-08 max_abs=1.1920929e-07
LAYER Q transform rel_l2=1.94649805e-07 max_abs=1.52587891e-05
LAYER K transform rel_l2=0 max_abs=0
LAYER V transform rel_l2=0 max_abs=0
LAYER attention Y rel_l2=6.31598085e-08 max_abs=1.88193891e-07
LAYER attention dQ rel_l2=0 max_abs=0
LAYER attention dK rel_l2=0 max_abs=0
LAYER attention dV rel_l2=0 max_abs=0
LAYER post Y rel_l2=0 max_abs=0
LAYER post finite difference rel_l2=0 max_abs=0
LAYER post dY rel_l2=0 max_abs=0
LAYER post dV side rel_l2=0 max_abs=0
LAYER post dAlpha rel_l2=0 max_abs=0
LAYER post dGate rel_l2=0 max_abs=0
LAYER QKV backward rel_l2=0 max_abs=0
LAYER gain gradients rel_l2=1.51157046e-07 max_abs=2.25142934e-07
LAYER PASS evaluation=0 tokens=16 qk=64 v=128 paired=1 xsa=0 gate=0 tasks=2415 gains=0,1.48946,0
LAYER CHECK reference_layer=1
LAYER step=0 grad_scale=0.00390625 qkv_gain=0.75 o_gain=0.875 extra_gain=1.125
LAYER FP8 projection/product rel_l2=3.50377165e-08 max_abs=1.78813934e-07
LAYER FP8 projection/product rel_l2=7.8388928e-09 max_abs=1.1920929e-07
LAYER FP8 projection/product rel_l2=5.43573835e-08 max_abs=5.96046448e-08
LAYER BF16 projection/product rel_l2=3.65332762e-07 max_abs=8.34465027e-07
LAYER BF16 projection/product rel_l2=7.2872947e-07 max_abs=4.76837158e-07
LAYER BF16 projection/product rel_l2=1.16246681e-07 max_abs=3.57627869e-07
LAYER Q transform rel_l2=0 max_abs=0
LAYER K transform rel_l2=4.35245593e-08 max_abs=7.62939453e-06
LAYER V transform rel_l2=0 max_abs=0
LAYER attention Y rel_l2=9.19356184e-08 max_abs=2.90415083e-07
LAYER attention dQ rel_l2=1.59643964e-07 max_abs=4.34072163e-08
LAYER attention dK rel_l2=1.78119669e-07 max_abs=4.03273816e-08
LAYER attention dV rel_l2=1.52478476e-07 max_abs=1.12573146e-07
LAYER post Y rel_l2=2.84683329e-08 max_abs=1.03651572e-07
LAYER post finite difference rel_l2=5.62671761e-08 max_abs=5.0572145e-09
LAYER post dY rel_l2=2.55341341e-08 max_abs=1.6043388e-08
LAYER post dV side rel_l2=7.76309995e-08 max_abs=2.69782699e-08
LAYER post dAlpha rel_l2=9.21731294e-08 max_abs=9.39028747e-08
LAYER post dGate rel_l2=0 max_abs=0
LAYER QKV backward rel_l2=4.35108466e-08 max_abs=9.31553853e-08
LAYER gain gradients rel_l2=5.58743323e-08 max_abs=4.2521242e-07
LAYER PASS evaluation=0 tokens=80 qk=64 v=64 paired=0 xsa=1 gate=0 tasks=2499 gains=1.50645,6.10158,4.74567
LAYER step=1 grad_scale=0.0078125 qkv_gain=1.25 o_gain=0 extra_gain=0.875
LAYER FP8 projection/product rel_l2=3.36245264e-08 max_abs=3.57627869e-07
LAYER FP8 projection/product rel_l2=0 max_abs=0
LAYER FP8 projection/product rel_l2=0 max_abs=0
LAYER BF16 projection/product rel_l2=0 max_abs=0
LAYER BF16 projection/product rel_l2=0 max_abs=0
LAYER BF16 projection/product rel_l2=1.17099083e-07 max_abs=4.76837158e-07
LAYER Q transform rel_l2=0 max_abs=0
LAYER K transform rel_l2=0 max_abs=0
LAYER V transform rel_l2=0 max_abs=0
LAYER attention Y rel_l2=9.50864268e-08 max_abs=3.17127291e-07
LAYER attention dQ rel_l2=0 max_abs=0
LAYER attention dK rel_l2=0 max_abs=0
LAYER attention dV rel_l2=0 max_abs=0
LAYER post Y rel_l2=2.93118752e-08 max_abs=1.66041965e-07
LAYER post finite difference rel_l2=0 max_abs=0
LAYER post dY rel_l2=0 max_abs=0
LAYER post dV side rel_l2=0 max_abs=0
LAYER post dAlpha rel_l2=0 max_abs=0
LAYER post dGate rel_l2=0 max_abs=0
LAYER QKV backward rel_l2=0 max_abs=0
LAYER gain gradients rel_l2=1.37526438e-07 max_abs=7.4694497e-07
LAYER PASS evaluation=0 tokens=80 qk=64 v=64 paired=0 xsa=1 gate=0 tasks=2499 gains=0,5.43128,0
LAYER CHECK reference_layer=2
LAYER step=0 grad_scale=0.00390625 qkv_gain=0.75 o_gain=0.875 extra_gain=1.125
LAYER FP8 projection/product rel_l2=3.1730639e-08 max_abs=2.38418579e-07
LAYER FP8 projection/product rel_l2=3.34623631e-08 max_abs=2.38418579e-07
LAYER FP8 projection/product rel_l2=6.33514308e-09 max_abs=5.96046448e-08
LAYER FP8 projection/product rel_l2=7.09053124e-08 max_abs=8.94069672e-08
LAYER BF16 projection/product rel_l2=7.4705293e-07 max_abs=1.66893005e-06
LAYER BF16 projection/product rel_l2=7.27824221e-07 max_abs=3.87430191e-07
LAYER BF16 projection/product rel_l2=5.70808966e-08 max_abs=1.78813934e-07
LAYER Q transform rel_l2=0 max_abs=0
LAYER K transform rel_l2=0 max_abs=0
LAYER V transform rel_l2=0 max_abs=0
LAYER attention Y rel_l2=8.89268062e-08 max_abs=2.2145326e-07
LAYER attention dQ rel_l2=1.58155333e-07 max_abs=4.17302575e-08
LAYER attention dK rel_l2=1.74671502e-07 max_abs=7.26893417e-08
LAYER attention dV rel_l2=1.40849155e-07 max_abs=1.08551039e-07
LAYER post Y rel_l2=0 max_abs=0
LAYER post finite difference rel_l2=1.71272211e-10 max_abs=2.93027824e-11
LAYER post dY rel_l2=0 max_abs=0
LAYER post dV side rel_l2=0 max_abs=0
LAYER post dAlpha rel_l2=0 max_abs=0
LAYER post dGate rel_l2=0 max_abs=0
LAYER QKV backward rel_l2=4.30403778e-08 max_abs=4.83995836e-08
LAYER gain gradients rel_l2=5.61291217e-08 max_abs=4.68672049e-07
LAYER PASS evaluation=0 tokens=32 qk=64 v=128 paired=1 xsa=0 gate=0 tasks=2607 gains=0.925956,-7.49602,-5.83024
LAYER step=1 grad_scale=0.0078125 qkv_gain=1.25 o_gain=0 extra_gain=0.875
LAYER FP8 projection/product rel_l2=3.08543526e-08 max_abs=2.38418579e-07
LAYER FP8 projection/product rel_l2=3.22285998e-08 max_abs=2.38418579e-07
LAYER FP8 projection/product rel_l2=0 max_abs=0
LAYER FP8 projection/product rel_l2=0 max_abs=0
LAYER BF16 projection/product rel_l2=0 max_abs=0
LAYER BF16 projection/product rel_l2=0 max_abs=0
LAYER BF16 projection/product rel_l2=5.73781154e-08 max_abs=1.78813934e-07
LAYER Q transform rel_l2=0 max_abs=0
LAYER K transform rel_l2=0 max_abs=0
LAYER V transform rel_l2=0 max_abs=0
LAYER attention Y rel_l2=8.54259625e-08 max_abs=3.07167384e-07
LAYER attention dQ rel_l2=0 max_abs=0
LAYER attention dK rel_l2=0 max_abs=0
LAYER attention dV rel_l2=0 max_abs=0
LAYER post Y rel_l2=0 max_abs=0
LAYER post finite difference rel_l2=0 max_abs=0
LAYER post dY rel_l2=0 max_abs=0
LAYER post dV side rel_l2=0 max_abs=0
LAYER post dAlpha rel_l2=0 max_abs=0
LAYER post dGate rel_l2=0 max_abs=0
LAYER QKV backward rel_l2=0 max_abs=0
LAYER gain gradients rel_l2=2.20469986e-07 max_abs=1.18481503e-06
LAYER PASS evaluation=0 tokens=32 qk=64 v=128 paired=1 xsa=0 gate=0 tasks=2607 gains=0,-5.37404,-0
LAYER CHECK reference_layer=3
LAYER step=0 grad_scale=0.00390625 qkv_gain=0.75 o_gain=0.875 extra_gain=1.125
LAYER FP8 projection/product rel_l2=3.44855726e-08 max_abs=1.78813934e-07
LAYER FP8 projection/product rel_l2=7.68927791e-09 max_abs=2.98023224e-08
LAYER FP8 projection/product rel_l2=8.4791764e-08 max_abs=4.47034836e-08
LAYER BF16 projection/product rel_l2=7.90070998e-07 max_abs=4.47034836e-07
LAYER BF16 projection/product rel_l2=7.31660526e-07 max_abs=4.76837158e-07
LAYER BF16 projection/product rel_l2=7.14184195e-08 max_abs=5.96046448e-08
LAYER Q transform rel_l2=8.46468544e-11 max_abs=1.32713467e-08
LAYER K transform rel_l2=0 max_abs=0
LAYER V transform rel_l2=0 max_abs=0
LAYER attention Y rel_l2=7.04930939e-08 max_abs=9.85256088e-08
LAYER attention dQ rel_l2=1.4183452e-07 max_abs=1.06731073e-08
LAYER attention dK rel_l2=1.44199964e-07 max_abs=9.73723655e-09
LAYER attention dV rel_l2=1.15477724e-07 max_abs=4.55080434e-08
LAYER post Y rel_l2=3.75503518e-08 max_abs=3.97920753e-08
LAYER post finite difference rel_l2=2.40111133e-08 max_abs=2.81525747e-09
LAYER post dY rel_l2=2.50549033e-08 max_abs=1.42680749e-08
LAYER post dV side rel_l2=8.71431962e-08 max_abs=7.30233741e-09
LAYER post dAlpha rel_l2=1.07187062e-07 max_abs=5.747419e-08
LAYER post dGate rel_l2=8.29500094e-08 max_abs=1.39297132e-07
LAYER QKV backward rel_l2=3.34753474e-08 max_abs=1.66217661e-08
LAYER gain gradients rel_l2=3.80355821e-07 max_abs=2.59474684e-07
LAYER PASS evaluation=0 tokens=32 qk=128 v=128 paired=0 xsa=1 gate=1 tasks=3339 gains=0.624809,0.50094,0.38962
LAYER step=1 grad_scale=0.0078125 qkv_gain=1.25 o_gain=0 extra_gain=0.875
LAYER FP8 projection/product rel_l2=3.38515872e-08 max_abs=3.57627869e-07
LAYER FP8 projection/product rel_l2=0 max_abs=0
LAYER FP8 projection/product rel_l2=0 max_abs=0
LAYER BF16 projection/product rel_l2=0 max_abs=0
LAYER BF16 projection/product rel_l2=0 max_abs=0
LAYER BF16 projection/product rel_l2=7.14467363e-08 max_abs=1.1920929e-07
LAYER Q transform rel_l2=0 max_abs=0
LAYER K transform rel_l2=0 max_abs=0
LAYER V transform rel_l2=0 max_abs=0
LAYER attention Y rel_l2=6.95203761e-08 max_abs=2.81447295e-07
LAYER attention dQ rel_l2=0 max_abs=0
LAYER attention dK rel_l2=0 max_abs=0
LAYER attention dV rel_l2=0 max_abs=0
LAYER post Y rel_l2=3.75460785e-08 max_abs=6.35466892e-08
LAYER post finite difference rel_l2=0 max_abs=0
LAYER post dY rel_l2=0 max_abs=0
LAYER post dV side rel_l2=0 max_abs=0
LAYER post dAlpha rel_l2=0 max_abs=0
LAYER post dGate rel_l2=0 max_abs=0
LAYER QKV backward rel_l2=0 max_abs=0
LAYER gain gradients rel_l2=1.32584191e-07 max_abs=8.62470007e-08
LAYER PASS evaluation=0 tokens=32 qk=128 v=128 paired=0 xsa=1 gate=1 tasks=3339 gains=0,0.650508,0
LAYER CHECK reference_layer=8
LAYER step=0 grad_scale=0.00390625 qkv_gain=0.75 o_gain=0.875 extra_gain=1.125
LAYER FP8 projection/product rel_l2=3.4093446e-08 max_abs=2.38418579e-07
LAYER FP8 projection/product rel_l2=4.66078926e-09 max_abs=5.96046448e-08
LAYER FP8 projection/product rel_l2=5.5068975e-08 max_abs=5.96046448e-08
LAYER BF16 projection/product rel_l2=3.21560126e-07 max_abs=5.36441803e-07
LAYER BF16 projection/product rel_l2=7.27792098e-07 max_abs=4.17232513e-07
LAYER BF16 projection/product rel_l2=3.33857885e-08 max_abs=1.1920929e-07
LAYER Q transform rel_l2=0 max_abs=0
LAYER K transform rel_l2=0 max_abs=0
LAYER V transform rel_l2=0 max_abs=0
LAYER attention Y rel_l2=5.55301303e-08 max_abs=1.96094485e-07
LAYER attention dQ rel_l2=1.73279382e-07 max_abs=4.61462371e-08
LAYER attention dK rel_l2=1.70234507e-07 max_abs=3.95190713e-08
LAYER attention dV rel_l2=8.26797795e-08 max_abs=6.38305552e-08
LAYER post Y rel_l2=0 max_abs=0
LAYER post finite difference rel_l2=1.11374605e-10 max_abs=3.19460014e-11
LAYER post dY rel_l2=0 max_abs=0
LAYER post dV side rel_l2=0 max_abs=0
LAYER post dAlpha rel_l2=0 max_abs=0
LAYER post dGate rel_l2=0 max_abs=0
LAYER QKV backward rel_l2=3.82064594e-08 max_abs=6.28423699e-08
LAYER gain gradients rel_l2=6.6678004e-08 max_abs=4.21409737e-07
LAYER PASS evaluation=0 tokens=16 qk=64 v=64 paired=0 xsa=0 gate=0 tasks=1683 gains=3.58236,6.49086,5.04844
LAYER step=1 grad_scale=0.0078125 qkv_gain=1.25 o_gain=0 extra_gain=0.875
LAYER FP8 projection/product rel_l2=3.28008155e-08 max_abs=2.38418579e-07
LAYER FP8 projection/product rel_l2=0 max_abs=0
LAYER FP8 projection/product rel_l2=0 max_abs=0
LAYER BF16 projection/product rel_l2=0 max_abs=0
LAYER BF16 projection/product rel_l2=0 max_abs=0
LAYER BF16 projection/product rel_l2=3.42301646e-08 max_abs=1.1920929e-07
LAYER Q transform rel_l2=0 max_abs=0
LAYER K transform rel_l2=0 max_abs=0
LAYER V transform rel_l2=0 max_abs=0
LAYER attention Y rel_l2=5.33186679e-08 max_abs=1.87166043e-07
LAYER attention dQ rel_l2=0 max_abs=0
LAYER attention dK rel_l2=0 max_abs=0
LAYER attention dV rel_l2=0 max_abs=0
LAYER post Y rel_l2=0 max_abs=0
LAYER post finite difference rel_l2=0 max_abs=0
LAYER post dY rel_l2=0 max_abs=0
LAYER post dV side rel_l2=0 max_abs=0
LAYER post dAlpha rel_l2=0 max_abs=0
LAYER post dGate rel_l2=0 max_abs=0
LAYER QKV backward rel_l2=0 max_abs=0
LAYER gain gradients rel_l2=1.26701479e-08 max_abs=8.42199199e-08
LAYER PASS evaluation=0 tokens=16 qk=64 v=64 paired=0 xsa=0 gate=0 tasks=1683 gains=0,6.64711,0
LAYER CHECK reference_layer=10
LAYER step=0 grad_scale=0.00390625 qkv_gain=0.75 o_gain=0.875 extra_gain=1
LAYER FP8 projection/product rel_l2=3.44855726e-08 max_abs=1.78813934e-07
LAYER FP8 projection/product rel_l2=8.89162368e-09 max_abs=2.98023224e-08
LAYER FP8 projection/product rel_l2=9.59845734e-08 max_abs=4.47034836e-08
LAYER BF16 projection/product rel_l2=7.9053973e-07 max_abs=7.15255737e-07
LAYER BF16 projection/product rel_l2=7.12154963e-07 max_abs=4.17232513e-07
LAYER BF16 projection/product rel_l2=7.13098247e-08 max_abs=8.94069672e-08
LAYER Q transform rel_l2=8.46468544e-11 max_abs=1.32713467e-08
LAYER K transform rel_l2=0 max_abs=0
LAYER V transform rel_l2=0 max_abs=0
LAYER attention Y rel_l2=6.99414694e-08 max_abs=1.84638636e-07
LAYER attention dQ rel_l2=1.43293548e-07 max_abs=1.55471922e-08
LAYER attention dK rel_l2=1.46968101e-07 max_abs=1.4802016e-08
LAYER attention dV rel_l2=1.14510188e-07 max_abs=4.91894539e-08
LAYER post Y rel_l2=0 max_abs=0
LAYER post finite difference rel_l2=4.50622364e-11 max_abs=3.54560825e-12
LAYER post dY rel_l2=0 max_abs=0
LAYER post dV side rel_l2=0 max_abs=0
LAYER post dAlpha rel_l2=0 max_abs=0
LAYER post dGate rel_l2=4.3336817e-08 max_abs=5.58793545e-08
LAYER QKV backward rel_l2=4.60634374e-08 max_abs=5.44161991e-08
LAYER gain gradients rel_l2=4.01388254e-07 max_abs=3.76924078e-07
LAYER PASS evaluation=0 tokens=32 qk=128 v=128 paired=0 xsa=0 gate=1 tasks=3339 gains=0.893207,0.615449,0.538518
LAYER step=1 grad_scale=0.0078125 qkv_gain=1.25 o_gain=0 extra_gain=1
LAYER FP8 projection/product rel_l2=3.38515872e-08 max_abs=3.57627869e-07
LAYER FP8 projection/product rel_l2=0 max_abs=0
LAYER FP8 projection/product rel_l2=0 max_abs=0
LAYER BF16 projection/product rel_l2=0 max_abs=0
LAYER BF16 projection/product rel_l2=0 max_abs=0
LAYER BF16 projection/product rel_l2=7.17960055e-08 max_abs=1.1920929e-07
LAYER Q transform rel_l2=0 max_abs=0
LAYER K transform rel_l2=0 max_abs=0
LAYER V transform rel_l2=0 max_abs=0
LAYER attention Y rel_l2=6.81619352e-08 max_abs=3.96143801e-07
LAYER attention dQ rel_l2=0 max_abs=0
LAYER attention dK rel_l2=0 max_abs=0
LAYER attention dV rel_l2=0 max_abs=0
LAYER post Y rel_l2=0 max_abs=0
LAYER post finite difference rel_l2=0 max_abs=0
LAYER post dY rel_l2=0 max_abs=0
LAYER post dV side rel_l2=0 max_abs=0
LAYER post dAlpha rel_l2=0 max_abs=0
LAYER post dGate rel_l2=0 max_abs=0
LAYER QKV backward rel_l2=0 max_abs=0
LAYER gain gradients rel_l2=2.88040133e-07 max_abs=3.11395013e-07
LAYER PASS evaluation=0 tokens=32 qk=128 v=128 paired=0 xsa=0 gate=1 tasks=3339 gains=0,1.08108,0
LAYER post floor output rel_l2=0 max_abs=0
LAYER post floor dy rel_l2=0 max_abs=0
LAYER post floor dv rel_l2=0 max_abs=0
LAYER post floor alpha rel_l2=0 max_abs=0
LAYER post floor gate rel_l2=3.60833166e-08 max_abs=3.91155481e-08
LAYER post finite difference rel_l2=1.85895639e-10 max_abs=8.0913054e-12
POST FLOOR PASS width=64 magnitude=0
LAYER post floor output rel_l2=2.99250672e-08 max_abs=1.01800282e-07
LAYER post floor dy rel_l2=2.36107418e-08 max_abs=1.48746096e-08
LAYER post floor dv rel_l2=6.56801412e-08 max_abs=5.58414104e-06
LAYER post floor alpha rel_l2=8.63144635e-08 max_abs=2.8718971e-12
LAYER post floor gate rel_l2=7.29149566e-08 max_abs=6.45066693e-08
LAYER post finite difference rel_l2=5.78648031e-10 max_abs=4.29604707e-09
POST FLOOR PASS width=64 magnitude=1e-07
LAYER post floor output rel_l2=3.06891589e-08 max_abs=1.0314935e-07
LAYER post floor dy rel_l2=2.2906938e-08 max_abs=1.61864218e-08
LAYER post floor dv rel_l2=6.63425532e-08 max_abs=1.96870355e-05
LAYER post floor alpha rel_l2=7.96221705e-08 max_abs=1.15766821e-08
LAYER post floor gate rel_l2=7.02039541e-08 max_abs=8.38237441e-08
LAYER post finite difference rel_l2=7.75261111e-11 max_abs=2.43123299e-09
POST FLOOR PASS width=64 magnitude=0.0001
LAYER post floor output rel_l2=0 max_abs=0
LAYER post floor dy rel_l2=0 max_abs=0
LAYER post floor dv rel_l2=0 max_abs=0
LAYER post floor alpha rel_l2=0 max_abs=0
LAYER post floor gate rel_l2=5.05347909e-08 max_abs=4.84287739e-08
LAYER post finite difference rel_l2=3.58788573e-10 max_abs=2.40873987e-11
POST FLOOR PASS width=128 magnitude=0
LAYER post floor output rel_l2=3.0019841e-08 max_abs=1.25901957e-07
LAYER post floor dy rel_l2=2.29663259e-08 max_abs=1.45209163e-08
LAYER post floor dv rel_l2=6.62622887e-08 max_abs=6.89125616e-06
LAYER post floor alpha rel_l2=1.19717018e-07 max_abs=4.51562212e-12
LAYER post floor gate rel_l2=8.65931681e-08 max_abs=8.69950587e-08
LAYER post finite difference rel_l2=5.6660528e-10 max_abs=4.32228831e-09
POST FLOOR PASS width=128 magnitude=1e-07
LAYER post floor output rel_l2=3.05602996e-08 max_abs=1.24438105e-07
LAYER post floor dy rel_l2=2.3655224e-08 max_abs=1.52673232e-08
LAYER post floor dv rel_l2=6.47493137e-08 max_abs=1.58353694e-05
LAYER post floor alpha rel_l2=1.00940448e-07 max_abs=8.26714971e-09
LAYER post floor gate rel_l2=9.33086573e-08 max_abs=8.99286673e-08
LAYER post finite difference rel_l2=2.25150734e-10 max_abs=4.58210181e-09
POST FLOOR PASS width=128 magnitude=0.0001
PASS: connected attention layer, independent stage references and exact replay
========= ERROR SUMMARY: 0 errors
compute-sanitizer --tool initcheck --error-exitcode 1 ./layer --quick 
========= COMPUTE-SANITIZER
GPU[0]=NVIDIA H100 80GB HBM3 SMs=132 runtime=12080
LAYER CHECK reference_layer=0
LAYER step=0 grad_scale=0.00390625 qkv_gain=0.75 o_gain=0.875 extra_gain=1.125
LAYER FP8 projection/product rel_l2=1.95997252e-08 max_abs=1.1920929e-07
LAYER FP8 projection/product rel_l2=2.04752432e-08 max_abs=1.78813934e-07
LAYER FP8 projection/product rel_l2=3.9005578e-09 max_abs=5.96046448e-08
LAYER FP8 projection/product rel_l2=7.12811744e-08 max_abs=5.96046448e-08
LAYER BF16 projection/product rel_l2=7.66432854e-07 max_abs=1.43051147e-06
LAYER BF16 projection/product rel_l2=7.30200443e-07 max_abs=4.47034836e-07
LAYER BF16 projection/product rel_l2=3.5641326e-08 max_abs=5.96046448e-08
LAYER Q transform rel_l2=0 max_abs=0
LAYER K transform rel_l2=9.05934179e-11 max_abs=7.10133463e-09
LAYER V transform rel_l2=0 max_abs=0
LAYER attention Y rel_l2=7.04408041e-08 max_abs=1.07788632e-07
LAYER attention dQ rel_l2=1.46052786e-07 max_abs=2.68175559e-08
LAYER attention dK rel_l2=1.5345086e-07 max_abs=3.52583058e-08
LAYER attention dV rel_l2=1.15297899e-07 max_abs=8.42800131e-08
LAYER post Y rel_l2=0 max_abs=0
LAYER post finite difference rel_l2=2.46832064e-10 max_abs=1.59730007e-11
LAYER post dY rel_l2=0 max_abs=0
LAYER post dV side rel_l2=0 max_abs=0
LAYER post dAlpha rel_l2=0 max_abs=0
LAYER post dGate rel_l2=0 max_abs=0
LAYER QKV backward rel_l2=3.46992114e-08 max_abs=5.93591852e-08
LAYER gain gradients rel_l2=1.51436306e-07 max_abs=2.20090453e-07
LAYER PASS evaluation=0 tokens=16 qk=64 v=128 paired=1 xsa=0 gate=0 tasks=2415 gains=1.18879,1.17348,0.912707
LAYER step=1 grad_scale=0.0078125 qkv_gain=1.25 o_gain=0 extra_gain=0.875
LAYER FP8 projection/product rel_l2=1.80717422e-08 max_abs=1.78813934e-07
LAYER FP8 projection/product rel_l2=2.00476298e-08 max_abs=2.38418579e-07
LAYER FP8 projection/product rel_l2=0 max_abs=0
LAYER FP8 projection/product rel_l2=0 max_abs=0
LAYER BF16 projection/product rel_l2=0 max_abs=0
LAYER BF16 projection/product rel_l2=0 max_abs=0
LAYER BF16 projection/product rel_l2=3.57408016e-08 max_abs=1.1920929e-07
LAYER Q transform rel_l2=1.94649805e-07 max_abs=1.52587891e-05
LAYER K transform rel_l2=0 max_abs=0
LAYER V transform rel_l2=0 max_abs=0
LAYER attention Y rel_l2=6.31598085e-08 max_abs=1.88193891e-07
LAYER attention dQ rel_l2=0 max_abs=0
LAYER attention dK rel_l2=0 max_abs=0
LAYER attention dV rel_l2=0 max_abs=0
LAYER post Y rel_l2=0 max_abs=0
LAYER post finite difference rel_l2=0 max_abs=0
LAYER post dY rel_l2=0 max_abs=0
LAYER post dV side rel_l2=0 max_abs=0
LAYER post dAlpha rel_l2=0 max_abs=0
LAYER post dGate rel_l2=0 max_abs=0
LAYER QKV backward rel_l2=0 max_abs=0
LAYER gain gradients rel_l2=1.51157046e-07 max_abs=2.25142934e-07
LAYER PASS evaluation=0 tokens=16 qk=64 v=128 paired=1 xsa=0 gate=0 tasks=2415 gains=0,1.48946,0
LAYER CHECK reference_layer=1
LAYER step=0 grad_scale=0.00390625 qkv_gain=0.75 o_gain=0.875 extra_gain=1.125
LAYER FP8 projection/product rel_l2=3.50377165e-08 max_abs=1.78813934e-07
LAYER FP8 projection/product rel_l2=7.8388928e-09 max_abs=1.1920929e-07
LAYER FP8 projection/product rel_l2=5.43573835e-08 max_abs=5.96046448e-08
LAYER BF16 projection/product rel_l2=3.65332762e-07 max_abs=8.34465027e-07
LAYER BF16 projection/product rel_l2=7.2872947e-07 max_abs=4.76837158e-07
LAYER BF16 projection/product rel_l2=1.16246681e-07 max_abs=3.57627869e-07
LAYER Q transform rel_l2=0 max_abs=0
LAYER K transform rel_l2=4.35245593e-08 max_abs=7.62939453e-06
LAYER V transform rel_l2=0 max_abs=0
LAYER attention Y rel_l2=9.19356184e-08 max_abs=2.90415083e-07
LAYER attention dQ rel_l2=1.59643964e-07 max_abs=4.34072163e-08
LAYER attention dK rel_l2=1.78119669e-07 max_abs=4.03273816e-08
LAYER attention dV rel_l2=1.52478476e-07 max_abs=1.12573146e-07
LAYER post Y rel_l2=2.84683329e-08 max_abs=1.03651572e-07
LAYER post finite difference rel_l2=5.62671761e-08 max_abs=5.0572145e-09
LAYER post dY rel_l2=2.55341341e-08 max_abs=1.6043388e-08
LAYER post dV side rel_l2=7.76309995e-08 max_abs=2.69782699e-08
LAYER post dAlpha rel_l2=9.21731294e-08 max_abs=9.39028747e-08
LAYER post dGate rel_l2=0 max_abs=0
LAYER QKV backward rel_l2=4.35108466e-08 max_abs=9.31553853e-08
LAYER gain gradients rel_l2=5.58743323e-08 max_abs=4.2521242e-07
LAYER PASS evaluation=0 tokens=80 qk=64 v=64 paired=0 xsa=1 gate=0 tasks=2499 gains=1.50645,6.10158,4.74567
LAYER step=1 grad_scale=0.0078125 qkv_gain=1.25 o_gain=0 extra_gain=0.875
LAYER FP8 projection/product rel_l2=3.36245264e-08 max_abs=3.57627869e-07
LAYER FP8 projection/product rel_l2=0 max_abs=0
LAYER FP8 projection/product rel_l2=0 max_abs=0
LAYER BF16 projection/product rel_l2=0 max_abs=0
LAYER BF16 projection/product rel_l2=0 max_abs=0
LAYER BF16 projection/product rel_l2=1.17099083e-07 max_abs=4.76837158e-07
LAYER Q transform rel_l2=0 max_abs=0
LAYER K transform rel_l2=0 max_abs=0
LAYER V transform rel_l2=0 max_abs=0
LAYER attention Y rel_l2=9.50864268e-08 max_abs=3.17127291e-07
LAYER attention dQ rel_l2=0 max_abs=0
LAYER attention dK rel_l2=0 max_abs=0
LAYER attention dV rel_l2=0 max_abs=0
LAYER post Y rel_l2=2.93118752e-08 max_abs=1.66041965e-07
LAYER post finite difference rel_l2=0 max_abs=0
LAYER post dY rel_l2=0 max_abs=0
LAYER post dV side rel_l2=0 max_abs=0
LAYER post dAlpha rel_l2=0 max_abs=0
LAYER post dGate rel_l2=0 max_abs=0
LAYER QKV backward rel_l2=0 max_abs=0
LAYER gain gradients rel_l2=1.37526438e-07 max_abs=7.4694497e-07
LAYER PASS evaluation=0 tokens=80 qk=64 v=64 paired=0 xsa=1 gate=0 tasks=2499 gains=0,5.43128,0
LAYER CHECK reference_layer=2
LAYER step=0 grad_scale=0.00390625 qkv_gain=0.75 o_gain=0.875 extra_gain=1.125
LAYER FP8 projection/product rel_l2=3.1730639e-08 max_abs=2.38418579e-07
LAYER FP8 projection/product rel_l2=3.34623631e-08 max_abs=2.38418579e-07
LAYER FP8 projection/product rel_l2=6.33514308e-09 max_abs=5.96046448e-08
LAYER FP8 projection/product rel_l2=7.09053124e-08 max_abs=8.94069672e-08
LAYER BF16 projection/product rel_l2=7.4705293e-07 max_abs=1.66893005e-06
LAYER BF16 projection/product rel_l2=7.27824221e-07 max_abs=3.87430191e-07
LAYER BF16 projection/product rel_l2=5.70808966e-08 max_abs=1.78813934e-07
LAYER Q transform rel_l2=0 max_abs=0
LAYER K transform rel_l2=0 max_abs=0
LAYER V transform rel_l2=0 max_abs=0
LAYER attention Y rel_l2=8.89268062e-08 max_abs=2.2145326e-07
LAYER attention dQ rel_l2=1.58155333e-07 max_abs=4.17302575e-08
LAYER attention dK rel_l2=1.74671502e-07 max_abs=7.26893417e-08
LAYER attention dV rel_l2=1.40849155e-07 max_abs=1.08551039e-07
LAYER post Y rel_l2=0 max_abs=0
LAYER post finite difference rel_l2=1.71272211e-10 max_abs=2.93027824e-11
LAYER post dY rel_l2=0 max_abs=0
LAYER post dV side rel_l2=0 max_abs=0
LAYER post dAlpha rel_l2=0 max_abs=0
LAYER post dGate rel_l2=0 max_abs=0
LAYER QKV backward rel_l2=4.30403778e-08 max_abs=4.83995836e-08
LAYER gain gradients rel_l2=5.61291217e-08 max_abs=4.68672049e-07
LAYER PASS evaluation=0 tokens=32 qk=64 v=128 paired=1 xsa=0 gate=0 tasks=2607 gains=0.925956,-7.49602,-5.83024
LAYER step=1 grad_scale=0.0078125 qkv_gain=1.25 o_gain=0 extra_gain=0.875
LAYER FP8 projection/product rel_l2=3.08543526e-08 max_abs=2.38418579e-07
LAYER FP8 projection/product rel_l2=3.22285998e-08 max_abs=2.38418579e-07
LAYER FP8 projection/product rel_l2=0 max_abs=0
LAYER FP8 projection/product rel_l2=0 max_abs=0
LAYER BF16 projection/product rel_l2=0 max_abs=0
LAYER BF16 projection/product rel_l2=0 max_abs=0
LAYER BF16 projection/product rel_l2=5.73781154e-08 max_abs=1.78813934e-07
LAYER Q transform rel_l2=0 max_abs=0
LAYER K transform rel_l2=0 max_abs=0
LAYER V transform rel_l2=0 max_abs=0
LAYER attention Y rel_l2=8.54259625e-08 max_abs=3.07167384e-07
LAYER attention dQ rel_l2=0 max_abs=0
LAYER attention dK rel_l2=0 max_abs=0
LAYER attention dV rel_l2=0 max_abs=0
LAYER post Y rel_l2=0 max_abs=0
LAYER post finite difference rel_l2=0 max_abs=0
LAYER post dY rel_l2=0 max_abs=0
LAYER post dV side rel_l2=0 max_abs=0
LAYER post dAlpha rel_l2=0 max_abs=0
LAYER post dGate rel_l2=0 max_abs=0
LAYER QKV backward rel_l2=0 max_abs=0
LAYER gain gradients rel_l2=2.20469986e-07 max_abs=1.18481503e-06
LAYER PASS evaluation=0 tokens=32 qk=64 v=128 paired=1 xsa=0 gate=0 tasks=2607 gains=0,-5.37404,-0
LAYER CHECK reference_layer=3
LAYER step=0 grad_scale=0.00390625 qkv_gain=0.75 o_gain=0.875 extra_gain=1.125
LAYER FP8 projection/product rel_l2=3.44855726e-08 max_abs=1.78813934e-07
LAYER FP8 projection/product rel_l2=7.68927791e-09 max_abs=2.98023224e-08
LAYER FP8 projection/product rel_l2=8.4791764e-08 max_abs=4.47034836e-08
LAYER BF16 projection/product rel_l2=7.90070998e-07 max_abs=4.47034836e-07
LAYER BF16 projection/product rel_l2=7.31660526e-07 max_abs=4.76837158e-07
LAYER BF16 projection/product rel_l2=7.14184195e-08 max_abs=5.96046448e-08
LAYER Q transform rel_l2=8.46468544e-11 max_abs=1.32713467e-08
LAYER K transform rel_l2=0 max_abs=0
LAYER V transform rel_l2=0 max_abs=0
LAYER attention Y rel_l2=7.04930939e-08 max_abs=9.85256088e-08
LAYER attention dQ rel_l2=1.4183452e-07 max_abs=1.06731073e-08
LAYER attention dK rel_l2=1.44199964e-07 max_abs=9.73723655e-09
LAYER attention dV rel_l2=1.15477724e-07 max_abs=4.55080434e-08
LAYER post Y rel_l2=3.75503518e-08 max_abs=3.97920753e-08
LAYER post finite difference rel_l2=2.40111133e-08 max_abs=2.81525747e-09
LAYER post dY rel_l2=2.50549033e-08 max_abs=1.42680749e-08
LAYER post dV side rel_l2=8.71431962e-08 max_abs=7.30233741e-09
LAYER post dAlpha rel_l2=1.07187062e-07 max_abs=5.747419e-08
LAYER post dGate rel_l2=8.29500094e-08 max_abs=1.39297132e-07
LAYER QKV backward rel_l2=3.34753474e-08 max_abs=1.66217661e-08
LAYER gain gradients rel_l2=3.80355821e-07 max_abs=2.59474684e-07
LAYER PASS evaluation=0 tokens=32 qk=128 v=128 paired=0 xsa=1 gate=1 tasks=3339 gains=0.624809,0.50094,0.38962
LAYER step=1 grad_scale=0.0078125 qkv_gain=1.25 o_gain=0 extra_gain=0.875
LAYER FP8 projection/product rel_l2=3.38515872e-08 max_abs=3.57627869e-07
LAYER FP8 projection/product rel_l2=0 max_abs=0
LAYER FP8 projection/product rel_l2=0 max_abs=0
LAYER BF16 projection/product rel_l2=0 max_abs=0
LAYER BF16 projection/product rel_l2=0 max_abs=0
LAYER BF16 projection/product rel_l2=7.14467363e-08 max_abs=1.1920929e-07
LAYER Q transform rel_l2=0 max_abs=0
LAYER K transform rel_l2=0 max_abs=0
LAYER V transform rel_l2=0 max_abs=0
LAYER attention Y rel_l2=6.95203761e-08 max_abs=2.81447295e-07
LAYER attention dQ rel_l2=0 max_abs=0
LAYER attention dK rel_l2=0 max_abs=0
LAYER attention dV rel_l2=0 max_abs=0
LAYER post Y rel_l2=3.75460785e-08 max_abs=6.35466892e-08
LAYER post finite difference rel_l2=0 max_abs=0
LAYER post dY rel_l2=0 max_abs=0
LAYER post dV side rel_l2=0 max_abs=0
LAYER post dAlpha rel_l2=0 max_abs=0
LAYER post dGate rel_l2=0 max_abs=0
LAYER QKV backward rel_l2=0 max_abs=0
LAYER gain gradients rel_l2=1.32584191e-07 max_abs=8.62470007e-08
LAYER PASS evaluation=0 tokens=32 qk=128 v=128 paired=0 xsa=1 gate=1 tasks=3339 gains=0,0.650508,0
LAYER CHECK reference_layer=8
LAYER step=0 grad_scale=0.00390625 qkv_gain=0.75 o_gain=0.875 extra_gain=1.125
LAYER FP8 projection/product rel_l2=3.4093446e-08 max_abs=2.38418579e-07
LAYER FP8 projection/product rel_l2=4.66078926e-09 max_abs=5.96046448e-08
LAYER FP8 projection/product rel_l2=5.5068975e-08 max_abs=5.96046448e-08
LAYER BF16 projection/product rel_l2=3.21560126e-07 max_abs=5.36441803e-07
LAYER BF16 projection/product rel_l2=7.27792098e-07 max_abs=4.17232513e-07
LAYER BF16 projection/product rel_l2=3.33857885e-08 max_abs=1.1920929e-07
LAYER Q transform rel_l2=0 max_abs=0
LAYER K transform rel_l2=0 max_abs=0
LAYER V transform rel_l2=0 max_abs=0
LAYER attention Y rel_l2=5.55301303e-08 max_abs=1.96094485e-07
LAYER attention dQ rel_l2=1.73279382e-07 max_abs=4.61462371e-08
LAYER attention dK rel_l2=1.70234507e-07 max_abs=3.95190713e-08
LAYER attention dV rel_l2=8.26797795e-08 max_abs=6.38305552e-08
LAYER post Y rel_l2=0 max_abs=0
LAYER post finite difference rel_l2=1.11374605e-10 max_abs=3.19460014e-11
LAYER post dY rel_l2=0 max_abs=0
LAYER post dV side rel_l2=0 max_abs=0
LAYER post dAlpha rel_l2=0 max_abs=0
LAYER post dGate rel_l2=0 max_abs=0
LAYER QKV backward rel_l2=3.82064594e-08 max_abs=6.28423699e-08
LAYER gain gradients rel_l2=6.6678004e-08 max_abs=4.21409737e-07
LAYER PASS evaluation=0 tokens=16 qk=64 v=64 paired=0 xsa=0 gate=0 tasks=1683 gains=3.58236,6.49086,5.04844
LAYER step=1 grad_scale=0.0078125 qkv_gain=1.25 o_gain=0 extra_gain=0.875
LAYER FP8 projection/product rel_l2=3.28008155e-08 max_abs=2.38418579e-07
LAYER FP8 projection/product rel_l2=0 max_abs=0
LAYER FP8 projection/product rel_l2=0 max_abs=0
LAYER BF16 projection/product rel_l2=0 max_abs=0
LAYER BF16 projection/product rel_l2=0 max_abs=0
LAYER BF16 projection/product rel_l2=3.42301646e-08 max_abs=1.1920929e-07
LAYER Q transform rel_l2=0 max_abs=0
LAYER K transform rel_l2=0 max_abs=0
LAYER V transform rel_l2=0 max_abs=0
LAYER attention Y rel_l2=5.33186679e-08 max_abs=1.87166043e-07
LAYER attention dQ rel_l2=0 max_abs=0
LAYER attention dK rel_l2=0 max_abs=0
LAYER attention dV rel_l2=0 max_abs=0
LAYER post Y rel_l2=0 max_abs=0
LAYER post finite difference rel_l2=0 max_abs=0
LAYER post dY rel_l2=0 max_abs=0
LAYER post dV side rel_l2=0 max_abs=0
LAYER post dAlpha rel_l2=0 max_abs=0
LAYER post dGate rel_l2=0 max_abs=0
LAYER QKV backward rel_l2=0 max_abs=0
LAYER gain gradients rel_l2=1.26701479e-08 max_abs=8.42199199e-08
LAYER PASS evaluation=0 tokens=16 qk=64 v=64 paired=0 xsa=0 gate=0 tasks=1683 gains=0,6.64711,0
LAYER CHECK reference_layer=10
LAYER step=0 grad_scale=0.00390625 qkv_gain=0.75 o_gain=0.875 extra_gain=1
LAYER FP8 projection/product rel_l2=3.44855726e-08 max_abs=1.78813934e-07
LAYER FP8 projection/product rel_l2=8.89162368e-09 max_abs=2.98023224e-08
LAYER FP8 projection/product rel_l2=9.59845734e-08 max_abs=4.47034836e-08
LAYER BF16 projection/product rel_l2=7.9053973e-07 max_abs=7.15255737e-07
LAYER BF16 projection/product rel_l2=7.12154963e-07 max_abs=4.17232513e-07
LAYER BF16 projection/product rel_l2=7.13098247e-08 max_abs=8.94069672e-08
LAYER Q transform rel_l2=8.46468544e-11 max_abs=1.32713467e-08
LAYER K transform rel_l2=0 max_abs=0
LAYER V transform rel_l2=0 max_abs=0
LAYER attention Y rel_l2=6.99414694e-08 max_abs=1.84638636e-07
LAYER attention dQ rel_l2=1.43293548e-07 max_abs=1.55471922e-08
LAYER attention dK rel_l2=1.46968101e-07 max_abs=1.4802016e-08
LAYER attention dV rel_l2=1.14510188e-07 max_abs=4.91894539e-08
LAYER post Y rel_l2=0 max_abs=0
LAYER post finite difference rel_l2=4.50622364e-11 max_abs=3.54560825e-12
LAYER post dY rel_l2=0 max_abs=0
LAYER post dV side rel_l2=0 max_abs=0
LAYER post dAlpha rel_l2=0 max_abs=0
LAYER post dGate rel_l2=4.3336817e-08 max_abs=5.58793545e-08
LAYER QKV backward rel_l2=4.60634374e-08 max_abs=5.44161991e-08
LAYER gain gradients rel_l2=4.01388254e-07 max_abs=3.76924078e-07
LAYER PASS evaluation=0 tokens=32 qk=128 v=128 paired=0 xsa=0 gate=1 tasks=3339 gains=0.893207,0.615449,0.538518
LAYER step=1 grad_scale=0.0078125 qkv_gain=1.25 o_gain=0 extra_gain=1
LAYER FP8 projection/product rel_l2=3.38515872e-08 max_abs=3.57627869e-07
LAYER FP8 projection/product rel_l2=0 max_abs=0
LAYER FP8 projection/product rel_l2=0 max_abs=0
LAYER BF16 projection/product rel_l2=0 max_abs=0
LAYER BF16 projection/product rel_l2=0 max_abs=0
LAYER BF16 projection/product rel_l2=7.17960055e-08 max_abs=1.1920929e-07
LAYER Q transform rel_l2=0 max_abs=0
LAYER K transform rel_l2=0 max_abs=0
LAYER V transform rel_l2=0 max_abs=0
LAYER attention Y rel_l2=6.81619352e-08 max_abs=3.96143801e-07
LAYER attention dQ rel_l2=0 max_abs=0
LAYER attention dK rel_l2=0 max_abs=0
LAYER attention dV rel_l2=0 max_abs=0
LAYER post Y rel_l2=0 max_abs=0
LAYER post finite difference rel_l2=0 max_abs=0
LAYER post dY rel_l2=0 max_abs=0
LAYER post dV side rel_l2=0 max_abs=0
LAYER post dAlpha rel_l2=0 max_abs=0
LAYER post dGate rel_l2=0 max_abs=0
LAYER QKV backward rel_l2=0 max_abs=0
LAYER gain gradients rel_l2=2.88040133e-07 max_abs=3.11395013e-07
LAYER PASS evaluation=0 tokens=32 qk=128 v=128 paired=0 xsa=0 gate=1 tasks=3339 gains=0,1.08108,0
LAYER post floor output rel_l2=0 max_abs=0
LAYER post floor dy rel_l2=0 max_abs=0
LAYER post floor dv rel_l2=0 max_abs=0
LAYER post floor alpha rel_l2=0 max_abs=0
LAYER post floor gate rel_l2=3.60833166e-08 max_abs=3.91155481e-08
LAYER post finite difference rel_l2=1.85895639e-10 max_abs=8.0913054e-12
POST FLOOR PASS width=64 magnitude=0
LAYER post floor output rel_l2=2.99250672e-08 max_abs=1.01800282e-07
LAYER post floor dy rel_l2=2.36107418e-08 max_abs=1.48746096e-08
LAYER post floor dv rel_l2=6.56801412e-08 max_abs=5.58414104e-06
LAYER post floor alpha rel_l2=8.63144635e-08 max_abs=2.8718971e-12
LAYER post floor gate rel_l2=7.29149566e-08 max_abs=6.45066693e-08
LAYER post finite difference rel_l2=5.78648031e-10 max_abs=4.29604707e-09
POST FLOOR PASS width=64 magnitude=1e-07
LAYER post floor output rel_l2=3.06891589e-08 max_abs=1.0314935e-07
LAYER post floor dy rel_l2=2.2906938e-08 max_abs=1.61864218e-08
LAYER post floor dv rel_l2=6.63425532e-08 max_abs=1.96870355e-05
LAYER post floor alpha rel_l2=7.96221705e-08 max_abs=1.15766821e-08
LAYER post floor gate rel_l2=7.02039541e-08 max_abs=8.38237441e-08
LAYER post finite difference rel_l2=7.75261111e-11 max_abs=2.43123299e-09
POST FLOOR PASS width=64 magnitude=0.0001
LAYER post floor output rel_l2=0 max_abs=0
LAYER post floor dy rel_l2=0 max_abs=0
LAYER post floor dv rel_l2=0 max_abs=0
LAYER post floor alpha rel_l2=0 max_abs=0
LAYER post floor gate rel_l2=5.05347909e-08 max_abs=4.84287739e-08
LAYER post finite difference rel_l2=3.58788573e-10 max_abs=2.40873987e-11
POST FLOOR PASS width=128 magnitude=0
LAYER post floor output rel_l2=3.0019841e-08 max_abs=1.25901957e-07
LAYER post floor dy rel_l2=2.29663259e-08 max_abs=1.45209163e-08
LAYER post floor dv rel_l2=6.62622887e-08 max_abs=6.89125616e-06
LAYER post floor alpha rel_l2=1.19717018e-07 max_abs=4.51562212e-12
LAYER post floor gate rel_l2=8.65931681e-08 max_abs=8.69950587e-08
LAYER post finite difference rel_l2=5.6660528e-10 max_abs=4.32228831e-09
POST FLOOR PASS width=128 magnitude=1e-07
LAYER post floor output rel_l2=3.05602996e-08 max_abs=1.24438105e-07
LAYER post floor dy rel_l2=2.3655224e-08 max_abs=1.52673232e-08
LAYER post floor dv rel_l2=6.47493137e-08 max_abs=1.58353694e-05
LAYER post floor alpha rel_l2=1.00940448e-07 max_abs=8.26714971e-09
LAYER post floor gate rel_l2=9.33086573e-08 max_abs=8.99286673e-08
LAYER post finite difference rel_l2=2.25150734e-10 max_abs=4.58210181e-09
POST FLOOR PASS width=128 magnitude=0.0001
PASS: connected attention layer, independent stage references and exact replay
========= ERROR SUMMARY: 0 errors
compute-sanitizer --tool racecheck --error-exitcode 1 ./layer --quick 
========= COMPUTE-SANITIZER
GPU[0]=NVIDIA H100 80GB HBM3 SMs=132 runtime=12080
LAYER CHECK reference_layer=0
LAYER step=0 grad_scale=0.00390625 qkv_gain=0.75 o_gain=0.875 extra_gain=1.125
LAYER FP8 projection/product rel_l2=1.95997252e-08 max_abs=1.1920929e-07
LAYER FP8 projection/product rel_l2=2.04752432e-08 max_abs=1.78813934e-07
LAYER FP8 projection/product rel_l2=3.9005578e-09 max_abs=5.96046448e-08
LAYER FP8 projection/product rel_l2=7.12811744e-08 max_abs=5.96046448e-08
LAYER BF16 projection/product rel_l2=7.66432854e-07 max_abs=1.43051147e-06
LAYER BF16 projection/product rel_l2=7.30200443e-07 max_abs=4.47034836e-07
LAYER BF16 projection/product rel_l2=3.5641326e-08 max_abs=5.96046448e-08
LAYER Q transform rel_l2=0 max_abs=0
LAYER K transform rel_l2=9.05934179e-11 max_abs=7.10133463e-09
LAYER V transform rel_l2=0 max_abs=0
LAYER attention Y rel_l2=7.04408041e-08 max_abs=1.07788632e-07
LAYER attention dQ rel_l2=1.46052786e-07 max_abs=2.68175559e-08
LAYER attention dK rel_l2=1.5345086e-07 max_abs=3.52583058e-08
LAYER attention dV rel_l2=1.15297899e-07 max_abs=8.42800131e-08
LAYER post Y rel_l2=0 max_abs=0
LAYER post finite difference rel_l2=2.46832064e-10 max_abs=1.59730007e-11
LAYER post dY rel_l2=0 max_abs=0
LAYER post dV side rel_l2=0 max_abs=0
LAYER post dAlpha rel_l2=0 max_abs=0
LAYER post dGate rel_l2=0 max_abs=0
LAYER QKV backward rel_l2=3.46992114e-08 max_abs=5.93591852e-08
LAYER gain gradients rel_l2=1.51436306e-07 max_abs=2.20090453e-07
LAYER PASS evaluation=0 tokens=16 qk=64 v=128 paired=1 xsa=0 gate=0 tasks=2415 gains=1.18879,1.17348,0.912707
LAYER step=1 grad_scale=0.0078125 qkv_gain=1.25 o_gain=0 extra_gain=0.875
LAYER FP8 projection/product rel_l2=1.80717422e-08 max_abs=1.78813934e-07
LAYER FP8 projection/product rel_l2=2.00476298e-08 max_abs=2.38418579e-07
LAYER FP8 projection/product rel_l2=0 max_abs=0
LAYER FP8 projection/product rel_l2=0 max_abs=0
LAYER BF16 projection/product rel_l2=0 max_abs=0
LAYER BF16 projection/product rel_l2=0 max_abs=0
LAYER BF16 projection/product rel_l2=3.57408016e-08 max_abs=1.1920929e-07
LAYER Q transform rel_l2=1.94649805e-07 max_abs=1.52587891e-05
LAYER K transform rel_l2=0 max_abs=0
LAYER V transform rel_l2=0 max_abs=0
LAYER attention Y rel_l2=6.31598085e-08 max_abs=1.88193891e-07
LAYER attention dQ rel_l2=0 max_abs=0
LAYER attention dK rel_l2=0 max_abs=0
LAYER attention dV rel_l2=0 max_abs=0
LAYER post Y rel_l2=0 max_abs=0
LAYER post finite difference rel_l2=0 max_abs=0
LAYER post dY rel_l2=0 max_abs=0
LAYER post dV side rel_l2=0 max_abs=0
LAYER post dAlpha rel_l2=0 max_abs=0
LAYER post dGate rel_l2=0 max_abs=0
LAYER QKV backward rel_l2=0 max_abs=0
LAYER gain gradients rel_l2=1.51157046e-07 max_abs=2.25142934e-07
LAYER PASS evaluation=0 tokens=16 qk=64 v=128 paired=1 xsa=0 gate=0 tasks=2415 gains=0,1.48946,0
LAYER CHECK reference_layer=1
LAYER step=0 grad_scale=0.00390625 qkv_gain=0.75 o_gain=0.875 extra_gain=1.125
LAYER FP8 projection/product rel_l2=3.50377165e-08 max_abs=1.78813934e-07
LAYER FP8 projection/product rel_l2=7.8388928e-09 max_abs=1.1920929e-07
LAYER FP8 projection/product rel_l2=5.43573835e-08 max_abs=5.96046448e-08
LAYER BF16 projection/product rel_l2=3.65332762e-07 max_abs=8.34465027e-07
LAYER BF16 projection/product rel_l2=7.2872947e-07 max_abs=4.76837158e-07
LAYER BF16 projection/product rel_l2=1.16246681e-07 max_abs=3.57627869e-07
LAYER Q transform rel_l2=0 max_abs=0
LAYER K transform rel_l2=4.35245593e-08 max_abs=7.62939453e-06
LAYER V transform rel_l2=0 max_abs=0
LAYER attention Y rel_l2=9.19356184e-08 max_abs=2.90415083e-07
LAYER attention dQ rel_l2=1.59643964e-07 max_abs=4.34072163e-08
LAYER attention dK rel_l2=1.78119669e-07 max_abs=4.03273816e-08
LAYER attention dV rel_l2=1.52478476e-07 max_abs=1.12573146e-07
LAYER post Y rel_l2=2.84683329e-08 max_abs=1.03651572e-07
LAYER post finite difference rel_l2=5.62671761e-08 max_abs=5.0572145e-09
LAYER post dY rel_l2=2.55341341e-08 max_abs=1.6043388e-08
LAYER post dV side rel_l2=7.76309995e-08 max_abs=2.69782699e-08
LAYER post dAlpha rel_l2=9.21731294e-08 max_abs=9.39028747e-08
LAYER post dGate rel_l2=0 max_abs=0
LAYER QKV backward rel_l2=4.35108466e-08 max_abs=9.31553853e-08
LAYER gain gradients rel_l2=5.58743323e-08 max_abs=4.2521242e-07
LAYER PASS evaluation=0 tokens=80 qk=64 v=64 paired=0 xsa=1 gate=0 tasks=2499 gains=1.50645,6.10158,4.74567
LAYER step=1 grad_scale=0.0078125 qkv_gain=1.25 o_gain=0 extra_gain=0.875
LAYER FP8 projection/product rel_l2=3.36245264e-08 max_abs=3.57627869e-07
LAYER FP8 projection/product rel_l2=0 max_abs=0
LAYER FP8 projection/product rel_l2=0 max_abs=0
LAYER BF16 projection/product rel_l2=0 max_abs=0
LAYER BF16 projection/product rel_l2=0 max_abs=0
LAYER BF16 projection/product rel_l2=1.17099083e-07 max_abs=4.76837158e-07
LAYER Q transform rel_l2=0 max_abs=0
LAYER K transform rel_l2=0 max_abs=0
LAYER V transform rel_l2=0 max_abs=0
LAYER attention Y rel_l2=9.50864268e-08 max_abs=3.17127291e-07
LAYER attention dQ rel_l2=0 max_abs=0
LAYER attention dK rel_l2=0 max_abs=0
LAYER attention dV rel_l2=0 max_abs=0
LAYER post Y rel_l2=2.93118752e-08 max_abs=1.66041965e-07
LAYER post finite difference rel_l2=0 max_abs=0
LAYER post dY rel_l2=0 max_abs=0
LAYER post dV side rel_l2=0 max_abs=0
LAYER post dAlpha rel_l2=0 max_abs=0
LAYER post dGate rel_l2=0 max_abs=0
LAYER QKV backward rel_l2=0 max_abs=0
LAYER gain gradients rel_l2=1.37526438e-07 max_abs=7.4694497e-07
LAYER PASS evaluation=0 tokens=80 qk=64 v=64 paired=0 xsa=1 gate=0 tasks=2499 gains=0,5.43128,0
LAYER CHECK reference_layer=2
LAYER step=0 grad_scale=0.00390625 qkv_gain=0.75 o_gain=0.875 extra_gain=1.125
LAYER FP8 projection/product rel_l2=3.1730639e-08 max_abs=2.38418579e-07
LAYER FP8 projection/product rel_l2=3.34623631e-08 max_abs=2.38418579e-07
LAYER FP8 projection/product rel_l2=6.33514308e-09 max_abs=5.96046448e-08
LAYER FP8 projection/product rel_l2=7.09053124e-08 max_abs=8.94069672e-08
LAYER BF16 projection/product rel_l2=7.4705293e-07 max_abs=1.66893005e-06
LAYER BF16 projection/product rel_l2=7.27824221e-07 max_abs=3.87430191e-07
LAYER BF16 projection/product rel_l2=5.70808966e-08 max_abs=1.78813934e-07
LAYER Q transform rel_l2=0 max_abs=0
LAYER K transform rel_l2=0 max_abs=0
LAYER V transform rel_l2=0 max_abs=0
LAYER attention Y rel_l2=8.89268062e-08 max_abs=2.2145326e-07
LAYER attention dQ rel_l2=1.58155333e-07 max_abs=4.17302575e-08
LAYER attention dK rel_l2=1.74671502e-07 max_abs=7.26893417e-08
LAYER attention dV rel_l2=1.40849155e-07 max_abs=1.08551039e-07
LAYER post Y rel_l2=0 max_abs=0
LAYER post finite difference rel_l2=1.71272211e-10 max_abs=2.93027824e-11
LAYER post dY rel_l2=0 max_abs=0
LAYER post dV side rel_l2=0 max_abs=0
LAYER post dAlpha rel_l2=0 max_abs=0
LAYER post dGate rel_l2=0 max_abs=0
LAYER QKV backward rel_l2=4.30403778e-08 max_abs=4.83995836e-08
LAYER gain gradients rel_l2=5.61291217e-08 max_abs=4.68672049e-07
LAYER PASS evaluation=0 tokens=32 qk=64 v=128 paired=1 xsa=0 gate=0 tasks=2607 gains=0.925956,-7.49602,-5.83024
LAYER step=1 grad_scale=0.0078125 qkv_gain=1.25 o_gain=0 extra_gain=0.875
LAYER FP8 projection/product rel_l2=3.08543526e-08 max_abs=2.38418579e-07
LAYER FP8 projection/product rel_l2=3.22285998e-08 max_abs=2.38418579e-07
LAYER FP8 projection/product rel_l2=0 max_abs=0
LAYER FP8 projection/product rel_l2=0 max_abs=0
LAYER BF16 projection/product rel_l2=0 max_abs=0
LAYER BF16 projection/product rel_l2=0 max_abs=0
LAYER BF16 projection/product rel_l2=5.73781154e-08 max_abs=1.78813934e-07
LAYER Q transform rel_l2=0 max_abs=0
LAYER K transform rel_l2=0 max_abs=0
LAYER V transform rel_l2=0 max_abs=0
LAYER attention Y rel_l2=8.54259625e-08 max_abs=3.07167384e-07
LAYER attention dQ rel_l2=0 max_abs=0
LAYER attention dK rel_l2=0 max_abs=0
LAYER attention dV rel_l2=0 max_abs=0
LAYER post Y rel_l2=0 max_abs=0
LAYER post finite difference rel_l2=0 max_abs=0
LAYER post dY rel_l2=0 max_abs=0
LAYER post dV side rel_l2=0 max_abs=0
LAYER post dAlpha rel_l2=0 max_abs=0
LAYER post dGate rel_l2=0 max_abs=0
LAYER QKV backward rel_l2=0 max_abs=0
LAYER gain gradients rel_l2=2.20469986e-07 max_abs=1.18481503e-06
LAYER PASS evaluation=0 tokens=32 qk=64 v=128 paired=1 xsa=0 gate=0 tasks=2607 gains=0,-5.37404,-0
LAYER CHECK reference_layer=3
LAYER step=0 grad_scale=0.00390625 qkv_gain=0.75 o_gain=0.875 extra_gain=1.125
LAYER FP8 projection/product rel_l2=3.44855726e-08 max_abs=1.78813934e-07
LAYER FP8 projection/product rel_l2=7.68927791e-09 max_abs=2.98023224e-08
LAYER FP8 projection/product rel_l2=8.4791764e-08 max_abs=4.47034836e-08
LAYER BF16 projection/product rel_l2=7.90070998e-07 max_abs=4.47034836e-07
LAYER BF16 projection/product rel_l2=7.31660526e-07 max_abs=4.76837158e-07
LAYER BF16 projection/product rel_l2=7.14184195e-08 max_abs=5.96046448e-08
LAYER Q transform rel_l2=8.46468544e-11 max_abs=1.32713467e-08
LAYER K transform rel_l2=0 max_abs=0
LAYER V transform rel_l2=0 max_abs=0
LAYER attention Y rel_l2=7.04930939e-08 max_abs=9.85256088e-08
LAYER attention dQ rel_l2=1.4183452e-07 max_abs=1.06731073e-08
LAYER attention dK rel_l2=1.44199964e-07 max_abs=9.73723655e-09
LAYER attention dV rel_l2=1.15477724e-07 max_abs=4.55080434e-08
LAYER post Y rel_l2=3.75503518e-08 max_abs=3.97920753e-08
LAYER post finite difference rel_l2=2.40111133e-08 max_abs=2.81525747e-09
LAYER post dY rel_l2=2.50549033e-08 max_abs=1.42680749e-08
LAYER post dV side rel_l2=8.71431962e-08 max_abs=7.30233741e-09
LAYER post dAlpha rel_l2=1.07187062e-07 max_abs=5.747419e-08
LAYER post dGate rel_l2=8.29500094e-08 max_abs=1.39297132e-07
LAYER QKV backward rel_l2=3.34753474e-08 max_abs=1.66217661e-08
LAYER gain gradients rel_l2=3.80355821e-07 max_abs=2.59474684e-07
LAYER PASS evaluation=0 tokens=32 qk=128 v=128 paired=0 xsa=1 gate=1 tasks=3339 gains=0.624809,0.50094,0.38962
LAYER step=1 grad_scale=0.0078125 qkv_gain=1.25 o_gain=0 extra_gain=0.875
LAYER FP8 projection/product rel_l2=3.38515872e-08 max_abs=3.57627869e-07
LAYER FP8 projection/product rel_l2=0 max_abs=0
LAYER FP8 projection/product rel_l2=0 max_abs=0
LAYER BF16 projection/product rel_l2=0 max_abs=0
LAYER BF16 projection/product rel_l2=0 max_abs=0
LAYER BF16 projection/product rel_l2=7.14467363e-08 max_abs=1.1920929e-07
LAYER Q transform rel_l2=0 max_abs=0
LAYER K transform rel_l2=0 max_abs=0
LAYER V transform rel_l2=0 max_abs=0
LAYER attention Y rel_l2=6.95203761e-08 max_abs=2.81447295e-07
LAYER attention dQ rel_l2=0 max_abs=0
LAYER attention dK rel_l2=0 max_abs=0
LAYER attention dV rel_l2=0 max_abs=0
LAYER post Y rel_l2=3.75460785e-08 max_abs=6.35466892e-08
LAYER post finite difference rel_l2=0 max_abs=0
LAYER post dY rel_l2=0 max_abs=0
LAYER post dV side rel_l2=0 max_abs=0
LAYER post dAlpha rel_l2=0 max_abs=0
LAYER post dGate rel_l2=0 max_abs=0
LAYER QKV backward rel_l2=0 max_abs=0
LAYER gain gradients rel_l2=1.32584191e-07 max_abs=8.62470007e-08
LAYER PASS evaluation=0 tokens=32 qk=128 v=128 paired=0 xsa=1 gate=1 tasks=3339 gains=0,0.650508,0
LAYER CHECK reference_layer=8
LAYER step=0 grad_scale=0.00390625 qkv_gain=0.75 o_gain=0.875 extra_gain=1.125
LAYER FP8 projection/product rel_l2=3.4093446e-08 max_abs=2.38418579e-07
LAYER FP8 projection/product rel_l2=4.66078926e-09 max_abs=5.96046448e-08
LAYER FP8 projection/product rel_l2=5.5068975e-08 max_abs=5.96046448e-08
LAYER BF16 projection/product rel_l2=3.21560126e-07 max_abs=5.36441803e-07
LAYER BF16 projection/product rel_l2=7.27792098e-07 max_abs=4.17232513e-07
LAYER BF16 projection/product rel_l2=3.33857885e-08 max_abs=1.1920929e-07
LAYER Q transform rel_l2=0 max_abs=0
LAYER K transform rel_l2=0 max_abs=0
LAYER V transform rel_l2=0 max_abs=0
LAYER attention Y rel_l2=5.55301303e-08 max_abs=1.96094485e-07
LAYER attention dQ rel_l2=1.73279382e-07 max_abs=4.61462371e-08
LAYER attention dK rel_l2=1.70234507e-07 max_abs=3.95190713e-08
LAYER attention dV rel_l2=8.26797795e-08 max_abs=6.38305552e-08
LAYER post Y rel_l2=0 max_abs=0
LAYER post finite difference rel_l2=1.11374605e-10 max_abs=3.19460014e-11
LAYER post dY rel_l2=0 max_abs=0
LAYER post dV side rel_l2=0 max_abs=0
LAYER post dAlpha rel_l2=0 max_abs=0
LAYER post dGate rel_l2=0 max_abs=0
LAYER QKV backward rel_l2=3.82064594e-08 max_abs=6.28423699e-08
LAYER gain gradients rel_l2=6.6678004e-08 max_abs=4.21409737e-07
LAYER PASS evaluation=0 tokens=16 qk=64 v=64 paired=0 xsa=0 gate=0 tasks=1683 gains=3.58236,6.49086,5.04844
LAYER step=1 grad_scale=0.0078125 qkv_gain=1.25 o_gain=0 extra_gain=0.875
LAYER FP8 projection/product rel_l2=3.28008155e-08 max_abs=2.38418579e-07
LAYER FP8 projection/product rel_l2=0 max_abs=0
LAYER FP8 projection/product rel_l2=0 max_abs=0
LAYER BF16 projection/product rel_l2=0 max_abs=0
LAYER BF16 projection/product rel_l2=0 max_abs=0
LAYER BF16 projection/product rel_l2=3.42301646e-08 max_abs=1.1920929e-07
LAYER Q transform rel_l2=0 max_abs=0
LAYER K transform rel_l2=0 max_abs=0
LAYER V transform rel_l2=0 max_abs=0
LAYER attention Y rel_l2=5.33186679e-08 max_abs=1.87166043e-07
LAYER attention dQ rel_l2=0 max_abs=0
LAYER attention dK rel_l2=0 max_abs=0
LAYER attention dV rel_l2=0 max_abs=0
LAYER post Y rel_l2=0 max_abs=0
LAYER post finite difference rel_l2=0 max_abs=0
LAYER post dY rel_l2=0 max_abs=0
LAYER post dV side rel_l2=0 max_abs=0
LAYER post dAlpha rel_l2=0 max_abs=0
LAYER post dGate rel_l2=0 max_abs=0
LAYER QKV backward rel_l2=0 max_abs=0
LAYER gain gradients rel_l2=1.26701479e-08 max_abs=8.42199199e-08
LAYER PASS evaluation=0 tokens=16 qk=64 v=64 paired=0 xsa=0 gate=0 tasks=1683 gains=0,6.64711,0
LAYER CHECK reference_layer=10
LAYER step=0 grad_scale=0.00390625 qkv_gain=0.75 o_gain=0.875 extra_gain=1
LAYER FP8 projection/product rel_l2=3.44855726e-08 max_abs=1.78813934e-07
LAYER FP8 projection/product rel_l2=8.89162368e-09 max_abs=2.98023224e-08
LAYER FP8 projection/product rel_l2=9.59845734e-08 max_abs=4.47034836e-08
LAYER BF16 projection/product rel_l2=7.9053973e-07 max_abs=7.15255737e-07
LAYER BF16 projection/product rel_l2=7.12154963e-07 max_abs=4.17232513e-07
LAYER BF16 projection/product rel_l2=7.13098247e-08 max_abs=8.94069672e-08
LAYER Q transform rel_l2=8.46468544e-11 max_abs=1.32713467e-08
LAYER K transform rel_l2=0 max_abs=0
LAYER V transform rel_l2=0 max_abs=0
LAYER attention Y rel_l2=6.99414694e-08 max_abs=1.84638636e-07
LAYER attention dQ rel_l2=1.43293548e-07 max_abs=1.55471922e-08
LAYER attention dK rel_l2=1.46968101e-07 max_abs=1.4802016e-08
LAYER attention dV rel_l2=1.14510188e-07 max_abs=4.91894539e-08
LAYER post Y rel_l2=0 max_abs=0
LAYER post finite difference rel_l2=4.50622364e-11 max_abs=3.54560825e-12
LAYER post dY rel_l2=0 max_abs=0
LAYER post dV side rel_l2=0 max_abs=0
LAYER post dAlpha rel_l2=0 max_abs=0
LAYER post dGate rel_l2=4.3336817e-08 max_abs=5.58793545e-08
LAYER QKV backward rel_l2=4.60634374e-08 max_abs=5.44161991e-08
LAYER gain gradients rel_l2=4.01388254e-07 max_abs=3.76924078e-07
LAYER PASS evaluation=0 tokens=32 qk=128 v=128 paired=0 xsa=0 gate=1 tasks=3339 gains=0.893207,0.615449,0.538518
LAYER step=1 grad_scale=0.0078125 qkv_gain=1.25 o_gain=0 extra_gain=1
LAYER FP8 projection/product rel_l2=3.38515872e-08 max_abs=3.57627869e-07
LAYER FP8 projection/product rel_l2=0 max_abs=0
LAYER FP8 projection/product rel_l2=0 max_abs=0
LAYER BF16 projection/product rel_l2=0 max_abs=0
LAYER BF16 projection/product rel_l2=0 max_abs=0
LAYER BF16 projection/product rel_l2=7.17960055e-08 max_abs=1.1920929e-07
LAYER Q transform rel_l2=0 max_abs=0
LAYER K transform rel_l2=0 max_abs=0
LAYER V transform rel_l2=0 max_abs=0
LAYER attention Y rel_l2=6.81619352e-08 max_abs=3.96143801e-07
LAYER attention dQ rel_l2=0 max_abs=0
LAYER attention dK rel_l2=0 max_abs=0
LAYER attention dV rel_l2=0 max_abs=0
LAYER post Y rel_l2=0 max_abs=0
LAYER post finite difference rel_l2=0 max_abs=0
LAYER post dY rel_l2=0 max_abs=0
LAYER post dV side rel_l2=0 max_abs=0
LAYER post dAlpha rel_l2=0 max_abs=0
LAYER post dGate rel_l2=0 max_abs=0
LAYER QKV backward rel_l2=0 max_abs=0
LAYER gain gradients rel_l2=2.88040133e-07 max_abs=3.11395013e-07
LAYER PASS evaluation=0 tokens=32 qk=128 v=128 paired=0 xsa=0 gate=1 tasks=3339 gains=0,1.08108,0
LAYER post floor output rel_l2=0 max_abs=0
LAYER post floor dy rel_l2=0 max_abs=0
LAYER post floor dv rel_l2=0 max_abs=0
LAYER post floor alpha rel_l2=0 max_abs=0
LAYER post floor gate rel_l2=3.60833166e-08 max_abs=3.91155481e-08
LAYER post finite difference rel_l2=1.85895639e-10 max_abs=8.0913054e-12
POST FLOOR PASS width=64 magnitude=0
LAYER post floor output rel_l2=2.99250672e-08 max_abs=1.01800282e-07
LAYER post floor dy rel_l2=2.36107418e-08 max_abs=1.48746096e-08
LAYER post floor dv rel_l2=6.56801412e-08 max_abs=5.58414104e-06
LAYER post floor alpha rel_l2=8.63144635e-08 max_abs=2.8718971e-12
LAYER post floor gate rel_l2=7.29149566e-08 max_abs=6.45066693e-08
LAYER post finite difference rel_l2=5.78648031e-10 max_abs=4.29604707e-09
POST FLOOR PASS width=64 magnitude=1e-07
LAYER post floor output rel_l2=3.06891589e-08 max_abs=1.0314935e-07
LAYER post floor dy rel_l2=2.2906938e-08 max_abs=1.61864218e-08
LAYER post floor dv rel_l2=6.63425532e-08 max_abs=1.96870355e-05
LAYER post floor alpha rel_l2=7.96221705e-08 max_abs=1.15766821e-08
LAYER post floor gate rel_l2=7.02039541e-08 max_abs=8.38237441e-08
LAYER post finite difference rel_l2=7.75261111e-11 max_abs=2.43123299e-09
POST FLOOR PASS width=64 magnitude=0.0001
LAYER post floor output rel_l2=0 max_abs=0
LAYER post floor dy rel_l2=0 max_abs=0
LAYER post floor dv rel_l2=0 max_abs=0
LAYER post floor alpha rel_l2=0 max_abs=0
LAYER post floor gate rel_l2=5.05347909e-08 max_abs=4.84287739e-08
LAYER post finite difference rel_l2=3.58788573e-10 max_abs=2.40873987e-11
POST FLOOR PASS width=128 magnitude=0
LAYER post floor output rel_l2=3.0019841e-08 max_abs=1.25901957e-07
LAYER post floor dy rel_l2=2.29663259e-08 max_abs=1.45209163e-08
LAYER post floor dv rel_l2=6.62622887e-08 max_abs=6.89125616e-06
LAYER post floor alpha rel_l2=1.19717018e-07 max_abs=4.51562212e-12
LAYER post floor gate rel_l2=8.65931681e-08 max_abs=8.69950587e-08
LAYER post finite difference rel_l2=5.6660528e-10 max_abs=4.32228831e-09
POST FLOOR PASS width=128 magnitude=1e-07
LAYER post floor output rel_l2=3.05602996e-08 max_abs=1.24438105e-07
LAYER post floor dy rel_l2=2.3655224e-08 max_abs=1.52673232e-08
LAYER post floor dv rel_l2=6.47493137e-08 max_abs=1.58353694e-05
LAYER post floor alpha rel_l2=1.00940448e-07 max_abs=8.26714971e-09
LAYER post floor gate rel_l2=9.33086573e-08 max_abs=8.99286673e-08
LAYER post finite difference rel_l2=2.25150734e-10 max_abs=4.58210181e-09
POST FLOOR PASS width=128 magnitude=0.0001
PASS: connected attention layer, independent stage references and exact replay
========= RACECHECK SUMMARY: 0 hazards displayed (0 errors, 0 warnings)
compute-sanitizer --tool synccheck --error-exitcode 1 ./layer --quick 
========= COMPUTE-SANITIZER
GPU[0]=NVIDIA H100 80GB HBM3 SMs=132 runtime=12080
LAYER CHECK reference_layer=0
LAYER step=0 grad_scale=0.00390625 qkv_gain=0.75 o_gain=0.875 extra_gain=1.125
LAYER FP8 projection/product rel_l2=1.95997252e-08 max_abs=1.1920929e-07
LAYER FP8 projection/product rel_l2=2.04752432e-08 max_abs=1.78813934e-07
LAYER FP8 projection/product rel_l2=3.9005578e-09 max_abs=5.96046448e-08
LAYER FP8 projection/product rel_l2=7.12811744e-08 max_abs=5.96046448e-08
LAYER BF16 projection/product rel_l2=7.66432854e-07 max_abs=1.43051147e-06
LAYER BF16 projection/product rel_l2=7.30200443e-07 max_abs=4.47034836e-07
LAYER BF16 projection/product rel_l2=3.5641326e-08 max_abs=5.96046448e-08
LAYER Q transform rel_l2=0 max_abs=0
LAYER K transform rel_l2=9.05934179e-11 max_abs=7.10133463e-09
LAYER V transform rel_l2=0 max_abs=0
LAYER attention Y rel_l2=7.04408041e-08 max_abs=1.07788632e-07
LAYER attention dQ rel_l2=1.46052786e-07 max_abs=2.68175559e-08
LAYER attention dK rel_l2=1.5345086e-07 max_abs=3.52583058e-08
LAYER attention dV rel_l2=1.15297899e-07 max_abs=8.42800131e-08
LAYER post Y rel_l2=0 max_abs=0
LAYER post finite difference rel_l2=2.46832064e-10 max_abs=1.59730007e-11
LAYER post dY rel_l2=0 max_abs=0
LAYER post dV side rel_l2=0 max_abs=0
LAYER post dAlpha rel_l2=0 max_abs=0
LAYER post dGate rel_l2=0 max_abs=0
LAYER QKV backward rel_l2=3.46992114e-08 max_abs=5.93591852e-08
LAYER gain gradients rel_l2=1.51436306e-07 max_abs=2.20090453e-07
LAYER PASS evaluation=0 tokens=16 qk=64 v=128 paired=1 xsa=0 gate=0 tasks=2415 gains=1.18879,1.17348,0.912707
LAYER step=1 grad_scale=0.0078125 qkv_gain=1.25 o_gain=0 extra_gain=0.875
LAYER FP8 projection/product rel_l2=1.80717422e-08 max_abs=1.78813934e-07
LAYER FP8 projection/product rel_l2=2.00476298e-08 max_abs=2.38418579e-07
LAYER FP8 projection/product rel_l2=0 max_abs=0
LAYER FP8 projection/product rel_l2=0 max_abs=0
LAYER BF16 projection/product rel_l2=0 max_abs=0
LAYER BF16 projection/product rel_l2=0 max_abs=0
LAYER BF16 projection/product rel_l2=3.57408016e-08 max_abs=1.1920929e-07
LAYER Q transform rel_l2=1.94649805e-07 max_abs=1.52587891e-05
LAYER K transform rel_l2=0 max_abs=0
LAYER V transform rel_l2=0 max_abs=0
LAYER attention Y rel_l2=6.31598085e-08 max_abs=1.88193891e-07
LAYER attention dQ rel_l2=0 max_abs=0
LAYER attention dK rel_l2=0 max_abs=0
LAYER attention dV rel_l2=0 max_abs=0
LAYER post Y rel_l2=0 max_abs=0
LAYER post finite difference rel_l2=0 max_abs=0
LAYER post dY rel_l2=0 max_abs=0
LAYER post dV side rel_l2=0 max_abs=0
LAYER post dAlpha rel_l2=0 max_abs=0
LAYER post dGate rel_l2=0 max_abs=0
LAYER QKV backward rel_l2=0 max_abs=0
LAYER gain gradients rel_l2=1.51157046e-07 max_abs=2.25142934e-07
LAYER PASS evaluation=0 tokens=16 qk=64 v=128 paired=1 xsa=0 gate=0 tasks=2415 gains=0,1.48946,0
LAYER CHECK reference_layer=1
LAYER step=0 grad_scale=0.00390625 qkv_gain=0.75 o_gain=0.875 extra_gain=1.125
LAYER FP8 projection/product rel_l2=3.50377165e-08 max_abs=1.78813934e-07
LAYER FP8 projection/product rel_l2=7.8388928e-09 max_abs=1.1920929e-07
LAYER FP8 projection/product rel_l2=5.43573835e-08 max_abs=5.96046448e-08
LAYER BF16 projection/product rel_l2=3.65332762e-07 max_abs=8.34465027e-07
LAYER BF16 projection/product rel_l2=7.2872947e-07 max_abs=4.76837158e-07
LAYER BF16 projection/product rel_l2=1.16246681e-07 max_abs=3.57627869e-07
LAYER Q transform rel_l2=0 max_abs=0
LAYER K transform rel_l2=4.35245593e-08 max_abs=7.62939453e-06
LAYER V transform rel_l2=0 max_abs=0
LAYER attention Y rel_l2=9.19356184e-08 max_abs=2.90415083e-07
LAYER attention dQ rel_l2=1.59643964e-07 max_abs=4.34072163e-08
LAYER attention dK rel_l2=1.78119669e-07 max_abs=4.03273816e-08
LAYER attention dV rel_l2=1.52478476e-07 max_abs=1.12573146e-07
LAYER post Y rel_l2=2.84683329e-08 max_abs=1.03651572e-07
LAYER post finite difference rel_l2=5.62671761e-08 max_abs=5.0572145e-09
LAYER post dY rel_l2=2.55341341e-08 max_abs=1.6043388e-08
LAYER post dV side rel_l2=7.76309995e-08 max_abs=2.69782699e-08
LAYER post dAlpha rel_l2=9.21731294e-08 max_abs=9.39028747e-08
LAYER post dGate rel_l2=0 max_abs=0
LAYER QKV backward rel_l2=4.35108466e-08 max_abs=9.31553853e-08
LAYER gain gradients rel_l2=5.58743323e-08 max_abs=4.2521242e-07
LAYER PASS evaluation=0 tokens=80 qk=64 v=64 paired=0 xsa=1 gate=0 tasks=2499 gains=1.50645,6.10158,4.74567
LAYER step=1 grad_scale=0.0078125 qkv_gain=1.25 o_gain=0 extra_gain=0.875
LAYER FP8 projection/product rel_l2=3.36245264e-08 max_abs=3.57627869e-07
LAYER FP8 projection/product rel_l2=0 max_abs=0
LAYER FP8 projection/product rel_l2=0 max_abs=0
LAYER BF16 projection/product rel_l2=0 max_abs=0
LAYER BF16 projection/product rel_l2=0 max_abs=0
LAYER BF16 projection/product rel_l2=1.17099083e-07 max_abs=4.76837158e-07
LAYER Q transform rel_l2=0 max_abs=0
LAYER K transform rel_l2=0 max_abs=0
LAYER V transform rel_l2=0 max_abs=0
LAYER attention Y rel_l2=9.50864268e-08 max_abs=3.17127291e-07
LAYER attention dQ rel_l2=0 max_abs=0
LAYER attention dK rel_l2=0 max_abs=0
LAYER attention dV rel_l2=0 max_abs=0
LAYER post Y rel_l2=2.93118752e-08 max_abs=1.66041965e-07
LAYER post finite difference rel_l2=0 max_abs=0
LAYER post dY rel_l2=0 max_abs=0
LAYER post dV side rel_l2=0 max_abs=0
LAYER post dAlpha rel_l2=0 max_abs=0
LAYER post dGate rel_l2=0 max_abs=0
LAYER QKV backward rel_l2=0 max_abs=0
LAYER gain gradients rel_l2=1.37526438e-07 max_abs=7.4694497e-07
LAYER PASS evaluation=0 tokens=80 qk=64 v=64 paired=0 xsa=1 gate=0 tasks=2499 gains=0,5.43128,0
LAYER CHECK reference_layer=2
LAYER step=0 grad_scale=0.00390625 qkv_gain=0.75 o_gain=0.875 extra_gain=1.125
LAYER FP8 projection/product rel_l2=3.1730639e-08 max_abs=2.38418579e-07
LAYER FP8 projection/product rel_l2=3.34623631e-08 max_abs=2.38418579e-07
LAYER FP8 projection/product rel_l2=6.33514308e-09 max_abs=5.96046448e-08
LAYER FP8 projection/product rel_l2=7.09053124e-08 max_abs=8.94069672e-08
LAYER BF16 projection/product rel_l2=7.4705293e-07 max_abs=1.66893005e-06
LAYER BF16 projection/product rel_l2=7.27824221e-07 max_abs=3.87430191e-07
LAYER BF16 projection/product rel_l2=5.70808966e-08 max_abs=1.78813934e-07
LAYER Q transform rel_l2=0 max_abs=0
LAYER K transform rel_l2=0 max_abs=0
LAYER V transform rel_l2=0 max_abs=0
LAYER attention Y rel_l2=8.89268062e-08 max_abs=2.2145326e-07
LAYER attention dQ rel_l2=1.58155333e-07 max_abs=4.17302575e-08
LAYER attention dK rel_l2=1.74671502e-07 max_abs=7.26893417e-08
LAYER attention dV rel_l2=1.40849155e-07 max_abs=1.08551039e-07
LAYER post Y rel_l2=0 max_abs=0
LAYER post finite difference rel_l2=1.71272211e-10 max_abs=2.93027824e-11
LAYER post dY rel_l2=0 max_abs=0
LAYER post dV side rel_l2=0 max_abs=0
LAYER post dAlpha rel_l2=0 max_abs=0
LAYER post dGate rel_l2=0 max_abs=0
LAYER QKV backward rel_l2=4.30403778e-08 max_abs=4.83995836e-08
LAYER gain gradients rel_l2=5.61291217e-08 max_abs=4.68672049e-07
LAYER PASS evaluation=0 tokens=32 qk=64 v=128 paired=1 xsa=0 gate=0 tasks=2607 gains=0.925956,-7.49602,-5.83024
LAYER step=1 grad_scale=0.0078125 qkv_gain=1.25 o_gain=0 extra_gain=0.875
LAYER FP8 projection/product rel_l2=3.08543526e-08 max_abs=2.38418579e-07
LAYER FP8 projection/product rel_l2=3.22285998e-08 max_abs=2.38418579e-07
LAYER FP8 projection/product rel_l2=0 max_abs=0
LAYER FP8 projection/product rel_l2=0 max_abs=0
LAYER BF16 projection/product rel_l2=0 max_abs=0
LAYER BF16 projection/product rel_l2=0 max_abs=0
LAYER BF16 projection/product rel_l2=5.73781154e-08 max_abs=1.78813934e-07
LAYER Q transform rel_l2=0 max_abs=0
LAYER K transform rel_l2=0 max_abs=0
LAYER V transform rel_l2=0 max_abs=0
LAYER attention Y rel_l2=8.54259625e-08 max_abs=3.07167384e-07
LAYER attention dQ rel_l2=0 max_abs=0
LAYER attention dK rel_l2=0 max_abs=0
LAYER attention dV rel_l2=0 max_abs=0
LAYER post Y rel_l2=0 max_abs=0
LAYER post finite difference rel_l2=0 max_abs=0
LAYER post dY rel_l2=0 max_abs=0
LAYER post dV side rel_l2=0 max_abs=0
LAYER post dAlpha rel_l2=0 max_abs=0
LAYER post dGate rel_l2=0 max_abs=0
LAYER QKV backward rel_l2=0 max_abs=0
LAYER gain gradients rel_l2=2.20469986e-07 max_abs=1.18481503e-06
LAYER PASS evaluation=0 tokens=32 qk=64 v=128 paired=1 xsa=0 gate=0 tasks=2607 gains=0,-5.37404,-0
LAYER CHECK reference_layer=3
LAYER step=0 grad_scale=0.00390625 qkv_gain=0.75 o_gain=0.875 extra_gain=1.125
LAYER FP8 projection/product rel_l2=3.44855726e-08 max_abs=1.78813934e-07
LAYER FP8 projection/product rel_l2=7.68927791e-09 max_abs=2.98023224e-08
LAYER FP8 projection/product rel_l2=8.4791764e-08 max_abs=4.47034836e-08
LAYER BF16 projection/product rel_l2=7.90070998e-07 max_abs=4.47034836e-07
LAYER BF16 projection/product rel_l2=7.31660526e-07 max_abs=4.76837158e-07
LAYER BF16 projection/product rel_l2=7.14184195e-08 max_abs=5.96046448e-08
LAYER Q transform rel_l2=8.46468544e-11 max_abs=1.32713467e-08
LAYER K transform rel_l2=0 max_abs=0
LAYER V transform rel_l2=0 max_abs=0
LAYER attention Y rel_l2=7.04930939e-08 max_abs=9.85256088e-08
LAYER attention dQ rel_l2=1.4183452e-07 max_abs=1.06731073e-08
LAYER attention dK rel_l2=1.44199964e-07 max_abs=9.73723655e-09
LAYER attention dV rel_l2=1.15477724e-07 max_abs=4.55080434e-08
LAYER post Y rel_l2=3.75503518e-08 max_abs=3.97920753e-08
LAYER post finite difference rel_l2=2.40111133e-08 max_abs=2.81525747e-09
LAYER post dY rel_l2=2.50549033e-08 max_abs=1.42680749e-08
LAYER post dV side rel_l2=8.71431962e-08 max_abs=7.30233741e-09
LAYER post dAlpha rel_l2=1.07187062e-07 max_abs=5.747419e-08
LAYER post dGate rel_l2=8.29500094e-08 max_abs=1.39297132e-07
LAYER QKV backward rel_l2=3.34753474e-08 max_abs=1.66217661e-08
LAYER gain gradients rel_l2=3.80355821e-07 max_abs=2.59474684e-07
LAYER PASS evaluation=0 tokens=32 qk=128 v=128 paired=0 xsa=1 gate=1 tasks=3339 gains=0.624809,0.50094,0.38962
LAYER step=1 grad_scale=0.0078125 qkv_gain=1.25 o_gain=0 extra_gain=0.875
LAYER FP8 projection/product rel_l2=3.38515872e-08 max_abs=3.57627869e-07
LAYER FP8 projection/product rel_l2=0 max_abs=0
LAYER FP8 projection/product rel_l2=0 max_abs=0
LAYER BF16 projection/product rel_l2=0 max_abs=0
LAYER BF16 projection/product rel_l2=0 max_abs=0
LAYER BF16 projection/product rel_l2=7.14467363e-08 max_abs=1.1920929e-07
LAYER Q transform rel_l2=0 max_abs=0
LAYER K transform rel_l2=0 max_abs=0
LAYER V transform rel_l2=0 max_abs=0
LAYER attention Y rel_l2=6.95203761e-08 max_abs=2.81447295e-07
LAYER attention dQ rel_l2=0 max_abs=0
LAYER attention dK rel_l2=0 max_abs=0
LAYER attention dV rel_l2=0 max_abs=0
LAYER post Y rel_l2=3.75460785e-08 max_abs=6.35466892e-08
LAYER post finite difference rel_l2=0 max_abs=0
LAYER post dY rel_l2=0 max_abs=0
LAYER post dV side rel_l2=0 max_abs=0
LAYER post dAlpha rel_l2=0 max_abs=0
LAYER post dGate rel_l2=0 max_abs=0
LAYER QKV backward rel_l2=0 max_abs=0
LAYER gain gradients rel_l2=1.32584191e-07 max_abs=8.62470007e-08
LAYER PASS evaluation=0 tokens=32 qk=128 v=128 paired=0 xsa=1 gate=1 tasks=3339 gains=0,0.650508,0
LAYER CHECK reference_layer=8
LAYER step=0 grad_scale=0.00390625 qkv_gain=0.75 o_gain=0.875 extra_gain=1.125
LAYER FP8 projection/product rel_l2=3.4093446e-08 max_abs=2.38418579e-07
LAYER FP8 projection/product rel_l2=4.66078926e-09 max_abs=5.96046448e-08
LAYER FP8 projection/product rel_l2=5.5068975e-08 max_abs=5.96046448e-08
LAYER BF16 projection/product rel_l2=3.21560126e-07 max_abs=5.36441803e-07
LAYER BF16 projection/product rel_l2=7.27792098e-07 max_abs=4.17232513e-07
LAYER BF16 projection/product rel_l2=3.33857885e-08 max_abs=1.1920929e-07
LAYER Q transform rel_l2=0 max_abs=0
LAYER K transform rel_l2=0 max_abs=0
LAYER V transform rel_l2=0 max_abs=0
LAYER attention Y rel_l2=5.55301303e-08 max_abs=1.96094485e-07
LAYER attention dQ rel_l2=1.73279382e-07 max_abs=4.61462371e-08
LAYER attention dK rel_l2=1.70234507e-07 max_abs=3.95190713e-08
LAYER attention dV rel_l2=8.26797795e-08 max_abs=6.38305552e-08
LAYER post Y rel_l2=0 max_abs=0
LAYER post finite difference rel_l2=1.11374605e-10 max_abs=3.19460014e-11
LAYER post dY rel_l2=0 max_abs=0
LAYER post dV side rel_l2=0 max_abs=0
LAYER post dAlpha rel_l2=0 max_abs=0
LAYER post dGate rel_l2=0 max_abs=0
LAYER QKV backward rel_l2=3.82064594e-08 max_abs=6.28423699e-08
LAYER gain gradients rel_l2=6.6678004e-08 max_abs=4.21409737e-07
LAYER PASS evaluation=0 tokens=16 qk=64 v=64 paired=0 xsa=0 gate=0 tasks=1683 gains=3.58236,6.49086,5.04844
LAYER step=1 grad_scale=0.0078125 qkv_gain=1.25 o_gain=0 extra_gain=0.875
LAYER FP8 projection/product rel_l2=3.28008155e-08 max_abs=2.38418579e-07
LAYER FP8 projection/product rel_l2=0 max_abs=0
LAYER FP8 projection/product rel_l2=0 max_abs=0
LAYER BF16 projection/product rel_l2=0 max_abs=0
LAYER BF16 projection/product rel_l2=0 max_abs=0
LAYER BF16 projection/product rel_l2=3.42301646e-08 max_abs=1.1920929e-07
LAYER Q transform rel_l2=0 max_abs=0
LAYER K transform rel_l2=0 max_abs=0
LAYER V transform rel_l2=0 max_abs=0
LAYER attention Y rel_l2=5.33186679e-08 max_abs=1.87166043e-07
LAYER attention dQ rel_l2=0 max_abs=0
LAYER attention dK rel_l2=0 max_abs=0
LAYER attention dV rel_l2=0 max_abs=0
LAYER post Y rel_l2=0 max_abs=0
LAYER post finite difference rel_l2=0 max_abs=0
LAYER post dY rel_l2=0 max_abs=0
LAYER post dV side rel_l2=0 max_abs=0
LAYER post dAlpha rel_l2=0 max_abs=0
LAYER post dGate rel_l2=0 max_abs=0
LAYER QKV backward rel_l2=0 max_abs=0
LAYER gain gradients rel_l2=1.26701479e-08 max_abs=8.42199199e-08
LAYER PASS evaluation=0 tokens=16 qk=64 v=64 paired=0 xsa=0 gate=0 tasks=1683 gains=0,6.64711,0
LAYER CHECK reference_layer=10
LAYER step=0 grad_scale=0.00390625 qkv_gain=0.75 o_gain=0.875 extra_gain=1
LAYER FP8 projection/product rel_l2=3.44855726e-08 max_abs=1.78813934e-07
LAYER FP8 projection/product rel_l2=8.89162368e-09 max_abs=2.98023224e-08
LAYER FP8 projection/product rel_l2=9.59845734e-08 max_abs=4.47034836e-08
LAYER BF16 projection/product rel_l2=7.9053973e-07 max_abs=7.15255737e-07
LAYER BF16 projection/product rel_l2=7.12154963e-07 max_abs=4.17232513e-07
LAYER BF16 projection/product rel_l2=7.13098247e-08 max_abs=8.94069672e-08
LAYER Q transform rel_l2=8.46468544e-11 max_abs=1.32713467e-08
LAYER K transform rel_l2=0 max_abs=0
LAYER V transform rel_l2=0 max_abs=0
LAYER attention Y rel_l2=6.99414694e-08 max_abs=1.84638636e-07
LAYER attention dQ rel_l2=1.43293548e-07 max_abs=1.55471922e-08
LAYER attention dK rel_l2=1.46968101e-07 max_abs=1.4802016e-08
LAYER attention dV rel_l2=1.14510188e-07 max_abs=4.91894539e-08
LAYER post Y rel_l2=0 max_abs=0
LAYER post finite difference rel_l2=4.50622364e-11 max_abs=3.54560825e-12
LAYER post dY rel_l2=0 max_abs=0
LAYER post dV side rel_l2=0 max_abs=0
LAYER post dAlpha rel_l2=0 max_abs=0
LAYER post dGate rel_l2=4.3336817e-08 max_abs=5.58793545e-08
LAYER QKV backward rel_l2=4.60634374e-08 max_abs=5.44161991e-08
LAYER gain gradients rel_l2=4.01388254e-07 max_abs=3.76924078e-07
LAYER PASS evaluation=0 tokens=32 qk=128 v=128 paired=0 xsa=0 gate=1 tasks=3339 gains=0.893207,0.615449,0.538518
LAYER step=1 grad_scale=0.0078125 qkv_gain=1.25 o_gain=0 extra_gain=1
LAYER FP8 projection/product rel_l2=3.38515872e-08 max_abs=3.57627869e-07
LAYER FP8 projection/product rel_l2=0 max_abs=0
LAYER FP8 projection/product rel_l2=0 max_abs=0
LAYER BF16 projection/product rel_l2=0 max_abs=0
LAYER BF16 projection/product rel_l2=0 max_abs=0
LAYER BF16 projection/product rel_l2=7.17960055e-08 max_abs=1.1920929e-07
LAYER Q transform rel_l2=0 max_abs=0
LAYER K transform rel_l2=0 max_abs=0
LAYER V transform rel_l2=0 max_abs=0
LAYER attention Y rel_l2=6.81619352e-08 max_abs=3.96143801e-07
LAYER attention dQ rel_l2=0 max_abs=0
LAYER attention dK rel_l2=0 max_abs=0
LAYER attention dV rel_l2=0 max_abs=0
LAYER post Y rel_l2=0 max_abs=0
LAYER post finite difference rel_l2=0 max_abs=0
LAYER post dY rel_l2=0 max_abs=0
LAYER post dV side rel_l2=0 max_abs=0
LAYER post dAlpha rel_l2=0 max_abs=0
LAYER post dGate rel_l2=0 max_abs=0
LAYER QKV backward rel_l2=0 max_abs=0
LAYER gain gradients rel_l2=2.88040133e-07 max_abs=3.11395013e-07
LAYER PASS evaluation=0 tokens=32 qk=128 v=128 paired=0 xsa=0 gate=1 tasks=3339 gains=0,1.08108,0
LAYER post floor output rel_l2=0 max_abs=0
LAYER post floor dy rel_l2=0 max_abs=0
LAYER post floor dv rel_l2=0 max_abs=0
LAYER post floor alpha rel_l2=0 max_abs=0
LAYER post floor gate rel_l2=3.60833166e-08 max_abs=3.91155481e-08
LAYER post finite difference rel_l2=1.85895639e-10 max_abs=8.0913054e-12
POST FLOOR PASS width=64 magnitude=0
LAYER post floor output rel_l2=2.99250672e-08 max_abs=1.01800282e-07
LAYER post floor dy rel_l2=2.36107418e-08 max_abs=1.48746096e-08
LAYER post floor dv rel_l2=6.56801412e-08 max_abs=5.58414104e-06
LAYER post floor alpha rel_l2=8.63144635e-08 max_abs=2.8718971e-12
LAYER post floor gate rel_l2=7.29149566e-08 max_abs=6.45066693e-08
LAYER post finite difference rel_l2=5.78648031e-10 max_abs=4.29604707e-09
POST FLOOR PASS width=64 magnitude=1e-07
LAYER post floor output rel_l2=3.06891589e-08 max_abs=1.0314935e-07
LAYER post floor dy rel_l2=2.2906938e-08 max_abs=1.61864218e-08
LAYER post floor dv rel_l2=6.63425532e-08 max_abs=1.96870355e-05
LAYER post floor alpha rel_l2=7.96221705e-08 max_abs=1.15766821e-08
LAYER post floor gate rel_l2=7.02039541e-08 max_abs=8.38237441e-08
LAYER post finite difference rel_l2=7.75261111e-11 max_abs=2.43123299e-09
POST FLOOR PASS width=64 magnitude=0.0001
LAYER post floor output rel_l2=0 max_abs=0
LAYER post floor dy rel_l2=0 max_abs=0
LAYER post floor dv rel_l2=0 max_abs=0
LAYER post floor alpha rel_l2=0 max_abs=0
LAYER post floor gate rel_l2=5.05347909e-08 max_abs=4.84287739e-08
LAYER post finite difference rel_l2=3.58788573e-10 max_abs=2.40873987e-11
POST FLOOR PASS width=128 magnitude=0
LAYER post floor output rel_l2=3.0019841e-08 max_abs=1.25901957e-07
LAYER post floor dy rel_l2=2.29663259e-08 max_abs=1.45209163e-08
LAYER post floor dv rel_l2=6.62622887e-08 max_abs=6.89125616e-06
LAYER post floor alpha rel_l2=1.19717018e-07 max_abs=4.51562212e-12
LAYER post floor gate rel_l2=8.65931681e-08 max_abs=8.69950587e-08
LAYER post finite difference rel_l2=5.6660528e-10 max_abs=4.32228831e-09
POST FLOOR PASS width=128 magnitude=1e-07
LAYER post floor output rel_l2=3.05602996e-08 max_abs=1.24438105e-07
LAYER post floor dy rel_l2=2.3655224e-08 max_abs=1.52673232e-08
LAYER post floor dv rel_l2=6.47493137e-08 max_abs=1.58353694e-05
LAYER post floor alpha rel_l2=1.00940448e-07 max_abs=8.26714971e-09
LAYER post floor gate rel_l2=9.33086573e-08 max_abs=8.99286673e-08
LAYER post finite difference rel_l2=2.25150734e-10 max_abs=4.58210181e-09
POST FLOOR PASS width=128 magnitude=0.0001
PASS: connected attention layer, independent stage references and exact replay
========= ERROR SUMMARY: 0 errors
make: Leaving directory '/workspace/cuda'

Static SASS instruction counts for _ZN4nano10megakernelILb0ELb0ELb1ELb1ELb0ELb1ELb0EEEvNS_5GraphE: {'HMMA': 56, 'HGMMA': 0, 'LDGSTS': 56, 'LDL': 1, 'STL': 1}
Static SASS instruction counts for _ZN4nano10megakernelILb0ELb0ELb1ELb1ELb1ELb1ELb0EEEvNS_5GraphE: {'HMMA': 56, 'HGMMA': 0, 'LDGSTS': 56, 'LDL': 0, 'STL': 0}