sha256 8a2e8f6d5dc1140b9375525a9c54406ac9a9d74556f909da5be07cc94dd50014 Makefile
sha256 489a50ab144cd30e1e42d2029754c92de2ef09a2051f1a6034f9fe840fc8d2c2 anvil.cu
sha256 1dc9217e8b64c5b061aff94ec81e26279bf1a64c9d3cc8386cc97568adc41936 anvil.cuh
sha256 96d97e1fdc6596c83415a4d0ceff7138686ea3c1aecf1c99b8d8f28d38690409 anvil_graph.cuh
sha256 5a55ce388ca131f3fcac75df07010da61a2899a0889e3f04028c49b655639607 attention.cu
sha256 e812d0893018744a951d04067f35048daff4799b3f4404eb146ba669f81f4d45 attention.cuh
sha256 dddedc9fe55b96a0e67e8a3b2f46adc55317e34af0d20278914fe0cd819566cf attention_layer.cu
sha256 695c4567bd0491798eca2523d60012dfb9b59e3e22e925826af6260032b9e585 attention_layer.cuh
sha256 d150c6816360a510f69d26627bd4efa712e46f182c78771f531ea1c9d6ab75ff attention_layer_reference.cuh
sha256 e8c9d493882f43781cb0cf48e1ae59a39c3d87f2901a33c07d3b52c30e092220 attention_post.cuh
sha256 7bae7cc6d4defc9026d5882b9e970dc184b2ff492d6735c7f67f40403dcfc239 attention_reference.cuh
sha256 27d710da211d259c85d64fbbd7db383565758285686f078ee7b90fea38a70c6d bench.cuh
sha256 a1239425b438fa85c0628a25decee76f394162bc6c3aae2cfa03cc6e5fd1c3d9 bf16.cu
sha256 538793c348108ea29c361401d86cd7855e8b16db9f441ec824bbd6b4f927e12b bf16_gemm.cuh
sha256 6eb043b0deec41825720d6ba638468d9aec856a01cb2b9dec6c23a28ffe49a81 frontier.cuh
sha256 6c7816f88d3635a7a72d3db3eb5fb7b09dd04f5350db0b76e7769ec0b570e361 hopper.cuh
sha256 37cff44cfee07a18bc64f7d901559a8d2b848b3491460ce7db4682557d0b11ec megakernel.cuh
sha256 2cfe05bf690ca0783fddd52ff5337f292baff00fd328c5d851d55264aadddf36 qkv.cuh
sha256 cef57ceb07ba44e55effc962c75d7f96485a7f1b80a5555438c99016553708d9 quantize.cu
sha256 f2bff3dccf7c4d0f34cf0013fecc638bf73931d93eb069f5791551950ad2a43b tokenizer.cpp
sha256 6162af3343d30737858843abf1b3e930bee0e4af510aa75df73a810816d39da9 transport.cu
sha256 4c74b0dba9a3a754d4fff90f9cab402ed715067484f50079efdc703ddb8ef6fe validate.cu
$ nvidia-smi
Sat Sep 19 05:09:49 2026       
+-----------------------------------------------------------------------------------------+
| NVIDIA-SMI 580.95.05              Driver Version: 580.95.05      CUDA Version: 13.0     |
+-----------------------------------------+------------------------+----------------------+
| GPU  Name                 Persistence-M | Bus-Id          Disp.A | Volatile Uncorr. ECC |
| Fan  Temp   Perf          Pwr:Usage/Cap |           Memory-Usage | GPU-Util  Compute M. |
|                                         |                        |               MIG M. |
|=========================================+========================+======================|
|   0  NVIDIA H100 80GB HBM3          On  |   00000000:00:0D.0 Off |                    0 |
| N/A   23C    P0             72W /  700W |       4MiB /  81559MiB |      0%      Default |
|                                         |                        |             Disabled |
+-----------------------------------------+------------------------+----------------------+

+-----------------------------------------------------------------------------------------+
| Processes:                                                                              |
|  GPU   GI   CI              PID   Type   Process name                        GPU Memory |
|        ID   ID                                                               Usage      |
|=========================================================================================|
|  No running processes found                                                             |
+-----------------------------------------------------------------------------------------+

$ nvcc --version
nvcc: NVIDIA (R) Cuda compiler driver
Copyright (c) 2005-2025 NVIDIA Corporation
Built on Fri_Feb_21_20:23:50_PST_2025
Cuda compilation tools, release 12.8, V12.8.93
Build cuda_12.8.r12.8/compiler.35583870_0

$ make -C /workspace/cuda validate
make: Entering directory '/workspace/cuda'
nvcc -std=c++17 -O3 -arch=sm_90a -lineinfo -Xptxas=-v,-warn-spills -DNANO_TRANSPOSE_PAD=4 -DNANO_REUSE_QUANT=1 -DNANO_MIN_BLOCKS=4 -DNANO_ALIGNED=1 -DNANO_K_LOOP=1 -DNANO_FRONTIER=1 validate.cu -lcublas -o validate
ptxas info    : 0 bytes gmem
ptxas info    : Compiling entry function '_ZN4nano10megakernelILb1ELb1ELb0ELb0ELb0ELb0EEEvNS_5GraphE' for 'sm_90a'
ptxas info    : Function properties for _ZN4nano10megakernelILb1ELb1ELb0ELb0ELb0ELb0EEEvNS_5GraphE
    0 bytes stack frame, 0 bytes spill stores, 0 bytes spill loads
ptxas info    : Used 124 registers, used 1 barriers, 32776 bytes smem
ptxas info    : Compile time = 1997.892 ms
ptxas info    : Compiling entry function '_ZN4nano10megakernelILb0ELb1ELb0ELb0ELb0ELb0EEEvNS_5GraphE' for 'sm_90a'
ptxas info    : Function properties for _ZN4nano10megakernelILb0ELb1ELb0ELb0ELb0ELb0EEEvNS_5GraphE
    0 bytes stack frame, 0 bytes spill stores, 0 bytes spill loads
ptxas info    : Used 124 registers, used 1 barriers, 32776 bytes smem
ptxas info    : Compile time = 1856.159 ms
ptxas info    : Compiling entry function '_ZN4nano10megakernelILb1ELb0ELb0ELb0ELb0ELb0EEEvNS_5GraphE' for 'sm_90a'
ptxas info    : Function properties for _ZN4nano10megakernelILb1ELb0ELb0ELb0ELb0ELb0EEEvNS_5GraphE
    0 bytes stack frame, 0 bytes spill stores, 0 bytes spill loads
ptxas info    : Used 128 registers, used 1 barriers, 32776 bytes smem
ptxas info    : Compile time = 2805.178 ms
ptxas info    : Compiling entry function '_ZN4nano10megakernelILb0ELb0ELb0ELb0ELb0ELb0EEEvNS_5GraphE' for 'sm_90a'
ptxas info    : Function properties for _ZN4nano10megakernelILb0ELb0ELb0ELb0ELb0ELb0EEEvNS_5GraphE
    0 bytes stack frame, 0 bytes spill stores, 0 bytes spill loads
ptxas info    : Used 128 registers, used 1 barriers, 32776 bytes smem
ptxas info    : Compile time = 2728.135 ms
ptxas info    : Compiling entry function '_Z13staged_kernelILb0EEvN4nano6MatmulE' for 'sm_90a'
ptxas info    : Function properties for _Z13staged_kernelILb0EEvN4nano6MatmulE
    0 bytes stack frame, 0 bytes spill stores, 0 bytes spill loads
ptxas info    : Used 125 registers, used 1 barriers, 32768 bytes smem
ptxas info    : Compile time = 2306.256 ms
ptxas info    : Compiling entry function '_Z13staged_kernelILb1EEvN4nano6MatmulE' for 'sm_90a'
ptxas info    : Function properties for _Z13staged_kernelILb1EEvN4nano6MatmulE
    0 bytes stack frame, 0 bytes spill stores, 0 bytes spill loads
ptxas info    : Used 95 registers, used 1 barriers, 32768 bytes smem
ptxas info    : Compile time = 1801.392 ms
ptxas info    : Compiling entry function '_Z18reference_epiloguePKfN4nano6MatmulE' for 'sm_90a'
ptxas info    : Function properties for _Z18reference_epiloguePKfN4nano6MatmulE
    0 bytes stack frame, 0 bytes spill stores, 0 bytes spill loads
ptxas info    : Used 17 registers, used 0 barriers
ptxas info    : Compile time = 10.787 ms
ptxas info    : Compiling entry function '_Z6unpackPK13__nv_fp8_e4m3Pfib' for 'sm_90a'
ptxas info    : Function properties for _Z6unpackPK13__nv_fp8_e4m3Pfib
    0 bytes stack frame, 0 bytes spill stores, 0 bytes spill loads
ptxas info    : Used 10 registers, used 0 barriers
ptxas info    : Compile time = 1.684 ms
make: Leaving directory '/workspace/cuda'

$ /workspace/cuda/validate --main-shapes --gradient-chunk=4096
GPU=NVIDIA H100 80GB HBM3 SMs=132 CUDA_runtime=12080
megakernel registers=124 static_shared=32776 local_bytes=0
resident_blocks_per_SM=4
operand_K=128
scheduler=ready_first
operand_stages=2
target=PR360 commit=c924f68e4d72e80307fc27a7bb3a55cfb6ad43c7 MLP=E4M3/E5M2 width=2816; component only
shape M=7 C=17 H=33 workers=1 seed=42 zeros=0 gradient_chunk=64
audit: every task executed once; gradient_tasks_before_all_roots=0
  raw    rel_l2=0 max_abs=0 different=0/231
  raw    rel_l2=0 max_abs=0 different=0/231
  post   rel_l2=0 max_abs=0 different=0/231
  dpre   rel_l2=0 max_abs=0 different=0/231
  post.T rel_l2=0 max_abs=0 different=0/231
  dpre.T rel_l2=0 max_abs=0 different=0/231
  y      rel_l2=0 max_abs=0 different=0/119
  dx     rel_l2=0 max_abs=0 different=0/119
  dw1    rel_l2=0 max_abs=0 different=0/561
  dw2    rel_l2=0 max_abs=0 different=0/561
  dw1.chunk rel_l2=0 max_abs=0 different=0/561
  dw2.chunk rel_l2=0 max_abs=0 different=0/561
production specialization after reset:
  raw    rel_l2=0 max_abs=0 different=0/231
  post   rel_l2=0 max_abs=0 different=0/231
  dpre   rel_l2=0 max_abs=0 different=0/231
  post.T rel_l2=0 max_abs=0 different=0/231
  dpre.T rel_l2=0 max_abs=0 different=0/231
  y      rel_l2=0 max_abs=0 different=0/119
  dx     rel_l2=0 max_abs=0 different=0/119
  dw1    rel_l2=0 max_abs=0 different=0/561
  dw2    rel_l2=0 max_abs=0 different=0/561
shape M=129 C=96 H=160 workers=1 seed=1337 zeros=0 gradient_chunk=64
audit: every task executed once; gradient_tasks_before_all_roots=28
  raw    rel_l2=0 max_abs=0 different=0/20640
  raw    rel_l2=0 max_abs=0 different=0/20640
  post   rel_l2=0 max_abs=0 different=0/20640
  dpre   rel_l2=0 max_abs=0 different=0/20640
  post.T rel_l2=0 max_abs=0 different=0/20640
  dpre.T rel_l2=0 max_abs=0 different=0/20640
  y      rel_l2=0 max_abs=0 different=0/12384
  dx     rel_l2=0 max_abs=0 different=0/12384
  dw1    rel_l2=0 max_abs=0 different=0/15360
  dw2    rel_l2=0 max_abs=0 different=0/15360
  dw1.chunk rel_l2=0 max_abs=0 different=0/15360
  dw2.chunk rel_l2=0 max_abs=0 different=0/15360
production specialization after reset:
  raw    rel_l2=0 max_abs=0 different=0/20640
  post   rel_l2=0 max_abs=0 different=0/20640
  dpre   rel_l2=0 max_abs=0 different=0/20640
  post.T rel_l2=0 max_abs=0 different=0/20640
  dpre.T rel_l2=0 max_abs=0 different=0/20640
  y      rel_l2=0 max_abs=0 different=0/12384
  dx     rel_l2=0 max_abs=0 different=0/12384
  dw1    rel_l2=0 max_abs=0 different=0/15360
  dw2    rel_l2=0 max_abs=0 different=0/15360
shape M=65 C=32 H=64 workers=1 seed=2 zeros=1 gradient_chunk=64
audit: every task executed once; gradient_tasks_before_all_roots=0
  raw    rel_l2=0 max_abs=0 different=0/4160
  raw    rel_l2=0 max_abs=0 different=0/4160
  post   rel_l2=0 max_abs=0 different=0/4160
  dpre   rel_l2=0 max_abs=0 different=0/4160
  post.T rel_l2=0 max_abs=0 different=0/4160
  dpre.T rel_l2=0 max_abs=0 different=0/4160
  y      rel_l2=0 max_abs=0 different=0/2080
  dx     rel_l2=0 max_abs=0 different=0/2080
  dw1    rel_l2=0 max_abs=0 different=0/2048
  dw2    rel_l2=0 max_abs=0 different=0/2048
  dw1.chunk rel_l2=0 max_abs=0 different=0/2048
  dw2.chunk rel_l2=0 max_abs=0 different=0/2048
production specialization after reset:
  raw    rel_l2=0 max_abs=0 different=0/4160
  post   rel_l2=0 max_abs=0 different=0/4160
  dpre   rel_l2=0 max_abs=0 different=0/4160
  post.T rel_l2=0 max_abs=0 different=0/4160
  dpre.T rel_l2=0 max_abs=0 different=0/4160
  y      rel_l2=0 max_abs=0 different=0/2080
  dx     rel_l2=0 max_abs=0 different=0/2080
  dw1    rel_l2=0 max_abs=0 different=0/2048
  dw2    rel_l2=0 max_abs=0 different=0/2048
shape M=256 C=128 H=256 workers=1 seed=1337 zeros=0 gradient_chunk=4096
audit: every task executed once; gradient_tasks_before_all_roots=6
  post   rel_l2=0 max_abs=0 different=0/65536
  dpre   rel_l2=0 max_abs=0 different=0/65536
  post.T rel_l2=0 max_abs=0 different=0/65536
  dpre.T rel_l2=0 max_abs=0 different=0/65536
  y      rel_l2=0 max_abs=0 different=0/32768
  dx     rel_l2=0 max_abs=0 different=0/32768
  dw1    rel_l2=1.5333805e-05 max_abs=0.00048828125 different=1/32768
  dw2    rel_l2=0 max_abs=0 different=0/32768
  dw1.chunk rel_l2=0 max_abs=0 different=0/32768
  dw2.chunk rel_l2=0 max_abs=0 different=0/32768
production specialization after reset:
  post   rel_l2=0 max_abs=0 different=0/65536
  dpre   rel_l2=0 max_abs=0 different=0/65536
  post.T rel_l2=0 max_abs=0 different=0/65536
  dpre.T rel_l2=0 max_abs=0 different=0/65536
  y      rel_l2=0 max_abs=0 different=0/32768
  dx     rel_l2=0 max_abs=0 different=0/32768
  dw1    rel_l2=1.5333805e-05 max_abs=0.00048828125 different=1/32768
  dw2    rel_l2=0 max_abs=0 different=0/32768
shape M=7 C=17 H=33 workers=7 seed=42 zeros=0 gradient_chunk=64
audit: every task executed once; gradient_tasks_before_all_roots=0
  raw    rel_l2=0 max_abs=0 different=0/231
  raw    rel_l2=0 max_abs=0 different=0/231
  post   rel_l2=0 max_abs=0 different=0/231
  dpre   rel_l2=0 max_abs=0 different=0/231
  post.T rel_l2=0 max_abs=0 different=0/231
  dpre.T rel_l2=0 max_abs=0 different=0/231
  y      rel_l2=0 max_abs=0 different=0/119
  dx     rel_l2=0 max_abs=0 different=0/119
  dw1    rel_l2=0 max_abs=0 different=0/561
  dw2    rel_l2=0 max_abs=0 different=0/561
  dw1.chunk rel_l2=0 max_abs=0 different=0/561
  dw2.chunk rel_l2=0 max_abs=0 different=0/561
production specialization after reset:
  raw    rel_l2=0 max_abs=0 different=0/231
  post   rel_l2=0 max_abs=0 different=0/231
  dpre   rel_l2=0 max_abs=0 different=0/231
  post.T rel_l2=0 max_abs=0 different=0/231
  dpre.T rel_l2=0 max_abs=0 different=0/231
  y      rel_l2=0 max_abs=0 different=0/119
  dx     rel_l2=0 max_abs=0 different=0/119
  dw1    rel_l2=0 max_abs=0 different=0/561
  dw2    rel_l2=0 max_abs=0 different=0/561
shape M=129 C=96 H=160 workers=7 seed=1337 zeros=0 gradient_chunk=64
audit: every task executed once; gradient_tasks_before_all_roots=2
  raw    rel_l2=0 max_abs=0 different=0/20640
  raw    rel_l2=0 max_abs=0 different=0/20640
  post   rel_l2=0 max_abs=0 different=0/20640
  dpre   rel_l2=0 max_abs=0 different=0/20640
  post.T rel_l2=0 max_abs=0 different=0/20640
  dpre.T rel_l2=0 max_abs=0 different=0/20640
  y      rel_l2=0 max_abs=0 different=0/12384
  dx     rel_l2=0 max_abs=0 different=0/12384
  dw1    rel_l2=0 max_abs=0 different=0/15360
  dw2    rel_l2=0 max_abs=0 different=0/15360
  dw1.chunk rel_l2=0 max_abs=0 different=0/15360
  dw2.chunk rel_l2=0 max_abs=0 different=0/15360
production specialization after reset:
  raw    rel_l2=0 max_abs=0 different=0/20640
  post   rel_l2=0 max_abs=0 different=0/20640
  dpre   rel_l2=0 max_abs=0 different=0/20640
  post.T rel_l2=0 max_abs=0 different=0/20640
  dpre.T rel_l2=0 max_abs=0 different=0/20640
  y      rel_l2=0 max_abs=0 different=0/12384
  dx     rel_l2=0 max_abs=0 different=0/12384
  dw1    rel_l2=0 max_abs=0 different=0/15360
  dw2    rel_l2=0 max_abs=0 different=0/15360
shape M=65 C=32 H=64 workers=7 seed=2 zeros=1 gradient_chunk=64
audit: every task executed once; gradient_tasks_before_all_roots=0
  raw    rel_l2=0 max_abs=0 different=0/4160
  raw    rel_l2=0 max_abs=0 different=0/4160
  post   rel_l2=0 max_abs=0 different=0/4160
  dpre   rel_l2=0 max_abs=0 different=0/4160
  post.T rel_l2=0 max_abs=0 different=0/4160
  dpre.T rel_l2=0 max_abs=0 different=0/4160
  y      rel_l2=0 max_abs=0 different=0/2080
  dx     rel_l2=0 max_abs=0 different=0/2080
  dw1    rel_l2=0 max_abs=0 different=0/2048
  dw2    rel_l2=0 max_abs=0 different=0/2048
  dw1.chunk rel_l2=0 max_abs=0 different=0/2048
  dw2.chunk rel_l2=0 max_abs=0 different=0/2048
production specialization after reset:
  raw    rel_l2=0 max_abs=0 different=0/4160
  post   rel_l2=0 max_abs=0 different=0/4160
  dpre   rel_l2=0 max_abs=0 different=0/4160
  post.T rel_l2=0 max_abs=0 different=0/4160
  dpre.T rel_l2=0 max_abs=0 different=0/4160
  y      rel_l2=0 max_abs=0 different=0/2080
  dx     rel_l2=0 max_abs=0 different=0/2080
  dw1    rel_l2=0 max_abs=0 different=0/2048
  dw2    rel_l2=0 max_abs=0 different=0/2048
shape M=256 C=128 H=256 workers=7 seed=1337 zeros=0 gradient_chunk=4096
audit: every task executed once; gradient_tasks_before_all_roots=2
  post   rel_l2=0 max_abs=0 different=0/65536
  dpre   rel_l2=0 max_abs=0 different=0/65536
  post.T rel_l2=0 max_abs=0 different=0/65536
  dpre.T rel_l2=0 max_abs=0 different=0/65536
  y      rel_l2=0 max_abs=0 different=0/32768
  dx     rel_l2=0 max_abs=0 different=0/32768
  dw1    rel_l2=1.5333805e-05 max_abs=0.00048828125 different=1/32768
  dw2    rel_l2=0 max_abs=0 different=0/32768
  dw1.chunk rel_l2=0 max_abs=0 different=0/32768
  dw2.chunk rel_l2=0 max_abs=0 different=0/32768
production specialization after reset:
  post   rel_l2=0 max_abs=0 different=0/65536
  dpre   rel_l2=0 max_abs=0 different=0/65536
  post.T rel_l2=0 max_abs=0 different=0/65536
  dpre.T rel_l2=0 max_abs=0 different=0/65536
  y      rel_l2=0 max_abs=0 different=0/32768
  dx     rel_l2=0 max_abs=0 different=0/32768
  dw1    rel_l2=1.5333805e-05 max_abs=0.00048828125 different=1/32768
  dw2    rel_l2=0 max_abs=0 different=0/32768
shape M=7 C=17 H=33 workers=132 seed=42 zeros=0 gradient_chunk=64
audit: every task executed once; gradient_tasks_before_all_roots=0
  raw    rel_l2=0 max_abs=0 different=0/231
  raw    rel_l2=0 max_abs=0 different=0/231
  post   rel_l2=0 max_abs=0 different=0/231
  dpre   rel_l2=0 max_abs=0 different=0/231
  post.T rel_l2=0 max_abs=0 different=0/231
  dpre.T rel_l2=0 max_abs=0 different=0/231
  y      rel_l2=0 max_abs=0 different=0/119
  dx     rel_l2=0 max_abs=0 different=0/119
  dw1    rel_l2=0 max_abs=0 different=0/561
  dw2    rel_l2=0 max_abs=0 different=0/561
  dw1.chunk rel_l2=0 max_abs=0 different=0/561
  dw2.chunk rel_l2=0 max_abs=0 different=0/561
production specialization after reset:
  raw    rel_l2=0 max_abs=0 different=0/231
  post   rel_l2=0 max_abs=0 different=0/231
  dpre   rel_l2=0 max_abs=0 different=0/231
  post.T rel_l2=0 max_abs=0 different=0/231
  dpre.T rel_l2=0 max_abs=0 different=0/231
  y      rel_l2=0 max_abs=0 different=0/119
  dx     rel_l2=0 max_abs=0 different=0/119
  dw1    rel_l2=0 max_abs=0 different=0/561
  dw2    rel_l2=0 max_abs=0 different=0/561
shape M=129 C=96 H=160 workers=132 seed=1337 zeros=0 gradient_chunk=64
audit: every task executed once; gradient_tasks_before_all_roots=0
  raw    rel_l2=0 max_abs=0 different=0/20640
  raw    rel_l2=0 max_abs=0 different=0/20640
  post   rel_l2=0 max_abs=0 different=0/20640
  dpre   rel_l2=0 max_abs=0 different=0/20640
  post.T rel_l2=0 max_abs=0 different=0/20640
  dpre.T rel_l2=0 max_abs=0 different=0/20640
  y      rel_l2=0 max_abs=0 different=0/12384
  dx     rel_l2=0 max_abs=0 different=0/12384
  dw1    rel_l2=0 max_abs=0 different=0/15360
  dw2    rel_l2=0 max_abs=0 different=0/15360
  dw1.chunk rel_l2=0 max_abs=0 different=0/15360
  dw2.chunk rel_l2=0 max_abs=0 different=0/15360
production specialization after reset:
  raw    rel_l2=0 max_abs=0 different=0/20640
  post   rel_l2=0 max_abs=0 different=0/20640
  dpre   rel_l2=0 max_abs=0 different=0/20640
  post.T rel_l2=0 max_abs=0 different=0/20640
  dpre.T rel_l2=0 max_abs=0 different=0/20640
  y      rel_l2=0 max_abs=0 different=0/12384
  dx     rel_l2=0 max_abs=0 different=0/12384
  dw1    rel_l2=0 max_abs=0 different=0/15360
  dw2    rel_l2=0 max_abs=0 different=0/15360
shape M=65 C=32 H=64 workers=132 seed=2 zeros=1 gradient_chunk=64
audit: every task executed once; gradient_tasks_before_all_roots=0
  raw    rel_l2=0 max_abs=0 different=0/4160
  raw    rel_l2=0 max_abs=0 different=0/4160
  post   rel_l2=0 max_abs=0 different=0/4160
  dpre   rel_l2=0 max_abs=0 different=0/4160
  post.T rel_l2=0 max_abs=0 different=0/4160
  dpre.T rel_l2=0 max_abs=0 different=0/4160
  y      rel_l2=0 max_abs=0 different=0/2080
  dx     rel_l2=0 max_abs=0 different=0/2080
  dw1    rel_l2=0 max_abs=0 different=0/2048
  dw2    rel_l2=0 max_abs=0 different=0/2048
  dw1.chunk rel_l2=0 max_abs=0 different=0/2048
  dw2.chunk rel_l2=0 max_abs=0 different=0/2048
production specialization after reset:
  raw    rel_l2=0 max_abs=0 different=0/4160
  post   rel_l2=0 max_abs=0 different=0/4160
  dpre   rel_l2=0 max_abs=0 different=0/4160
  post.T rel_l2=0 max_abs=0 different=0/4160
  dpre.T rel_l2=0 max_abs=0 different=0/4160
  y      rel_l2=0 max_abs=0 different=0/2080
  dx     rel_l2=0 max_abs=0 different=0/2080
  dw1    rel_l2=0 max_abs=0 different=0/2048
  dw2    rel_l2=0 max_abs=0 different=0/2048
shape M=256 C=128 H=256 workers=132 seed=1337 zeros=0 gradient_chunk=4096
audit: every task executed once; gradient_tasks_before_all_roots=0
  post   rel_l2=0 max_abs=0 different=0/65536
  dpre   rel_l2=0 max_abs=0 different=0/65536
  post.T rel_l2=0 max_abs=0 different=0/65536
  dpre.T rel_l2=0 max_abs=0 different=0/65536
  y      rel_l2=0 max_abs=0 different=0/32768
  dx     rel_l2=0 max_abs=0 different=0/32768
  dw1    rel_l2=1.5333805e-05 max_abs=0.00048828125 different=1/32768
  dw2    rel_l2=0 max_abs=0 different=0/32768
  dw1.chunk rel_l2=0 max_abs=0 different=0/32768
  dw2.chunk rel_l2=0 max_abs=0 different=0/32768
production specialization after reset:
  post   rel_l2=0 max_abs=0 different=0/65536
  dpre   rel_l2=0 max_abs=0 different=0/65536
  post.T rel_l2=0 max_abs=0 different=0/65536
  dpre.T rel_l2=0 max_abs=0 different=0/65536
  y      rel_l2=0 max_abs=0 different=0/32768
  dx     rel_l2=0 max_abs=0 different=0/32768
  dw1    rel_l2=1.5333805e-05 max_abs=0.00048828125 different=1/32768
  dw2    rel_l2=0 max_abs=0 different=0/32768
shape M=7 C=17 H=33 workers=660 seed=42 zeros=0 gradient_chunk=64
audit: every task executed once; gradient_tasks_before_all_roots=0
  raw    rel_l2=0 max_abs=0 different=0/231
  raw    rel_l2=0 max_abs=0 different=0/231
  post   rel_l2=0 max_abs=0 different=0/231
  dpre   rel_l2=0 max_abs=0 different=0/231
  post.T rel_l2=0 max_abs=0 different=0/231
  dpre.T rel_l2=0 max_abs=0 different=0/231
  y      rel_l2=0 max_abs=0 different=0/119
  dx     rel_l2=0 max_abs=0 different=0/119
  dw1    rel_l2=0 max_abs=0 different=0/561
  dw2    rel_l2=0 max_abs=0 different=0/561
  dw1.chunk rel_l2=0 max_abs=0 different=0/561
  dw2.chunk rel_l2=0 max_abs=0 different=0/561
production specialization after reset:
  raw    rel_l2=0 max_abs=0 different=0/231
  post   rel_l2=0 max_abs=0 different=0/231
  dpre   rel_l2=0 max_abs=0 different=0/231
  post.T rel_l2=0 max_abs=0 different=0/231
  dpre.T rel_l2=0 max_abs=0 different=0/231
  y      rel_l2=0 max_abs=0 different=0/119
  dx     rel_l2=0 max_abs=0 different=0/119
  dw1    rel_l2=0 max_abs=0 different=0/561
  dw2    rel_l2=0 max_abs=0 different=0/561
shape M=129 C=96 H=160 workers=660 seed=1337 zeros=0 gradient_chunk=64
audit: every task executed once; gradient_tasks_before_all_roots=0
  raw    rel_l2=0 max_abs=0 different=0/20640
  raw    rel_l2=0 max_abs=0 different=0/20640
  post   rel_l2=0 max_abs=0 different=0/20640
  dpre   rel_l2=0 max_abs=0 different=0/20640
  post.T rel_l2=0 max_abs=0 different=0/20640
  dpre.T rel_l2=0 max_abs=0 different=0/20640
  y      rel_l2=0 max_abs=0 different=0/12384
  dx     rel_l2=0 max_abs=0 different=0/12384
  dw1    rel_l2=0 max_abs=0 different=0/15360
  dw2    rel_l2=0 max_abs=0 different=0/15360
  dw1.chunk rel_l2=0 max_abs=0 different=0/15360
  dw2.chunk rel_l2=0 max_abs=0 different=0/15360
production specialization after reset:
  raw    rel_l2=0 max_abs=0 different=0/20640
  post   rel_l2=0 max_abs=0 different=0/20640
  dpre   rel_l2=0 max_abs=0 different=0/20640
  post.T rel_l2=0 max_abs=0 different=0/20640
  dpre.T rel_l2=0 max_abs=0 different=0/20640
  y      rel_l2=0 max_abs=0 different=0/12384
  dx     rel_l2=0 max_abs=0 different=0/12384
  dw1    rel_l2=0 max_abs=0 different=0/15360
  dw2    rel_l2=0 max_abs=0 different=0/15360
shape M=65 C=32 H=64 workers=660 seed=2 zeros=1 gradient_chunk=64
audit: every task executed once; gradient_tasks_before_all_roots=0
  raw    rel_l2=0 max_abs=0 different=0/4160
  raw    rel_l2=0 max_abs=0 different=0/4160
  post   rel_l2=0 max_abs=0 different=0/4160
  dpre   rel_l2=0 max_abs=0 different=0/4160
  post.T rel_l2=0 max_abs=0 different=0/4160
  dpre.T rel_l2=0 max_abs=0 different=0/4160
  y      rel_l2=0 max_abs=0 different=0/2080
  dx     rel_l2=0 max_abs=0 different=0/2080
  dw1    rel_l2=0 max_abs=0 different=0/2048
  dw2    rel_l2=0 max_abs=0 different=0/2048
  dw1.chunk rel_l2=0 max_abs=0 different=0/2048
  dw2.chunk rel_l2=0 max_abs=0 different=0/2048
production specialization after reset:
  raw    rel_l2=0 max_abs=0 different=0/4160
  post   rel_l2=0 max_abs=0 different=0/4160
  dpre   rel_l2=0 max_abs=0 different=0/4160
  post.T rel_l2=0 max_abs=0 different=0/4160
  dpre.T rel_l2=0 max_abs=0 different=0/4160
  y      rel_l2=0 max_abs=0 different=0/2080
  dx     rel_l2=0 max_abs=0 different=0/2080
  dw1    rel_l2=0 max_abs=0 different=0/2048
  dw2    rel_l2=0 max_abs=0 different=0/2048
shape M=256 C=128 H=256 workers=660 seed=1337 zeros=0 gradient_chunk=4096
audit: every task executed once; gradient_tasks_before_all_roots=0
  post   rel_l2=0 max_abs=0 different=0/65536
  dpre   rel_l2=0 max_abs=0 different=0/65536
  post.T rel_l2=0 max_abs=0 different=0/65536
  dpre.T rel_l2=0 max_abs=0 different=0/65536
  y      rel_l2=0 max_abs=0 different=0/32768
  dx     rel_l2=0 max_abs=0 different=0/32768
  dw1    rel_l2=1.5333805e-05 max_abs=0.00048828125 different=1/32768
  dw2    rel_l2=0 max_abs=0 different=0/32768
  dw1.chunk rel_l2=0 max_abs=0 different=0/32768
  dw2.chunk rel_l2=0 max_abs=0 different=0/32768
production specialization after reset:
  post   rel_l2=0 max_abs=0 different=0/65536
  dpre   rel_l2=0 max_abs=0 different=0/65536
  post.T rel_l2=0 max_abs=0 different=0/65536
  dpre.T rel_l2=0 max_abs=0 different=0/65536
  y      rel_l2=0 max_abs=0 different=0/32768
  dx     rel_l2=0 max_abs=0 different=0/32768
  dw1    rel_l2=1.5333805e-05 max_abs=0.00048828125 different=1/32768
  dw2    rel_l2=0 max_abs=0 different=0/32768
shape M=8209 C=96 H=160 workers=7 seed=1337 zeros=0 gradient_chunk=4096
audit: every task executed once; gradient_tasks_before_all_roots=28
  post   rel_l2=0 max_abs=0 different=0/1313440
  dpre   rel_l2=0 max_abs=0 different=0/1313440
  post.T rel_l2=0 max_abs=0 different=0/1313440
  dpre.T rel_l2=0 max_abs=0 different=0/1313440
  y      rel_l2=0 max_abs=0 different=0/788064
  dx     rel_l2=0 max_abs=0 different=0/788064
  dw1    rel_l2=0 max_abs=0 different=0/15360
  dw2    rel_l2=0 max_abs=0 different=0/15360
  dw1.chunk rel_l2=0 max_abs=0 different=0/15360
  dw2.chunk rel_l2=0 max_abs=0 different=0/15360
production specialization after reset:
  post   rel_l2=0 max_abs=0 different=0/1313440
  dpre   rel_l2=0 max_abs=0 different=0/1313440
  post.T rel_l2=0 max_abs=0 different=0/1313440
  dpre.T rel_l2=0 max_abs=0 different=0/1313440
  y      rel_l2=0 max_abs=0 different=0/788064
  dx     rel_l2=0 max_abs=0 different=0/788064
  dw1    rel_l2=0 max_abs=0 different=0/15360
  dw2    rel_l2=0 max_abs=0 different=0/15360
shape M=8192 C=128 H=256 workers=7 seed=1337 zeros=0 gradient_chunk=4096
audit: every task executed once; gradient_tasks_before_all_roots=16
  post   rel_l2=0 max_abs=0 different=0/2097152
  dpre   rel_l2=0 max_abs=0 different=0/2097152
  post.T rel_l2=0 max_abs=0 different=0/2097152
  dpre.T rel_l2=0 max_abs=0 different=0/2097152
  y      rel_l2=0 max_abs=0 different=0/1048576
  dx     rel_l2=2.0881563e-08 max_abs=2.3841858e-07 different=2/1048576
  dw1    rel_l2=0 max_abs=0 different=0/32768
  dw2    rel_l2=0 max_abs=0 different=0/32768
  dw1.chunk rel_l2=0 max_abs=0 different=0/32768
  dw2.chunk rel_l2=0 max_abs=0 different=0/32768
production specialization after reset:
  post   rel_l2=0 max_abs=0 different=0/2097152
  dpre   rel_l2=0 max_abs=0 different=0/2097152
  post.T rel_l2=0 max_abs=0 different=0/2097152
  dpre.T rel_l2=0 max_abs=0 different=0/2097152
  y      rel_l2=0 max_abs=0 different=0/1048576
  dx     rel_l2=2.0881563e-08 max_abs=2.3841858e-07 different=2/1048576
  dw1    rel_l2=0 max_abs=0 different=0/32768
  dw2    rel_l2=0 max_abs=0 different=0/32768
shape M=16384 C=768 H=2816 workers=528 seed=42 zeros=0 gradient_chunk=4096
audit: every task executed once; gradient_tasks_before_all_roots=3223
  post   rel_l2=0 max_abs=0 different=0/46137344
  dpre   rel_l2=0 max_abs=0 different=0/46137344
  post.T rel_l2=0 max_abs=0 different=0/46137344
  dpre.T rel_l2=0 max_abs=0 different=0/46137344
  y      rel_l2=1.2737462e-05 max_abs=0.0078125 different=180/12582912
  dx     rel_l2=3.2840631e-06 max_abs=0.0009765625 different=69/12582912
  dw1    rel_l2=3.3038052e-05 max_abs=0.125 different=273/2162688
  dw2    rel_l2=3.2510012e-05 max_abs=0.125 different=346/2162688
  dw1.chunk rel_l2=0 max_abs=0 different=0/2162688
  dw2.chunk rel_l2=0 max_abs=0 different=0/2162688
production specialization after reset:
  post   rel_l2=0 max_abs=0 different=0/46137344
  dpre   rel_l2=0 max_abs=0 different=0/46137344
  post.T rel_l2=0 max_abs=0 different=0/46137344
  dpre.T rel_l2=0 max_abs=0 different=0/46137344
  y      rel_l2=1.2737462e-05 max_abs=0.0078125 different=180/12582912
  dx     rel_l2=3.2840631e-06 max_abs=0.0009765625 different=69/12582912
  dw1    rel_l2=3.3038052e-05 max_abs=0.125 different=273/2162688
  dw2    rel_l2=3.2510012e-05 max_abs=0.125 different=346/2162688
timing median_ms fused=3.853888 staged_same_tiles=3.421168 graph_same_tiles=3.409968 fused_with_reset=3.856192 tasks=32896 (warm cache)
samples_ms: 3.867456 3.867136 3.842848 3.855200 3.860960 3.852608 3.855168 3.798208 3.792576 3.807968
samples_ms: 3.422304 3.420992 3.421344 3.421440 3.423872 3.419968 3.422176 3.370752 3.370112 3.370624
samples_ms: 3.409568 3.410688 3.410368 3.410976 3.410432 3.410496 3.362112 3.357920 3.357088 3.357728
samples_ms: 3.868384 3.859296 3.856832 3.859136 3.855552 3.858560 3.807072 3.806624 3.804096 3.806272
shape M=32768 C=768 H=2816 workers=528 seed=42 zeros=0 gradient_chunk=4096
audit: every task executed once; gradient_tasks_before_all_roots=7505
  post   rel_l2=0 max_abs=0 different=0/92274688
  dpre   rel_l2=4.8194412e-08 max_abs=0.001953125 different=3/92274688
  post.T rel_l2=0 max_abs=0 different=0/92274688
  dpre.T rel_l2=4.8194412e-08 max_abs=0.001953125 different=3/92274688
  y      rel_l2=1.2823036e-05 max_abs=0.0078125 different=419/25165824
  dx     rel_l2=6.5506135e-06 max_abs=0.00390625 different=132/25165824
  dw1    rel_l2=2.8951632e-05 max_abs=0.125 different=364/2162688
  dw2    rel_l2=3.6514801e-05 max_abs=0.125 different=514/2162688
  dw1.chunk rel_l2=0 max_abs=0 different=0/2162688
  dw2.chunk rel_l2=0 max_abs=0 different=0/2162688
production specialization after reset:
  post   rel_l2=0 max_abs=0 different=0/92274688
  dpre   rel_l2=4.8194412e-08 max_abs=0.001953125 different=3/92274688
  post.T rel_l2=0 max_abs=0 different=0/92274688
  dpre.T rel_l2=4.8194412e-08 max_abs=0.001953125 different=3/92274688
  y      rel_l2=1.2823036e-05 max_abs=0.0078125 different=419/25165824
  dx     rel_l2=6.5506135e-06 max_abs=0.00390625 different=132/25165824
  dw1    rel_l2=2.8951632e-05 max_abs=0.125 different=364/2162688
  dw2    rel_l2=3.6514801e-05 max_abs=0.125 different=514/2162688
timing median_ms fused=7.492512 staged_same_tiles=6.594592 graph_same_tiles=6.583744 fused_with_reset=7.526640 tasks=65792 (warm cache)
samples_ms: 7.477024 7.532160 7.542784 7.494048 7.470176 7.499296 7.495232 7.474240 7.470496 7.490976
samples_ms: 6.599104 6.648448 6.645376 6.593088 6.591648 6.595424 6.591328 6.594496 6.594688 6.593888
samples_ms: 6.585184 6.637440 6.585280 6.594816 6.580000 6.581216 6.582848 6.584640 6.582080 6.581280
samples_ms: 7.542528 7.583424 7.519104 7.570464 7.528576 7.516800 7.533280 7.524096 7.524704 7.510624
shape M=49152 C=768 H=2816 workers=528 seed=42 zeros=0 gradient_chunk=4096
audit: every task executed once; gradient_tasks_before_all_roots=11827
  post   rel_l2=0 max_abs=0 different=0/138412032
  dpre   rel_l2=3.1501295e-07 max_abs=0.015625 different=3/138412032
  post.T rel_l2=0 max_abs=0 different=0/138412032
  dpre.T rel_l2=3.1501295e-07 max_abs=0.015625 different=3/138412032
  y      rel_l2=1.4015295e-05 max_abs=0.0078125 different=672/37748736
  dx     rel_l2=7.2195967e-06 max_abs=0.00390625 different=262/37748736
  dw1    rel_l2=3.4073701e-05 max_abs=0.25 different=476/2162688
  dw2    rel_l2=4.1781484e-05 max_abs=0.125 different=707/2162688
  dw1.chunk rel_l2=0 max_abs=0 different=0/2162688
  dw2.chunk rel_l2=0 max_abs=0 different=0/2162688
production specialization after reset:
  post   rel_l2=0 max_abs=0 different=0/138412032
  dpre   rel_l2=3.1501295e-07 max_abs=0.015625 different=3/138412032
  post.T rel_l2=0 max_abs=0 different=0/138412032
  dpre.T rel_l2=3.1501295e-07 max_abs=0.015625 different=3/138412032
  y      rel_l2=1.4015295e-05 max_abs=0.0078125 different=672/37748736
  dx     rel_l2=7.2195967e-06 max_abs=0.00390625 different=262/37748736
  dw1    rel_l2=3.4073701e-05 max_abs=0.25 different=476/2162688
  dw2    rel_l2=4.1781484e-05 max_abs=0.125 different=707/2162688
timing median_ms fused=11.196640 staged_same_tiles=9.807713 graph_same_tiles=9.795296 fused_with_reset=11.257616 tasks=98688 (warm cache)
samples_ms: 11.231168 11.196128 11.194784 11.197152 11.214816 11.224032 11.189824 11.192864 11.189088 11.208896
samples_ms: 9.806560 9.809856 9.805472 9.806240 9.808896 9.807648 9.808672 9.806784 9.812000 9.807776
samples_ms: 9.795712 9.798048 9.794912 9.795968 9.797376 9.794976 9.795232 9.794176 9.795360 9.794176
samples_ms: 11.247872 11.259936 11.251072 11.262656 11.241024 11.255296 11.270272 11.248288 11.313728 11.261216
shape M=40960 C=768 H=2816 workers=528 seed=42 zeros=0 gradient_chunk=4096
audit: every task executed once; gradient_tasks_before_all_roots=9635
  post   rel_l2=0 max_abs=0 different=0/115343360
  dpre   rel_l2=1.7225925e-07 max_abs=0.0078125 different=1/115343360
  post.T rel_l2=0 max_abs=0 different=0/115343360
  dpre.T rel_l2=1.7225925e-07 max_abs=0.0078125 different=1/115343360
  y      rel_l2=1.0749218e-05 max_abs=0.0078125 different=517/31457280
  dx     rel_l2=4.1412379e-06 max_abs=0.001953125 different=175/31457280
  dw1    rel_l2=3.4799865e-05 max_abs=0.25 different=423/2162688
  dw2    rel_l2=4.1261756e-05 max_abs=0.25 different=673/2162688
  dw1.chunk rel_l2=0 max_abs=0 different=0/2162688
  dw2.chunk rel_l2=0 max_abs=0 different=0/2162688
production specialization after reset:
  post   rel_l2=0 max_abs=0 different=0/115343360
  dpre   rel_l2=1.7225925e-07 max_abs=0.0078125 different=1/115343360
  post.T rel_l2=0 max_abs=0 different=0/115343360
  dpre.T rel_l2=1.7225925e-07 max_abs=0.0078125 different=1/115343360
  y      rel_l2=1.0749218e-05 max_abs=0.0078125 different=517/31457280
  dx     rel_l2=4.1412379e-06 max_abs=0.001953125 different=175/31457280
  dw1    rel_l2=3.4799865e-05 max_abs=0.25 different=423/2162688
  dw2    rel_l2=4.1261756e-05 max_abs=0.25 different=673/2162688
timing median_ms fused=9.364768 staged_same_tiles=8.214064 graph_same_tiles=8.203873 fused_with_reset=9.407216 tasks=82240 (warm cache)
samples_ms: 9.422464 9.349440 9.372512 9.370496 9.367616 9.361920 9.361472 9.349824 9.355872 9.367808
samples_ms: 8.277440 8.210816 8.207872 8.210528 8.214304 8.210464 8.213824 8.216128 8.217216 8.215232
samples_ms: 8.243200 8.199840 8.202560 8.200768 8.203616 8.202176 8.210176 8.204128 8.205184 8.205024
samples_ms: 9.412992 9.398112 9.393280 9.450560 9.414880 9.401600 9.420224 9.409024 9.405408 9.396544
PASS: FP8 six-GEMM MLP graph, all outputs and gradients; not full-model training.

$ make -C /workspace/cuda sanitize BIN=validate CHECK_FLAGS=--gradient-chunk=4096
make: Entering directory '/workspace/cuda'
compute-sanitizer --tool memcheck --error-exitcode 1 ./validate --quick --gradient-chunk=4096
========= COMPUTE-SANITIZER
GPU=NVIDIA H100 80GB HBM3 SMs=132 CUDA_runtime=12080
megakernel registers=124 static_shared=32776 local_bytes=0
resident_blocks_per_SM=4
operand_K=128
scheduler=ready_first
operand_stages=2
target=PR360 commit=c924f68e4d72e80307fc27a7bb3a55cfb6ad43c7 MLP=E4M3/E5M2 width=2816; component only
shape M=7 C=17 H=33 workers=1 seed=42 zeros=0 gradient_chunk=64
audit: every task executed once; gradient_tasks_before_all_roots=0
  raw    rel_l2=0 max_abs=0 different=0/231
  raw    rel_l2=0 max_abs=0 different=0/231
  post   rel_l2=0 max_abs=0 different=0/231
  dpre   rel_l2=0 max_abs=0 different=0/231
  post.T rel_l2=0 max_abs=0 different=0/231
  dpre.T rel_l2=0 max_abs=0 different=0/231
  y      rel_l2=0 max_abs=0 different=0/119
  dx     rel_l2=0 max_abs=0 different=0/119
  dw1    rel_l2=0 max_abs=0 different=0/561
  dw2    rel_l2=0 max_abs=0 different=0/561
  dw1.chunk rel_l2=0 max_abs=0 different=0/561
  dw2.chunk rel_l2=0 max_abs=0 different=0/561
production specialization after reset:
  raw    rel_l2=0 max_abs=0 different=0/231
  post   rel_l2=0 max_abs=0 different=0/231
  dpre   rel_l2=0 max_abs=0 different=0/231
  post.T rel_l2=0 max_abs=0 different=0/231
  dpre.T rel_l2=0 max_abs=0 different=0/231
  y      rel_l2=0 max_abs=0 different=0/119
  dx     rel_l2=0 max_abs=0 different=0/119
  dw1    rel_l2=0 max_abs=0 different=0/561
  dw2    rel_l2=0 max_abs=0 different=0/561
shape M=129 C=96 H=160 workers=1 seed=1337 zeros=0 gradient_chunk=64
audit: every task executed once; gradient_tasks_before_all_roots=28
  raw    rel_l2=0 max_abs=0 different=0/20640
  raw    rel_l2=0 max_abs=0 different=0/20640
  post   rel_l2=0 max_abs=0 different=0/20640
  dpre   rel_l2=0 max_abs=0 different=0/20640
  post.T rel_l2=0 max_abs=0 different=0/20640
  dpre.T rel_l2=0 max_abs=0 different=0/20640
  y      rel_l2=0 max_abs=0 different=0/12384
  dx     rel_l2=0 max_abs=0 different=0/12384
  dw1    rel_l2=0 max_abs=0 different=0/15360
  dw2    rel_l2=0 max_abs=0 different=0/15360
  dw1.chunk rel_l2=0 max_abs=0 different=0/15360
  dw2.chunk rel_l2=0 max_abs=0 different=0/15360
production specialization after reset:
  raw    rel_l2=0 max_abs=0 different=0/20640
  post   rel_l2=0 max_abs=0 different=0/20640
  dpre   rel_l2=0 max_abs=0 different=0/20640
  post.T rel_l2=0 max_abs=0 different=0/20640
  dpre.T rel_l2=0 max_abs=0 different=0/20640
  y      rel_l2=0 max_abs=0 different=0/12384
  dx     rel_l2=0 max_abs=0 different=0/12384
  dw1    rel_l2=0 max_abs=0 different=0/15360
  dw2    rel_l2=0 max_abs=0 different=0/15360
shape M=65 C=32 H=64 workers=1 seed=2 zeros=1 gradient_chunk=64
audit: every task executed once; gradient_tasks_before_all_roots=0
  raw    rel_l2=0 max_abs=0 different=0/4160
  raw    rel_l2=0 max_abs=0 different=0/4160
  post   rel_l2=0 max_abs=0 different=0/4160
  dpre   rel_l2=0 max_abs=0 different=0/4160
  post.T rel_l2=0 max_abs=0 different=0/4160
  dpre.T rel_l2=0 max_abs=0 different=0/4160
  y      rel_l2=0 max_abs=0 different=0/2080
  dx     rel_l2=0 max_abs=0 different=0/2080
  dw1    rel_l2=0 max_abs=0 different=0/2048
  dw2    rel_l2=0 max_abs=0 different=0/2048
  dw1.chunk rel_l2=0 max_abs=0 different=0/2048
  dw2.chunk rel_l2=0 max_abs=0 different=0/2048
production specialization after reset:
  raw    rel_l2=0 max_abs=0 different=0/4160
  post   rel_l2=0 max_abs=0 different=0/4160
  dpre   rel_l2=0 max_abs=0 different=0/4160
  post.T rel_l2=0 max_abs=0 different=0/4160
  dpre.T rel_l2=0 max_abs=0 different=0/4160
  y      rel_l2=0 max_abs=0 different=0/2080
  dx     rel_l2=0 max_abs=0 different=0/2080
  dw1    rel_l2=0 max_abs=0 different=0/2048
  dw2    rel_l2=0 max_abs=0 different=0/2048
shape M=256 C=128 H=256 workers=1 seed=1337 zeros=0 gradient_chunk=4096
audit: every task executed once; gradient_tasks_before_all_roots=6
  post   rel_l2=0 max_abs=0 different=0/65536
  dpre   rel_l2=0 max_abs=0 different=0/65536
  post.T rel_l2=0 max_abs=0 different=0/65536
  dpre.T rel_l2=0 max_abs=0 different=0/65536
  y      rel_l2=0 max_abs=0 different=0/32768
  dx     rel_l2=0 max_abs=0 different=0/32768
  dw1    rel_l2=1.5333805e-05 max_abs=0.00048828125 different=1/32768
  dw2    rel_l2=0 max_abs=0 different=0/32768
  dw1.chunk rel_l2=0 max_abs=0 different=0/32768
  dw2.chunk rel_l2=0 max_abs=0 different=0/32768
production specialization after reset:
  post   rel_l2=0 max_abs=0 different=0/65536
  dpre   rel_l2=0 max_abs=0 different=0/65536
  post.T rel_l2=0 max_abs=0 different=0/65536
  dpre.T rel_l2=0 max_abs=0 different=0/65536
  y      rel_l2=0 max_abs=0 different=0/32768
  dx     rel_l2=0 max_abs=0 different=0/32768
  dw1    rel_l2=1.5333805e-05 max_abs=0.00048828125 different=1/32768
  dw2    rel_l2=0 max_abs=0 different=0/32768
shape M=7 C=17 H=33 workers=7 seed=42 zeros=0 gradient_chunk=64
audit: every task executed once; gradient_tasks_before_all_roots=0
  raw    rel_l2=0 max_abs=0 different=0/231
  raw    rel_l2=0 max_abs=0 different=0/231
  post   rel_l2=0 max_abs=0 different=0/231
  dpre   rel_l2=0 max_abs=0 different=0/231
  post.T rel_l2=0 max_abs=0 different=0/231
  dpre.T rel_l2=0 max_abs=0 different=0/231
  y      rel_l2=0 max_abs=0 different=0/119
  dx     rel_l2=0 max_abs=0 different=0/119
  dw1    rel_l2=0 max_abs=0 different=0/561
  dw2    rel_l2=0 max_abs=0 different=0/561
  dw1.chunk rel_l2=0 max_abs=0 different=0/561
  dw2.chunk rel_l2=0 max_abs=0 different=0/561
production specialization after reset:
  raw    rel_l2=0 max_abs=0 different=0/231
  post   rel_l2=0 max_abs=0 different=0/231
  dpre   rel_l2=0 max_abs=0 different=0/231
  post.T rel_l2=0 max_abs=0 different=0/231
  dpre.T rel_l2=0 max_abs=0 different=0/231
  y      rel_l2=0 max_abs=0 different=0/119
  dx     rel_l2=0 max_abs=0 different=0/119
  dw1    rel_l2=0 max_abs=0 different=0/561
  dw2    rel_l2=0 max_abs=0 different=0/561
shape M=129 C=96 H=160 workers=7 seed=1337 zeros=0 gradient_chunk=64
audit: every task executed once; gradient_tasks_before_all_roots=2
  raw    rel_l2=0 max_abs=0 different=0/20640
  raw    rel_l2=0 max_abs=0 different=0/20640
  post   rel_l2=0 max_abs=0 different=0/20640
  dpre   rel_l2=0 max_abs=0 different=0/20640
  post.T rel_l2=0 max_abs=0 different=0/20640
  dpre.T rel_l2=0 max_abs=0 different=0/20640
  y      rel_l2=0 max_abs=0 different=0/12384
  dx     rel_l2=0 max_abs=0 different=0/12384
  dw1    rel_l2=0 max_abs=0 different=0/15360
  dw2    rel_l2=0 max_abs=0 different=0/15360
  dw1.chunk rel_l2=0 max_abs=0 different=0/15360
  dw2.chunk rel_l2=0 max_abs=0 different=0/15360
production specialization after reset:
  raw    rel_l2=0 max_abs=0 different=0/20640
  post   rel_l2=0 max_abs=0 different=0/20640
  dpre   rel_l2=0 max_abs=0 different=0/20640
  post.T rel_l2=0 max_abs=0 different=0/20640
  dpre.T rel_l2=0 max_abs=0 different=0/20640
  y      rel_l2=0 max_abs=0 different=0/12384
  dx     rel_l2=0 max_abs=0 different=0/12384
  dw1    rel_l2=0 max_abs=0 different=0/15360
  dw2    rel_l2=0 max_abs=0 different=0/15360
shape M=65 C=32 H=64 workers=7 seed=2 zeros=1 gradient_chunk=64
audit: every task executed once; gradient_tasks_before_all_roots=0
  raw    rel_l2=0 max_abs=0 different=0/4160
  raw    rel_l2=0 max_abs=0 different=0/4160
  post   rel_l2=0 max_abs=0 different=0/4160
  dpre   rel_l2=0 max_abs=0 different=0/4160
  post.T rel_l2=0 max_abs=0 different=0/4160
  dpre.T rel_l2=0 max_abs=0 different=0/4160
  y      rel_l2=0 max_abs=0 different=0/2080
  dx     rel_l2=0 max_abs=0 different=0/2080
  dw1    rel_l2=0 max_abs=0 different=0/2048
  dw2    rel_l2=0 max_abs=0 different=0/2048
  dw1.chunk rel_l2=0 max_abs=0 different=0/2048
  dw2.chunk rel_l2=0 max_abs=0 different=0/2048
production specialization after reset:
  raw    rel_l2=0 max_abs=0 different=0/4160
  post   rel_l2=0 max_abs=0 different=0/4160
  dpre   rel_l2=0 max_abs=0 different=0/4160
  post.T rel_l2=0 max_abs=0 different=0/4160
  dpre.T rel_l2=0 max_abs=0 different=0/4160
  y      rel_l2=0 max_abs=0 different=0/2080
  dx     rel_l2=0 max_abs=0 different=0/2080
  dw1    rel_l2=0 max_abs=0 different=0/2048
  dw2    rel_l2=0 max_abs=0 different=0/2048
shape M=256 C=128 H=256 workers=7 seed=1337 zeros=0 gradient_chunk=4096
audit: every task executed once; gradient_tasks_before_all_roots=2
  post   rel_l2=0 max_abs=0 different=0/65536
  dpre   rel_l2=0 max_abs=0 different=0/65536
  post.T rel_l2=0 max_abs=0 different=0/65536
  dpre.T rel_l2=0 max_abs=0 different=0/65536
  y      rel_l2=0 max_abs=0 different=0/32768
  dx     rel_l2=0 max_abs=0 different=0/32768
  dw1    rel_l2=1.5333805e-05 max_abs=0.00048828125 different=1/32768
  dw2    rel_l2=0 max_abs=0 different=0/32768
  dw1.chunk rel_l2=0 max_abs=0 different=0/32768
  dw2.chunk rel_l2=0 max_abs=0 different=0/32768
production specialization after reset:
  post   rel_l2=0 max_abs=0 different=0/65536
  dpre   rel_l2=0 max_abs=0 different=0/65536
  post.T rel_l2=0 max_abs=0 different=0/65536
  dpre.T rel_l2=0 max_abs=0 different=0/65536
  y      rel_l2=0 max_abs=0 different=0/32768
  dx     rel_l2=0 max_abs=0 different=0/32768
  dw1    rel_l2=1.5333805e-05 max_abs=0.00048828125 different=1/32768
  dw2    rel_l2=0 max_abs=0 different=0/32768
shape M=7 C=17 H=33 workers=132 seed=42 zeros=0 gradient_chunk=64
audit: every task executed once; gradient_tasks_before_all_roots=0
  raw    rel_l2=0 max_abs=0 different=0/231
  raw    rel_l2=0 max_abs=0 different=0/231
  post   rel_l2=0 max_abs=0 different=0/231
  dpre   rel_l2=0 max_abs=0 different=0/231
  post.T rel_l2=0 max_abs=0 different=0/231
  dpre.T rel_l2=0 max_abs=0 different=0/231
  y      rel_l2=0 max_abs=0 different=0/119
  dx     rel_l2=0 max_abs=0 different=0/119
  dw1    rel_l2=0 max_abs=0 different=0/561
  dw2    rel_l2=0 max_abs=0 different=0/561
  dw1.chunk rel_l2=0 max_abs=0 different=0/561
  dw2.chunk rel_l2=0 max_abs=0 different=0/561
production specialization after reset:
  raw    rel_l2=0 max_abs=0 different=0/231
  post   rel_l2=0 max_abs=0 different=0/231
  dpre   rel_l2=0 max_abs=0 different=0/231
  post.T rel_l2=0 max_abs=0 different=0/231
  dpre.T rel_l2=0 max_abs=0 different=0/231
  y      rel_l2=0 max_abs=0 different=0/119
  dx     rel_l2=0 max_abs=0 different=0/119
  dw1    rel_l2=0 max_abs=0 different=0/561
  dw2    rel_l2=0 max_abs=0 different=0/561
shape M=129 C=96 H=160 workers=132 seed=1337 zeros=0 gradient_chunk=64
audit: every task executed once; gradient_tasks_before_all_roots=2
  raw    rel_l2=0 max_abs=0 different=0/20640
  raw    rel_l2=0 max_abs=0 different=0/20640
  post   rel_l2=0 max_abs=0 different=0/20640
  dpre   rel_l2=0 max_abs=0 different=0/20640
  post.T rel_l2=0 max_abs=0 different=0/20640
  dpre.T rel_l2=0 max_abs=0 different=0/20640
  y      rel_l2=0 max_abs=0 different=0/12384
  dx     rel_l2=0 max_abs=0 different=0/12384
  dw1    rel_l2=0 max_abs=0 different=0/15360
  dw2    rel_l2=0 max_abs=0 different=0/15360
  dw1.chunk rel_l2=0 max_abs=0 different=0/15360
  dw2.chunk rel_l2=0 max_abs=0 different=0/15360
production specialization after reset:
  raw    rel_l2=0 max_abs=0 different=0/20640
  post   rel_l2=0 max_abs=0 different=0/20640
  dpre   rel_l2=0 max_abs=0 different=0/20640
  post.T rel_l2=0 max_abs=0 different=0/20640
  dpre.T rel_l2=0 max_abs=0 different=0/20640
  y      rel_l2=0 max_abs=0 different=0/12384
  dx     rel_l2=0 max_abs=0 different=0/12384
  dw1    rel_l2=0 max_abs=0 different=0/15360
  dw2    rel_l2=0 max_abs=0 different=0/15360
shape M=65 C=32 H=64 workers=132 seed=2 zeros=1 gradient_chunk=64
audit: every task executed once; gradient_tasks_before_all_roots=0
  raw    rel_l2=0 max_abs=0 different=0/4160
  raw    rel_l2=0 max_abs=0 different=0/4160
  post   rel_l2=0 max_abs=0 different=0/4160
  dpre   rel_l2=0 max_abs=0 different=0/4160
  post.T rel_l2=0 max_abs=0 different=0/4160
  dpre.T rel_l2=0 max_abs=0 different=0/4160
  y      rel_l2=0 max_abs=0 different=0/2080
  dx     rel_l2=0 max_abs=0 different=0/2080
  dw1    rel_l2=0 max_abs=0 different=0/2048
  dw2    rel_l2=0 max_abs=0 different=0/2048
  dw1.chunk rel_l2=0 max_abs=0 different=0/2048
  dw2.chunk rel_l2=0 max_abs=0 different=0/2048
production specialization after reset:
  raw    rel_l2=0 max_abs=0 different=0/4160
  post   rel_l2=0 max_abs=0 different=0/4160
  dpre   rel_l2=0 max_abs=0 different=0/4160
  post.T rel_l2=0 max_abs=0 different=0/4160
  dpre.T rel_l2=0 max_abs=0 different=0/4160
  y      rel_l2=0 max_abs=0 different=0/2080
  dx     rel_l2=0 max_abs=0 different=0/2080
  dw1    rel_l2=0 max_abs=0 different=0/2048
  dw2    rel_l2=0 max_abs=0 different=0/2048
shape M=256 C=128 H=256 workers=132 seed=1337 zeros=0 gradient_chunk=4096
audit: every task executed once; gradient_tasks_before_all_roots=0
  post   rel_l2=0 max_abs=0 different=0/65536
  dpre   rel_l2=0 max_abs=0 different=0/65536
  post.T rel_l2=0 max_abs=0 different=0/65536
  dpre.T rel_l2=0 max_abs=0 different=0/65536
  y      rel_l2=0 max_abs=0 different=0/32768
  dx     rel_l2=0 max_abs=0 different=0/32768
  dw1    rel_l2=1.5333805e-05 max_abs=0.00048828125 different=1/32768
  dw2    rel_l2=0 max_abs=0 different=0/32768
  dw1.chunk rel_l2=0 max_abs=0 different=0/32768
  dw2.chunk rel_l2=0 max_abs=0 different=0/32768
production specialization after reset:
  post   rel_l2=0 max_abs=0 different=0/65536
  dpre   rel_l2=0 max_abs=0 different=0/65536
  post.T rel_l2=0 max_abs=0 different=0/65536
  dpre.T rel_l2=0 max_abs=0 different=0/65536
  y      rel_l2=0 max_abs=0 different=0/32768
  dx     rel_l2=0 max_abs=0 different=0/32768
  dw1    rel_l2=1.5333805e-05 max_abs=0.00048828125 different=1/32768
  dw2    rel_l2=0 max_abs=0 different=0/32768
shape M=7 C=17 H=33 workers=660 seed=42 zeros=0 gradient_chunk=64
audit: every task executed once; gradient_tasks_before_all_roots=0
  raw    rel_l2=0 max_abs=0 different=0/231
  raw    rel_l2=0 max_abs=0 different=0/231
  post   rel_l2=0 max_abs=0 different=0/231
  dpre   rel_l2=0 max_abs=0 different=0/231
  post.T rel_l2=0 max_abs=0 different=0/231
  dpre.T rel_l2=0 max_abs=0 different=0/231
  y      rel_l2=0 max_abs=0 different=0/119
  dx     rel_l2=0 max_abs=0 different=0/119
  dw1    rel_l2=0 max_abs=0 different=0/561
  dw2    rel_l2=0 max_abs=0 different=0/561
  dw1.chunk rel_l2=0 max_abs=0 different=0/561
  dw2.chunk rel_l2=0 max_abs=0 different=0/561
production specialization after reset:
  raw    rel_l2=0 max_abs=0 different=0/231
  post   rel_l2=0 max_abs=0 different=0/231
  dpre   rel_l2=0 max_abs=0 different=0/231
  post.T rel_l2=0 max_abs=0 different=0/231
  dpre.T rel_l2=0 max_abs=0 different=0/231
  y      rel_l2=0 max_abs=0 different=0/119
  dx     rel_l2=0 max_abs=0 different=0/119
  dw1    rel_l2=0 max_abs=0 different=0/561
  dw2    rel_l2=0 max_abs=0 different=0/561
shape M=129 C=96 H=160 workers=660 seed=1337 zeros=0 gradient_chunk=64
audit: every task executed once; gradient_tasks_before_all_roots=0
  raw    rel_l2=0 max_abs=0 different=0/20640
  raw    rel_l2=0 max_abs=0 different=0/20640
  post   rel_l2=0 max_abs=0 different=0/20640
  dpre   rel_l2=0 max_abs=0 different=0/20640
  post.T rel_l2=0 max_abs=0 different=0/20640
  dpre.T rel_l2=0 max_abs=0 different=0/20640
  y      rel_l2=0 max_abs=0 different=0/12384
  dx     rel_l2=0 max_abs=0 different=0/12384
  dw1    rel_l2=0 max_abs=0 different=0/15360
  dw2    rel_l2=0 max_abs=0 different=0/15360
  dw1.chunk rel_l2=0 max_abs=0 different=0/15360
  dw2.chunk rel_l2=0 max_abs=0 different=0/15360
production specialization after reset:
  raw    rel_l2=0 max_abs=0 different=0/20640
  post   rel_l2=0 max_abs=0 different=0/20640
  dpre   rel_l2=0 max_abs=0 different=0/20640
  post.T rel_l2=0 max_abs=0 different=0/20640
  dpre.T rel_l2=0 max_abs=0 different=0/20640
  y      rel_l2=0 max_abs=0 different=0/12384
  dx     rel_l2=0 max_abs=0 different=0/12384
  dw1    rel_l2=0 max_abs=0 different=0/15360
  dw2    rel_l2=0 max_abs=0 different=0/15360
shape M=65 C=32 H=64 workers=660 seed=2 zeros=1 gradient_chunk=64
audit: every task executed once; gradient_tasks_before_all_roots=0
  raw    rel_l2=0 max_abs=0 different=0/4160
  raw    rel_l2=0 max_abs=0 different=0/4160
  post   rel_l2=0 max_abs=0 different=0/4160
  dpre   rel_l2=0 max_abs=0 different=0/4160
  post.T rel_l2=0 max_abs=0 different=0/4160
  dpre.T rel_l2=0 max_abs=0 different=0/4160
  y      rel_l2=0 max_abs=0 different=0/2080
  dx     rel_l2=0 max_abs=0 different=0/2080
  dw1    rel_l2=0 max_abs=0 different=0/2048
  dw2    rel_l2=0 max_abs=0 different=0/2048
  dw1.chunk rel_l2=0 max_abs=0 different=0/2048
  dw2.chunk rel_l2=0 max_abs=0 different=0/2048
production specialization after reset:
  raw    rel_l2=0 max_abs=0 different=0/4160
  post   rel_l2=0 max_abs=0 different=0/4160
  dpre   rel_l2=0 max_abs=0 different=0/4160
  post.T rel_l2=0 max_abs=0 different=0/4160
  dpre.T rel_l2=0 max_abs=0 different=0/4160
  y      rel_l2=0 max_abs=0 different=0/2080
  dx     rel_l2=0 max_abs=0 different=0/2080
  dw1    rel_l2=0 max_abs=0 different=0/2048
  dw2    rel_l2=0 max_abs=0 different=0/2048
shape M=256 C=128 H=256 workers=660 seed=1337 zeros=0 gradient_chunk=4096
audit: every task executed once; gradient_tasks_before_all_roots=0
  post   rel_l2=0 max_abs=0 different=0/65536
  dpre   rel_l2=0 max_abs=0 different=0/65536
  post.T rel_l2=0 max_abs=0 different=0/65536
  dpre.T rel_l2=0 max_abs=0 different=0/65536
  y      rel_l2=0 max_abs=0 different=0/32768
  dx     rel_l2=0 max_abs=0 different=0/32768
  dw1    rel_l2=1.5333805e-05 max_abs=0.00048828125 different=1/32768
  dw2    rel_l2=0 max_abs=0 different=0/32768
  dw1.chunk rel_l2=0 max_abs=0 different=0/32768
  dw2.chunk rel_l2=0 max_abs=0 different=0/32768
production specialization after reset:
  post   rel_l2=0 max_abs=0 different=0/65536
  dpre   rel_l2=0 max_abs=0 different=0/65536
  post.T rel_l2=0 max_abs=0 different=0/65536
  dpre.T rel_l2=0 max_abs=0 different=0/65536
  y      rel_l2=0 max_abs=0 different=0/32768
  dx     rel_l2=0 max_abs=0 different=0/32768
  dw1    rel_l2=1.5333805e-05 max_abs=0.00048828125 different=1/32768
  dw2    rel_l2=0 max_abs=0 different=0/32768
shape M=8209 C=96 H=160 workers=7 seed=1337 zeros=0 gradient_chunk=4096
audit: every task executed once; gradient_tasks_before_all_roots=14
  post   rel_l2=0 max_abs=0 different=0/1313440
  dpre   rel_l2=0 max_abs=0 different=0/1313440
  post.T rel_l2=0 max_abs=0 different=0/1313440
  dpre.T rel_l2=0 max_abs=0 different=0/1313440
  y      rel_l2=0 max_abs=0 different=0/788064
  dx     rel_l2=0 max_abs=0 different=0/788064
  dw1    rel_l2=0 max_abs=0 different=0/15360
  dw2    rel_l2=0 max_abs=0 different=0/15360
  dw1.chunk rel_l2=0 max_abs=0 different=0/15360
  dw2.chunk rel_l2=0 max_abs=0 different=0/15360
production specialization after reset:
  post   rel_l2=0 max_abs=0 different=0/1313440
  dpre   rel_l2=0 max_abs=0 different=0/1313440
  post.T rel_l2=0 max_abs=0 different=0/1313440
  dpre.T rel_l2=0 max_abs=0 different=0/1313440
  y      rel_l2=0 max_abs=0 different=0/788064
  dx     rel_l2=0 max_abs=0 different=0/788064
  dw1    rel_l2=0 max_abs=0 different=0/15360
  dw2    rel_l2=0 max_abs=0 different=0/15360
shape M=8192 C=128 H=256 workers=7 seed=1337 zeros=0 gradient_chunk=4096
audit: every task executed once; gradient_tasks_before_all_roots=22
  post   rel_l2=0 max_abs=0 different=0/2097152
  dpre   rel_l2=0 max_abs=0 different=0/2097152
  post.T rel_l2=0 max_abs=0 different=0/2097152
  dpre.T rel_l2=0 max_abs=0 different=0/2097152
  y      rel_l2=0 max_abs=0 different=0/1048576
  dx     rel_l2=2.0881563e-08 max_abs=2.3841858e-07 different=2/1048576
  dw1    rel_l2=0 max_abs=0 different=0/32768
  dw2    rel_l2=0 max_abs=0 different=0/32768
  dw1.chunk rel_l2=0 max_abs=0 different=0/32768
  dw2.chunk rel_l2=0 max_abs=0 different=0/32768
production specialization after reset:
  post   rel_l2=0 max_abs=0 different=0/2097152
  dpre   rel_l2=0 max_abs=0 different=0/2097152
  post.T rel_l2=0 max_abs=0 different=0/2097152
  dpre.T rel_l2=0 max_abs=0 different=0/2097152
  y      rel_l2=0 max_abs=0 different=0/1048576
  dx     rel_l2=2.0881563e-08 max_abs=2.3841858e-07 different=2/1048576
  dw1    rel_l2=0 max_abs=0 different=0/32768
  dw2    rel_l2=0 max_abs=0 different=0/32768
PASS: FP8 six-GEMM MLP graph, all outputs and gradients; not full-model training.
========= ERROR SUMMARY: 0 errors
compute-sanitizer --tool initcheck --error-exitcode 1 ./validate --quick --gradient-chunk=4096
========= COMPUTE-SANITIZER
GPU=NVIDIA H100 80GB HBM3 SMs=132 CUDA_runtime=12080
megakernel registers=124 static_shared=32776 local_bytes=0
resident_blocks_per_SM=4
operand_K=128
scheduler=ready_first
operand_stages=2
target=PR360 commit=c924f68e4d72e80307fc27a7bb3a55cfb6ad43c7 MLP=E4M3/E5M2 width=2816; component only
shape M=7 C=17 H=33 workers=1 seed=42 zeros=0 gradient_chunk=64
audit: every task executed once; gradient_tasks_before_all_roots=0
  raw    rel_l2=0 max_abs=0 different=0/231
  raw    rel_l2=0 max_abs=0 different=0/231
  post   rel_l2=0 max_abs=0 different=0/231
  dpre   rel_l2=0 max_abs=0 different=0/231
  post.T rel_l2=0 max_abs=0 different=0/231
  dpre.T rel_l2=0 max_abs=0 different=0/231
  y      rel_l2=0 max_abs=0 different=0/119
  dx     rel_l2=0 max_abs=0 different=0/119
  dw1    rel_l2=0 max_abs=0 different=0/561
  dw2    rel_l2=0 max_abs=0 different=0/561
  dw1.chunk rel_l2=0 max_abs=0 different=0/561
  dw2.chunk rel_l2=0 max_abs=0 different=0/561
production specialization after reset:
  raw    rel_l2=0 max_abs=0 different=0/231
  post   rel_l2=0 max_abs=0 different=0/231
  dpre   rel_l2=0 max_abs=0 different=0/231
  post.T rel_l2=0 max_abs=0 different=0/231
  dpre.T rel_l2=0 max_abs=0 different=0/231
  y      rel_l2=0 max_abs=0 different=0/119
  dx     rel_l2=0 max_abs=0 different=0/119
  dw1    rel_l2=0 max_abs=0 different=0/561
  dw2    rel_l2=0 max_abs=0 different=0/561
shape M=129 C=96 H=160 workers=1 seed=1337 zeros=0 gradient_chunk=64
audit: every task executed once; gradient_tasks_before_all_roots=28
  raw    rel_l2=0 max_abs=0 different=0/20640
  raw    rel_l2=0 max_abs=0 different=0/20640
  post   rel_l2=0 max_abs=0 different=0/20640
  dpre   rel_l2=0 max_abs=0 different=0/20640
  post.T rel_l2=0 max_abs=0 different=0/20640
  dpre.T rel_l2=0 max_abs=0 different=0/20640
  y      rel_l2=0 max_abs=0 different=0/12384
  dx     rel_l2=0 max_abs=0 different=0/12384
  dw1    rel_l2=0 max_abs=0 different=0/15360
  dw2    rel_l2=0 max_abs=0 different=0/15360
  dw1.chunk rel_l2=0 max_abs=0 different=0/15360
  dw2.chunk rel_l2=0 max_abs=0 different=0/15360
production specialization after reset:
  raw    rel_l2=0 max_abs=0 different=0/20640
  post   rel_l2=0 max_abs=0 different=0/20640
  dpre   rel_l2=0 max_abs=0 different=0/20640
  post.T rel_l2=0 max_abs=0 different=0/20640
  dpre.T rel_l2=0 max_abs=0 different=0/20640
  y      rel_l2=0 max_abs=0 different=0/12384
  dx     rel_l2=0 max_abs=0 different=0/12384
  dw1    rel_l2=0 max_abs=0 different=0/15360
  dw2    rel_l2=0 max_abs=0 different=0/15360
shape M=65 C=32 H=64 workers=1 seed=2 zeros=1 gradient_chunk=64
audit: every task executed once; gradient_tasks_before_all_roots=0
  raw    rel_l2=0 max_abs=0 different=0/4160
  raw    rel_l2=0 max_abs=0 different=0/4160
  post   rel_l2=0 max_abs=0 different=0/4160
  dpre   rel_l2=0 max_abs=0 different=0/4160
  post.T rel_l2=0 max_abs=0 different=0/4160
  dpre.T rel_l2=0 max_abs=0 different=0/4160
  y      rel_l2=0 max_abs=0 different=0/2080
  dx     rel_l2=0 max_abs=0 different=0/2080
  dw1    rel_l2=0 max_abs=0 different=0/2048
  dw2    rel_l2=0 max_abs=0 different=0/2048
  dw1.chunk rel_l2=0 max_abs=0 different=0/2048
  dw2.chunk rel_l2=0 max_abs=0 different=0/2048
production specialization after reset:
  raw    rel_l2=0 max_abs=0 different=0/4160
  post   rel_l2=0 max_abs=0 different=0/4160
  dpre   rel_l2=0 max_abs=0 different=0/4160
  post.T rel_l2=0 max_abs=0 different=0/4160
  dpre.T rel_l2=0 max_abs=0 different=0/4160
  y      rel_l2=0 max_abs=0 different=0/2080
  dx     rel_l2=0 max_abs=0 different=0/2080
  dw1    rel_l2=0 max_abs=0 different=0/2048
  dw2    rel_l2=0 max_abs=0 different=0/2048
shape M=256 C=128 H=256 workers=1 seed=1337 zeros=0 gradient_chunk=4096
audit: every task executed once; gradient_tasks_before_all_roots=6
  post   rel_l2=0 max_abs=0 different=0/65536
  dpre   rel_l2=0 max_abs=0 different=0/65536
  post.T rel_l2=0 max_abs=0 different=0/65536
  dpre.T rel_l2=0 max_abs=0 different=0/65536
  y      rel_l2=0 max_abs=0 different=0/32768
  dx     rel_l2=0 max_abs=0 different=0/32768
  dw1    rel_l2=1.5333805e-05 max_abs=0.00048828125 different=1/32768
  dw2    rel_l2=0 max_abs=0 different=0/32768
  dw1.chunk rel_l2=0 max_abs=0 different=0/32768
  dw2.chunk rel_l2=0 max_abs=0 different=0/32768
production specialization after reset:
  post   rel_l2=0 max_abs=0 different=0/65536
  dpre   rel_l2=0 max_abs=0 different=0/65536
  post.T rel_l2=0 max_abs=0 different=0/65536
  dpre.T rel_l2=0 max_abs=0 different=0/65536
  y      rel_l2=0 max_abs=0 different=0/32768
  dx     rel_l2=0 max_abs=0 different=0/32768
  dw1    rel_l2=1.5333805e-05 max_abs=0.00048828125 different=1/32768
  dw2    rel_l2=0 max_abs=0 different=0/32768
shape M=7 C=17 H=33 workers=7 seed=42 zeros=0 gradient_chunk=64
audit: every task executed once; gradient_tasks_before_all_roots=0
  raw    rel_l2=0 max_abs=0 different=0/231
  raw    rel_l2=0 max_abs=0 different=0/231
  post   rel_l2=0 max_abs=0 different=0/231
  dpre   rel_l2=0 max_abs=0 different=0/231
  post.T rel_l2=0 max_abs=0 different=0/231
  dpre.T rel_l2=0 max_abs=0 different=0/231
  y      rel_l2=0 max_abs=0 different=0/119
  dx     rel_l2=0 max_abs=0 different=0/119
  dw1    rel_l2=0 max_abs=0 different=0/561
  dw2    rel_l2=0 max_abs=0 different=0/561
  dw1.chunk rel_l2=0 max_abs=0 different=0/561
  dw2.chunk rel_l2=0 max_abs=0 different=0/561
production specialization after reset:
  raw    rel_l2=0 max_abs=0 different=0/231
  post   rel_l2=0 max_abs=0 different=0/231
  dpre   rel_l2=0 max_abs=0 different=0/231
  post.T rel_l2=0 max_abs=0 different=0/231
  dpre.T rel_l2=0 max_abs=0 different=0/231
  y      rel_l2=0 max_abs=0 different=0/119
  dx     rel_l2=0 max_abs=0 different=0/119
  dw1    rel_l2=0 max_abs=0 different=0/561
  dw2    rel_l2=0 max_abs=0 different=0/561
shape M=129 C=96 H=160 workers=7 seed=1337 zeros=0 gradient_chunk=64
audit: every task executed once; gradient_tasks_before_all_roots=3
  raw    rel_l2=0 max_abs=0 different=0/20640
  raw    rel_l2=0 max_abs=0 different=0/20640
  post   rel_l2=0 max_abs=0 different=0/20640
  dpre   rel_l2=0 max_abs=0 different=0/20640
  post.T rel_l2=0 max_abs=0 different=0/20640
  dpre.T rel_l2=0 max_abs=0 different=0/20640
  y      rel_l2=0 max_abs=0 different=0/12384
  dx     rel_l2=0 max_abs=0 different=0/12384
  dw1    rel_l2=0 max_abs=0 different=0/15360
  dw2    rel_l2=0 max_abs=0 different=0/15360
  dw1.chunk rel_l2=0 max_abs=0 different=0/15360
  dw2.chunk rel_l2=0 max_abs=0 different=0/15360
production specialization after reset:
  raw    rel_l2=0 max_abs=0 different=0/20640
  post   rel_l2=0 max_abs=0 different=0/20640
  dpre   rel_l2=0 max_abs=0 different=0/20640
  post.T rel_l2=0 max_abs=0 different=0/20640
  dpre.T rel_l2=0 max_abs=0 different=0/20640
  y      rel_l2=0 max_abs=0 different=0/12384
  dx     rel_l2=0 max_abs=0 different=0/12384
  dw1    rel_l2=0 max_abs=0 different=0/15360
  dw2    rel_l2=0 max_abs=0 different=0/15360
shape M=65 C=32 H=64 workers=7 seed=2 zeros=1 gradient_chunk=64
audit: every task executed once; gradient_tasks_before_all_roots=0
  raw    rel_l2=0 max_abs=0 different=0/4160
  raw    rel_l2=0 max_abs=0 different=0/4160
  post   rel_l2=0 max_abs=0 different=0/4160
  dpre   rel_l2=0 max_abs=0 different=0/4160
  post.T rel_l2=0 max_abs=0 different=0/4160
  dpre.T rel_l2=0 max_abs=0 different=0/4160
  y      rel_l2=0 max_abs=0 different=0/2080
  dx     rel_l2=0 max_abs=0 different=0/2080
  dw1    rel_l2=0 max_abs=0 different=0/2048
  dw2    rel_l2=0 max_abs=0 different=0/2048
  dw1.chunk rel_l2=0 max_abs=0 different=0/2048
  dw2.chunk rel_l2=0 max_abs=0 different=0/2048
production specialization after reset:
  raw    rel_l2=0 max_abs=0 different=0/4160
  post   rel_l2=0 max_abs=0 different=0/4160
  dpre   rel_l2=0 max_abs=0 different=0/4160
  post.T rel_l2=0 max_abs=0 different=0/4160
  dpre.T rel_l2=0 max_abs=0 different=0/4160
  y      rel_l2=0 max_abs=0 different=0/2080
  dx     rel_l2=0 max_abs=0 different=0/2080
  dw1    rel_l2=0 max_abs=0 different=0/2048
  dw2    rel_l2=0 max_abs=0 different=0/2048
shape M=256 C=128 H=256 workers=7 seed=1337 zeros=0 gradient_chunk=4096
audit: every task executed once; gradient_tasks_before_all_roots=2
  post   rel_l2=0 max_abs=0 different=0/65536
  dpre   rel_l2=0 max_abs=0 different=0/65536
  post.T rel_l2=0 max_abs=0 different=0/65536
  dpre.T rel_l2=0 max_abs=0 different=0/65536
  y      rel_l2=0 max_abs=0 different=0/32768
  dx     rel_l2=0 max_abs=0 different=0/32768
  dw1    rel_l2=1.5333805e-05 max_abs=0.00048828125 different=1/32768
  dw2    rel_l2=0 max_abs=0 different=0/32768
  dw1.chunk rel_l2=0 max_abs=0 different=0/32768
  dw2.chunk rel_l2=0 max_abs=0 different=0/32768
production specialization after reset:
  post   rel_l2=0 max_abs=0 different=0/65536
  dpre   rel_l2=0 max_abs=0 different=0/65536
  post.T rel_l2=0 max_abs=0 different=0/65536
  dpre.T rel_l2=0 max_abs=0 different=0/65536
  y      rel_l2=0 max_abs=0 different=0/32768
  dx     rel_l2=0 max_abs=0 different=0/32768
  dw1    rel_l2=1.5333805e-05 max_abs=0.00048828125 different=1/32768
  dw2    rel_l2=0 max_abs=0 different=0/32768
shape M=7 C=17 H=33 workers=132 seed=42 zeros=0 gradient_chunk=64
audit: every task executed once; gradient_tasks_before_all_roots=0
  raw    rel_l2=0 max_abs=0 different=0/231
  raw    rel_l2=0 max_abs=0 different=0/231
  post   rel_l2=0 max_abs=0 different=0/231
  dpre   rel_l2=0 max_abs=0 different=0/231
  post.T rel_l2=0 max_abs=0 different=0/231
  dpre.T rel_l2=0 max_abs=0 different=0/231
  y      rel_l2=0 max_abs=0 different=0/119
  dx     rel_l2=0 max_abs=0 different=0/119
  dw1    rel_l2=0 max_abs=0 different=0/561
  dw2    rel_l2=0 max_abs=0 different=0/561
  dw1.chunk rel_l2=0 max_abs=0 different=0/561
  dw2.chunk rel_l2=0 max_abs=0 different=0/561
production specialization after reset:
  raw    rel_l2=0 max_abs=0 different=0/231
  post   rel_l2=0 max_abs=0 different=0/231
  dpre   rel_l2=0 max_abs=0 different=0/231
  post.T rel_l2=0 max_abs=0 different=0/231
  dpre.T rel_l2=0 max_abs=0 different=0/231
  y      rel_l2=0 max_abs=0 different=0/119
  dx     rel_l2=0 max_abs=0 different=0/119
  dw1    rel_l2=0 max_abs=0 different=0/561
  dw2    rel_l2=0 max_abs=0 different=0/561
shape M=129 C=96 H=160 workers=132 seed=1337 zeros=0 gradient_chunk=64
audit: every task executed once; gradient_tasks_before_all_roots=2
  raw    rel_l2=0 max_abs=0 different=0/20640
  raw    rel_l2=0 max_abs=0 different=0/20640
  post   rel_l2=0 max_abs=0 different=0/20640
  dpre   rel_l2=0 max_abs=0 different=0/20640
  post.T rel_l2=0 max_abs=0 different=0/20640
  dpre.T rel_l2=0 max_abs=0 different=0/20640
  y      rel_l2=0 max_abs=0 different=0/12384
  dx     rel_l2=0 max_abs=0 different=0/12384
  dw1    rel_l2=0 max_abs=0 different=0/15360
  dw2    rel_l2=0 max_abs=0 different=0/15360
  dw1.chunk rel_l2=0 max_abs=0 different=0/15360
  dw2.chunk rel_l2=0 max_abs=0 different=0/15360
production specialization after reset:
  raw    rel_l2=0 max_abs=0 different=0/20640
  post   rel_l2=0 max_abs=0 different=0/20640
  dpre   rel_l2=0 max_abs=0 different=0/20640
  post.T rel_l2=0 max_abs=0 different=0/20640
  dpre.T rel_l2=0 max_abs=0 different=0/20640
  y      rel_l2=0 max_abs=0 different=0/12384
  dx     rel_l2=0 max_abs=0 different=0/12384
  dw1    rel_l2=0 max_abs=0 different=0/15360
  dw2    rel_l2=0 max_abs=0 different=0/15360
shape M=65 C=32 H=64 workers=132 seed=2 zeros=1 gradient_chunk=64
audit: every task executed once; gradient_tasks_before_all_roots=0
  raw    rel_l2=0 max_abs=0 different=0/4160
  raw    rel_l2=0 max_abs=0 different=0/4160
  post   rel_l2=0 max_abs=0 different=0/4160
  dpre   rel_l2=0 max_abs=0 different=0/4160
  post.T rel_l2=0 max_abs=0 different=0/4160
  dpre.T rel_l2=0 max_abs=0 different=0/4160
  y      rel_l2=0 max_abs=0 different=0/2080
  dx     rel_l2=0 max_abs=0 different=0/2080
  dw1    rel_l2=0 max_abs=0 different=0/2048
  dw2    rel_l2=0 max_abs=0 different=0/2048
  dw1.chunk rel_l2=0 max_abs=0 different=0/2048
  dw2.chunk rel_l2=0 max_abs=0 different=0/2048
production specialization after reset:
  raw    rel_l2=0 max_abs=0 different=0/4160
  post   rel_l2=0 max_abs=0 different=0/4160
  dpre   rel_l2=0 max_abs=0 different=0/4160
  post.T rel_l2=0 max_abs=0 different=0/4160
  dpre.T rel_l2=0 max_abs=0 different=0/4160
  y      rel_l2=0 max_abs=0 different=0/2080
  dx     rel_l2=0 max_abs=0 different=0/2080
  dw1    rel_l2=0 max_abs=0 different=0/2048
  dw2    rel_l2=0 max_abs=0 different=0/2048
shape M=256 C=128 H=256 workers=132 seed=1337 zeros=0 gradient_chunk=4096
audit: every task executed once; gradient_tasks_before_all_roots=0
  post   rel_l2=0 max_abs=0 different=0/65536
  dpre   rel_l2=0 max_abs=0 different=0/65536
  post.T rel_l2=0 max_abs=0 different=0/65536
  dpre.T rel_l2=0 max_abs=0 different=0/65536
  y      rel_l2=0 max_abs=0 different=0/32768
  dx     rel_l2=0 max_abs=0 different=0/32768
  dw1    rel_l2=1.5333805e-05 max_abs=0.00048828125 different=1/32768
  dw2    rel_l2=0 max_abs=0 different=0/32768
  dw1.chunk rel_l2=0 max_abs=0 different=0/32768
  dw2.chunk rel_l2=0 max_abs=0 different=0/32768
production specialization after reset:
  post   rel_l2=0 max_abs=0 different=0/65536
  dpre   rel_l2=0 max_abs=0 different=0/65536
  post.T rel_l2=0 max_abs=0 different=0/65536
  dpre.T rel_l2=0 max_abs=0 different=0/65536
  y      rel_l2=0 max_abs=0 different=0/32768
  dx     rel_l2=0 max_abs=0 different=0/32768
  dw1    rel_l2=1.5333805e-05 max_abs=0.00048828125 different=1/32768
  dw2    rel_l2=0 max_abs=0 different=0/32768
shape M=7 C=17 H=33 workers=660 seed=42 zeros=0 gradient_chunk=64
audit: every task executed once; gradient_tasks_before_all_roots=0
  raw    rel_l2=0 max_abs=0 different=0/231
  raw    rel_l2=0 max_abs=0 different=0/231
  post   rel_l2=0 max_abs=0 different=0/231
  dpre   rel_l2=0 max_abs=0 different=0/231
  post.T rel_l2=0 max_abs=0 different=0/231
  dpre.T rel_l2=0 max_abs=0 different=0/231
  y      rel_l2=0 max_abs=0 different=0/119
  dx     rel_l2=0 max_abs=0 different=0/119
  dw1    rel_l2=0 max_abs=0 different=0/561
  dw2    rel_l2=0 max_abs=0 different=0/561
  dw1.chunk rel_l2=0 max_abs=0 different=0/561
  dw2.chunk rel_l2=0 max_abs=0 different=0/561
production specialization after reset:
  raw    rel_l2=0 max_abs=0 different=0/231
  post   rel_l2=0 max_abs=0 different=0/231
  dpre   rel_l2=0 max_abs=0 different=0/231
  post.T rel_l2=0 max_abs=0 different=0/231
  dpre.T rel_l2=0 max_abs=0 different=0/231
  y      rel_l2=0 max_abs=0 different=0/119
  dx     rel_l2=0 max_abs=0 different=0/119
  dw1    rel_l2=0 max_abs=0 different=0/561
  dw2    rel_l2=0 max_abs=0 different=0/561
shape M=129 C=96 H=160 workers=660 seed=1337 zeros=0 gradient_chunk=64
audit: every task executed once; gradient_tasks_before_all_roots=2
  raw    rel_l2=0 max_abs=0 different=0/20640
  raw    rel_l2=0 max_abs=0 different=0/20640
  post   rel_l2=0 max_abs=0 different=0/20640
  dpre   rel_l2=0 max_abs=0 different=0/20640
  post.T rel_l2=0 max_abs=0 different=0/20640
  dpre.T rel_l2=0 max_abs=0 different=0/20640
  y      rel_l2=0 max_abs=0 different=0/12384
  dx     rel_l2=0 max_abs=0 different=0/12384
  dw1    rel_l2=0 max_abs=0 different=0/15360
  dw2    rel_l2=0 max_abs=0 different=0/15360
  dw1.chunk rel_l2=0 max_abs=0 different=0/15360
  dw2.chunk rel_l2=0 max_abs=0 different=0/15360
production specialization after reset:
  raw    rel_l2=0 max_abs=0 different=0/20640
  post   rel_l2=0 max_abs=0 different=0/20640
  dpre   rel_l2=0 max_abs=0 different=0/20640
  post.T rel_l2=0 max_abs=0 different=0/20640
  dpre.T rel_l2=0 max_abs=0 different=0/20640
  y      rel_l2=0 max_abs=0 different=0/12384
  dx     rel_l2=0 max_abs=0 different=0/12384
  dw1    rel_l2=0 max_abs=0 different=0/15360
  dw2    rel_l2=0 max_abs=0 different=0/15360
shape M=65 C=32 H=64 workers=660 seed=2 zeros=1 gradient_chunk=64
audit: every task executed once; gradient_tasks_before_all_roots=0
  raw    rel_l2=0 max_abs=0 different=0/4160
  raw    rel_l2=0 max_abs=0 different=0/4160
  post   rel_l2=0 max_abs=0 different=0/4160
  dpre   rel_l2=0 max_abs=0 different=0/4160
  post.T rel_l2=0 max_abs=0 different=0/4160
  dpre.T rel_l2=0 max_abs=0 different=0/4160
  y      rel_l2=0 max_abs=0 different=0/2080
  dx     rel_l2=0 max_abs=0 different=0/2080
  dw1    rel_l2=0 max_abs=0 different=0/2048
  dw2    rel_l2=0 max_abs=0 different=0/2048
  dw1.chunk rel_l2=0 max_abs=0 different=0/2048
  dw2.chunk rel_l2=0 max_abs=0 different=0/2048
production specialization after reset:
  raw    rel_l2=0 max_abs=0 different=0/4160
  post   rel_l2=0 max_abs=0 different=0/4160
  dpre   rel_l2=0 max_abs=0 different=0/4160
  post.T rel_l2=0 max_abs=0 different=0/4160
  dpre.T rel_l2=0 max_abs=0 different=0/4160
  y      rel_l2=0 max_abs=0 different=0/2080
  dx     rel_l2=0 max_abs=0 different=0/2080
  dw1    rel_l2=0 max_abs=0 different=0/2048
  dw2    rel_l2=0 max_abs=0 different=0/2048
shape M=256 C=128 H=256 workers=660 seed=1337 zeros=0 gradient_chunk=4096
audit: every task executed once; gradient_tasks_before_all_roots=4
  post   rel_l2=0 max_abs=0 different=0/65536
  dpre   rel_l2=0 max_abs=0 different=0/65536
  post.T rel_l2=0 max_abs=0 different=0/65536
  dpre.T rel_l2=0 max_abs=0 different=0/65536
  y      rel_l2=0 max_abs=0 different=0/32768
  dx     rel_l2=0 max_abs=0 different=0/32768
  dw1    rel_l2=1.5333805e-05 max_abs=0.00048828125 different=1/32768
  dw2    rel_l2=0 max_abs=0 different=0/32768
  dw1.chunk rel_l2=0 max_abs=0 different=0/32768
  dw2.chunk rel_l2=0 max_abs=0 different=0/32768
production specialization after reset:
  post   rel_l2=0 max_abs=0 different=0/65536
  dpre   rel_l2=0 max_abs=0 different=0/65536
  post.T rel_l2=0 max_abs=0 different=0/65536
  dpre.T rel_l2=0 max_abs=0 different=0/65536
  y      rel_l2=0 max_abs=0 different=0/32768
  dx     rel_l2=0 max_abs=0 different=0/32768
  dw1    rel_l2=1.5333805e-05 max_abs=0.00048828125 different=1/32768
  dw2    rel_l2=0 max_abs=0 different=0/32768
shape M=8209 C=96 H=160 workers=7 seed=1337 zeros=0 gradient_chunk=4096
audit: every task executed once; gradient_tasks_before_all_roots=28
  post   rel_l2=0 max_abs=0 different=0/1313440
  dpre   rel_l2=0 max_abs=0 different=0/1313440
  post.T rel_l2=0 max_abs=0 different=0/1313440
  dpre.T rel_l2=0 max_abs=0 different=0/1313440
  y      rel_l2=0 max_abs=0 different=0/788064
  dx     rel_l2=0 max_abs=0 different=0/788064
  dw1    rel_l2=0 max_abs=0 different=0/15360
  dw2    rel_l2=0 max_abs=0 different=0/15360
  dw1.chunk rel_l2=0 max_abs=0 different=0/15360
  dw2.chunk rel_l2=0 max_abs=0 different=0/15360
production specialization after reset:
  post   rel_l2=0 max_abs=0 different=0/1313440
  dpre   rel_l2=0 max_abs=0 different=0/1313440
  post.T rel_l2=0 max_abs=0 different=0/1313440
  dpre.T rel_l2=0 max_abs=0 different=0/1313440
  y      rel_l2=0 max_abs=0 different=0/788064
  dx     rel_l2=0 max_abs=0 different=0/788064
  dw1    rel_l2=0 max_abs=0 different=0/15360
  dw2    rel_l2=0 max_abs=0 different=0/15360
shape M=8192 C=128 H=256 workers=7 seed=1337 zeros=0 gradient_chunk=4096
audit: every task executed once; gradient_tasks_before_all_roots=20
  post   rel_l2=0 max_abs=0 different=0/2097152
  dpre   rel_l2=0 max_abs=0 different=0/2097152
  post.T rel_l2=0 max_abs=0 different=0/2097152
  dpre.T rel_l2=0 max_abs=0 different=0/2097152
  y      rel_l2=0 max_abs=0 different=0/1048576
  dx     rel_l2=2.0881563e-08 max_abs=2.3841858e-07 different=2/1048576
  dw1    rel_l2=0 max_abs=0 different=0/32768
  dw2    rel_l2=0 max_abs=0 different=0/32768
  dw1.chunk rel_l2=0 max_abs=0 different=0/32768
  dw2.chunk rel_l2=0 max_abs=0 different=0/32768
production specialization after reset:
  post   rel_l2=0 max_abs=0 different=0/2097152
  dpre   rel_l2=0 max_abs=0 different=0/2097152
  post.T rel_l2=0 max_abs=0 different=0/2097152
  dpre.T rel_l2=0 max_abs=0 different=0/2097152
  y      rel_l2=0 max_abs=0 different=0/1048576
  dx     rel_l2=2.0881563e-08 max_abs=2.3841858e-07 different=2/1048576
  dw1    rel_l2=0 max_abs=0 different=0/32768
  dw2    rel_l2=0 max_abs=0 different=0/32768
PASS: FP8 six-GEMM MLP graph, all outputs and gradients; not full-model training.
========= ERROR SUMMARY: 0 errors
compute-sanitizer --tool racecheck --error-exitcode 1 ./validate --quick --gradient-chunk=4096
========= COMPUTE-SANITIZER
GPU=NVIDIA H100 80GB HBM3 SMs=132 CUDA_runtime=12080
megakernel registers=124 static_shared=32776 local_bytes=0
resident_blocks_per_SM=4
operand_K=128
scheduler=ready_first
operand_stages=2
target=PR360 commit=c924f68e4d72e80307fc27a7bb3a55cfb6ad43c7 MLP=E4M3/E5M2 width=2816; component only
shape M=7 C=17 H=33 workers=1 seed=42 zeros=0 gradient_chunk=64
audit: every task executed once; gradient_tasks_before_all_roots=0
  raw    rel_l2=0 max_abs=0 different=0/231
  raw    rel_l2=0 max_abs=0 different=0/231
  post   rel_l2=0 max_abs=0 different=0/231
  dpre   rel_l2=0 max_abs=0 different=0/231
  post.T rel_l2=0 max_abs=0 different=0/231
  dpre.T rel_l2=0 max_abs=0 different=0/231
  y      rel_l2=0 max_abs=0 different=0/119
  dx     rel_l2=0 max_abs=0 different=0/119
  dw1    rel_l2=0 max_abs=0 different=0/561
  dw2    rel_l2=0 max_abs=0 different=0/561
  dw1.chunk rel_l2=0 max_abs=0 different=0/561
  dw2.chunk rel_l2=0 max_abs=0 different=0/561
production specialization after reset:
  raw    rel_l2=0 max_abs=0 different=0/231
  post   rel_l2=0 max_abs=0 different=0/231
  dpre   rel_l2=0 max_abs=0 different=0/231
  post.T rel_l2=0 max_abs=0 different=0/231
  dpre.T rel_l2=0 max_abs=0 different=0/231
  y      rel_l2=0 max_abs=0 different=0/119
  dx     rel_l2=0 max_abs=0 different=0/119
  dw1    rel_l2=0 max_abs=0 different=0/561
  dw2    rel_l2=0 max_abs=0 different=0/561
shape M=129 C=96 H=160 workers=1 seed=1337 zeros=0 gradient_chunk=64
audit: every task executed once; gradient_tasks_before_all_roots=28
  raw    rel_l2=0 max_abs=0 different=0/20640
  raw    rel_l2=0 max_abs=0 different=0/20640
  post   rel_l2=0 max_abs=0 different=0/20640
  dpre   rel_l2=0 max_abs=0 different=0/20640
  post.T rel_l2=0 max_abs=0 different=0/20640
  dpre.T rel_l2=0 max_abs=0 different=0/20640
  y      rel_l2=0 max_abs=0 different=0/12384
  dx     rel_l2=0 max_abs=0 different=0/12384
  dw1    rel_l2=0 max_abs=0 different=0/15360
  dw2    rel_l2=0 max_abs=0 different=0/15360
  dw1.chunk rel_l2=0 max_abs=0 different=0/15360
  dw2.chunk rel_l2=0 max_abs=0 different=0/15360
production specialization after reset:
  raw    rel_l2=0 max_abs=0 different=0/20640
  post   rel_l2=0 max_abs=0 different=0/20640
  dpre   rel_l2=0 max_abs=0 different=0/20640
  post.T rel_l2=0 max_abs=0 different=0/20640
  dpre.T rel_l2=0 max_abs=0 different=0/20640
  y      rel_l2=0 max_abs=0 different=0/12384
  dx     rel_l2=0 max_abs=0 different=0/12384
  dw1    rel_l2=0 max_abs=0 different=0/15360
  dw2    rel_l2=0 max_abs=0 different=0/15360
shape M=65 C=32 H=64 workers=1 seed=2 zeros=1 gradient_chunk=64
audit: every task executed once; gradient_tasks_before_all_roots=0
  raw    rel_l2=0 max_abs=0 different=0/4160
  raw    rel_l2=0 max_abs=0 different=0/4160
  post   rel_l2=0 max_abs=0 different=0/4160
  dpre   rel_l2=0 max_abs=0 different=0/4160
  post.T rel_l2=0 max_abs=0 different=0/4160
  dpre.T rel_l2=0 max_abs=0 different=0/4160
  y      rel_l2=0 max_abs=0 different=0/2080
  dx     rel_l2=0 max_abs=0 different=0/2080
  dw1    rel_l2=0 max_abs=0 different=0/2048
  dw2    rel_l2=0 max_abs=0 different=0/2048
  dw1.chunk rel_l2=0 max_abs=0 different=0/2048
  dw2.chunk rel_l2=0 max_abs=0 different=0/2048
production specialization after reset:
  raw    rel_l2=0 max_abs=0 different=0/4160
  post   rel_l2=0 max_abs=0 different=0/4160
  dpre   rel_l2=0 max_abs=0 different=0/4160
  post.T rel_l2=0 max_abs=0 different=0/4160
  dpre.T rel_l2=0 max_abs=0 different=0/4160
  y      rel_l2=0 max_abs=0 different=0/2080
  dx     rel_l2=0 max_abs=0 different=0/2080
  dw1    rel_l2=0 max_abs=0 different=0/2048
  dw2    rel_l2=0 max_abs=0 different=0/2048
shape M=256 C=128 H=256 workers=1 seed=1337 zeros=0 gradient_chunk=4096
audit: every task executed once; gradient_tasks_before_all_roots=6
  post   rel_l2=0 max_abs=0 different=0/65536
  dpre   rel_l2=0 max_abs=0 different=0/65536
  post.T rel_l2=0 max_abs=0 different=0/65536
  dpre.T rel_l2=0 max_abs=0 different=0/65536
  y      rel_l2=0 max_abs=0 different=0/32768
  dx     rel_l2=0 max_abs=0 different=0/32768
  dw1    rel_l2=1.5333805e-05 max_abs=0.00048828125 different=1/32768
  dw2    rel_l2=0 max_abs=0 different=0/32768
  dw1.chunk rel_l2=0 max_abs=0 different=0/32768
  dw2.chunk rel_l2=0 max_abs=0 different=0/32768
production specialization after reset:
  post   rel_l2=0 max_abs=0 different=0/65536
  dpre   rel_l2=0 max_abs=0 different=0/65536
  post.T rel_l2=0 max_abs=0 different=0/65536
  dpre.T rel_l2=0 max_abs=0 different=0/65536
  y      rel_l2=0 max_abs=0 different=0/32768
  dx     rel_l2=0 max_abs=0 different=0/32768
  dw1    rel_l2=1.5333805e-05 max_abs=0.00048828125 different=1/32768
  dw2    rel_l2=0 max_abs=0 different=0/32768
shape M=7 C=17 H=33 workers=7 seed=42 zeros=0 gradient_chunk=64
audit: every task executed once; gradient_tasks_before_all_roots=0
  raw    rel_l2=0 max_abs=0 different=0/231
  raw    rel_l2=0 max_abs=0 different=0/231
  post   rel_l2=0 max_abs=0 different=0/231
  dpre   rel_l2=0 max_abs=0 different=0/231
  post.T rel_l2=0 max_abs=0 different=0/231
  dpre.T rel_l2=0 max_abs=0 different=0/231
  y      rel_l2=0 max_abs=0 different=0/119
  dx     rel_l2=0 max_abs=0 different=0/119
  dw1    rel_l2=0 max_abs=0 different=0/561
  dw2    rel_l2=0 max_abs=0 different=0/561
  dw1.chunk rel_l2=0 max_abs=0 different=0/561
  dw2.chunk rel_l2=0 max_abs=0 different=0/561
production specialization after reset:
  raw    rel_l2=0 max_abs=0 different=0/231
  post   rel_l2=0 max_abs=0 different=0/231
  dpre   rel_l2=0 max_abs=0 different=0/231
  post.T rel_l2=0 max_abs=0 different=0/231
  dpre.T rel_l2=0 max_abs=0 different=0/231
  y      rel_l2=0 max_abs=0 different=0/119
  dx     rel_l2=0 max_abs=0 different=0/119
  dw1    rel_l2=0 max_abs=0 different=0/561
  dw2    rel_l2=0 max_abs=0 different=0/561
shape M=129 C=96 H=160 workers=7 seed=1337 zeros=0 gradient_chunk=64
audit: every task executed once; gradient_tasks_before_all_roots=2
  raw    rel_l2=0 max_abs=0 different=0/20640
  raw    rel_l2=0 max_abs=0 different=0/20640
  post   rel_l2=0 max_abs=0 different=0/20640
  dpre   rel_l2=0 max_abs=0 different=0/20640
  post.T rel_l2=0 max_abs=0 different=0/20640
  dpre.T rel_l2=0 max_abs=0 different=0/20640
  y      rel_l2=0 max_abs=0 different=0/12384
  dx     rel_l2=0 max_abs=0 different=0/12384
  dw1    rel_l2=0 max_abs=0 different=0/15360
  dw2    rel_l2=0 max_abs=0 different=0/15360
  dw1.chunk rel_l2=0 max_abs=0 different=0/15360
  dw2.chunk rel_l2=0 max_abs=0 different=0/15360
production specialization after reset:
  raw    rel_l2=0 max_abs=0 different=0/20640
  post   rel_l2=0 max_abs=0 different=0/20640
  dpre   rel_l2=0 max_abs=0 different=0/20640
  post.T rel_l2=0 max_abs=0 different=0/20640
  dpre.T rel_l2=0 max_abs=0 different=0/20640
  y      rel_l2=0 max_abs=0 different=0/12384
  dx     rel_l2=0 max_abs=0 different=0/12384
  dw1    rel_l2=0 max_abs=0 different=0/15360
  dw2    rel_l2=0 max_abs=0 different=0/15360
shape M=65 C=32 H=64 workers=7 seed=2 zeros=1 gradient_chunk=64
audit: every task executed once; gradient_tasks_before_all_roots=0
  raw    rel_l2=0 max_abs=0 different=0/4160
  raw    rel_l2=0 max_abs=0 different=0/4160
  post   rel_l2=0 max_abs=0 different=0/4160
  dpre   rel_l2=0 max_abs=0 different=0/4160
  post.T rel_l2=0 max_abs=0 different=0/4160
  dpre.T rel_l2=0 max_abs=0 different=0/4160
  y      rel_l2=0 max_abs=0 different=0/2080
  dx     rel_l2=0 max_abs=0 different=0/2080
  dw1    rel_l2=0 max_abs=0 different=0/2048
  dw2    rel_l2=0 max_abs=0 different=0/2048
  dw1.chunk rel_l2=0 max_abs=0 different=0/2048
  dw2.chunk rel_l2=0 max_abs=0 different=0/2048
production specialization after reset:
  raw    rel_l2=0 max_abs=0 different=0/4160
  post   rel_l2=0 max_abs=0 different=0/4160
  dpre   rel_l2=0 max_abs=0 different=0/4160
  post.T rel_l2=0 max_abs=0 different=0/4160
  dpre.T rel_l2=0 max_abs=0 different=0/4160
  y      rel_l2=0 max_abs=0 different=0/2080
  dx     rel_l2=0 max_abs=0 different=0/2080
  dw1    rel_l2=0 max_abs=0 different=0/2048
  dw2    rel_l2=0 max_abs=0 different=0/2048
shape M=256 C=128 H=256 workers=7 seed=1337 zeros=0 gradient_chunk=4096
audit: every task executed once; gradient_tasks_before_all_roots=0
  post   rel_l2=0 max_abs=0 different=0/65536
  dpre   rel_l2=0 max_abs=0 different=0/65536
  post.T rel_l2=0 max_abs=0 different=0/65536
  dpre.T rel_l2=0 max_abs=0 different=0/65536
  y      rel_l2=0 max_abs=0 different=0/32768
  dx     rel_l2=0 max_abs=0 different=0/32768
  dw1    rel_l2=1.5333805e-05 max_abs=0.00048828125 different=1/32768
  dw2    rel_l2=0 max_abs=0 different=0/32768
  dw1.chunk rel_l2=0 max_abs=0 different=0/32768
  dw2.chunk rel_l2=0 max_abs=0 different=0/32768
production specialization after reset:
  post   rel_l2=0 max_abs=0 different=0/65536
  dpre   rel_l2=0 max_abs=0 different=0/65536
  post.T rel_l2=0 max_abs=0 different=0/65536
  dpre.T rel_l2=0 max_abs=0 different=0/65536
  y      rel_l2=0 max_abs=0 different=0/32768
  dx     rel_l2=0 max_abs=0 different=0/32768
  dw1    rel_l2=1.5333805e-05 max_abs=0.00048828125 different=1/32768
  dw2    rel_l2=0 max_abs=0 different=0/32768
shape M=7 C=17 H=33 workers=132 seed=42 zeros=0 gradient_chunk=64
audit: every task executed once; gradient_tasks_before_all_roots=0
  raw    rel_l2=0 max_abs=0 different=0/231
  raw    rel_l2=0 max_abs=0 different=0/231
  post   rel_l2=0 max_abs=0 different=0/231
  dpre   rel_l2=0 max_abs=0 different=0/231
  post.T rel_l2=0 max_abs=0 different=0/231
  dpre.T rel_l2=0 max_abs=0 different=0/231
  y      rel_l2=0 max_abs=0 different=0/119
  dx     rel_l2=0 max_abs=0 different=0/119
  dw1    rel_l2=0 max_abs=0 different=0/561
  dw2    rel_l2=0 max_abs=0 different=0/561
  dw1.chunk rel_l2=0 max_abs=0 different=0/561
  dw2.chunk rel_l2=0 max_abs=0 different=0/561
production specialization after reset:
  raw    rel_l2=0 max_abs=0 different=0/231
  post   rel_l2=0 max_abs=0 different=0/231
  dpre   rel_l2=0 max_abs=0 different=0/231
  post.T rel_l2=0 max_abs=0 different=0/231
  dpre.T rel_l2=0 max_abs=0 different=0/231
  y      rel_l2=0 max_abs=0 different=0/119
  dx     rel_l2=0 max_abs=0 different=0/119
  dw1    rel_l2=0 max_abs=0 different=0/561
  dw2    rel_l2=0 max_abs=0 different=0/561
shape M=129 C=96 H=160 workers=132 seed=1337 zeros=0 gradient_chunk=64
audit: every task executed once; gradient_tasks_before_all_roots=2
  raw    rel_l2=0 max_abs=0 different=0/20640
  raw    rel_l2=0 max_abs=0 different=0/20640
  post   rel_l2=0 max_abs=0 different=0/20640
  dpre   rel_l2=0 max_abs=0 different=0/20640
  post.T rel_l2=0 max_abs=0 different=0/20640
  dpre.T rel_l2=0 max_abs=0 different=0/20640
  y      rel_l2=0 max_abs=0 different=0/12384
  dx     rel_l2=0 max_abs=0 different=0/12384
  dw1    rel_l2=0 max_abs=0 different=0/15360
  dw2    rel_l2=0 max_abs=0 different=0/15360
  dw1.chunk rel_l2=0 max_abs=0 different=0/15360
  dw2.chunk rel_l2=0 max_abs=0 different=0/15360
production specialization after reset:
  raw    rel_l2=0 max_abs=0 different=0/20640
  post   rel_l2=0 max_abs=0 different=0/20640
  dpre   rel_l2=0 max_abs=0 different=0/20640
  post.T rel_l2=0 max_abs=0 different=0/20640
  dpre.T rel_l2=0 max_abs=0 different=0/20640
  y      rel_l2=0 max_abs=0 different=0/12384
  dx     rel_l2=0 max_abs=0 different=0/12384
  dw1    rel_l2=0 max_abs=0 different=0/15360
  dw2    rel_l2=0 max_abs=0 different=0/15360
shape M=65 C=32 H=64 workers=132 seed=2 zeros=1 gradient_chunk=64
audit: every task executed once; gradient_tasks_before_all_roots=0
  raw    rel_l2=0 max_abs=0 different=0/4160
  raw    rel_l2=0 max_abs=0 different=0/4160
  post   rel_l2=0 max_abs=0 different=0/4160
  dpre   rel_l2=0 max_abs=0 different=0/4160
  post.T rel_l2=0 max_abs=0 different=0/4160
  dpre.T rel_l2=0 max_abs=0 different=0/4160
  y      rel_l2=0 max_abs=0 different=0/2080
  dx     rel_l2=0 max_abs=0 different=0/2080
  dw1    rel_l2=0 max_abs=0 different=0/2048
  dw2    rel_l2=0 max_abs=0 different=0/2048
  dw1.chunk rel_l2=0 max_abs=0 different=0/2048
  dw2.chunk rel_l2=0 max_abs=0 different=0/2048
production specialization after reset:
  raw    rel_l2=0 max_abs=0 different=0/4160
  post   rel_l2=0 max_abs=0 different=0/4160
  dpre   rel_l2=0 max_abs=0 different=0/4160
  post.T rel_l2=0 max_abs=0 different=0/4160
  dpre.T rel_l2=0 max_abs=0 different=0/4160
  y      rel_l2=0 max_abs=0 different=0/2080
  dx     rel_l2=0 max_abs=0 different=0/2080
  dw1    rel_l2=0 max_abs=0 different=0/2048
  dw2    rel_l2=0 max_abs=0 different=0/2048
shape M=256 C=128 H=256 workers=132 seed=1337 zeros=0 gradient_chunk=4096
audit: every task executed once; gradient_tasks_before_all_roots=3
  post   rel_l2=0 max_abs=0 different=0/65536
  dpre   rel_l2=0 max_abs=0 different=0/65536
  post.T rel_l2=0 max_abs=0 different=0/65536
  dpre.T rel_l2=0 max_abs=0 different=0/65536
  y      rel_l2=0 max_abs=0 different=0/32768
  dx     rel_l2=0 max_abs=0 different=0/32768
  dw1    rel_l2=1.5333805e-05 max_abs=0.00048828125 different=1/32768
  dw2    rel_l2=0 max_abs=0 different=0/32768
  dw1.chunk rel_l2=0 max_abs=0 different=0/32768
  dw2.chunk rel_l2=0 max_abs=0 different=0/32768
production specialization after reset:
  post   rel_l2=0 max_abs=0 different=0/65536
  dpre   rel_l2=0 max_abs=0 different=0/65536
  post.T rel_l2=0 max_abs=0 different=0/65536
  dpre.T rel_l2=0 max_abs=0 different=0/65536
  y      rel_l2=0 max_abs=0 different=0/32768
  dx     rel_l2=0 max_abs=0 different=0/32768
  dw1    rel_l2=1.5333805e-05 max_abs=0.00048828125 different=1/32768
  dw2    rel_l2=0 max_abs=0 different=0/32768
shape M=7 C=17 H=33 workers=660 seed=42 zeros=0 gradient_chunk=64
audit: every task executed once; gradient_tasks_before_all_roots=0
  raw    rel_l2=0 max_abs=0 different=0/231
  raw    rel_l2=0 max_abs=0 different=0/231
  post   rel_l2=0 max_abs=0 different=0/231
  dpre   rel_l2=0 max_abs=0 different=0/231
  post.T rel_l2=0 max_abs=0 different=0/231
  dpre.T rel_l2=0 max_abs=0 different=0/231
  y      rel_l2=0 max_abs=0 different=0/119
  dx     rel_l2=0 max_abs=0 different=0/119
  dw1    rel_l2=0 max_abs=0 different=0/561
  dw2    rel_l2=0 max_abs=0 different=0/561
  dw1.chunk rel_l2=0 max_abs=0 different=0/561
  dw2.chunk rel_l2=0 max_abs=0 different=0/561
production specialization after reset:
  raw    rel_l2=0 max_abs=0 different=0/231
  post   rel_l2=0 max_abs=0 different=0/231
  dpre   rel_l2=0 max_abs=0 different=0/231
  post.T rel_l2=0 max_abs=0 different=0/231
  dpre.T rel_l2=0 max_abs=0 different=0/231
  y      rel_l2=0 max_abs=0 different=0/119
  dx     rel_l2=0 max_abs=0 different=0/119
  dw1    rel_l2=0 max_abs=0 different=0/561
  dw2    rel_l2=0 max_abs=0 different=0/561
shape M=129 C=96 H=160 workers=660 seed=1337 zeros=0 gradient_chunk=64
audit: every task executed once; gradient_tasks_before_all_roots=4
  raw    rel_l2=0 max_abs=0 different=0/20640
  raw    rel_l2=0 max_abs=0 different=0/20640
  post   rel_l2=0 max_abs=0 different=0/20640
  dpre   rel_l2=0 max_abs=0 different=0/20640
  post.T rel_l2=0 max_abs=0 different=0/20640
  dpre.T rel_l2=0 max_abs=0 different=0/20640
  y      rel_l2=0 max_abs=0 different=0/12384
  dx     rel_l2=0 max_abs=0 different=0/12384
  dw1    rel_l2=0 max_abs=0 different=0/15360
  dw2    rel_l2=0 max_abs=0 different=0/15360
  dw1.chunk rel_l2=0 max_abs=0 different=0/15360
  dw2.chunk rel_l2=0 max_abs=0 different=0/15360
production specialization after reset:
  raw    rel_l2=0 max_abs=0 different=0/20640
  post   rel_l2=0 max_abs=0 different=0/20640
  dpre   rel_l2=0 max_abs=0 different=0/20640
  post.T rel_l2=0 max_abs=0 different=0/20640
  dpre.T rel_l2=0 max_abs=0 different=0/20640
  y      rel_l2=0 max_abs=0 different=0/12384
  dx     rel_l2=0 max_abs=0 different=0/12384
  dw1    rel_l2=0 max_abs=0 different=0/15360
  dw2    rel_l2=0 max_abs=0 different=0/15360
shape M=65 C=32 H=64 workers=660 seed=2 zeros=1 gradient_chunk=64
audit: every task executed once; gradient_tasks_before_all_roots=0
  raw    rel_l2=0 max_abs=0 different=0/4160
  raw    rel_l2=0 max_abs=0 different=0/4160
  post   rel_l2=0 max_abs=0 different=0/4160
  dpre   rel_l2=0 max_abs=0 different=0/4160
  post.T rel_l2=0 max_abs=0 different=0/4160
  dpre.T rel_l2=0 max_abs=0 different=0/4160
  y      rel_l2=0 max_abs=0 different=0/2080
  dx     rel_l2=0 max_abs=0 different=0/2080
  dw1    rel_l2=0 max_abs=0 different=0/2048
  dw2    rel_l2=0 max_abs=0 different=0/2048
  dw1.chunk rel_l2=0 max_abs=0 different=0/2048
  dw2.chunk rel_l2=0 max_abs=0 different=0/2048
production specialization after reset:
  raw    rel_l2=0 max_abs=0 different=0/4160
  post   rel_l2=0 max_abs=0 different=0/4160
  dpre   rel_l2=0 max_abs=0 different=0/4160
  post.T rel_l2=0 max_abs=0 different=0/4160
  dpre.T rel_l2=0 max_abs=0 different=0/4160
  y      rel_l2=0 max_abs=0 different=0/2080
  dx     rel_l2=0 max_abs=0 different=0/2080
  dw1    rel_l2=0 max_abs=0 different=0/2048
  dw2    rel_l2=0 max_abs=0 different=0/2048
shape M=256 C=128 H=256 workers=660 seed=1337 zeros=0 gradient_chunk=4096
audit: every task executed once; gradient_tasks_before_all_roots=3
  post   rel_l2=0 max_abs=0 different=0/65536
  dpre   rel_l2=0 max_abs=0 different=0/65536
  post.T rel_l2=0 max_abs=0 different=0/65536
  dpre.T rel_l2=0 max_abs=0 different=0/65536
  y      rel_l2=0 max_abs=0 different=0/32768
  dx     rel_l2=0 max_abs=0 different=0/32768
  dw1    rel_l2=1.5333805e-05 max_abs=0.00048828125 different=1/32768
  dw2    rel_l2=0 max_abs=0 different=0/32768
  dw1.chunk rel_l2=0 max_abs=0 different=0/32768
  dw2.chunk rel_l2=0 max_abs=0 different=0/32768
production specialization after reset:
  post   rel_l2=0 max_abs=0 different=0/65536
  dpre   rel_l2=0 max_abs=0 different=0/65536
  post.T rel_l2=0 max_abs=0 different=0/65536
  dpre.T rel_l2=0 max_abs=0 different=0/65536
  y      rel_l2=0 max_abs=0 different=0/32768
  dx     rel_l2=0 max_abs=0 different=0/32768
  dw1    rel_l2=1.5333805e-05 max_abs=0.00048828125 different=1/32768
  dw2    rel_l2=0 max_abs=0 different=0/32768
shape M=8209 C=96 H=160 workers=7 seed=1337 zeros=0 gradient_chunk=4096
audit: every task executed once; gradient_tasks_before_all_roots=28
  post   rel_l2=0 max_abs=0 different=0/1313440
  dpre   rel_l2=0 max_abs=0 different=0/1313440
  post.T rel_l2=0 max_abs=0 different=0/1313440
  dpre.T rel_l2=0 max_abs=0 different=0/1313440
  y      rel_l2=0 max_abs=0 different=0/788064
  dx     rel_l2=0 max_abs=0 different=0/788064
  dw1    rel_l2=0 max_abs=0 different=0/15360
  dw2    rel_l2=0 max_abs=0 different=0/15360
  dw1.chunk rel_l2=0 max_abs=0 different=0/15360
  dw2.chunk rel_l2=0 max_abs=0 different=0/15360
production specialization after reset:
  post   rel_l2=0 max_abs=0 different=0/1313440
  dpre   rel_l2=0 max_abs=0 different=0/1313440
  post.T rel_l2=0 max_abs=0 different=0/1313440
  dpre.T rel_l2=0 max_abs=0 different=0/1313440
  y      rel_l2=0 max_abs=0 different=0/788064
  dx     rel_l2=0 max_abs=0 different=0/788064
  dw1    rel_l2=0 max_abs=0 different=0/15360
  dw2    rel_l2=0 max_abs=0 different=0/15360
shape M=8192 C=128 H=256 workers=7 seed=1337 zeros=0 gradient_chunk=4096
audit: every task executed once; gradient_tasks_before_all_roots=19
  post   rel_l2=0 max_abs=0 different=0/2097152
  dpre   rel_l2=0 max_abs=0 different=0/2097152
  post.T rel_l2=0 max_abs=0 different=0/2097152
  dpre.T rel_l2=0 max_abs=0 different=0/2097152
  y      rel_l2=0 max_abs=0 different=0/1048576
  dx     rel_l2=2.0881563e-08 max_abs=2.3841858e-07 different=2/1048576
  dw1    rel_l2=0 max_abs=0 different=0/32768
  dw2    rel_l2=0 max_abs=0 different=0/32768
  dw1.chunk rel_l2=0 max_abs=0 different=0/32768
  dw2.chunk rel_l2=0 max_abs=0 different=0/32768
production specialization after reset:
  post   rel_l2=0 max_abs=0 different=0/2097152
  dpre   rel_l2=0 max_abs=0 different=0/2097152
  post.T rel_l2=0 max_abs=0 different=0/2097152
  dpre.T rel_l2=0 max_abs=0 different=0/2097152
  y      rel_l2=0 max_abs=0 different=0/1048576
  dx     rel_l2=2.0881563e-08 max_abs=2.3841858e-07 different=2/1048576
  dw1    rel_l2=0 max_abs=0 different=0/32768
  dw2    rel_l2=0 max_abs=0 different=0/32768
PASS: FP8 six-GEMM MLP graph, all outputs and gradients; not full-model training.
========= RACECHECK SUMMARY: 0 hazards displayed (0 errors, 0 warnings)
compute-sanitizer --tool synccheck --error-exitcode 1 ./validate --quick --gradient-chunk=4096
========= COMPUTE-SANITIZER
GPU=NVIDIA H100 80GB HBM3 SMs=132 CUDA_runtime=12080
megakernel registers=124 static_shared=32776 local_bytes=0
resident_blocks_per_SM=4
operand_K=128
scheduler=ready_first
operand_stages=2
target=PR360 commit=c924f68e4d72e80307fc27a7bb3a55cfb6ad43c7 MLP=E4M3/E5M2 width=2816; component only
shape M=7 C=17 H=33 workers=1 seed=42 zeros=0 gradient_chunk=64
audit: every task executed once; gradient_tasks_before_all_roots=0
  raw    rel_l2=0 max_abs=0 different=0/231
  raw    rel_l2=0 max_abs=0 different=0/231
  post   rel_l2=0 max_abs=0 different=0/231
  dpre   rel_l2=0 max_abs=0 different=0/231
  post.T rel_l2=0 max_abs=0 different=0/231
  dpre.T rel_l2=0 max_abs=0 different=0/231
  y      rel_l2=0 max_abs=0 different=0/119
  dx     rel_l2=0 max_abs=0 different=0/119
  dw1    rel_l2=0 max_abs=0 different=0/561
  dw2    rel_l2=0 max_abs=0 different=0/561
  dw1.chunk rel_l2=0 max_abs=0 different=0/561
  dw2.chunk rel_l2=0 max_abs=0 different=0/561
production specialization after reset:
  raw    rel_l2=0 max_abs=0 different=0/231
  post   rel_l2=0 max_abs=0 different=0/231
  dpre   rel_l2=0 max_abs=0 different=0/231
  post.T rel_l2=0 max_abs=0 different=0/231
  dpre.T rel_l2=0 max_abs=0 different=0/231
  y      rel_l2=0 max_abs=0 different=0/119
  dx     rel_l2=0 max_abs=0 different=0/119
  dw1    rel_l2=0 max_abs=0 different=0/561
  dw2    rel_l2=0 max_abs=0 different=0/561
shape M=129 C=96 H=160 workers=1 seed=1337 zeros=0 gradient_chunk=64
audit: every task executed once; gradient_tasks_before_all_roots=28
  raw    rel_l2=0 max_abs=0 different=0/20640
  raw    rel_l2=0 max_abs=0 different=0/20640
  post   rel_l2=0 max_abs=0 different=0/20640
  dpre   rel_l2=0 max_abs=0 different=0/20640
  post.T rel_l2=0 max_abs=0 different=0/20640
  dpre.T rel_l2=0 max_abs=0 different=0/20640
  y      rel_l2=0 max_abs=0 different=0/12384
  dx     rel_l2=0 max_abs=0 different=0/12384
  dw1    rel_l2=0 max_abs=0 different=0/15360
  dw2    rel_l2=0 max_abs=0 different=0/15360
  dw1.chunk rel_l2=0 max_abs=0 different=0/15360
  dw2.chunk rel_l2=0 max_abs=0 different=0/15360
production specialization after reset:
  raw    rel_l2=0 max_abs=0 different=0/20640
  post   rel_l2=0 max_abs=0 different=0/20640
  dpre   rel_l2=0 max_abs=0 different=0/20640
  post.T rel_l2=0 max_abs=0 different=0/20640
  dpre.T rel_l2=0 max_abs=0 different=0/20640
  y      rel_l2=0 max_abs=0 different=0/12384
  dx     rel_l2=0 max_abs=0 different=0/12384
  dw1    rel_l2=0 max_abs=0 different=0/15360
  dw2    rel_l2=0 max_abs=0 different=0/15360
shape M=65 C=32 H=64 workers=1 seed=2 zeros=1 gradient_chunk=64
audit: every task executed once; gradient_tasks_before_all_roots=0
  raw    rel_l2=0 max_abs=0 different=0/4160
  raw    rel_l2=0 max_abs=0 different=0/4160
  post   rel_l2=0 max_abs=0 different=0/4160
  dpre   rel_l2=0 max_abs=0 different=0/4160
  post.T rel_l2=0 max_abs=0 different=0/4160
  dpre.T rel_l2=0 max_abs=0 different=0/4160
  y      rel_l2=0 max_abs=0 different=0/2080
  dx     rel_l2=0 max_abs=0 different=0/2080
  dw1    rel_l2=0 max_abs=0 different=0/2048
  dw2    rel_l2=0 max_abs=0 different=0/2048
  dw1.chunk rel_l2=0 max_abs=0 different=0/2048
  dw2.chunk rel_l2=0 max_abs=0 different=0/2048
production specialization after reset:
  raw    rel_l2=0 max_abs=0 different=0/4160
  post   rel_l2=0 max_abs=0 different=0/4160
  dpre   rel_l2=0 max_abs=0 different=0/4160
  post.T rel_l2=0 max_abs=0 different=0/4160
  dpre.T rel_l2=0 max_abs=0 different=0/4160
  y      rel_l2=0 max_abs=0 different=0/2080
  dx     rel_l2=0 max_abs=0 different=0/2080
  dw1    rel_l2=0 max_abs=0 different=0/2048
  dw2    rel_l2=0 max_abs=0 different=0/2048
shape M=256 C=128 H=256 workers=1 seed=1337 zeros=0 gradient_chunk=4096
audit: every task executed once; gradient_tasks_before_all_roots=6
  post   rel_l2=0 max_abs=0 different=0/65536
  dpre   rel_l2=0 max_abs=0 different=0/65536
  post.T rel_l2=0 max_abs=0 different=0/65536
  dpre.T rel_l2=0 max_abs=0 different=0/65536
  y      rel_l2=0 max_abs=0 different=0/32768
  dx     rel_l2=0 max_abs=0 different=0/32768
  dw1    rel_l2=1.5333805e-05 max_abs=0.00048828125 different=1/32768
  dw2    rel_l2=0 max_abs=0 different=0/32768
  dw1.chunk rel_l2=0 max_abs=0 different=0/32768
  dw2.chunk rel_l2=0 max_abs=0 different=0/32768
production specialization after reset:
  post   rel_l2=0 max_abs=0 different=0/65536
  dpre   rel_l2=0 max_abs=0 different=0/65536
  post.T rel_l2=0 max_abs=0 different=0/65536
  dpre.T rel_l2=0 max_abs=0 different=0/65536
  y      rel_l2=0 max_abs=0 different=0/32768
  dx     rel_l2=0 max_abs=0 different=0/32768
  dw1    rel_l2=1.5333805e-05 max_abs=0.00048828125 different=1/32768
  dw2    rel_l2=0 max_abs=0 different=0/32768
shape M=7 C=17 H=33 workers=7 seed=42 zeros=0 gradient_chunk=64
audit: every task executed once; gradient_tasks_before_all_roots=0
  raw    rel_l2=0 max_abs=0 different=0/231
  raw    rel_l2=0 max_abs=0 different=0/231
  post   rel_l2=0 max_abs=0 different=0/231
  dpre   rel_l2=0 max_abs=0 different=0/231
  post.T rel_l2=0 max_abs=0 different=0/231
  dpre.T rel_l2=0 max_abs=0 different=0/231
  y      rel_l2=0 max_abs=0 different=0/119
  dx     rel_l2=0 max_abs=0 different=0/119
  dw1    rel_l2=0 max_abs=0 different=0/561
  dw2    rel_l2=0 max_abs=0 different=0/561
  dw1.chunk rel_l2=0 max_abs=0 different=0/561
  dw2.chunk rel_l2=0 max_abs=0 different=0/561
production specialization after reset:
  raw    rel_l2=0 max_abs=0 different=0/231
  post   rel_l2=0 max_abs=0 different=0/231
  dpre   rel_l2=0 max_abs=0 different=0/231
  post.T rel_l2=0 max_abs=0 different=0/231
  dpre.T rel_l2=0 max_abs=0 different=0/231
  y      rel_l2=0 max_abs=0 different=0/119
  dx     rel_l2=0 max_abs=0 different=0/119
  dw1    rel_l2=0 max_abs=0 different=0/561
  dw2    rel_l2=0 max_abs=0 different=0/561
shape M=129 C=96 H=160 workers=7 seed=1337 zeros=0 gradient_chunk=64
audit: every task executed once; gradient_tasks_before_all_roots=3
  raw    rel_l2=0 max_abs=0 different=0/20640
  raw    rel_l2=0 max_abs=0 different=0/20640
  post   rel_l2=0 max_abs=0 different=0/20640
  dpre   rel_l2=0 max_abs=0 different=0/20640
  post.T rel_l2=0 max_abs=0 different=0/20640
  dpre.T rel_l2=0 max_abs=0 different=0/20640
  y      rel_l2=0 max_abs=0 different=0/12384
  dx     rel_l2=0 max_abs=0 different=0/12384
  dw1    rel_l2=0 max_abs=0 different=0/15360
  dw2    rel_l2=0 max_abs=0 different=0/15360
  dw1.chunk rel_l2=0 max_abs=0 different=0/15360
  dw2.chunk rel_l2=0 max_abs=0 different=0/15360
production specialization after reset:
  raw    rel_l2=0 max_abs=0 different=0/20640
  post   rel_l2=0 max_abs=0 different=0/20640
  dpre   rel_l2=0 max_abs=0 different=0/20640
  post.T rel_l2=0 max_abs=0 different=0/20640
  dpre.T rel_l2=0 max_abs=0 different=0/20640
  y      rel_l2=0 max_abs=0 different=0/12384
  dx     rel_l2=0 max_abs=0 different=0/12384
  dw1    rel_l2=0 max_abs=0 different=0/15360
  dw2    rel_l2=0 max_abs=0 different=0/15360
shape M=65 C=32 H=64 workers=7 seed=2 zeros=1 gradient_chunk=64
audit: every task executed once; gradient_tasks_before_all_roots=0
  raw    rel_l2=0 max_abs=0 different=0/4160
  raw    rel_l2=0 max_abs=0 different=0/4160
  post   rel_l2=0 max_abs=0 different=0/4160
  dpre   rel_l2=0 max_abs=0 different=0/4160
  post.T rel_l2=0 max_abs=0 different=0/4160
  dpre.T rel_l2=0 max_abs=0 different=0/4160
  y      rel_l2=0 max_abs=0 different=0/2080
  dx     rel_l2=0 max_abs=0 different=0/2080
  dw1    rel_l2=0 max_abs=0 different=0/2048
  dw2    rel_l2=0 max_abs=0 different=0/2048
  dw1.chunk rel_l2=0 max_abs=0 different=0/2048
  dw2.chunk rel_l2=0 max_abs=0 different=0/2048
production specialization after reset:
  raw    rel_l2=0 max_abs=0 different=0/4160
  post   rel_l2=0 max_abs=0 different=0/4160
  dpre   rel_l2=0 max_abs=0 different=0/4160
  post.T rel_l2=0 max_abs=0 different=0/4160
  dpre.T rel_l2=0 max_abs=0 different=0/4160
  y      rel_l2=0 max_abs=0 different=0/2080
  dx     rel_l2=0 max_abs=0 different=0/2080
  dw1    rel_l2=0 max_abs=0 different=0/2048
  dw2    rel_l2=0 max_abs=0 different=0/2048
shape M=256 C=128 H=256 workers=7 seed=1337 zeros=0 gradient_chunk=4096
audit: every task executed once; gradient_tasks_before_all_roots=0
  post   rel_l2=0 max_abs=0 different=0/65536
  dpre   rel_l2=0 max_abs=0 different=0/65536
  post.T rel_l2=0 max_abs=0 different=0/65536
  dpre.T rel_l2=0 max_abs=0 different=0/65536
  y      rel_l2=0 max_abs=0 different=0/32768
  dx     rel_l2=0 max_abs=0 different=0/32768
  dw1    rel_l2=1.5333805e-05 max_abs=0.00048828125 different=1/32768
  dw2    rel_l2=0 max_abs=0 different=0/32768
  dw1.chunk rel_l2=0 max_abs=0 different=0/32768
  dw2.chunk rel_l2=0 max_abs=0 different=0/32768
production specialization after reset:
  post   rel_l2=0 max_abs=0 different=0/65536
  dpre   rel_l2=0 max_abs=0 different=0/65536
  post.T rel_l2=0 max_abs=0 different=0/65536
  dpre.T rel_l2=0 max_abs=0 different=0/65536
  y      rel_l2=0 max_abs=0 different=0/32768
  dx     rel_l2=0 max_abs=0 different=0/32768
  dw1    rel_l2=1.5333805e-05 max_abs=0.00048828125 different=1/32768
  dw2    rel_l2=0 max_abs=0 different=0/32768
shape M=7 C=17 H=33 workers=132 seed=42 zeros=0 gradient_chunk=64
audit: every task executed once; gradient_tasks_before_all_roots=0
  raw    rel_l2=0 max_abs=0 different=0/231
  raw    rel_l2=0 max_abs=0 different=0/231
  post   rel_l2=0 max_abs=0 different=0/231
  dpre   rel_l2=0 max_abs=0 different=0/231
  post.T rel_l2=0 max_abs=0 different=0/231
  dpre.T rel_l2=0 max_abs=0 different=0/231
  y      rel_l2=0 max_abs=0 different=0/119
  dx     rel_l2=0 max_abs=0 different=0/119
  dw1    rel_l2=0 max_abs=0 different=0/561
  dw2    rel_l2=0 max_abs=0 different=0/561
  dw1.chunk rel_l2=0 max_abs=0 different=0/561
  dw2.chunk rel_l2=0 max_abs=0 different=0/561
production specialization after reset:
  raw    rel_l2=0 max_abs=0 different=0/231
  post   rel_l2=0 max_abs=0 different=0/231
  dpre   rel_l2=0 max_abs=0 different=0/231
  post.T rel_l2=0 max_abs=0 different=0/231
  dpre.T rel_l2=0 max_abs=0 different=0/231
  y      rel_l2=0 max_abs=0 different=0/119
  dx     rel_l2=0 max_abs=0 different=0/119
  dw1    rel_l2=0 max_abs=0 different=0/561
  dw2    rel_l2=0 max_abs=0 different=0/561
shape M=129 C=96 H=160 workers=132 seed=1337 zeros=0 gradient_chunk=64
audit: every task executed once; gradient_tasks_before_all_roots=0
  raw    rel_l2=0 max_abs=0 different=0/20640
  raw    rel_l2=0 max_abs=0 different=0/20640
  post   rel_l2=0 max_abs=0 different=0/20640
  dpre   rel_l2=0 max_abs=0 different=0/20640
  post.T rel_l2=0 max_abs=0 different=0/20640
  dpre.T rel_l2=0 max_abs=0 different=0/20640
  y      rel_l2=0 max_abs=0 different=0/12384
  dx     rel_l2=0 max_abs=0 different=0/12384
  dw1    rel_l2=0 max_abs=0 different=0/15360
  dw2    rel_l2=0 max_abs=0 different=0/15360
  dw1.chunk rel_l2=0 max_abs=0 different=0/15360
  dw2.chunk rel_l2=0 max_abs=0 different=0/15360
production specialization after reset:
  raw    rel_l2=0 max_abs=0 different=0/20640
  post   rel_l2=0 max_abs=0 different=0/20640
  dpre   rel_l2=0 max_abs=0 different=0/20640
  post.T rel_l2=0 max_abs=0 different=0/20640
  dpre.T rel_l2=0 max_abs=0 different=0/20640
  y      rel_l2=0 max_abs=0 different=0/12384
  dx     rel_l2=0 max_abs=0 different=0/12384
  dw1    rel_l2=0 max_abs=0 different=0/15360
  dw2    rel_l2=0 max_abs=0 different=0/15360
shape M=65 C=32 H=64 workers=132 seed=2 zeros=1 gradient_chunk=64
audit: every task executed once; gradient_tasks_before_all_roots=0
  raw    rel_l2=0 max_abs=0 different=0/4160
  raw    rel_l2=0 max_abs=0 different=0/4160
  post   rel_l2=0 max_abs=0 different=0/4160
  dpre   rel_l2=0 max_abs=0 different=0/4160
  post.T rel_l2=0 max_abs=0 different=0/4160
  dpre.T rel_l2=0 max_abs=0 different=0/4160
  y      rel_l2=0 max_abs=0 different=0/2080
  dx     rel_l2=0 max_abs=0 different=0/2080
  dw1    rel_l2=0 max_abs=0 different=0/2048
  dw2    rel_l2=0 max_abs=0 different=0/2048
  dw1.chunk rel_l2=0 max_abs=0 different=0/2048
  dw2.chunk rel_l2=0 max_abs=0 different=0/2048
production specialization after reset:
  raw    rel_l2=0 max_abs=0 different=0/4160
  post   rel_l2=0 max_abs=0 different=0/4160
  dpre   rel_l2=0 max_abs=0 different=0/4160
  post.T rel_l2=0 max_abs=0 different=0/4160
  dpre.T rel_l2=0 max_abs=0 different=0/4160
  y      rel_l2=0 max_abs=0 different=0/2080
  dx     rel_l2=0 max_abs=0 different=0/2080
  dw1    rel_l2=0 max_abs=0 different=0/2048
  dw2    rel_l2=0 max_abs=0 different=0/2048
shape M=256 C=128 H=256 workers=132 seed=1337 zeros=0 gradient_chunk=4096
audit: every task executed once; gradient_tasks_before_all_roots=0
  post   rel_l2=0 max_abs=0 different=0/65536
  dpre   rel_l2=0 max_abs=0 different=0/65536
  post.T rel_l2=0 max_abs=0 different=0/65536
  dpre.T rel_l2=0 max_abs=0 different=0/65536
  y      rel_l2=0 max_abs=0 different=0/32768
  dx     rel_l2=0 max_abs=0 different=0/32768
  dw1    rel_l2=1.5333805e-05 max_abs=0.00048828125 different=1/32768
  dw2    rel_l2=0 max_abs=0 different=0/32768
  dw1.chunk rel_l2=0 max_abs=0 different=0/32768
  dw2.chunk rel_l2=0 max_abs=0 different=0/32768
production specialization after reset:
  post   rel_l2=0 max_abs=0 different=0/65536
  dpre   rel_l2=0 max_abs=0 different=0/65536
  post.T rel_l2=0 max_abs=0 different=0/65536
  dpre.T rel_l2=0 max_abs=0 different=0/65536
  y      rel_l2=0 max_abs=0 different=0/32768
  dx     rel_l2=0 max_abs=0 different=0/32768
  dw1    rel_l2=1.5333805e-05 max_abs=0.00048828125 different=1/32768
  dw2    rel_l2=0 max_abs=0 different=0/32768
shape M=7 C=17 H=33 workers=660 seed=42 zeros=0 gradient_chunk=64
audit: every task executed once; gradient_tasks_before_all_roots=0
  raw    rel_l2=0 max_abs=0 different=0/231
  raw    rel_l2=0 max_abs=0 different=0/231
  post   rel_l2=0 max_abs=0 different=0/231
  dpre   rel_l2=0 max_abs=0 different=0/231
  post.T rel_l2=0 max_abs=0 different=0/231
  dpre.T rel_l2=0 max_abs=0 different=0/231
  y      rel_l2=0 max_abs=0 different=0/119
  dx     rel_l2=0 max_abs=0 different=0/119
  dw1    rel_l2=0 max_abs=0 different=0/561
  dw2    rel_l2=0 max_abs=0 different=0/561
  dw1.chunk rel_l2=0 max_abs=0 different=0/561
  dw2.chunk rel_l2=0 max_abs=0 different=0/561
production specialization after reset:
  raw    rel_l2=0 max_abs=0 different=0/231
  post   rel_l2=0 max_abs=0 different=0/231
  dpre   rel_l2=0 max_abs=0 different=0/231
  post.T rel_l2=0 max_abs=0 different=0/231
  dpre.T rel_l2=0 max_abs=0 different=0/231
  y      rel_l2=0 max_abs=0 different=0/119
  dx     rel_l2=0 max_abs=0 different=0/119
  dw1    rel_l2=0 max_abs=0 different=0/561
  dw2    rel_l2=0 max_abs=0 different=0/561
shape M=129 C=96 H=160 workers=660 seed=1337 zeros=0 gradient_chunk=64
audit: every task executed once; gradient_tasks_before_all_roots=3
  raw    rel_l2=0 max_abs=0 different=0/20640
  raw    rel_l2=0 max_abs=0 different=0/20640
  post   rel_l2=0 max_abs=0 different=0/20640
  dpre   rel_l2=0 max_abs=0 different=0/20640
  post.T rel_l2=0 max_abs=0 different=0/20640
  dpre.T rel_l2=0 max_abs=0 different=0/20640
  y      rel_l2=0 max_abs=0 different=0/12384
  dx     rel_l2=0 max_abs=0 different=0/12384
  dw1    rel_l2=0 max_abs=0 different=0/15360
  dw2    rel_l2=0 max_abs=0 different=0/15360
  dw1.chunk rel_l2=0 max_abs=0 different=0/15360
  dw2.chunk rel_l2=0 max_abs=0 different=0/15360
production specialization after reset:
  raw    rel_l2=0 max_abs=0 different=0/20640
  post   rel_l2=0 max_abs=0 different=0/20640
  dpre   rel_l2=0 max_abs=0 different=0/20640
  post.T rel_l2=0 max_abs=0 different=0/20640
  dpre.T rel_l2=0 max_abs=0 different=0/20640
  y      rel_l2=0 max_abs=0 different=0/12384
  dx     rel_l2=0 max_abs=0 different=0/12384
  dw1    rel_l2=0 max_abs=0 different=0/15360
  dw2    rel_l2=0 max_abs=0 different=0/15360
shape M=65 C=32 H=64 workers=660 seed=2 zeros=1 gradient_chunk=64
audit: every task executed once; gradient_tasks_before_all_roots=0
  raw    rel_l2=0 max_abs=0 different=0/4160
  raw    rel_l2=0 max_abs=0 different=0/4160
  post   rel_l2=0 max_abs=0 different=0/4160
  dpre   rel_l2=0 max_abs=0 different=0/4160
  post.T rel_l2=0 max_abs=0 different=0/4160
  dpre.T rel_l2=0 max_abs=0 different=0/4160
  y      rel_l2=0 max_abs=0 different=0/2080
  dx     rel_l2=0 max_abs=0 different=0/2080
  dw1    rel_l2=0 max_abs=0 different=0/2048
  dw2    rel_l2=0 max_abs=0 different=0/2048
  dw1.chunk rel_l2=0 max_abs=0 different=0/2048
  dw2.chunk rel_l2=0 max_abs=0 different=0/2048
production specialization after reset:
  raw    rel_l2=0 max_abs=0 different=0/4160
  post   rel_l2=0 max_abs=0 different=0/4160
  dpre   rel_l2=0 max_abs=0 different=0/4160
  post.T rel_l2=0 max_abs=0 different=0/4160
  dpre.T rel_l2=0 max_abs=0 different=0/4160
  y      rel_l2=0 max_abs=0 different=0/2080
  dx     rel_l2=0 max_abs=0 different=0/2080
  dw1    rel_l2=0 max_abs=0 different=0/2048
  dw2    rel_l2=0 max_abs=0 different=0/2048
shape M=256 C=128 H=256 workers=660 seed=1337 zeros=0 gradient_chunk=4096
audit: every task executed once; gradient_tasks_before_all_roots=0
  post   rel_l2=0 max_abs=0 different=0/65536
  dpre   rel_l2=0 max_abs=0 different=0/65536
  post.T rel_l2=0 max_abs=0 different=0/65536
  dpre.T rel_l2=0 max_abs=0 different=0/65536
  y      rel_l2=0 max_abs=0 different=0/32768
  dx     rel_l2=0 max_abs=0 different=0/32768
  dw1    rel_l2=1.5333805e-05 max_abs=0.00048828125 different=1/32768
  dw2    rel_l2=0 max_abs=0 different=0/32768
  dw1.chunk rel_l2=0 max_abs=0 different=0/32768
  dw2.chunk rel_l2=0 max_abs=0 different=0/32768
production specialization after reset:
  post   rel_l2=0 max_abs=0 different=0/65536
  dpre   rel_l2=0 max_abs=0 different=0/65536
  post.T rel_l2=0 max_abs=0 different=0/65536
  dpre.T rel_l2=0 max_abs=0 different=0/65536
  y      rel_l2=0 max_abs=0 different=0/32768
  dx     rel_l2=0 max_abs=0 different=0/32768
  dw1    rel_l2=1.5333805e-05 max_abs=0.00048828125 different=1/32768
  dw2    rel_l2=0 max_abs=0 different=0/32768
shape M=8209 C=96 H=160 workers=7 seed=1337 zeros=0 gradient_chunk=4096
audit: every task executed once; gradient_tasks_before_all_roots=28
  post   rel_l2=0 max_abs=0 different=0/1313440
  dpre   rel_l2=0 max_abs=0 different=0/1313440
  post.T rel_l2=0 max_abs=0 different=0/1313440
  dpre.T rel_l2=0 max_abs=0 different=0/1313440
  y      rel_l2=0 max_abs=0 different=0/788064
  dx     rel_l2=0 max_abs=0 different=0/788064
  dw1    rel_l2=0 max_abs=0 different=0/15360
  dw2    rel_l2=0 max_abs=0 different=0/15360
  dw1.chunk rel_l2=0 max_abs=0 different=0/15360
  dw2.chunk rel_l2=0 max_abs=0 different=0/15360
production specialization after reset:
  post   rel_l2=0 max_abs=0 different=0/1313440
  dpre   rel_l2=0 max_abs=0 different=0/1313440
  post.T rel_l2=0 max_abs=0 different=0/1313440
  dpre.T rel_l2=0 max_abs=0 different=0/1313440
  y      rel_l2=0 max_abs=0 different=0/788064
  dx     rel_l2=0 max_abs=0 different=0/788064
  dw1    rel_l2=0 max_abs=0 different=0/15360
  dw2    rel_l2=0 max_abs=0 different=0/15360
shape M=8192 C=128 H=256 workers=7 seed=1337 zeros=0 gradient_chunk=4096
audit: every task executed once; gradient_tasks_before_all_roots=18
  post   rel_l2=0 max_abs=0 different=0/2097152
  dpre   rel_l2=0 max_abs=0 different=0/2097152
  post.T rel_l2=0 max_abs=0 different=0/2097152
  dpre.T rel_l2=0 max_abs=0 different=0/2097152
  y      rel_l2=0 max_abs=0 different=0/1048576
  dx     rel_l2=2.0881563e-08 max_abs=2.3841858e-07 different=2/1048576
  dw1    rel_l2=0 max_abs=0 different=0/32768
  dw2    rel_l2=0 max_abs=0 different=0/32768
  dw1.chunk rel_l2=0 max_abs=0 different=0/32768
  dw2.chunk rel_l2=0 max_abs=0 different=0/32768
production specialization after reset:
  post   rel_l2=0 max_abs=0 different=0/2097152
  dpre   rel_l2=0 max_abs=0 different=0/2097152
  post.T rel_l2=0 max_abs=0 different=0/2097152
  dpre.T rel_l2=0 max_abs=0 different=0/2097152
  y      rel_l2=0 max_abs=0 different=0/1048576
  dx     rel_l2=2.0881563e-08 max_abs=2.3841858e-07 different=2/1048576
  dw1    rel_l2=0 max_abs=0 different=0/32768
  dw2    rel_l2=0 max_abs=0 different=0/32768
PASS: FP8 six-GEMM MLP graph, all outputs and gradients; not full-model training.
========= ERROR SUMMARY: 0 errors
make: Leaving directory '/workspace/cuda'

Static SASS instruction counts for _ZN4nano10megakernelILb0ELb1ELb0ELb0ELb0ELb0EEEvNS_5GraphE: {'HMMA': 48, 'HGMMA': 0, 'LDGSTS': 28, 'LDL': 0, 'STL': 0}
Static SASS instruction counts for _ZN4nano10megakernelILb0ELb0ELb0ELb0ELb0ELb0EEEvNS_5GraphE: {'HMMA': 48, 'HGMMA': 0, 'LDGSTS': 28, 'LDL': 0, 'STL': 0}