sha256 ca7ebcd605f66457f87d1fa18d5ca6fb04610b0f4800703e212f328ff201402d Makefile
sha256 489a50ab144cd30e1e42d2029754c92de2ef09a2051f1a6034f9fe840fc8d2c2 anvil.cu
sha256 1dc9217e8b64c5b061aff94ec81e26279bf1a64c9d3cc8386cc97568adc41936 anvil.cuh
sha256 96d97e1fdc6596c83415a4d0ceff7138686ea3c1aecf1c99b8d8f28d38690409 anvil_graph.cuh
sha256 5a55ce388ca131f3fcac75df07010da61a2899a0889e3f04028c49b655639607 attention.cu
sha256 6d69702e9860e6d332a768bffef66ab1542b04d7b3815caab9e153f92c909156 attention.cuh
sha256 761bdf2690dab77d02aa19caae271942bed7c39eceab666c18bebc70354b597a attention_layer.cu
sha256 5e23df96de295a12c6770293bb3724e58ffee06f6310f0dbf43293c5c377ffac attention_layer.cuh
sha256 e43b134f524130c5fcc5b7ea3dfca072fed7dfcb72ff0957dbb0bd2e7d4f7733 attention_layer_reference.cuh
sha256 8e464dbdde644d338f2b7f4f34f052bf5d7f9ea895105d308c577bfb2e47edce attention_post.cuh
sha256 7bae7cc6d4defc9026d5882b9e970dc184b2ff492d6735c7f67f40403dcfc239 attention_reference.cuh
sha256 a3be2ab6c64f030ca01f7d30c6a6bb7604b3bbe62257ba0aad9bb72bca232c76 bench.cuh
sha256 9dddb4cda1b99b427d6a5726c8a69513deb50cb06a97e36cdeac0893a600ac26 bf16.cu
sha256 6e99a879dfa2957f3ef9ba1bab8065f3a66191b157b6129b191b86265fd962f6 bf16_gemm.cuh
sha256 b6013fa23a801d8e288bf261029957d6931556cc18d7e7fc2de9974ad7887d6d embeddings.cuh
sha256 dd38c6d6039e09b954f14669ec4cd0877700ba1011719e8d784a5629f1a728d1 evaluation_head.cuh
sha256 ec94fd114bd2b8b97e2e890697973afe316a7ce5e2535476815f9db9e12a4778 evaluation_head_check.cuh
sha256 d4b3c092f09347b8d6cefd89d84d64bc7bea040a24b64c0dd8614fbfe7c8b621 frontier.cuh
sha256 75c4137f95d8b352fb02671ea4995ab6d8857390eb27d11479f7d6e628f02ce5 gates.cuh
sha256 acb42b1055ea9b02dc5e738c6f83b14a442784287dbd42d3e8a17a1b47aa33c8 head.cu
sha256 6c7816f88d3635a7a72d3db3eb5fb7b09dd04f5350db0b76e7769ec0b570e361 hopper.cuh
sha256 0e1e3a844cbb77e8d712ece09567c80ed31f199c6d3c1f29d0d1916d619feebb last_layer.cu
sha256 2d038b25b2f526d8f5903f45a07fcb9112ff7daa5718e4bf3337d6ce33d11981 layer_nine.cu
sha256 2b5e51d0612d34780b53c7033528f27d3463ee423a66444408bc5a388f04ef57 loss.cu
sha256 f1970cff455b6ad0e45dea12ed581b24712afc2bec2f8b76cd5e912701a4e846 megakernel.cuh
sha256 650935fbe0799cec650ebe91331f83e58b23a3461c0a9df0f01a27a6dcebaec7 mlp_evaluation.cuh
sha256 abc976abdeaa14db113f1e1c880af4aa6b3399bb04b70e1f3718ac8abbc3d888 mlp_evaluation_check.cuh
sha256 130c9720933bf2a28d2114d5533a153971d9684d2be27fb4c962a67fe98ad357 mlp_training.cuh
sha256 960256e6097b5eb5a2a3e5505c14fabf62213b218441a16405ed0adceaa9ea9f model_evaluation.cuh
sha256 eafe6723a2b8a770528517590aa92e014ae315d4d9cbd9dea25bdd3139db22c4 model_evaluation_check.cuh
sha256 2cfe05bf690ca0783fddd52ff5337f292baff00fd328c5d851d55264aadddf36 qkv.cuh
sha256 cef57ceb07ba44e55effc962c75d7f96485a7f1b80a5555438c99016553708d9 quantize.cu
sha256 9075da55b9c101c83b3683c723f318808b2655b7b2b7219976b812520dc6deb2 routing.cu
sha256 ca484b3e8d99319779949171f011f533443b6cd387ad8d5459fdb676e072f33a routing.cuh
sha256 243d4a5e87f8b191f17f22b79bc4d5043e3b2620f9436bfcad7a671d81894182 suffix.cu
sha256 a7e11fd9d0b2c99162b82641a9512b574dc46161e36e7f50585bed85d99f6ef8 tail.cu
sha256 0d560717a19a59e5505d3567890ca1e93d0fe3b4aeec191cbd711e3d28988e4c tail_backward.cuh
sha256 0621799b3cb02485e39460b3fef825966fe42cf436ebcf76275a8cad3919dd79 tail_reference.cpp
sha256 0ebd41279767d6a31a504734fa15929f9502c2558209aac93e31b8444c498221 tail_reference.h
sha256 f2bff3dccf7c4d0f34cf0013fecc638bf73931d93eb069f5791551950ad2a43b tokenizer.cpp
sha256 5de4df83cf0040e94b7189fdc2752e58710298b69a71d7cb160ed09b0b471154 training_loss.cuh
sha256 15b680ed94a53c4bfe715d9a1a763a5bff7f9b071581ee54c5d76bfbe636a685 training_loss_reference.cu
sha256 4b6bd76acd9939104cab51766feddd2a4e1ff4b8499799d3091658c31f352d8b training_pack.cuh
sha256 6162af3343d30737858843abf1b3e930bee0e4af510aa75df73a810816d39da9 transport.cu
sha256 4c74b0dba9a3a754d4fff90f9cab402ed715067484f50079efdc703ddb8ef6fe validate.cu
$ nvidia-smi
Sat Sep 19 09:58:01 2026       
+-----------------------------------------------------------------------------------------+
| NVIDIA-SMI 580.95.05              Driver Version: 580.95.05      CUDA Version: 13.0     |
+-----------------------------------------+------------------------+----------------------+
| GPU  Name                 Persistence-M | Bus-Id          Disp.A | Volatile Uncorr. ECC |
| Fan  Temp   Perf          Pwr:Usage/Cap |           Memory-Usage | GPU-Util  Compute M. |
|                                         |                        |               MIG M. |
|=========================================+========================+======================|
|   0  NVIDIA H100 80GB HBM3          On  |   00000000:84:00.0 Off |                    0 |
| N/A   37C    P0             73W /  700W |       4MiB /  81559MiB |      0%      Default |
|                                         |                        |             Disabled |
+-----------------------------------------+------------------------+----------------------+

+-----------------------------------------------------------------------------------------+
| Processes:                                                                              |
|  GPU   GI   CI              PID   Type   Process name                        GPU Memory |
|        ID   ID                                                               Usage      |
|=========================================================================================|
|  No running processes found                                                             |
+-----------------------------------------------------------------------------------------+

$ nvcc --version
nvcc: NVIDIA (R) Cuda compiler driver
Copyright (c) 2005-2025 NVIDIA Corporation
Built on Fri_Feb_21_20:23:50_PST_2025
Cuda compilation tools, release 12.8, V12.8.93
Build cuda_12.8.r12.8/compiler.35583870_0

$ make -C /workspace/cuda layer_nine
make: Entering directory '/workspace/cuda'
g++ -std=c++17 -O2 -D_GLIBCXX_USE_CXX11_ABI=1 -I/usr/local/lib/python3.12/site-packages/torch/include -I/usr/local/lib/python3.12/site-packages/torch/include/torch/csrc/api/include -c tail_reference.cpp -o tail_reference.o
nvcc -std=c++17 -O3 -arch=sm_90a -lineinfo -Xptxas=-v,-warn-spills --use_fast_math -c training_loss_reference.cu -o training_loss_reference.o
training_loss_reference.cu(207): warning #177-D: variable "result" was declared but never referenced
      __nv_fp8_e5m28 result;
                     ^
          detected during instantiation of "void reference_loss<Vocabulary>(const nano::TrainingLoss &, const float *) [with Vocabulary=2048]" at line 301

Remark: The warnings can be suppressed with "-diag-suppress <warning-number>"

training_loss_reference.cu(207): warning #177-D: variable "result" was declared but never referenced
      __nv_fp8_e5m28 result;
                     ^
          detected during instantiation of "void reference_loss<Vocabulary>(const nano::TrainingLoss &, const float *) [with Vocabulary=2048]" at line 301

Remark: The warnings can be suppressed with "-diag-suppress <warning-number>"

ptxas info    : 0 bytes gmem
ptxas info    : Compiling entry function '_ZN23frontier_loss_reference17ce_fwd_bwd_kernelILi50304EEEvPKhPKxPKfS4_PfPciidddddd' for 'sm_90a'
ptxas info    : Function properties for _ZN23frontier_loss_reference17ce_fwd_bwd_kernelILi50304EEEvPKhPKxPKfS4_PfPciidddddd
    0 bytes stack frame, 0 bytes spill stores, 0 bytes spill loads
ptxas info    : Used 128 registers, used 1 barriers, 32 bytes smem
ptxas info    : Compile time = 210.329 ms
ptxas info    : Compiling entry function '_ZN23frontier_loss_reference17ce_fwd_bwd_kernelILi24576EEEvPKhPKxPKfS4_PfPciidddddd' for 'sm_90a'
ptxas info    : Function properties for _ZN23frontier_loss_reference17ce_fwd_bwd_kernelILi24576EEEvPKhPKxPKfS4_PfPciidddddd
    0 bytes stack frame, 0 bytes spill stores, 0 bytes spill loads
ptxas info    : Used 122 registers, used 1 barriers, 32 bytes smem
ptxas info    : Compile time = 74.659 ms
ptxas info    : Compiling entry function '_ZN23frontier_loss_reference17ce_fwd_bwd_kernelILi14336EEEvPKhPKxPKfS4_PfPciidddddd' for 'sm_90a'
ptxas info    : Function properties for _ZN23frontier_loss_reference17ce_fwd_bwd_kernelILi14336EEEvPKhPKxPKfS4_PfPciidddddd
    0 bytes stack frame, 0 bytes spill stores, 0 bytes spill loads
ptxas info    : Used 80 registers, used 1 barriers, 32 bytes smem
ptxas info    : Compile time = 54.666 ms
ptxas info    : Compiling entry function '_ZN23frontier_loss_reference17ce_fwd_bwd_kernelILi10240EEEvPKhPKxPKfS4_PfPciidddddd' for 'sm_90a'
ptxas info    : Function properties for _ZN23frontier_loss_reference17ce_fwd_bwd_kernelILi10240EEEvPKhPKxPKfS4_PfPciidddddd
    0 bytes stack frame, 0 bytes spill stores, 0 bytes spill loads
ptxas info    : Used 63 registers, used 1 barriers, 32 bytes smem
ptxas info    : Compile time = 42.778 ms
ptxas info    : Compiling entry function '_ZN23frontier_loss_reference17ce_fwd_bwd_kernelILi2048EEEvPKhPKxPKfS4_PfPciidddddd' for 'sm_90a'
ptxas info    : Function properties for _ZN23frontier_loss_reference17ce_fwd_bwd_kernelILi2048EEEvPKhPKxPKfS4_PfPciidddddd
    0 bytes stack frame, 0 bytes spill stores, 0 bytes spill loads
ptxas info    : Used 32 registers, used 1 barriers, 32 bytes smem
ptxas info    : Compile time = 21.396 ms
nvcc -std=c++17 -O3 -arch=sm_90a -lineinfo -Xptxas=-v,-warn-spills -DNANO_TRANSPOSE_PAD=4 -DNANO_REUSE_QUANT=1 -DNANO_MIN_BLOCKS=4 -DNANO_ALIGNED=1 -DNANO_K_LOOP=1 -DNANO_FRONTIER=1 -DNANO_BF16_COALESCED=1 -DNANO_COOP_PUBLISH=1 layer_nine.cu tail_reference.o training_loss_reference.o -lcublas -L/usr/local/lib/python3.12/site-packages/torch/lib -Xlinker -rpath -Xlinker /usr/local/lib/python3.12/site-packages/torch/lib -ltorch -ltorch_cpu -ltorch_cuda -lc10 -lc10_cuda -o layer_nine
ptxas warning : Registers are spilled to local memory in function '_ZN4nano10megakernelILb0ELb0ELb1ELb1ELb0ELb1ELb1ELb1EEEvNS_5GraphE', 32 bytes spill stores, 112 bytes spill loads
ptxas warning : Registers are spilled to local memory in function '_ZN4nano10megakernelILb1ELb0ELb1ELb1ELb0ELb1ELb1ELb1EEEvNS_5GraphE', 28 bytes spill stores, 40 bytes spill loads
ptxas warning : Registers are spilled to local memory in function '_ZN4nano10megakernelILb1ELb0ELb1ELb1ELb1ELb1ELb0ELb0EEEvNS_5GraphE', 4 bytes spill stores, 4 bytes spill loads
ptxas warning : Registers are spilled to local memory in function '_ZN4nano10megakernelILb0ELb0ELb0ELb1ELb0ELb0ELb1ELb1EEEvNS_5GraphE', 16 bytes spill stores, 96 bytes spill loads
ptxas warning : Registers are spilled to local memory in function '_ZN4nano10megakernelILb1ELb0ELb0ELb1ELb0ELb0ELb1ELb1EEEvNS_5GraphE', 16 bytes spill stores, 96 bytes spill loads
ptxas warning : Registers are spilled to local memory in function '_ZN4nano10megakernelILb0ELb0ELb0ELb1ELb0ELb0ELb0ELb1EEEvNS_5GraphE', 28 bytes spill stores, 48 bytes spill loads
ptxas warning : Registers are spilled to local memory in function '_ZN4nano10megakernelILb1ELb0ELb0ELb1ELb0ELb0ELb0ELb1EEEvNS_5GraphE', 28 bytes spill stores, 48 bytes spill loads
ptxas info    : 0 bytes gmem
ptxas info    : Compiling entry function '_ZN4nano10megakernelILb0ELb0ELb1ELb1ELb0ELb1ELb1ELb1EEEvNS_5GraphE' for 'sm_90a'
ptxas info    : Function properties for _ZN4nano10megakernelILb0ELb0ELb1ELb1ELb0ELb1ELb1ELb1EEEvNS_5GraphE
    32 bytes stack frame, 32 bytes spill stores, 112 bytes spill loads
ptxas info    : Used 128 registers, used 1 barriers, 32 bytes cumulative stack size, 32800 bytes smem
ptxas info    : Compile time = 3048.882 ms
ptxas info    : Compiling entry function '_ZN4nano10megakernelILb1ELb0ELb1ELb1ELb0ELb1ELb1ELb1EEEvNS_5GraphE' for 'sm_90a'
ptxas info    : Function properties for _ZN4nano10megakernelILb1ELb0ELb1ELb1ELb0ELb1ELb1ELb1EEEvNS_5GraphE
    32 bytes stack frame, 28 bytes spill stores, 40 bytes spill loads
ptxas info    : Used 128 registers, used 1 barriers, 32 bytes cumulative stack size, 32800 bytes smem
ptxas info    : Compile time = 2914.308 ms
ptxas info    : Compiling entry function '_ZN4nano10megakernelILb0ELb0ELb1ELb1ELb0ELb1ELb0ELb0EEEvNS_5GraphE' for 'sm_90a'
ptxas info    : Function properties for _ZN4nano10megakernelILb0ELb0ELb1ELb1ELb0ELb1ELb0ELb0EEEvNS_5GraphE
    0 bytes stack frame, 0 bytes spill stores, 0 bytes spill loads
ptxas info    : Used 128 registers, used 1 barriers, 32800 bytes smem
ptxas info    : Compile time = 1471.279 ms
ptxas info    : Compiling entry function '_ZN4nano10megakernelILb0ELb0ELb1ELb1ELb1ELb1ELb0ELb0EEEvNS_5GraphE' for 'sm_90a'
ptxas info    : Function properties for _ZN4nano10megakernelILb0ELb0ELb1ELb1ELb1ELb1ELb0ELb0EEEvNS_5GraphE
    0 bytes stack frame, 0 bytes spill stores, 0 bytes spill loads
ptxas info    : Used 128 registers, used 1 barriers, 32800 bytes smem
ptxas info    : Compile time = 2268.447 ms
ptxas info    : Compiling entry function '_ZN4nano10megakernelILb1ELb0ELb1ELb1ELb1ELb1ELb0ELb0EEEvNS_5GraphE' for 'sm_90a'
ptxas info    : Function properties for _ZN4nano10megakernelILb1ELb0ELb1ELb1ELb1ELb1ELb0ELb0EEEvNS_5GraphE
    8 bytes stack frame, 4 bytes spill stores, 4 bytes spill loads
ptxas info    : Used 128 registers, used 1 barriers, 8 bytes cumulative stack size, 32800 bytes smem
ptxas info    : Compile time = 1807.325 ms
ptxas info    : Compiling entry function '_ZN4nano10megakernelILb0ELb0ELb0ELb1ELb0ELb0ELb1ELb1EEEvNS_5GraphE' for 'sm_90a'
ptxas info    : Function properties for _ZN4nano10megakernelILb0ELb0ELb0ELb1ELb0ELb0ELb1ELb1EEEvNS_5GraphE
    16 bytes stack frame, 16 bytes spill stores, 96 bytes spill loads
ptxas info    : Used 128 registers, used 1 barriers, 16 bytes cumulative stack size, 32800 bytes smem
ptxas info    : Compile time = 1970.312 ms
ptxas info    : Compiling entry function '_ZN4nano10megakernelILb1ELb0ELb0ELb1ELb0ELb0ELb1ELb1EEEvNS_5GraphE' for 'sm_90a'
ptxas info    : Function properties for _ZN4nano10megakernelILb1ELb0ELb0ELb1ELb0ELb0ELb1ELb1EEEvNS_5GraphE
    16 bytes stack frame, 16 bytes spill stores, 96 bytes spill loads
ptxas info    : Used 128 registers, used 1 barriers, 16 bytes cumulative stack size, 32800 bytes smem
ptxas info    : Compile time = 2016.793 ms
ptxas info    : Compiling entry function '_ZN4nano10megakernelILb0ELb0ELb0ELb1ELb0ELb0ELb0ELb1EEEvNS_5GraphE' for 'sm_90a'
ptxas info    : Function properties for _ZN4nano10megakernelILb0ELb0ELb0ELb1ELb0ELb0ELb0ELb1EEEvNS_5GraphE
    24 bytes stack frame, 28 bytes spill stores, 48 bytes spill loads
ptxas info    : Used 128 registers, used 1 barriers, 24 bytes cumulative stack size, 32800 bytes smem
ptxas info    : Compile time = 1651.891 ms
ptxas info    : Compiling entry function '_ZN4nano10megakernelILb1ELb0ELb0ELb1ELb0ELb0ELb0ELb1EEEvNS_5GraphE' for 'sm_90a'
ptxas info    : Function properties for _ZN4nano10megakernelILb1ELb0ELb0ELb1ELb0ELb0ELb0ELb1EEEvNS_5GraphE
    24 bytes stack frame, 28 bytes spill stores, 48 bytes spill loads
ptxas info    : Used 128 registers, used 1 barriers, 24 bytes cumulative stack size, 32800 bytes smem
ptxas info    : Compile time = 1686.093 ms
ptxas info    : Compiling entry function '_Z16last_layer_stageILi1EEvN4nano5GraphEi' for 'sm_90a'
ptxas info    : Function properties for _Z16last_layer_stageILi1EEvN4nano5GraphEi
    0 bytes stack frame, 0 bytes spill stores, 0 bytes spill loads
ptxas info    : Used 96 registers, used 1 barriers, 32768 bytes smem
ptxas info    : Compile time = 2352.319 ms
ptxas info    : Compiling entry function '_Z16last_layer_stageILi4EEvN4nano5GraphEi' for 'sm_90a'
ptxas info    : Function properties for _Z16last_layer_stageILi4EEvN4nano5GraphEi
    0 bytes stack frame, 0 bytes spill stores, 0 bytes spill loads
ptxas info    : Used 96 registers, used 1 barriers, 32768 bytes smem
ptxas info    : Compile time = 2346.880 ms
ptxas info    : Compiling entry function '_Z12staged_layerILi4EEvN4nano5GraphEi' for 'sm_90a'
ptxas info    : Function properties for _Z12staged_layerILi4EEvN4nano5GraphEi
    0 bytes stack frame, 0 bytes spill stores, 0 bytes spill loads
ptxas info    : Used 128 registers, used 1 barriers, 32768 bytes smem
ptxas info    : Compile time = 1223.026 ms
ptxas info    : Compiling entry function '_Z9post_onlyN4nano13AttentionPostENS_18AttentionPostStageE' for 'sm_90a'
ptxas info    : Function properties for _Z9post_onlyN4nano13AttentionPostENS_18AttentionPostStageE
    0 bytes stack frame, 0 bytes spill stores, 0 bytes spill loads
ptxas info    : Used 42 registers, used 0 barriers
ptxas info    : Compile time = 40.926 ms
ptxas info    : Compiling entry function '_Z12staged_layerILi1EEvN4nano5GraphEi' for 'sm_90a'
ptxas info    : Function properties for _Z12staged_layerILi1EEvN4nano5GraphEi
    0 bytes stack frame, 0 bytes spill stores, 0 bytes spill loads
ptxas info    : Used 166 registers, used 1 barriers, 32768 bytes smem
ptxas info    : Compile time = 1180.812 ms
ptxas info    : Compiling entry function '_Z11reset_layerN4nano5GraphEi' for 'sm_90a'
ptxas info    : Function properties for _Z11reset_layerN4nano5GraphEi
    0 bytes stack frame, 0 bytes spill stores, 0 bytes spill loads
ptxas info    : Used 12 registers, used 0 barriers
ptxas info    : Compile time = 2.419 ms
ptxas info    : Compiling entry function '_Z12suffix_stageILi1EEvN4nano5GraphEi' for 'sm_90a'
ptxas info    : Function properties for _Z12suffix_stageILi1EEvN4nano5GraphEi
    0 bytes stack frame, 0 bytes spill stores, 0 bytes spill loads
ptxas info    : Used 96 registers, used 1 barriers, 32768 bytes smem
ptxas info    : Compile time = 1666.753 ms
ptxas info    : Compiling entry function '_Z12suffix_stageILi4EEvN4nano5GraphEi' for 'sm_90a'
ptxas info    : Function properties for _Z12suffix_stageILi4EEvN4nano5GraphEi
    0 bytes stack frame, 0 bytes spill stores, 0 bytes spill loads
ptxas info    : Used 96 registers, used 1 barriers, 32768 bytes smem
ptxas info    : Compile time = 1639.249 ms
ptxas info    : Compiling entry function '_Z10tail_stageILi1EEvN4nano5GraphEi' for 'sm_90a'
ptxas info    : Function properties for _Z10tail_stageILi1EEvN4nano5GraphEi
    0 bytes stack frame, 0 bytes spill stores, 0 bytes spill loads
ptxas info    : Used 96 registers, used 1 barriers, 32768 bytes smem
ptxas info    : Compile time = 1985.441 ms
ptxas info    : Compiling entry function '_Z10tail_stageILi4EEvN4nano5GraphEi' for 'sm_90a'
ptxas info    : Function properties for _Z10tail_stageILi4EEvN4nano5GraphEi
    0 bytes stack frame, 0 bytes spill stores, 0 bytes spill loads
ptxas info    : Used 96 registers, used 1 barriers, 32768 bytes smem
ptxas info    : Compile time = 1921.040 ms
ptxas info    : Compiling entry function '_Z10head_stageILi1EEvN4nano5GraphEi' for 'sm_90a'
ptxas info    : Function properties for _Z10head_stageILi1EEvN4nano5GraphEi
    0 bytes stack frame, 0 bytes spill stores, 0 bytes spill loads
ptxas info    : Used 92 registers, used 1 barriers, 32768 bytes smem
ptxas info    : Compile time = 921.074 ms
ptxas info    : Compiling entry function '_Z10head_stageILi4EEvN4nano5GraphEi' for 'sm_90a'
ptxas info    : Function properties for _Z10head_stageILi4EEvN4nano5GraphEi
    0 bytes stack frame, 0 bytes spill stores, 0 bytes spill loads
ptxas info    : Used 92 registers, used 1 barriers, 32768 bytes smem
ptxas info    : Compile time = 918.488 ms
ptxas info    : Compiling entry function '_Z10loss_stageN4nano5GraphEi' for 'sm_90a'
ptxas info    : Function properties for _Z10loss_stageN4nano5GraphEi
    0 bytes stack frame, 0 bytes spill stores, 0 bytes spill loads
ptxas info    : Used 39 registers, used 0 barriers
ptxas info    : Compile time = 30.673 ms
ptxas info    : Compiling entry function '_Z10reset_lossN4nano5GraphEi' for 'sm_90a'
ptxas info    : Function properties for _Z10reset_lossN4nano5GraphEi
    0 bytes stack frame, 0 bytes spill stores, 0 bytes spill loads
ptxas info    : Used 12 registers, used 0 barriers
ptxas info    : Compile time = 1.977 ms
make: Leaving directory '/workspace/cuda'

$ /workspace/cuda/layer_nine
GPU[0]=NVIDIA H100 80GB HBM3 SMs=132 runtime=12080
LOSS FP64 max_loss=6.58087018e-07 max_raw_gradient=0.000761665245
LOSS FP64 max_descaled_gradient=9.96179094e-09 gradient_rel_l2=1.59571579e-07
LOSS pinned CUDA max_loss=1.90734863e-06 gradient_rel_l2=0 changed_codes=0/32768
HEAD product=0 M=16 N=2048 K=768 rel_l2=2.26242931e-08 max_abs=4.76837158e-07
HEAD product=1 M=16 N=768 K=2048 rel_l2=1.10973734e-07 max_abs=1.86264515e-09
HEAD product=2 M=768 N=2048 K=16 rel_l2=1.86746688e-08 max_abs=1.49011612e-08
LAYER BF16 projection/product rel_l2=7.02182416e-07 max_abs=1.43051147e-06
LAYER BF16 projection/product rel_l2=8.43923456e-08 max_abs=2.98023224e-08
LAYER BF16 projection/product rel_l2=8.27137271e-08 max_abs=5.96046448e-08
LAYER BF16 projection/product rel_l2=3.68921015e-08 max_abs=4.65661287e-10
LAYER BF16 projection/product rel_l2=8.01494001e-08 max_abs=4.65661287e-10
LAYER BF16 projection/product rel_l2=9.75950644e-08 max_abs=2.32830644e-10
LAYER BF16 projection/product rel_l2=4.33032987e-08 max_abs=4.65661287e-10
LAYER BF16 projection/product rel_l2=5.47747951e-08 max_abs=1.86264515e-09
LAYER BF16 projection/product rel_l2=3.27273594e-08 max_abs=9.31322575e-10
LAYER tail forward gate rel_l2=4.17794839e-08 max_abs=7.82270981e-08
LAYER tail forward gate rel_l2=1.83870032e-08 max_abs=1.63618097e-08
LAYER tail forward gate rel_l2=2.64939734e-08 max_abs=1.26601662e-09
LAYER tail coefficient adjoints rel_l2=3.89644293e-08 max_abs=1.39698386e-09
LAYER tail coefficient adjoints rel_l2=3.81521024e-08 max_abs=1.51339918e-09
LAYER tail coefficient adjoints rel_l2=3.80689718e-08 max_abs=2.21189111e-09
LAYER tail coefficient adjoints rel_l2=4.21279409e-08 max_abs=1.62981451e-09
LAYER tail coefficient adjoints rel_l2=3.92872429e-08 max_abs=1.86264515e-09
LAYER tail coefficient adjoints rel_l2=3.92221093e-08 max_abs=1.57160684e-09
LAYER tail coefficient adjoints rel_l2=3.79860014e-08 max_abs=1.51339918e-09
LAYER tail coefficient adjoints rel_l2=3.95526708e-08 max_abs=1.16415322e-09
LAYER tail coefficient adjoints rel_l2=4.24043485e-08 max_abs=1.11758709e-08
LAYER tail coefficient adjoints rel_l2=3.52446166e-08 max_abs=4.65661287e-09
LAYER tail mixing rel_l2=5.9320983e-08 max_abs=2.18860805e-07
LAYER tail RMS rel_l2=4.47732693e-08 max_abs=3.29579441e-07
LAYER tail RMS backward rel_l2=5.09915829e-08 max_abs=1.93853106e-09
LAYER tail shared GELU gradient rel_l2=4.67822208e-08 max_abs=3.9717122e-10
LAYER suffix FP8 MLP product rel_l2=2.68204725e-08 max_abs=2.38418579e-07
LAYER suffix FP8 MLP product rel_l2=1.30677356e-07 max_abs=2.38418579e-07
LAYER suffix FP8 MLP product rel_l2=1.79052157e-08 max_abs=4.65661287e-10
LAYER suffix FP8 MLP product rel_l2=7.07680497e-08 max_abs=3.49245965e-10
LAYER suffix FP8 MLP product rel_l2=2.68830167e-09 max_abs=1.86264515e-09
LAYER suffix FP8 MLP product rel_l2=4.81101717e-09 max_abs=1.86264515e-09
LAYER suffix RMS rel_l2=5.25454673e-08 max_abs=4.36752356e-07
LAYER suffix RMS backward rel_l2=5.88289343e-08 max_abs=9.49702984e-10
LAYER suffix residual rel_l2=1.84554912e-09 max_abs=2.98023224e-08
LAYER suffix residual coefficient rel_l2=1.25760866e-07 max_abs=8.76752893e-09
LAYER suffix MLP coefficient rel_l2=6.41223785e-08 max_abs=3.41242412e-09
LAYER FP8 projection/product rel_l2=3.28301583e-08 max_abs=3.57627869e-07
LAYER FP8 projection/product rel_l2=0 max_abs=0
LAYER FP8 projection/product rel_l2=4.4891064e-09 max_abs=2.91038305e-11
LAYER BF16 projection/product rel_l2=7.40293343e-07 max_abs=1.34110451e-07
LAYER BF16 projection/product rel_l2=7.0728545e-07 max_abs=1.16415322e-08
LAYER BF16 projection/product rel_l2=4.78954924e-08 max_abs=4.65661287e-10
LAYER Q transform rel_l2=7.04748711e-05 max_abs=0.0078125
LAYER K transform rel_l2=0 max_abs=0
LAYER V transform rel_l2=0 max_abs=0
LAYER attention Y rel_l2=5.41697945e-08 max_abs=2.63095205e-07
LAYER attention dQ rel_l2=1.35007857e-07 max_abs=4.79998469e-11
LAYER attention dK rel_l2=1.28740483e-07 max_abs=4.99182451e-11
LAYER attention dV rel_l2=7.34011884e-08 max_abs=1.14726488e-10
LAYER post Y rel_l2=0 max_abs=0
LAYER post finite difference rel_l2=6.50701885e-12 max_abs=1.21930244e-13
LAYER post dY rel_l2=0 max_abs=0
LAYER post dV side rel_l2=0 max_abs=0
LAYER post dAlpha rel_l2=0 max_abs=0
LAYER post dGate rel_l2=5.09288226e-08 max_abs=3.47596796e-09
LAYER QKV backward rel_l2=2.98250793e-08 max_abs=4.19078545e-11
LAYER gain gradients rel_l2=2.25401892e-07 max_abs=1.86638438e-09
LAYER BF16 projection/product rel_l2=7.13820008e-07 max_abs=1.1920929e-06
LAYER BF16 projection/product rel_l2=8.38346942e-08 max_abs=2.98023224e-08
LAYER BF16 projection/product rel_l2=6.09366733e-08 max_abs=1.16415322e-10
LAYER BF16 projection/product rel_l2=9.91688907e-08 max_abs=8.73114914e-11
LAYER BF16 projection/product rel_l2=4.33016001e-08 max_abs=1.16415322e-10
LAYER BF16 projection/product rel_l2=3.14136965e-08 max_abs=4.65661287e-10
LAYER last-layer GELU rel_l2=3.79054961e-08 max_abs=6.45967018e-08
LAYER last-layer coefficient affine rel_l2=3.0439067e-08 max_abs=5.66042218e-08
LAYER last-layer GELU backward rel_l2=4.44186264e-08 max_abs=5.25496051e-11
LAYER last-layer coefficient partial rel_l2=1.40306402e-07 max_abs=5.93718141e-09
LAYER last-layer coefficient partial rel_l2=5.33616193e-08 max_abs=3.43425199e-09
LAYER last-layer coefficient partial rel_l2=6.8621585e-08 max_abs=6.62112143e-09
LAYER last-layer coefficient partial rel_l2=8.92684594e-08 max_abs=8.23092705e-11
LAYER last-layer coefficient partial rel_l2=1.23650131e-07 max_abs=7.63975549e-11
LAYER last-layer coefficient partial rel_l2=5.14541409e-08 max_abs=1.09366738e-10
LAYER last-layer coefficient partial rel_l2=5.48298938e-08 max_abs=6.61657396e-11
LAYER last-layer coefficient partial rel_l2=1.34754446e-07 max_abs=7.56699592e-09
LAYER last-layer coefficient partial rel_l2=7.31014696e-08 max_abs=9.31322575e-10
LAYER last-layer coefficient partial rel_l2=6.22358176e-08 max_abs=3.63797881e-09
LAYER last-layer coefficient partial rel_l2=5.52659418e-08 max_abs=3.98722477e-09
LAYER last-layer residual mix rel_l2=2.02641827e-08 max_abs=5.96046448e-08
LAYER last-layer residual mix rel_l2=7.72045797e-09 max_abs=9.31322575e-10
LAYER last-layer residual mix rel_l2=2.52317739e-08 max_abs=8.94069672e-08
LAYER last-layer shared RMS rel_l2=4.80946335e-08 max_abs=3.11908699e-07
LAYER last-layer shared RMS backward rel_l2=6.26230373e-08 max_abs=4.90499234e-10
LAYER layer-nine FP8 product rel_l2=2.89594175e-08 max_abs=2.38418579e-07
LAYER layer-nine FP8 product rel_l2=1.3236279e-07 max_abs=1.78813934e-07
LAYER layer-nine FP8 product rel_l2=1.71658612e-08 max_abs=1.86264515e-09
LAYER layer-nine FP8 product rel_l2=7.16910354e-08 max_abs=9.31322575e-10
LAYER layer-nine FP8 product rel_l2=2.10754836e-09 max_abs=3.7252903e-09
LAYER layer-nine FP8 product rel_l2=4.40281998e-09 max_abs=7.4505806e-09
LAYER layer-nine pre-MLP residual rel_l2=6.3782053e-09 max_abs=2.98023224e-08
LAYER layer-nine post-MLP residual rel_l2=2.31798262e-10 max_abs=7.4505806e-09
LAYER layer-nine RMS rel_l2=5.23180879e-08 max_abs=3.71505686e-07
LAYER layer-nine RMS backward rel_l2=5.8004811e-08 max_abs=3.22526362e-09
LAYER layer-nine bigram gate rel_l2=6.83734406e-08 max_abs=9.77888703e-09
LAYER layer-nine scalar gradients rel_l2=2.8585378e-07 max_abs=2.03835614e-08
TAIL ATen eager diagnostic mu rel_l2=0.00262969639 max_abs=0.001953125 changed=41/160
TAIL ATen eager diagnostic mug rel_l2=0 max_abs=0 changed=0/1920
TAIL ATen eager diagnostic mixed rel_l2=0.00524636678 max_abs=0.01171875 changed=7683/12288
TAIL ATen eager diagnostic RMS from native mixed rel_l2=0 max_abs=0 changed=0/12288
TAIL ATen eager diagnostic output rel_l2=0.00562355168 max_abs=0.0390625 changed=7140/12288
TAIL ATen eager diagnostic dx rel_l2=0.00185862546 max_abs=0.000122070312 changed=2679/12288
TAIL ATen eager diagnostic source_0 rel_l2=0.00387661423 max_abs=3.81469727e-06 changed=5722/12288
TAIL ATen eager diagnostic source_1 rel_l2=0.00398964686 max_abs=0.000122070312 changed=5883/12288
TAIL ATen eager diagnostic source_2 rel_l2=0.00408437243 max_abs=3.81469727e-06 changed=5533/12288
TAIL ATen eager diagnostic source_3 rel_l2=0.00376838479 max_abs=3.81469727e-06 changed=4565/12288
TAIL ATen eager diagnostic source_4 rel_l2=0.00491200387 max_abs=7.62939453e-06 changed=5204/12288
TAIL ATen eager diagnostic source_5 rel_l2=0.00353418126 max_abs=3.81469727e-06 changed=4540/12288
TAIL ATen eager diagnostic source_6 rel_l2=0.00431650716 max_abs=3.81469727e-06 changed=5783/12288
TAIL ATen eager diagnostic source_7 rel_l2=0.00313362547 max_abs=3.81469727e-06 changed=4734/12288
TAIL ATen eager diagnostic source_8 rel_l2=0.00315914018 max_abs=3.81469727e-06 changed=3728/12288
TAIL ATen eager diagnostic source_9 rel_l2=0.0029567508 max_abs=3.81469727e-06 changed=3584/12288
TAIL ATen eager diagnostic dw1 rel_l2=0.00693082068 max_abs=6.10351562e-05 changed=36021/49152
TAIL ATen eager diagnostic dw2 rel_l2=0.0086153356 max_abs=0.000259399414 changed=436/896
TAIL ATen eager diagnostic dbias rel_l2=0.00647743842 max_abs=0.00048828125 changed=7/14
TAIL ATen eager diagnostic dwg rel_l2=0.00412904922 max_abs=0.000122070312 changed=4432/10752
LAYER_NINE PASS tokens=16 vocabulary=2048 workers=17 step=0 tasks=9121 phases=106
LOSS FP64 max_loss=1.70178266e-06 max_raw_gradient=0.000676375848
LOSS FP64 max_descaled_gradient=8.84629414e-09 gradient_rel_l2=1.27539354e-07
LOSS pinned CUDA max_loss=0 gradient_rel_l2=0 changed_codes=0/32768
HEAD product=0 M=16 N=2048 K=768 rel_l2=1.98314005e-08 max_abs=4.76837158e-07
HEAD product=1 M=16 N=768 K=2048 rel_l2=1.16259354e-07 max_abs=4.65661287e-09
HEAD product=2 M=768 N=2048 K=16 rel_l2=1.92579828e-08 max_abs=2.98023224e-08
LAYER BF16 projection/product rel_l2=7.48598449e-07 max_abs=1.07288361e-06
LAYER BF16 projection/product rel_l2=0 max_abs=0
LAYER BF16 projection/product rel_l2=0 max_abs=0
LAYER BF16 projection/product rel_l2=0 max_abs=0
LAYER BF16 projection/product rel_l2=0 max_abs=0
LAYER BF16 projection/product rel_l2=0 max_abs=0
LAYER BF16 projection/product rel_l2=0 max_abs=0
LAYER BF16 projection/product rel_l2=2.31559005e-08 max_abs=1.86264515e-09
LAYER BF16 projection/product rel_l2=2.74150029e-08 max_abs=9.31322575e-10
LAYER tail forward gate rel_l2=3.97916721e-08 max_abs=4.41806816e-08
LAYER tail forward gate rel_l2=1.49280825e-08 max_abs=7.4505806e-09
LAYER tail forward gate rel_l2=0 max_abs=0
LAYER tail coefficient adjoints rel_l2=3.85907696e-08 max_abs=1.86264515e-09
LAYER tail coefficient adjoints rel_l2=4.09581648e-08 max_abs=2.21189111e-09
LAYER tail coefficient adjoints rel_l2=3.63353424e-08 max_abs=1.51339918e-09
LAYER tail coefficient adjoints rel_l2=3.74168258e-08 max_abs=1.51339918e-09
LAYER tail coefficient adjoints rel_l2=4.09668153e-08 max_abs=2.59024091e-09
LAYER tail coefficient adjoints rel_l2=3.93251705e-08 max_abs=2.79396772e-09
LAYER tail coefficient adjoints rel_l2=3.58940594e-08 max_abs=1.86264515e-09
LAYER tail coefficient adjoints rel_l2=3.92963434e-08 max_abs=1.86264515e-09
LAYER tail coefficient adjoints rel_l2=3.88895897e-08 max_abs=1.3038516e-08
LAYER tail coefficient adjoints rel_l2=3.51176062e-08 max_abs=9.31322575e-09
LAYER tail mixing rel_l2=5.41728449e-08 max_abs=1.15483999e-07
LAYER tail RMS rel_l2=5.80800508e-08 max_abs=6.35196597e-07
LAYER tail RMS backward rel_l2=6.30080098e-08 max_abs=3.951453e-09
LAYER tail shared GELU gradient rel_l2=0 max_abs=0
LAYER suffix FP8 MLP product rel_l2=2.7730184e-08 max_abs=2.38418579e-07
LAYER suffix FP8 MLP product rel_l2=0 max_abs=0
LAYER suffix FP8 MLP product rel_l2=0 max_abs=0
LAYER suffix FP8 MLP product rel_l2=0 max_abs=0
LAYER suffix FP8 MLP product rel_l2=0 max_abs=0
LAYER suffix FP8 MLP product rel_l2=4.77108926e-09 max_abs=3.7252903e-09
LAYER suffix RMS rel_l2=4.8247715e-08 max_abs=3.87642322e-07
LAYER suffix RMS backward rel_l2=5.87106558e-08 max_abs=7.84866883e-11
LAYER suffix residual rel_l2=0 max_abs=0
LAYER suffix residual coefficient rel_l2=9.76661134e-08 max_abs=4.6857167e-09
LAYER suffix MLP coefficient rel_l2=0 max_abs=0
LAYER FP8 projection/product rel_l2=3.21750579e-08 max_abs=4.76837158e-07
LAYER FP8 projection/product rel_l2=0 max_abs=0
LAYER FP8 projection/product rel_l2=0 max_abs=0
LAYER BF16 projection/product rel_l2=0 max_abs=0
LAYER BF16 projection/product rel_l2=0 max_abs=0
LAYER BF16 projection/product rel_l2=4.81160656e-08 max_abs=4.65661287e-10
LAYER Q transform rel_l2=0 max_abs=0
LAYER K transform rel_l2=2.74895187e-07 max_abs=3.05175781e-05
LAYER V transform rel_l2=0 max_abs=0
LAYER attention Y rel_l2=5.17751073e-08 max_abs=3.57078072e-07
LAYER attention dQ rel_l2=0 max_abs=0
LAYER attention dK rel_l2=0 max_abs=0
LAYER attention dV rel_l2=0 max_abs=0
LAYER post Y rel_l2=0 max_abs=0
LAYER post finite difference rel_l2=0 max_abs=0
LAYER post dY rel_l2=0 max_abs=0
LAYER post dV side rel_l2=0 max_abs=0
LAYER post dAlpha rel_l2=0 max_abs=0
LAYER post dGate rel_l2=0 max_abs=0
LAYER QKV backward rel_l2=0 max_abs=0
LAYER gain gradients rel_l2=8.80759289e-07 max_abs=2.45745885e-09
LAYER BF16 projection/product rel_l2=7.11561067e-07 max_abs=8.94069672e-07
LAYER BF16 projection/product rel_l2=0 max_abs=0
LAYER BF16 projection/product rel_l2=0 max_abs=0
LAYER BF16 projection/product rel_l2=0 max_abs=0
LAYER BF16 projection/product rel_l2=0 max_abs=0
LAYER BF16 projection/product rel_l2=3.34350615e-08 max_abs=9.31322575e-10
LAYER last-layer GELU rel_l2=3.90904369e-08 max_abs=5.63392253e-08
LAYER last-layer coefficient affine rel_l2=1.49031453e-08 max_abs=1.49011612e-08
LAYER last-layer GELU backward rel_l2=0 max_abs=0
LAYER last-layer coefficient partial rel_l2=1.63845464e-07 max_abs=1.14087015e-08
LAYER last-layer coefficient partial rel_l2=7.84101948e-08 max_abs=6.92671165e-09
LAYER last-layer coefficient partial rel_l2=8.29993174e-08 max_abs=6.98491931e-09
LAYER last-layer coefficient partial rel_l2=0 max_abs=0
LAYER last-layer coefficient partial rel_l2=0 max_abs=0
LAYER last-layer coefficient partial rel_l2=0 max_abs=0
LAYER last-layer coefficient partial rel_l2=0 max_abs=0
LAYER last-layer coefficient partial rel_l2=1.21639672e-07 max_abs=4.77302819e-09
LAYER last-layer coefficient partial rel_l2=0 max_abs=0
LAYER last-layer coefficient partial rel_l2=7.84101948e-08 max_abs=6.92671165e-09
LAYER last-layer coefficient partial rel_l2=5.61040309e-08 max_abs=5.60248736e-09
LAYER last-layer residual mix rel_l2=1.98063839e-08 max_abs=5.96046448e-08
LAYER last-layer residual mix rel_l2=7.30079334e-09 max_abs=6.76664058e-10
LAYER last-layer residual mix rel_l2=1.412018e-08 max_abs=4.47034836e-08
LAYER last-layer shared RMS rel_l2=5.83499134e-08 max_abs=4.0420963e-07
LAYER last-layer shared RMS backward rel_l2=6.28647615e-08 max_abs=4.69045794e-11
LAYER layer-nine FP8 product rel_l2=2.89430124e-08 max_abs=2.38418579e-07
LAYER layer-nine FP8 product rel_l2=0 max_abs=0
LAYER layer-nine FP8 product rel_l2=0 max_abs=0
LAYER layer-nine FP8 product rel_l2=0 max_abs=0
LAYER layer-nine FP8 product rel_l2=0 max_abs=0
LAYER layer-nine FP8 product rel_l2=5.43624995e-09 max_abs=1.49011612e-08
LAYER layer-nine pre-MLP residual rel_l2=6.02826821e-09 max_abs=2.98023224e-08
LAYER layer-nine post-MLP residual rel_l2=0 max_abs=0
LAYER layer-nine RMS rel_l2=5.73117615e-08 max_abs=3.51048602e-07
LAYER layer-nine RMS backward rel_l2=0 max_abs=0
LAYER layer-nine bigram gate rel_l2=6.39632008e-08 max_abs=6.43194653e-09
LAYER layer-nine scalar gradients rel_l2=7.14090091e-08 max_abs=1.92831067e-08
TAIL ATen eager diagnostic mu rel_l2=0 max_abs=0 changed=0/160
TAIL ATen eager diagnostic mug rel_l2=0 max_abs=0 changed=0/1920
TAIL ATen eager diagnostic mixed rel_l2=0.00515632102 max_abs=0.0078125 changed=7413/12288
TAIL ATen eager diagnostic RMS from native mixed rel_l2=0 max_abs=0 changed=0/12288
TAIL ATen eager diagnostic output rel_l2=0.00552286045 max_abs=0.046875 changed=7736/12288
TAIL ATen eager diagnostic dx rel_l2=0.00273081674 max_abs=0.000122070312 changed=3311/12288
TAIL ATen eager diagnostic source_0 rel_l2=0.00298583038 max_abs=4.76837158e-07 changed=2990/12288
TAIL ATen eager diagnostic source_1 rel_l2=0.00273081674 max_abs=6.10351562e-05 changed=3311/12288
TAIL ATen eager diagnostic source_2 rel_l2=0.0028407564 max_abs=2.38418579e-07 changed=3100/12288
TAIL ATen eager diagnostic source_3 rel_l2=0.00294074305 max_abs=9.53674316e-07 changed=2974/12288
TAIL ATen eager diagnostic source_4 rel_l2=0.00278547277 max_abs=5.96046448e-08 changed=3248/12288
TAIL ATen eager diagnostic source_5 rel_l2=0.00273081674 max_abs=9.53674316e-07 changed=3311/12288
TAIL ATen eager diagnostic source_6 rel_l2=0.00305248072 max_abs=1.90734863e-06 changed=2839/12288
TAIL ATen eager diagnostic source_7 rel_l2=0.00288608147 max_abs=4.76837158e-07 changed=3002/12288
TAIL ATen eager diagnostic source_8 rel_l2=0.00303273904 max_abs=9.53674316e-07 changed=2931/12288
TAIL ATen eager diagnostic source_9 rel_l2=0.00304732963 max_abs=4.76837158e-07 changed=2946/12288
TAIL ATen eager diagnostic dw1 rel_l2=0 max_abs=0 changed=0/49152
TAIL ATen eager diagnostic dw2 rel_l2=0.00620505585 max_abs=0.000244140625 changed=451/896
TAIL ATen eager diagnostic dbias rel_l2=0.0135044579 max_abs=0.00048828125 changed=8/14
TAIL ATen eager diagnostic dwg rel_l2=0.00515597407 max_abs=0.000122070312 changed=5077/10752
LAYER_NINE PASS tokens=16 vocabulary=2048 workers=17 step=1 tasks=9121 phases=106
LOSS FP64 max_loss=1.40505711e-06 max_raw_gradient=0.000254385983
LOSS FP64 max_descaled_gradient=6.65420931e-09 gradient_rel_l2=9.94774971e-08
LOSS pinned CUDA max_loss=0 gradient_rel_l2=0 changed_codes=0/32768
HEAD product=0 M=16 N=2048 K=768 rel_l2=0 max_abs=0
HEAD product=1 M=16 N=768 K=2048 rel_l2=3.73385649e-08 max_abs=9.31322575e-10
HEAD product=2 M=768 N=2048 K=16 rel_l2=0 max_abs=0
LAYER BF16 projection/product rel_l2=0 max_abs=0
LAYER BF16 projection/product rel_l2=0 max_abs=0
LAYER BF16 projection/product rel_l2=0 max_abs=0
LAYER BF16 projection/product rel_l2=0 max_abs=0
LAYER BF16 projection/product rel_l2=0 max_abs=0
LAYER BF16 projection/product rel_l2=0 max_abs=0
LAYER BF16 projection/product rel_l2=0 max_abs=0
LAYER BF16 projection/product rel_l2=0 max_abs=0
LAYER BF16 projection/product rel_l2=0 max_abs=0
LAYER tail forward gate rel_l2=0 max_abs=0
LAYER tail forward gate rel_l2=1.49199646e-08 max_abs=7.4505806e-09
LAYER tail forward gate rel_l2=0 max_abs=0
LAYER tail coefficient adjoints rel_l2=0 max_abs=0
LAYER tail coefficient adjoints rel_l2=0 max_abs=0
LAYER tail coefficient adjoints rel_l2=0 max_abs=0
LAYER tail coefficient adjoints rel_l2=0 max_abs=0
LAYER tail coefficient adjoints rel_l2=0 max_abs=0
LAYER tail coefficient adjoints rel_l2=0 max_abs=0
LAYER tail coefficient adjoints rel_l2=0 max_abs=0
LAYER tail coefficient adjoints rel_l2=0 max_abs=0
LAYER tail coefficient adjoints rel_l2=0 max_abs=0
LAYER tail coefficient adjoints rel_l2=0 max_abs=0
LAYER tail mixing rel_l2=0 max_abs=0
LAYER tail RMS rel_l2=0 max_abs=0
LAYER tail RMS backward rel_l2=1.03375596e-07 max_abs=2.38859006e-06
LAYER tail shared GELU gradient rel_l2=0 max_abs=0
LAYER suffix FP8 MLP product rel_l2=0 max_abs=0
LAYER suffix FP8 MLP product rel_l2=0 max_abs=0
LAYER suffix FP8 MLP product rel_l2=2.32612636e-08 max_abs=4.76837158e-07
LAYER suffix FP8 MLP product rel_l2=0 max_abs=0
LAYER suffix FP8 MLP product rel_l2=0 max_abs=0
LAYER suffix FP8 MLP product rel_l2=0 max_abs=0
LAYER suffix RMS rel_l2=0 max_abs=0
LAYER suffix RMS backward rel_l2=1.02414611e-07 max_abs=4.29955246e-07
LAYER suffix residual rel_l2=0 max_abs=0
LAYER suffix residual coefficient rel_l2=0 max_abs=0
LAYER suffix MLP coefficient rel_l2=0 max_abs=0
LAYER FP8 projection/product rel_l2=0 max_abs=0
LAYER FP8 projection/product rel_l2=0 max_abs=0
LAYER FP8 projection/product rel_l2=0 max_abs=0
LAYER BF16 projection/product rel_l2=0 max_abs=0
LAYER BF16 projection/product rel_l2=6.89609072e-07 max_abs=7.62939453e-06
LAYER BF16 projection/product rel_l2=0 max_abs=0
LAYER Q transform rel_l2=0 max_abs=0
LAYER K transform rel_l2=0 max_abs=0
LAYER V transform rel_l2=0 max_abs=0
LAYER attention Y rel_l2=0 max_abs=0
LAYER attention dQ rel_l2=0 max_abs=0
LAYER attention dK rel_l2=0 max_abs=0
LAYER attention dV rel_l2=4.7520135e-08 max_abs=2.99442382e-08
LAYER post Y rel_l2=0 max_abs=0
LAYER post finite difference rel_l2=0 max_abs=0
LAYER post dY rel_l2=0 max_abs=0
LAYER post dV side rel_l2=0 max_abs=0
LAYER post dAlpha rel_l2=0 max_abs=0
LAYER post dGate rel_l2=0 max_abs=0
LAYER QKV backward rel_l2=0 max_abs=0
LAYER gain gradients rel_l2=0 max_abs=0
LAYER BF16 projection/product rel_l2=0 max_abs=0
LAYER BF16 projection/product rel_l2=0 max_abs=0
LAYER BF16 projection/product rel_l2=0 max_abs=0
LAYER BF16 projection/product rel_l2=0 max_abs=0
LAYER BF16 projection/product rel_l2=0 max_abs=0
LAYER BF16 projection/product rel_l2=0 max_abs=0
LAYER last-layer GELU rel_l2=0 max_abs=0
LAYER last-layer coefficient affine rel_l2=1.49009244e-08 max_abs=1.49011612e-08
LAYER last-layer GELU backward rel_l2=0 max_abs=0
LAYER last-layer coefficient partial rel_l2=0 max_abs=0
LAYER last-layer coefficient partial rel_l2=0 max_abs=0
LAYER last-layer coefficient partial rel_l2=0 max_abs=0
LAYER last-layer coefficient partial rel_l2=0 max_abs=0
LAYER last-layer coefficient partial rel_l2=0 max_abs=0
LAYER last-layer coefficient partial rel_l2=0 max_abs=0
LAYER last-layer coefficient partial rel_l2=0 max_abs=0
LAYER last-layer coefficient partial rel_l2=0 max_abs=0
LAYER last-layer coefficient partial rel_l2=0 max_abs=0
LAYER last-layer coefficient partial rel_l2=0 max_abs=0
LAYER last-layer coefficient partial rel_l2=0 max_abs=0
LAYER last-layer residual mix rel_l2=0 max_abs=0
LAYER last-layer residual mix rel_l2=0 max_abs=0
LAYER last-layer residual mix rel_l2=0 max_abs=0
LAYER last-layer shared RMS rel_l2=0 max_abs=0
LAYER last-layer shared RMS backward rel_l2=1.04719148e-07 max_abs=9.07808775e-07
LAYER layer-nine FP8 product rel_l2=0 max_abs=0
LAYER layer-nine FP8 product rel_l2=0 max_abs=0
LAYER layer-nine FP8 product rel_l2=2.28309578e-08 max_abs=9.53674316e-07
LAYER layer-nine FP8 product rel_l2=0 max_abs=0
LAYER layer-nine FP8 product rel_l2=0 max_abs=0
LAYER layer-nine FP8 product rel_l2=0 max_abs=0
LAYER layer-nine pre-MLP residual rel_l2=0 max_abs=0
LAYER layer-nine post-MLP residual rel_l2=0 max_abs=0
LAYER layer-nine RMS rel_l2=0 max_abs=0
LAYER layer-nine RMS backward rel_l2=0 max_abs=0
LAYER layer-nine bigram gate rel_l2=0 max_abs=0
LAYER layer-nine scalar gradients rel_l2=0 max_abs=0
TAIL ATen eager diagnostic mu rel_l2=0 max_abs=0 changed=0/160
TAIL ATen eager diagnostic mug rel_l2=0 max_abs=0 changed=0/1920
TAIL ATen eager diagnostic mixed rel_l2=0 max_abs=0 changed=0/12288
TAIL ATen eager diagnostic RMS from native mixed rel_l2=0 max_abs=0 changed=0/12288
TAIL ATen eager diagnostic output rel_l2=0 max_abs=0 changed=0/12288
TAIL ATen eager diagnostic dx rel_l2=0 max_abs=0 changed=0/12288
TAIL ATen eager diagnostic source_0 rel_l2=0 max_abs=0 changed=0/12288
TAIL ATen eager diagnostic source_1 rel_l2=0 max_abs=0 changed=0/12288
TAIL ATen eager diagnostic source_2 rel_l2=0 max_abs=0 changed=0/12288
TAIL ATen eager diagnostic source_3 rel_l2=0 max_abs=0 changed=0/12288
TAIL ATen eager diagnostic source_4 rel_l2=0 max_abs=0 changed=0/12288
TAIL ATen eager diagnostic source_5 rel_l2=0 max_abs=0 changed=0/12288
TAIL ATen eager diagnostic source_6 rel_l2=0 max_abs=0 changed=0/12288
TAIL ATen eager diagnostic source_7 rel_l2=0 max_abs=0 changed=0/12288
TAIL ATen eager diagnostic source_8 rel_l2=0 max_abs=0 changed=0/12288
TAIL ATen eager diagnostic source_9 rel_l2=0 max_abs=0 changed=0/12288
TAIL ATen eager diagnostic dw1 rel_l2=0 max_abs=0 changed=0/49152
TAIL ATen eager diagnostic dw2 rel_l2=0 max_abs=0 changed=0/896
TAIL ATen eager diagnostic dbias rel_l2=0 max_abs=0 changed=0/14
TAIL ATen eager diagnostic dwg rel_l2=0 max_abs=0 changed=0/10752
LAYER_NINE PASS tokens=16 vocabulary=2048 workers=17 step=2 tasks=9121 phases=106
LOSS FP64 max_loss=4.32300904e-07 max_raw_gradient=0.000750899119
LOSS FP64 max_descaled_gradient=9.82098119e-09 gradient_rel_l2=1.36443855e-07
LOSS pinned CUDA max_loss=0 gradient_rel_l2=0 changed_codes=0/32768
HEAD product=0 M=16 N=2048 K=768 rel_l2=2.23050009e-08 max_abs=4.76837158e-07
HEAD product=1 M=16 N=768 K=2048 rel_l2=1.08598118e-07 max_abs=2.32830644e-09
HEAD product=2 M=768 N=2048 K=16 rel_l2=1.90776046e-08 max_abs=2.98023224e-08
LAYER BF16 projection/product rel_l2=7.03007234e-07 max_abs=7.74860382e-07
LAYER BF16 projection/product rel_l2=7.65552145e-08 max_abs=1.49011612e-08
LAYER BF16 projection/product rel_l2=7.78508402e-08 max_abs=2.98023224e-08
LAYER BF16 projection/product rel_l2=3.30919835e-08 max_abs=4.65661287e-10
LAYER BF16 projection/product rel_l2=7.81907772e-08 max_abs=4.65661287e-10
LAYER BF16 projection/product rel_l2=8.4022977e-08 max_abs=3.49245965e-10
LAYER BF16 projection/product rel_l2=3.75805834e-08 max_abs=4.65661287e-10
LAYER BF16 projection/product rel_l2=3.20566041e-08 max_abs=1.86264515e-09
LAYER BF16 projection/product rel_l2=3.79801559e-08 max_abs=9.31322575e-10
LAYER tail forward gate rel_l2=3.77292009e-08 max_abs=2.86051905e-08
LAYER tail forward gate rel_l2=1.96521817e-08 max_abs=1.94850145e-08
LAYER tail forward gate rel_l2=2.57135438e-08 max_abs=8.80390871e-10
LAYER tail coefficient adjoints rel_l2=4.2366197e-08 max_abs=3.02679837e-09
LAYER tail coefficient adjoints rel_l2=3.7234029e-08 max_abs=1.97906047e-09
LAYER tail coefficient adjoints rel_l2=3.74920336e-08 max_abs=2.44472176e-09
LAYER tail coefficient adjoints rel_l2=4.06190443e-08 max_abs=2.0081643e-09
LAYER tail coefficient adjoints rel_l2=4.23138932e-08 max_abs=2.79396772e-09
LAYER tail coefficient adjoints rel_l2=3.81518413e-08 max_abs=2.27009878e-09
LAYER tail coefficient adjoints rel_l2=3.21801675e-08 max_abs=1.86264515e-09
LAYER tail coefficient adjoints rel_l2=3.86128545e-08 max_abs=1.86264515e-09
LAYER tail coefficient adjoints rel_l2=3.64672715e-08 max_abs=1.02445483e-08
LAYER tail coefficient adjoints rel_l2=4.00836616e-08 max_abs=1.3038516e-08
LAYER tail mixing rel_l2=5.7428841e-08 max_abs=1.07102096e-07
LAYER tail RMS rel_l2=4.7444122e-08 max_abs=3.5279451e-07
LAYER tail RMS backward rel_l2=5.64634257e-08 max_abs=4.85539554e-09
LAYER tail shared GELU gradient rel_l2=4.71532204e-08 max_abs=5.39921836e-10
LAYER suffix FP8 MLP product rel_l2=2.60972017e-08 max_abs=2.38418579e-07
LAYER suffix FP8 MLP product rel_l2=1.17197208e-07 max_abs=1.78813934e-07
LAYER suffix FP8 MLP product rel_l2=1.81222211e-08 max_abs=9.31322575e-10
LAYER suffix FP8 MLP product rel_l2=7.16297178e-08 max_abs=4.65661287e-10
LAYER suffix FP8 MLP product rel_l2=3.32130406e-09 max_abs=3.7252903e-09
LAYER suffix FP8 MLP product rel_l2=3.27996494e-09 max_abs=3.7252903e-09
LAYER suffix RMS rel_l2=4.63811372e-08 max_abs=3.11272255e-07
LAYER suffix RMS backward rel_l2=5.27938392e-08 max_abs=1.76521701e-09
LAYER suffix residual rel_l2=1.69526565e-09 max_abs=1.49011612e-08
LAYER suffix residual coefficient rel_l2=1.07206428e-07 max_abs=6.57018973e-09
LAYER suffix MLP coefficient rel_l2=8.12666466e-08 max_abs=5.41331246e-09
LAYER FP8 projection/product rel_l2=2.86496723e-08 max_abs=2.38418579e-07
LAYER FP8 projection/product rel_l2=0 max_abs=0
LAYER FP8 projection/product rel_l2=1.30144864e-08 max_abs=5.82076609e-11
LAYER BF16 projection/product rel_l2=6.29581294e-07 max_abs=1.49011612e-07
LAYER BF16 projection/product rel_l2=7.10905816e-07 max_abs=2.04890966e-08
LAYER BF16 projection/product rel_l2=4.89997381e-08 max_abs=6.98491931e-10
LAYER Q transform rel_l2=0 max_abs=0
LAYER K transform rel_l2=4.06881812e-12 max_abs=4.51109372e-10
LAYER V transform rel_l2=0 max_abs=0
LAYER attention Y rel_l2=5.35049346e-08 max_abs=2.05391444e-07
LAYER attention dQ rel_l2=1.56162749e-07 max_abs=9.01047051e-11
LAYER attention dK rel_l2=1.54774007e-07 max_abs=9.53027638e-11
LAYER attention dV rel_l2=7.77650325e-08 max_abs=2.1859252e-10
LAYER post Y rel_l2=0 max_abs=0
LAYER post finite difference rel_l2=2.24408179e-12 max_abs=4.80865348e-14
LAYER post dY rel_l2=0 max_abs=0
LAYER post dV side rel_l2=0 max_abs=0
LAYER post dAlpha rel_l2=0 max_abs=0
LAYER post dGate rel_l2=4.3670796e-08 max_abs=3.37604433e-09
LAYER QKV backward rel_l2=2.63331978e-08 max_abs=9.85681968e-11
LAYER gain gradients rel_l2=9.21441659e-08 max_abs=4.20846424e-09
LAYER BF16 projection/product rel_l2=6.8775324e-07 max_abs=7.74860382e-07
LAYER BF16 projection/product rel_l2=8.29808521e-08 max_abs=2.98023224e-08
LAYER BF16 projection/product rel_l2=5.72958531e-08 max_abs=2.32830644e-10
LAYER BF16 projection/product rel_l2=8.70757189e-08 max_abs=1.16415322e-10
LAYER BF16 projection/product rel_l2=3.42955985e-08 max_abs=2.32830644e-10
LAYER BF16 projection/product rel_l2=3.78852294e-08 max_abs=9.31322575e-10
LAYER last-layer GELU rel_l2=4.02356983e-08 max_abs=2.66619298e-08
LAYER last-layer coefficient affine rel_l2=2.43263451e-08 max_abs=5.66174094e-08
LAYER last-layer GELU backward rel_l2=4.59971421e-08 max_abs=1.67387386e-10
LAYER last-layer coefficient partial rel_l2=8.87455859e-08 max_abs=6.05359674e-09
LAYER last-layer coefficient partial rel_l2=4.2943761e-08 max_abs=6.28642738e-09
LAYER last-layer coefficient partial rel_l2=7.86228993e-08 max_abs=1.03955244e-08
LAYER last-layer coefficient partial rel_l2=5.93689099e-08 max_abs=1.79170456e-10
LAYER last-layer coefficient partial rel_l2=7.53722183e-08 max_abs=1.10958354e-10
LAYER last-layer coefficient partial rel_l2=3.31071233e-08 max_abs=1.29489308e-10
LAYER last-layer coefficient partial rel_l2=5.06958954e-08 max_abs=1.60582658e-10
LAYER last-layer coefficient partial rel_l2=8.67486222e-08 max_abs=5.12227416e-09
LAYER last-layer coefficient partial rel_l2=6.70270511e-08 max_abs=1.44063961e-09
LAYER last-layer coefficient partial rel_l2=4.45703232e-08 max_abs=7.39237294e-09
LAYER last-layer coefficient partial rel_l2=5.53909011e-08 max_abs=8.38190317e-09
LAYER last-layer residual mix rel_l2=2.39186631e-08 max_abs=4.47034836e-08
LAYER last-layer residual mix rel_l2=5.7576249e-09 max_abs=5.82076609e-10
LAYER last-layer residual mix rel_l2=2.55995453e-08 max_abs=4.47034836e-08
LAYER last-layer shared RMS rel_l2=5.11784047e-08 max_abs=4.62657687e-07
LAYER last-layer shared RMS backward rel_l2=5.42183627e-08 max_abs=3.54396813e-10
LAYER layer-nine FP8 product rel_l2=2.51448847e-08 max_abs=2.38418579e-07
LAYER layer-nine FP8 product rel_l2=1.17327866e-07 max_abs=1.1920929e-07
LAYER layer-nine FP8 product rel_l2=1.8865498e-08 max_abs=9.31322575e-10
LAYER layer-nine FP8 product rel_l2=7.39513365e-08 max_abs=9.31322575e-10
LAYER layer-nine FP8 product rel_l2=2.63204464e-09 max_abs=3.7252903e-09
LAYER layer-nine FP8 product rel_l2=3.55696436e-09 max_abs=7.4505806e-09
LAYER layer-nine pre-MLP residual rel_l2=6.65824082e-09 max_abs=1.49011612e-08
LAYER layer-nine post-MLP residual rel_l2=0 max_abs=0
LAYER layer-nine RMS rel_l2=4.32949096e-08 max_abs=2.74257737e-07
LAYER layer-nine RMS backward rel_l2=4.84276295e-08 max_abs=4.31033598e-09
LAYER layer-nine bigram gate rel_l2=7.76103563e-08 max_abs=8.73114914e-09
LAYER layer-nine scalar gradients rel_l2=1.35439892e-07 max_abs=5.06142896e-08
TAIL ATen eager diagnostic mu rel_l2=0.00259533793 max_abs=0.00390625 changed=27/160
TAIL ATen eager diagnostic mug rel_l2=0 max_abs=0 changed=0/1920
TAIL ATen eager diagnostic mixed rel_l2=0.00531592812 max_abs=0.01171875 changed=7789/12288
TAIL ATen eager diagnostic RMS from native mixed rel_l2=0 max_abs=0 changed=0/12288
TAIL ATen eager diagnostic output rel_l2=0.00561758224 max_abs=0.046875 changed=7761/12288
TAIL ATen eager diagnostic dx rel_l2=0.00219489395 max_abs=0.000183105469 changed=2989/12288
TAIL ATen eager diagnostic source_0 rel_l2=0.00485218201 max_abs=3.81469727e-06 changed=5160/12288
TAIL ATen eager diagnostic source_1 rel_l2=0.0037244343 max_abs=0.000122070312 changed=5181/12288
TAIL ATen eager diagnostic source_2 rel_l2=0.00327387822 max_abs=1.90734863e-06 changed=3395/12288
TAIL ATen eager diagnostic source_3 rel_l2=0.00466683291 max_abs=3.81469727e-06 changed=4441/12288
TAIL ATen eager diagnostic source_4 rel_l2=0.00342664832 max_abs=3.81469727e-06 changed=4087/12288
TAIL ATen eager diagnostic source_5 rel_l2=0.00317684104 max_abs=3.81469727e-06 changed=4019/12288
TAIL ATen eager diagnostic source_6 rel_l2=0.00409772068 max_abs=3.81469727e-06 changed=5443/12288
TAIL ATen eager diagnostic source_7 rel_l2=0.00424437102 max_abs=3.81469727e-06 changed=5176/12288
TAIL ATen eager diagnostic source_8 rel_l2=0.00359229823 max_abs=3.81469727e-06 changed=5249/12288
TAIL ATen eager diagnostic source_9 rel_l2=0.00336499095 max_abs=3.81469727e-06 changed=4591/12288
TAIL ATen eager diagnostic dw1 rel_l2=0.00623808055 max_abs=6.10351562e-05 changed=35325/49152
TAIL ATen eager diagnostic dw2 rel_l2=0.00498834099 max_abs=0.000244140625 changed=445/896
TAIL ATen eager diagnostic dbias rel_l2=0.00272508555 max_abs=0.000244140625 changed=6/14
TAIL ATen eager diagnostic dwg rel_l2=0.00420419211 max_abs=6.10351562e-05 changed=4634/10752
LAYER_NINE PASS tokens=16 vocabulary=2048 workers=17 step=3 tasks=9121 phases=106
LOSS FP64 max_loss=9.10190598e-07 max_raw_gradient=0.00036032212
LOSS FP64 max_descaled_gradient=4.71263938e-09 gradient_rel_l2=7.77283872e-08
LOSS pinned CUDA max_loss=2.86102295e-06 gradient_rel_l2=0 changed_codes=0/163840
HEAD product=0 M=80 N=2048 K=768 rel_l2=2.14266166e-08 max_abs=9.53674316e-07
HEAD product=1 M=80 N=768 K=2048 rel_l2=1.232573e-07 max_abs=3.7252903e-09
HEAD product=2 M=768 N=2048 K=80 rel_l2=3.79639705e-08 max_abs=1.1920929e-07
LAYER BF16 projection/product rel_l2=7.35321934e-07 max_abs=1.90734863e-06
LAYER BF16 projection/product rel_l2=8.02876388e-08 max_abs=5.96046448e-08
LAYER BF16 projection/product rel_l2=8.0602331e-08 max_abs=5.96046448e-08
LAYER BF16 projection/product rel_l2=2.24597701e-08 max_abs=2.32830644e-10
LAYER BF16 projection/product rel_l2=8.03518847e-08 max_abs=4.65661287e-10
LAYER BF16 projection/product rel_l2=1.0013322e-07 max_abs=4.07453626e-10
LAYER BF16 projection/product rel_l2=1.17593924e-07 max_abs=3.7252903e-09
LAYER BF16 projection/product rel_l2=1.00306792e-07 max_abs=1.49011612e-08
LAYER BF16 projection/product rel_l2=1.00210799e-07 max_abs=7.4505806e-09
LAYER tail forward gate rel_l2=4.08580363e-08 max_abs=1.00741316e-07
LAYER tail forward gate rel_l2=2.77139805e-08 max_abs=2.8300974e-08
LAYER tail forward gate rel_l2=2.5140406e-08 max_abs=1.73167791e-09
LAYER tail coefficient adjoints rel_l2=3.72543627e-08 max_abs=2.09547579e-09
LAYER tail coefficient adjoints rel_l2=3.94092607e-08 max_abs=1.80443749e-09
LAYER tail coefficient adjoints rel_l2=3.74034458e-08 max_abs=2.91038305e-09
LAYER tail coefficient adjoints rel_l2=3.8036715e-08 max_abs=2.32830644e-09
LAYER tail coefficient adjoints rel_l2=4.0253237e-08 max_abs=2.15368345e-09
LAYER tail coefficient adjoints rel_l2=3.8944567e-08 max_abs=2.4720066e-09
LAYER tail coefficient adjoints rel_l2=3.93627706e-08 max_abs=1.94995664e-09
LAYER tail coefficient adjoints rel_l2=4.06694362e-08 max_abs=2.34831532e-09
LAYER tail coefficient adjoints rel_l2=3.97318537e-08 max_abs=1.02445483e-08
LAYER tail coefficient adjoints rel_l2=3.81124157e-08 max_abs=1.04482751e-08
LAYER tail mixing rel_l2=5.78140689e-08 max_abs=2.57859938e-07
LAYER tail RMS rel_l2=4.26907921e-08 max_abs=3.31650257e-07
LAYER tail RMS backward rel_l2=5.07042506e-08 max_abs=3.12170371e-09
LAYER tail shared GELU gradient rel_l2=4.59263479e-08 max_abs=3.81770457e-10
LAYER suffix FP8 MLP product rel_l2=2.90701666e-08 max_abs=2.38418579e-07
LAYER suffix FP8 MLP product rel_l2=1.20918543e-07 max_abs=2.38418579e-07
LAYER suffix FP8 MLP product rel_l2=1.95617934e-08 max_abs=4.65661287e-10
LAYER suffix FP8 MLP product rel_l2=7.28519537e-08 max_abs=6.98491931e-10
LAYER suffix FP8 MLP product rel_l2=5.33941382e-09 max_abs=7.4505806e-09
LAYER suffix FP8 MLP product rel_l2=8.74204464e-09 max_abs=7.4505806e-09
LAYER suffix RMS rel_l2=4.22909214e-08 max_abs=3.47928988e-07
LAYER suffix RMS backward rel_l2=4.84686626e-08 max_abs=8.4112001e-10
LAYER suffix residual rel_l2=2.35886903e-09 max_abs=2.98023224e-08
LAYER suffix residual coefficient rel_l2=1.11285866e-07 max_abs=7.10133463e-09
LAYER suffix MLP coefficient rel_l2=6.0259517e-08 max_abs=6.76664058e-09
LAYER FP8 projection/product rel_l2=3.2454161e-08 max_abs=7.15255737e-07
LAYER FP8 projection/product rel_l2=0 max_abs=0
LAYER FP8 projection/product rel_l2=7.4358902e-09 max_abs=5.82076609e-11
LAYER BF16 projection/product rel_l2=8.40619258e-07 max_abs=2.08616257e-07
LAYER BF16 projection/product rel_l2=7.07032306e-07 max_abs=1.39698386e-08
LAYER BF16 projection/product rel_l2=1.49948039e-07 max_abs=1.62981451e-09
LAYER Q transform rel_l2=1.5757721e-05 max_abs=0.00390625
LAYER K transform rel_l2=8.40447457e-11 max_abs=2.08383426e-08
LAYER V transform rel_l2=0 max_abs=0
LAYER attention Y rel_l2=9.04282084e-08 max_abs=3.66871657e-07
LAYER attention dQ rel_l2=1.70230779e-07 max_abs=8.75374933e-11
LAYER attention dK rel_l2=1.7830381e-07 max_abs=1.09647023e-10
LAYER attention dV rel_l2=1.58696385e-07 max_abs=2.60614893e-10
LAYER post Y rel_l2=0 max_abs=0
LAYER post finite difference rel_l2=1.20197956e-11 max_abs=6.49480469e-13
LAYER post dY rel_l2=0 max_abs=0
LAYER post dV side rel_l2=0 max_abs=0
LAYER post dAlpha rel_l2=0 max_abs=0
LAYER post dGate rel_l2=4.77906345e-08 max_abs=4.19095159e-09
LAYER QKV backward rel_l2=3.79233987e-08 max_abs=8.50490995e-11
LAYER gain gradients rel_l2=6.50382024e-08 max_abs=9.37210309e-10
LAYER BF16 projection/product rel_l2=7.19644231e-07 max_abs=1.66893005e-06
LAYER BF16 projection/product rel_l2=8.34920754e-08 max_abs=8.94069672e-08
LAYER BF16 projection/product rel_l2=5.9544517e-08 max_abs=2.32830644e-10
LAYER BF16 projection/product rel_l2=1.03815552e-07 max_abs=1.45519152e-10
LAYER BF16 projection/product rel_l2=1.0945627e-07 max_abs=6.98491931e-10
LAYER BF16 projection/product rel_l2=9.64018471e-08 max_abs=3.7252903e-09
LAYER last-layer GELU rel_l2=4.07167552e-08 max_abs=7.95827844e-08
LAYER last-layer coefficient affine rel_l2=2.64737565e-08 max_abs=5.66174094e-08
LAYER last-layer GELU backward rel_l2=4.61564138e-08 max_abs=1.39458459e-10
LAYER last-layer coefficient partial rel_l2=1.21891085e-07 max_abs=7.91624188e-09
LAYER last-layer coefficient partial rel_l2=5.72030349e-08 max_abs=5.99902705e-09
LAYER last-layer coefficient partial rel_l2=6.39658085e-08 max_abs=8.06176104e-09
LAYER last-layer coefficient partial rel_l2=5.30261686e-08 max_abs=2.07251105e-10
LAYER last-layer coefficient partial rel_l2=7.90645339e-08 max_abs=1.43700163e-10
LAYER last-layer coefficient partial rel_l2=6.26550589e-08 max_abs=2.94676283e-10
LAYER last-layer coefficient partial rel_l2=4.74067493e-08 max_abs=1.05046638e-10
LAYER last-layer coefficient partial rel_l2=1.29563259e-07 max_abs=7.21774995e-09
LAYER last-layer coefficient partial rel_l2=4.96222577e-08 max_abs=1.0477379e-09
LAYER last-layer coefficient partial rel_l2=5.16293351e-08 max_abs=5.18048182e-09
LAYER last-layer coefficient partial rel_l2=5.79833716e-08 max_abs=5.70435077e-09
LAYER last-layer residual mix rel_l2=2.38023457e-08 max_abs=8.94069672e-08
LAYER last-layer residual mix rel_l2=6.74631103e-09 max_abs=1.0477379e-09
LAYER last-layer residual mix rel_l2=2.6554344e-08 max_abs=1.1920929e-07
LAYER last-layer shared RMS rel_l2=4.81504848e-08 max_abs=4.24890444e-07
LAYER last-layer shared RMS backward rel_l2=5.62439136e-08 max_abs=4.544095e-10
LAYER layer-nine FP8 product rel_l2=2.91220249e-08 max_abs=2.38418579e-07
LAYER layer-nine FP8 product rel_l2=1.22353606e-07 max_abs=2.98023224e-07
LAYER layer-nine FP8 product rel_l2=2.19733433e-08 max_abs=1.86264515e-09
LAYER layer-nine FP8 product rel_l2=7.11867649e-08 max_abs=9.31322575e-10
LAYER layer-nine FP8 product rel_l2=4.8990647e-09 max_abs=7.4505806e-09
LAYER layer-nine FP8 product rel_l2=8.51380453e-09 max_abs=1.49011612e-08
LAYER layer-nine pre-MLP residual rel_l2=8.34173309e-09 max_abs=2.98023224e-08
LAYER layer-nine post-MLP residual rel_l2=2.06828419e-10 max_abs=1.49011612e-08
LAYER layer-nine RMS rel_l2=5.31197938e-08 max_abs=4.79095998e-07
LAYER layer-nine RMS backward rel_l2=5.9793617e-08 max_abs=4.88441596e-09
LAYER layer-nine bigram gate rel_l2=5.67225437e-08 max_abs=6.1118044e-09
LAYER layer-nine scalar gradients rel_l2=4.34461292e-08 max_abs=4.98258957e-08
TAIL ATen eager diagnostic mu rel_l2=0.00295175965 max_abs=0.00390625 changed=171/800
TAIL ATen eager diagnostic mug rel_l2=0 max_abs=0 changed=0/9600
TAIL ATen eager diagnostic mixed rel_l2=0.0052503466 max_abs=0.015625 changed=38410/61440
TAIL ATen eager diagnostic RMS from native mixed rel_l2=0 max_abs=0 changed=0/61440
TAIL ATen eager diagnostic output rel_l2=0.00563983011 max_abs=0.0625 changed=35885/61440
TAIL ATen eager diagnostic dx rel_l2=0.00187917156 max_abs=0.000122070312 changed=13104/61440
TAIL ATen eager diagnostic source_0 rel_l2=0.00425249439 max_abs=3.81469727e-06 changed=22189/61440
TAIL ATen eager diagnostic source_1 rel_l2=0.00415627063 max_abs=0.000122070312 changed=27378/61440
TAIL ATen eager diagnostic source_2 rel_l2=0.00422539627 max_abs=7.62939453e-06 changed=27891/61440
TAIL ATen eager diagnostic source_3 rel_l2=0.00413300374 max_abs=7.62939453e-06 changed=22560/61440
TAIL ATen eager diagnostic source_4 rel_l2=0.0039031123 max_abs=3.81469727e-06 changed=25682/61440
TAIL ATen eager diagnostic source_5 rel_l2=0.00422146654 max_abs=7.62939453e-06 changed=26386/61440
TAIL ATen eager diagnostic source_6 rel_l2=0.00353400297 max_abs=7.62939453e-06 changed=21346/61440
TAIL ATen eager diagnostic source_7 rel_l2=0.00363714118 max_abs=3.81469727e-06 changed=21091/61440
TAIL ATen eager diagnostic source_8 rel_l2=0.00373476322 max_abs=5.7220459e-06 changed=22052/61440
TAIL ATen eager diagnostic source_9 rel_l2=0.00379832663 max_abs=7.62939453e-06 changed=21400/61440
TAIL ATen eager diagnostic dw1 rel_l2=0.00608005564 max_abs=9.15527344e-05 changed=35448/49152
TAIL ATen eager diagnostic dw2 rel_l2=0.00599679736 max_abs=0.00048828125 changed=420/896
TAIL ATen eager diagnostic dbias rel_l2=0.00713801478 max_abs=0.00048828125 changed=8/14
TAIL ATen eager diagnostic dwg rel_l2=0.00383680438 max_abs=0.000244140625 changed=4425/10752
LAYER_NINE PASS tokens=80 vocabulary=2048 workers=1 step=0 tasks=14094 phases=106
LOSS FP64 max_loss=1.13444117e-06 max_raw_gradient=0.000852472999
LOSS FP64 max_descaled_gradient=1.11494621e-08 gradient_rel_l2=1.52250553e-07
LOSS pinned CUDA max_loss=0 gradient_rel_l2=0 changed_codes=0/804864
HEAD product=0 M=16 N=50304 K=768 rel_l2=1.32269759e-08 max_abs=7.15255737e-07
HEAD product=1 M=16 N=768 K=50304 rel_l2=9.64533775e-07 max_abs=2.04890966e-08
HEAD product=2 M=768 N=50304 K=16 rel_l2=7.39804919e-08 max_abs=8.94069672e-08
LAYER BF16 projection/product rel_l2=7.02182416e-07 max_abs=1.43051147e-06
LAYER BF16 projection/product rel_l2=8.43923456e-08 max_abs=2.98023224e-08
LAYER BF16 projection/product rel_l2=8.27137271e-08 max_abs=5.96046448e-08
LAYER BF16 projection/product rel_l2=2.80889225e-08 max_abs=2.32830644e-10
LAYER BF16 projection/product rel_l2=8.67730004e-08 max_abs=4.65661287e-10
LAYER BF16 projection/product rel_l2=1.00728782e-07 max_abs=3.49245965e-10
LAYER BF16 projection/product rel_l2=4.0405335e-08 max_abs=4.65661287e-10
LAYER BF16 projection/product rel_l2=3.06814304e-08 max_abs=1.86264515e-09
LAYER BF16 projection/product rel_l2=3.30789213e-08 max_abs=9.31322575e-10
LAYER tail forward gate rel_l2=4.17794839e-08 max_abs=7.82270981e-08
LAYER tail forward gate rel_l2=1.83870032e-08 max_abs=1.63618097e-08
LAYER tail forward gate rel_l2=2.64939734e-08 max_abs=1.26601662e-09
LAYER tail coefficient adjoints rel_l2=3.5140653e-08 max_abs=1.16415322e-09
LAYER tail coefficient adjoints rel_l2=3.41275062e-08 max_abs=1.0477379e-09
LAYER tail coefficient adjoints rel_l2=4.1371228e-08 max_abs=1.86264515e-09
LAYER tail coefficient adjoints rel_l2=4.32968874e-08 max_abs=1.80443749e-09
LAYER tail coefficient adjoints rel_l2=4.33123867e-08 max_abs=2.32830644e-09
LAYER tail coefficient adjoints rel_l2=3.82985595e-08 max_abs=1.32422429e-09
LAYER tail coefficient adjoints rel_l2=3.82506843e-08 max_abs=1.39698386e-09
LAYER tail coefficient adjoints rel_l2=4.56301963e-08 max_abs=1.39698386e-09
LAYER tail coefficient adjoints rel_l2=4.14763072e-08 max_abs=8.38190317e-09
LAYER tail coefficient adjoints rel_l2=3.52911722e-08 max_abs=7.4505806e-09
LAYER tail mixing rel_l2=5.9320983e-08 max_abs=2.18860805e-07
LAYER tail RMS rel_l2=4.47732693e-08 max_abs=3.29579441e-07
LAYER tail RMS backward rel_l2=5.1571686e-08 max_abs=2.84191783e-09
LAYER tail shared GELU gradient rel_l2=4.56958722e-08 max_abs=2.6793655e-10
LAYER suffix FP8 MLP product rel_l2=2.68204725e-08 max_abs=2.38418579e-07
LAYER suffix FP8 MLP product rel_l2=1.30677356e-07 max_abs=2.38418579e-07
LAYER suffix FP8 MLP product rel_l2=1.86219162e-08 max_abs=4.65661287e-10
LAYER suffix FP8 MLP product rel_l2=7.32654898e-08 max_abs=4.65661287e-10
LAYER suffix FP8 MLP product rel_l2=2.29831622e-09 max_abs=1.86264515e-09
LAYER suffix FP8 MLP product rel_l2=4.87544985e-09 max_abs=3.7252903e-09
LAYER suffix RMS rel_l2=5.25454673e-08 max_abs=4.36752356e-07
LAYER suffix RMS backward rel_l2=5.80023153e-08 max_abs=7.54145281e-10
LAYER suffix residual rel_l2=1.84554912e-09 max_abs=2.98023224e-08
LAYER suffix residual coefficient rel_l2=1.18201846e-07 max_abs=3.59432306e-09
LAYER suffix MLP coefficient rel_l2=5.5003835e-08 max_abs=3.75439413e-09
LAYER FP8 projection/product rel_l2=3.28301583e-08 max_abs=3.57627869e-07
LAYER FP8 projection/product rel_l2=0 max_abs=0
LAYER FP8 projection/product rel_l2=5.33359772e-09 max_abs=2.91038305e-11
LAYER BF16 projection/product rel_l2=7.40293343e-07 max_abs=1.34110451e-07
LAYER BF16 projection/product rel_l2=6.98957175e-07 max_abs=1.3038516e-08
LAYER BF16 projection/product rel_l2=4.69597193e-08 max_abs=2.32830644e-10
LAYER Q transform rel_l2=7.04748711e-05 max_abs=0.0078125
LAYER K transform rel_l2=0 max_abs=0
LAYER V transform rel_l2=0 max_abs=0
LAYER attention Y rel_l2=5.41697945e-08 max_abs=2.63095205e-07
LAYER attention dQ rel_l2=1.32158301e-07 max_abs=4.54759384e-11
LAYER attention dK rel_l2=1.271602e-07 max_abs=5.67498484e-11
LAYER attention dV rel_l2=7.29964212e-08 max_abs=1.10717558e-10
LAYER post Y rel_l2=0 max_abs=0
LAYER post finite difference rel_l2=5.26897589e-12 max_abs=1.03916875e-13
LAYER post dY rel_l2=0 max_abs=0
LAYER post dV side rel_l2=0 max_abs=0
LAYER post dAlpha rel_l2=0 max_abs=0
LAYER post dGate rel_l2=5.81047865e-08 max_abs=3.49245965e-09
LAYER QKV backward rel_l2=2.48443195e-08 max_abs=3.81290451e-11
LAYER gain gradients rel_l2=5.10180635e-08 max_abs=1.26179833e-09
LAYER BF16 projection/product rel_l2=7.13820008e-07 max_abs=1.1920929e-06
LAYER BF16 projection/product rel_l2=8.38346942e-08 max_abs=2.98023224e-08
LAYER BF16 projection/product rel_l2=6.13934849e-08 max_abs=1.16415322e-10
LAYER BF16 projection/product rel_l2=1.00057494e-07 max_abs=8.73114914e-11
LAYER BF16 projection/product rel_l2=3.37703785e-08 max_abs=1.16415322e-10
LAYER BF16 projection/product rel_l2=2.697396e-08 max_abs=4.65661287e-10
LAYER last-layer GELU rel_l2=3.79054961e-08 max_abs=6.45967018e-08
LAYER last-layer coefficient affine rel_l2=3.0439067e-08 max_abs=5.66042218e-08
LAYER last-layer GELU backward rel_l2=5.34099894e-08 max_abs=1.36267996e-10
LAYER last-layer coefficient partial rel_l2=1.28699816e-07 max_abs=4.3946784e-09
LAYER last-layer coefficient partial rel_l2=7.12497522e-08 max_abs=1.03464117e-08
LAYER last-layer coefficient partial rel_l2=5.28894511e-08 max_abs=4.10364009e-09
LAYER last-layer coefficient partial rel_l2=7.569208e-08 max_abs=1.44780188e-10
LAYER last-layer coefficient partial rel_l2=6.6940802e-08 max_abs=1.54614099e-10
LAYER last-layer coefficient partial rel_l2=5.11187658e-08 max_abs=1.15960574e-10
LAYER last-layer coefficient partial rel_l2=6.23560174e-08 max_abs=8.11795076e-11
LAYER last-layer coefficient partial rel_l2=7.82902086e-08 max_abs=3.25962901e-09
LAYER last-layer coefficient partial rel_l2=1.96076485e-08 max_abs=2.18278728e-10
LAYER last-layer coefficient partial rel_l2=4.51523771e-08 max_abs=4.13274392e-09
LAYER last-layer coefficient partial rel_l2=8.4130213e-08 max_abs=3.49245965e-09
LAYER last-layer residual mix rel_l2=2.02641827e-08 max_abs=5.96046448e-08
LAYER last-layer residual mix rel_l2=7.72045797e-09 max_abs=9.31322575e-10
LAYER last-layer residual mix rel_l2=2.52317739e-08 max_abs=8.94069672e-08
LAYER last-layer shared RMS rel_l2=4.80946335e-08 max_abs=3.11908699e-07
LAYER last-layer shared RMS backward rel_l2=6.14447291e-08 max_abs=4.69786653e-10
LAYER layer-nine FP8 product rel_l2=2.89594175e-08 max_abs=2.38418579e-07
LAYER layer-nine FP8 product rel_l2=1.3236279e-07 max_abs=1.78813934e-07
LAYER layer-nine FP8 product rel_l2=1.85787709e-08 max_abs=9.31322575e-10
LAYER layer-nine FP8 product rel_l2=7.49122219e-08 max_abs=9.31322575e-10
LAYER layer-nine FP8 product rel_l2=2.63081256e-09 max_abs=7.4505806e-09
LAYER layer-nine FP8 product rel_l2=4.0108069e-09 max_abs=3.7252903e-09
LAYER layer-nine pre-MLP residual rel_l2=6.3782053e-09 max_abs=2.98023224e-08
LAYER layer-nine post-MLP residual rel_l2=2.31798262e-10 max_abs=7.4505806e-09
LAYER layer-nine RMS rel_l2=5.23180879e-08 max_abs=3.71505686e-07
LAYER layer-nine RMS backward rel_l2=5.77495542e-08 max_abs=2.43318665e-09
LAYER layer-nine bigram gate rel_l2=3.72909037e-08 max_abs=4.07453626e-09
LAYER layer-nine scalar gradients rel_l2=6.17781324e-08 max_abs=8.2883389e-09
TAIL ATen eager diagnostic mu rel_l2=0.00262969639 max_abs=0.001953125 changed=41/160
TAIL ATen eager diagnostic mug rel_l2=0 max_abs=0 changed=0/1920
TAIL ATen eager diagnostic mixed rel_l2=0.00524636678 max_abs=0.01171875 changed=7683/12288
TAIL ATen eager diagnostic RMS from native mixed rel_l2=0 max_abs=0 changed=0/12288
TAIL ATen eager diagnostic output rel_l2=0.00562355168 max_abs=0.0390625 changed=7140/12288
TAIL ATen eager diagnostic dx rel_l2=0.00188748816 max_abs=0.000122070312 changed=2689/12288
TAIL ATen eager diagnostic source_0 rel_l2=0.00382578602 max_abs=3.81469727e-06 changed=5771/12288
TAIL ATen eager diagnostic source_1 rel_l2=0.00391820621 max_abs=0.000122070312 changed=5857/12288
TAIL ATen eager diagnostic source_2 rel_l2=0.00410088028 max_abs=3.81469727e-06 changed=5606/12288
TAIL ATen eager diagnostic source_3 rel_l2=0.00356965415 max_abs=2.86102295e-06 changed=4613/12288
TAIL ATen eager diagnostic source_4 rel_l2=0.00495591336 max_abs=5.7220459e-06 changed=5205/12288
TAIL ATen eager diagnostic source_5 rel_l2=0.00347439456 max_abs=3.81469727e-06 changed=4513/12288
TAIL ATen eager diagnostic source_6 rel_l2=0.00437146066 max_abs=1.90734863e-06 changed=5903/12288
TAIL ATen eager diagnostic source_7 rel_l2=0.00337377143 max_abs=3.81469727e-06 changed=4750/12288
TAIL ATen eager diagnostic source_8 rel_l2=0.0032277577 max_abs=1.90734863e-06 changed=3785/12288
TAIL ATen eager diagnostic source_9 rel_l2=0.00290112228 max_abs=3.81469727e-06 changed=3620/12288
TAIL ATen eager diagnostic dw1 rel_l2=0.00628100701 max_abs=4.57763672e-05 changed=35894/49152
TAIL ATen eager diagnostic dw2 rel_l2=0.00616483351 max_abs=0.000244140625 changed=416/896
TAIL ATen eager diagnostic dbias rel_l2=0.00141520943 max_abs=6.10351562e-05 changed=4/14
TAIL ATen eager diagnostic dwg rel_l2=0.0039701972 max_abs=6.86645508e-05 changed=4377/10752
LAYER_NINE PASS tokens=16 vocabulary=50304 workers=17 step=0 tasks=19683 phases=106
LOSS FP64 max_loss=7.81830321e-07 max_raw_gradient=0.000101457853
LOSS FP64 max_descaled_gradient=1.32696342e-09 gradient_rel_l2=2.11733392e-08
LOSS pinned CUDA max_loss=3.81469727e-06 gradient_rel_l2=0 changed_codes=0/12877824
HEAD product=0 M=256 N=50304 K=768 rel_l2=1.33444215e-08 max_abs=9.53674316e-07
HEAD product=1 M=256 N=768 K=50304 rel_l2=9.6468816e-07 max_abs=2.70083547e-08
HEAD product=2 M=768 N=50304 K=256 rel_l2=1.53896964e-07 max_abs=9.53674316e-07
LAYER BF16 projection/product rel_l2=7.25242279e-07 max_abs=1.66893005e-06
LAYER BF16 projection/product rel_l2=8.07137147e-08 max_abs=5.96046448e-08
LAYER BF16 projection/product rel_l2=8.20634079e-08 max_abs=8.94069672e-08
LAYER BF16 projection/product rel_l2=3.11113554e-08 max_abs=9.31322575e-10
LAYER BF16 projection/product rel_l2=8.39536896e-08 max_abs=9.31322575e-10
LAYER BF16 projection/product rel_l2=1.03147259e-07 max_abs=6.98491931e-10
LAYER BF16 projection/product rel_l2=2.81890874e-07 max_abs=1.3038516e-08
LAYER BF16 projection/product rel_l2=2.2290738e-07 max_abs=4.47034836e-08
LAYER BF16 projection/product rel_l2=2.45312411e-07 max_abs=2.23517418e-08
LAYER tail forward gate rel_l2=4.12508898e-08 max_abs=1.00741316e-07
LAYER tail forward gate rel_l2=2.33292689e-08 max_abs=2.83048394e-08
LAYER tail forward gate rel_l2=2.50962183e-08 max_abs=1.76078174e-09
LAYER tail coefficient adjoints rel_l2=3.85899185e-08 max_abs=2.28465069e-09
LAYER tail coefficient adjoints rel_l2=3.91673481e-08 max_abs=2.22644303e-09
LAYER tail coefficient adjoints rel_l2=3.69117935e-08 max_abs=3.7252903e-09
LAYER tail coefficient adjoints rel_l2=3.89354757e-08 max_abs=2.32830644e-09
LAYER tail coefficient adjoints rel_l2=4.02071654e-08 max_abs=2.56113708e-09
LAYER tail coefficient adjoints rel_l2=3.93902651e-08 max_abs=2.32830644e-09
LAYER tail coefficient adjoints rel_l2=3.98960592e-08 max_abs=2.12457962e-09
LAYER tail coefficient adjoints rel_l2=4.04979861e-08 max_abs=3.25962901e-09
LAYER tail coefficient adjoints rel_l2=3.99899548e-08 max_abs=1.14087015e-08
LAYER tail coefficient adjoints rel_l2=3.83924708e-08 max_abs=1.07102096e-08
LAYER tail mixing rel_l2=5.82772228e-08 max_abs=2.70083547e-07
LAYER tail RMS rel_l2=4.56402525e-08 max_abs=4.59027252e-07
LAYER tail RMS backward rel_l2=5.27394457e-08 max_abs=4.02904527e-09
LAYER tail shared GELU gradient rel_l2=4.5731595e-08 max_abs=5.86909677e-10
LAYER suffix FP8 MLP product rel_l2=2.79456007e-08 max_abs=3.57627869e-07
LAYER suffix FP8 MLP product rel_l2=1.19193066e-07 max_abs=2.98023224e-07
LAYER suffix FP8 MLP product rel_l2=1.87273286e-08 max_abs=6.98491931e-10
LAYER suffix FP8 MLP product rel_l2=7.12249814e-08 max_abs=6.98491931e-10
LAYER suffix FP8 MLP product rel_l2=8.2283083e-09 max_abs=1.49011612e-08
LAYER suffix FP8 MLP product rel_l2=1.58223082e-08 max_abs=2.98023224e-08
LAYER suffix RMS rel_l2=4.73367691e-08 max_abs=4.21446366e-07
LAYER suffix RMS backward rel_l2=5.35792727e-08 max_abs=9.66100023e-10
LAYER suffix residual rel_l2=2.29354218e-09 max_abs=2.98023224e-08
LAYER suffix residual coefficient rel_l2=1.31188814e-07 max_abs=9.89530236e-09
LAYER suffix MLP coefficient rel_l2=6.96564887e-08 max_abs=6.22821972e-09
LAYER FP8 projection/product rel_l2=3.41826101e-08 max_abs=4.76837158e-07
LAYER FP8 projection/product rel_l2=0 max_abs=0
LAYER FP8 projection/product rel_l2=4.62999284e-09 max_abs=5.82076609e-11
LAYER BF16 projection/product rel_l2=8.15944327e-07 max_abs=1.93715096e-07
LAYER BF16 projection/product rel_l2=6.82600729e-07 max_abs=1.3038516e-08
LAYER BF16 projection/product rel_l2=3.46407294e-07 max_abs=2.79396772e-09
LAYER Q transform rel_l2=9.77040217e-08 max_abs=3.05175781e-05
LAYER K transform rel_l2=8.81064609e-06 max_abs=0.00390625
LAYER V transform rel_l2=0 max_abs=0
LAYER attention Y rel_l2=1.22763752e-07 max_abs=3.75980912e-07
LAYER attention dQ rel_l2=2.12533208e-07 max_abs=2.60384677e-10
LAYER attention dK rel_l2=2.2098909e-07 max_abs=1.79176788e-10
LAYER attention dV rel_l2=1.86358182e-07 max_abs=2.57152559e-10
LAYER post Y rel_l2=0 max_abs=0
LAYER post finite difference rel_l2=2.46075629e-12 max_abs=4.36178871e-14
LAYER post dY rel_l2=0 max_abs=0
LAYER post dV side rel_l2=0 max_abs=0
LAYER post dAlpha rel_l2=0 max_abs=0
LAYER post dGate rel_l2=4.6968093e-08 max_abs=4.19095159e-09
LAYER QKV backward rel_l2=4.11016541e-08 max_abs=6.7065088e-11
LAYER gain gradients rel_l2=1.90948913e-07 max_abs=1.14979853e-09
LAYER BF16 projection/product rel_l2=7.20873049e-07 max_abs=1.66893005e-06
LAYER BF16 projection/product rel_l2=8.7635802e-08 max_abs=5.96046448e-08
LAYER BF16 projection/product rel_l2=6.08195154e-08 max_abs=2.32830644e-10
LAYER BF16 projection/product rel_l2=1.06446782e-07 max_abs=1.16415322e-10
LAYER BF16 projection/product rel_l2=2.77733563e-07 max_abs=3.7252903e-09
LAYER BF16 projection/product rel_l2=2.49631148e-07 max_abs=1.11758709e-08
LAYER last-layer GELU rel_l2=4.13329508e-08 max_abs=1.00741316e-07
LAYER last-layer coefficient affine rel_l2=2.90212619e-08 max_abs=5.66205927e-08
LAYER last-layer GELU backward rel_l2=4.69948908e-08 max_abs=1.24794135e-10
LAYER last-layer coefficient partial rel_l2=1.22690931e-07 max_abs=8.20728019e-09
LAYER last-layer coefficient partial rel_l2=6.22473222e-08 max_abs=6.69388101e-09
LAYER last-layer coefficient partial rel_l2=6.34593272e-08 max_abs=7.01402314e-09
LAYER last-layer coefficient partial rel_l2=6.13607252e-08 max_abs=8.64304184e-11
LAYER last-layer coefficient partial rel_l2=6.86559381e-08 max_abs=6.51283472e-11
LAYER last-layer coefficient partial rel_l2=6.60162714e-08 max_abs=2.49201548e-10
LAYER last-layer coefficient partial rel_l2=5.53064527e-08 max_abs=8.3332452e-11
LAYER last-layer coefficient partial rel_l2=1.25922615e-07 max_abs=8.49831849e-09
LAYER last-layer coefficient partial rel_l2=5.95774602e-08 max_abs=6.93944457e-10
LAYER last-layer coefficient partial rel_l2=6.01508805e-08 max_abs=7.39237294e-09
LAYER last-layer coefficient partial rel_l2=6.55792926e-08 max_abs=7.4505806e-09
LAYER last-layer residual mix rel_l2=2.45369996e-08 max_abs=1.08033419e-07
LAYER last-layer residual mix rel_l2=6.58067106e-09 max_abs=1.39698386e-09
LAYER last-layer residual mix rel_l2=2.68995951e-08 max_abs=1.11758709e-07
LAYER last-layer shared RMS rel_l2=4.8556046e-08 max_abs=4.11921787e-07
LAYER last-layer shared RMS backward rel_l2=5.5214312e-08 max_abs=4.90587576e-10
LAYER layer-nine FP8 product rel_l2=2.83995688e-08 max_abs=3.57627869e-07
LAYER layer-nine FP8 product rel_l2=1.22326513e-07 max_abs=2.38418579e-07
LAYER layer-nine FP8 product rel_l2=1.94849717e-08 max_abs=1.86264515e-09
LAYER layer-nine FP8 product rel_l2=7.18525196e-08 max_abs=1.39698386e-09
LAYER layer-nine FP8 product rel_l2=8.43401249e-09 max_abs=1.49011612e-08
LAYER layer-nine FP8 product rel_l2=1.38804664e-08 max_abs=4.47034836e-08
LAYER layer-nine pre-MLP residual rel_l2=7.64733539e-09 max_abs=2.98023224e-08
LAYER layer-nine post-MLP residual rel_l2=1.73817669e-10 max_abs=1.49011612e-08
LAYER layer-nine RMS rel_l2=5.48540559e-08 max_abs=5.19995925e-07
LAYER layer-nine RMS backward rel_l2=5.96760085e-08 max_abs=3.56423589e-09
LAYER layer-nine bigram gate rel_l2=6.41533325e-08 max_abs=1.59488991e-08
LAYER layer-nine scalar gradients rel_l2=4.79867791e-07 max_abs=1.49264322e-07
TAIL ATen eager diagnostic mu rel_l2=0.00293440084 max_abs=0.00390625 changed=611/2560
TAIL ATen eager diagnostic mug rel_l2=0 max_abs=0 changed=0/30720
TAIL ATen eager diagnostic mixed rel_l2=0.00531706024 max_abs=0.015625 changed=123097/196608
TAIL ATen eager diagnostic RMS from native mixed rel_l2=0 max_abs=0 changed=0/196608
TAIL ATen eager diagnostic output rel_l2=0.00570378262 max_abs=0.0625 changed=115421/196608
TAIL ATen eager diagnostic dx rel_l2=0.00192910039 max_abs=0.000183105469 changed=44674/196608
TAIL ATen eager diagnostic source_0 rel_l2=0.00377562496 max_abs=3.81469727e-06 changed=79875/196608
TAIL ATen eager diagnostic source_1 rel_l2=0.00409126563 max_abs=0.000122070312 changed=89247/196608
TAIL ATen eager diagnostic source_2 rel_l2=0.00379390436 max_abs=7.62939453e-06 changed=70039/196608
TAIL ATen eager diagnostic source_3 rel_l2=0.00424078071 max_abs=7.62939453e-06 changed=77806/196608
TAIL ATen eager diagnostic source_4 rel_l2=0.00396521705 max_abs=7.62939453e-06 changed=74094/196608
TAIL ATen eager diagnostic source_5 rel_l2=0.00376662896 max_abs=7.62939453e-06 changed=72606/196608
TAIL ATen eager diagnostic source_6 rel_l2=0.00351835452 max_abs=7.62939453e-06 changed=76104/196608
TAIL ATen eager diagnostic source_7 rel_l2=0.00426675067 max_abs=7.62939453e-06 changed=81370/196608
TAIL ATen eager diagnostic source_8 rel_l2=0.0034061768 max_abs=7.62939453e-06 changed=74536/196608
TAIL ATen eager diagnostic source_9 rel_l2=0.00363147303 max_abs=7.62939453e-06 changed=81619/196608
TAIL ATen eager diagnostic dw1 rel_l2=0.00688357518 max_abs=0.000244140625 changed=36697/49152
TAIL ATen eager diagnostic dw2 rel_l2=0.00727297226 max_abs=0.00146484375 changed=445/896
TAIL ATen eager diagnostic dbias rel_l2=0.019558642 max_abs=0.00250244141 changed=7/14
TAIL ATen eager diagnostic dwg rel_l2=0.0041449044 max_abs=0.00048828125 changed=4586/10752
LAYER_NINE PASS tokens=256 vocabulary=50304 workers=528 step=0 tasks=51677 phases=106
LAYER_NINE CUDA Graph median_ms=4.067296 samples_ms= 4.074624 4.070464 4.067808 4.066784 4.079584 4.071008 4.062304 4.058944 4.061280 4.048768
LAYER_NINE CUDA Graph four-block occupancy median_ms=4.061680 samples_ms= 4.064608 4.067456 4.057536 4.051872 4.072992 4.058752 4.067456 4.053664 4.045760 4.073952
LAYER_NINE persistent+reset median_ms=4.733792 samples_ms= 4.725920 4.753440 4.748032 4.574176 4.758784 4.604576 4.741664 4.586432 4.761024 4.579008
PASS: folded layer-nine MLP and scalar/bigram adjoints connected through last-layer loss; earlier body and compiled parity remain

$ compute-sanitizer --version
NVIDIA (R) Compute Sanitizer
Copyright (c) 2020-2025 NVIDIA Corporation
Version 2025.1.0.0 (build 35583870) (public-release)

$ compute-sanitizer --tool memcheck --error-exitcode 1 /workspace/cuda/layer_nine --quick --native-only
========= COMPUTE-SANITIZER
GPU[0]=NVIDIA H100 80GB HBM3 SMs=132 runtime=12080
Native-only checks: ATen tail diagnostic excluded; native arithmetic and replay gates remain enabled
LOSS FP64 max_loss=6.58087018e-07 max_raw_gradient=0.000761665245
LOSS FP64 max_descaled_gradient=9.96179094e-09 gradient_rel_l2=1.59571579e-07
LOSS pinned CUDA max_loss=1.90734863e-06 gradient_rel_l2=0 changed_codes=0/32768
HEAD product=0 M=16 N=2048 K=768 rel_l2=2.26242931e-08 max_abs=4.76837158e-07
HEAD product=1 M=16 N=768 K=2048 rel_l2=1.10973734e-07 max_abs=1.86264515e-09
HEAD product=2 M=768 N=2048 K=16 rel_l2=1.86746688e-08 max_abs=1.49011612e-08
LAYER BF16 projection/product rel_l2=7.02182416e-07 max_abs=1.43051147e-06
LAYER BF16 projection/product rel_l2=8.43923456e-08 max_abs=2.98023224e-08
LAYER BF16 projection/product rel_l2=8.27137271e-08 max_abs=5.96046448e-08
LAYER BF16 projection/product rel_l2=3.68921015e-08 max_abs=4.65661287e-10
LAYER BF16 projection/product rel_l2=8.01494001e-08 max_abs=4.65661287e-10
LAYER BF16 projection/product rel_l2=9.75950644e-08 max_abs=2.32830644e-10
LAYER BF16 projection/product rel_l2=4.33032987e-08 max_abs=4.65661287e-10
LAYER BF16 projection/product rel_l2=5.47747951e-08 max_abs=1.86264515e-09
LAYER BF16 projection/product rel_l2=3.27273594e-08 max_abs=9.31322575e-10
LAYER tail forward gate rel_l2=4.17794839e-08 max_abs=7.82270981e-08
LAYER tail forward gate rel_l2=1.83870032e-08 max_abs=1.63618097e-08
LAYER tail forward gate rel_l2=2.64939734e-08 max_abs=1.26601662e-09
LAYER tail coefficient adjoints rel_l2=3.89644293e-08 max_abs=1.39698386e-09
LAYER tail coefficient adjoints rel_l2=3.81521024e-08 max_abs=1.51339918e-09
LAYER tail coefficient adjoints rel_l2=3.80689718e-08 max_abs=2.21189111e-09
LAYER tail coefficient adjoints rel_l2=4.21279409e-08 max_abs=1.62981451e-09
LAYER tail coefficient adjoints rel_l2=3.92872429e-08 max_abs=1.86264515e-09
LAYER tail coefficient adjoints rel_l2=3.92221093e-08 max_abs=1.57160684e-09
LAYER tail coefficient adjoints rel_l2=3.79860014e-08 max_abs=1.51339918e-09
LAYER tail coefficient adjoints rel_l2=3.95526708e-08 max_abs=1.16415322e-09
LAYER tail coefficient adjoints rel_l2=4.24043485e-08 max_abs=1.11758709e-08
LAYER tail coefficient adjoints rel_l2=3.52446166e-08 max_abs=4.65661287e-09
LAYER tail mixing rel_l2=5.9320983e-08 max_abs=2.18860805e-07
LAYER tail RMS rel_l2=4.47732693e-08 max_abs=3.29579441e-07
LAYER tail RMS backward rel_l2=5.09915829e-08 max_abs=1.93853106e-09
LAYER tail shared GELU gradient rel_l2=4.67822208e-08 max_abs=3.9717122e-10
LAYER suffix FP8 MLP product rel_l2=2.68204725e-08 max_abs=2.38418579e-07
LAYER suffix FP8 MLP product rel_l2=1.30677356e-07 max_abs=2.38418579e-07
LAYER suffix FP8 MLP product rel_l2=1.79052157e-08 max_abs=4.65661287e-10
LAYER suffix FP8 MLP product rel_l2=7.07680497e-08 max_abs=3.49245965e-10
LAYER suffix FP8 MLP product rel_l2=2.68830167e-09 max_abs=1.86264515e-09
LAYER suffix FP8 MLP product rel_l2=4.81101717e-09 max_abs=1.86264515e-09
LAYER suffix RMS rel_l2=5.25454673e-08 max_abs=4.36752356e-07
LAYER suffix RMS backward rel_l2=5.88289343e-08 max_abs=9.49702984e-10
LAYER suffix residual rel_l2=1.84554912e-09 max_abs=2.98023224e-08
LAYER suffix residual coefficient rel_l2=1.25760866e-07 max_abs=8.76752893e-09
LAYER suffix MLP coefficient rel_l2=6.41223785e-08 max_abs=3.41242412e-09
LAYER FP8 projection/product rel_l2=3.28301583e-08 max_abs=3.57627869e-07
LAYER FP8 projection/product rel_l2=0 max_abs=0
LAYER FP8 projection/product rel_l2=4.4891064e-09 max_abs=2.91038305e-11
LAYER BF16 projection/product rel_l2=7.40293343e-07 max_abs=1.34110451e-07
LAYER BF16 projection/product rel_l2=7.0728545e-07 max_abs=1.16415322e-08
LAYER BF16 projection/product rel_l2=4.78954924e-08 max_abs=4.65661287e-10
LAYER Q transform rel_l2=7.04748711e-05 max_abs=0.0078125
LAYER K transform rel_l2=0 max_abs=0
LAYER V transform rel_l2=0 max_abs=0
LAYER attention Y rel_l2=5.41697945e-08 max_abs=2.63095205e-07
LAYER attention dQ rel_l2=1.35007857e-07 max_abs=4.79998469e-11
LAYER attention dK rel_l2=1.28740483e-07 max_abs=4.99182451e-11
LAYER attention dV rel_l2=7.34011884e-08 max_abs=1.14726488e-10
LAYER post Y rel_l2=0 max_abs=0
LAYER post finite difference rel_l2=6.50701885e-12 max_abs=1.21930244e-13
LAYER post dY rel_l2=0 max_abs=0
LAYER post dV side rel_l2=0 max_abs=0
LAYER post dAlpha rel_l2=0 max_abs=0
LAYER post dGate rel_l2=5.09288226e-08 max_abs=3.47596796e-09
LAYER QKV backward rel_l2=2.98250793e-08 max_abs=4.19078545e-11
LAYER gain gradients rel_l2=2.25401892e-07 max_abs=1.86638438e-09
LAYER BF16 projection/product rel_l2=7.13820008e-07 max_abs=1.1920929e-06
LAYER BF16 projection/product rel_l2=8.38346942e-08 max_abs=2.98023224e-08
LAYER BF16 projection/product rel_l2=6.09366733e-08 max_abs=1.16415322e-10
LAYER BF16 projection/product rel_l2=9.91688907e-08 max_abs=8.73114914e-11
LAYER BF16 projection/product rel_l2=4.33016001e-08 max_abs=1.16415322e-10
LAYER BF16 projection/product rel_l2=3.14136965e-08 max_abs=4.65661287e-10
LAYER last-layer GELU rel_l2=3.79054961e-08 max_abs=6.45967018e-08
LAYER last-layer coefficient affine rel_l2=3.0439067e-08 max_abs=5.66042218e-08
LAYER last-layer GELU backward rel_l2=4.44186264e-08 max_abs=5.25496051e-11
LAYER last-layer coefficient partial rel_l2=1.40306402e-07 max_abs=5.93718141e-09
LAYER last-layer coefficient partial rel_l2=5.33616193e-08 max_abs=3.43425199e-09
LAYER last-layer coefficient partial rel_l2=6.8621585e-08 max_abs=6.62112143e-09
LAYER last-layer coefficient partial rel_l2=8.92684594e-08 max_abs=8.23092705e-11
LAYER last-layer coefficient partial rel_l2=1.23650131e-07 max_abs=7.63975549e-11
LAYER last-layer coefficient partial rel_l2=5.14541409e-08 max_abs=1.09366738e-10
LAYER last-layer coefficient partial rel_l2=5.48298938e-08 max_abs=6.61657396e-11
LAYER last-layer coefficient partial rel_l2=1.34754446e-07 max_abs=7.56699592e-09
LAYER last-layer coefficient partial rel_l2=7.31014696e-08 max_abs=9.31322575e-10
LAYER last-layer coefficient partial rel_l2=6.22358176e-08 max_abs=3.63797881e-09
LAYER last-layer coefficient partial rel_l2=5.52659418e-08 max_abs=3.98722477e-09
LAYER last-layer residual mix rel_l2=2.02641827e-08 max_abs=5.96046448e-08
LAYER last-layer residual mix rel_l2=7.72045797e-09 max_abs=9.31322575e-10
LAYER last-layer residual mix rel_l2=2.52317739e-08 max_abs=8.94069672e-08
LAYER last-layer shared RMS rel_l2=4.80946335e-08 max_abs=3.11908699e-07
LAYER last-layer shared RMS backward rel_l2=6.26230373e-08 max_abs=4.90499234e-10
LAYER layer-nine FP8 product rel_l2=2.89594175e-08 max_abs=2.38418579e-07
LAYER layer-nine FP8 product rel_l2=1.3236279e-07 max_abs=1.78813934e-07
LAYER layer-nine FP8 product rel_l2=1.71658612e-08 max_abs=1.86264515e-09
LAYER layer-nine FP8 product rel_l2=7.16910354e-08 max_abs=9.31322575e-10
LAYER layer-nine FP8 product rel_l2=2.10754836e-09 max_abs=3.7252903e-09
LAYER layer-nine FP8 product rel_l2=4.40281998e-09 max_abs=7.4505806e-09
LAYER layer-nine pre-MLP residual rel_l2=6.3782053e-09 max_abs=2.98023224e-08
LAYER layer-nine post-MLP residual rel_l2=2.31798262e-10 max_abs=7.4505806e-09
LAYER layer-nine RMS rel_l2=5.23180879e-08 max_abs=3.71505686e-07
LAYER layer-nine RMS backward rel_l2=5.8004811e-08 max_abs=3.22526362e-09
LAYER layer-nine bigram gate rel_l2=6.83734406e-08 max_abs=9.77888703e-09
LAYER layer-nine scalar gradients rel_l2=2.8585378e-07 max_abs=2.03835614e-08
LAYER_NINE PASS tokens=16 vocabulary=2048 workers=17 step=0 tasks=9121 phases=106
LOSS FP64 max_loss=1.70178266e-06 max_raw_gradient=0.000676375848
LOSS FP64 max_descaled_gradient=8.84629414e-09 gradient_rel_l2=1.27539354e-07
LOSS pinned CUDA max_loss=0 gradient_rel_l2=0 changed_codes=0/32768
HEAD product=0 M=16 N=2048 K=768 rel_l2=1.98314005e-08 max_abs=4.76837158e-07
HEAD product=1 M=16 N=768 K=2048 rel_l2=1.16259354e-07 max_abs=4.65661287e-09
HEAD product=2 M=768 N=2048 K=16 rel_l2=1.92579828e-08 max_abs=2.98023224e-08
LAYER BF16 projection/product rel_l2=7.48598449e-07 max_abs=1.07288361e-06
LAYER BF16 projection/product rel_l2=0 max_abs=0
LAYER BF16 projection/product rel_l2=0 max_abs=0
LAYER BF16 projection/product rel_l2=0 max_abs=0
LAYER BF16 projection/product rel_l2=0 max_abs=0
LAYER BF16 projection/product rel_l2=0 max_abs=0
LAYER BF16 projection/product rel_l2=0 max_abs=0
LAYER BF16 projection/product rel_l2=2.31559005e-08 max_abs=1.86264515e-09
LAYER BF16 projection/product rel_l2=2.74150029e-08 max_abs=9.31322575e-10
LAYER tail forward gate rel_l2=3.97916721e-08 max_abs=4.41806816e-08
LAYER tail forward gate rel_l2=1.49280825e-08 max_abs=7.4505806e-09
LAYER tail forward gate rel_l2=0 max_abs=0
LAYER tail coefficient adjoints rel_l2=3.85907696e-08 max_abs=1.86264515e-09
LAYER tail coefficient adjoints rel_l2=4.09581648e-08 max_abs=2.21189111e-09
LAYER tail coefficient adjoints rel_l2=3.63353424e-08 max_abs=1.51339918e-09
LAYER tail coefficient adjoints rel_l2=3.74168258e-08 max_abs=1.51339918e-09
LAYER tail coefficient adjoints rel_l2=4.09668153e-08 max_abs=2.59024091e-09
LAYER tail coefficient adjoints rel_l2=3.93251705e-08 max_abs=2.79396772e-09
LAYER tail coefficient adjoints rel_l2=3.58940594e-08 max_abs=1.86264515e-09
LAYER tail coefficient adjoints rel_l2=3.92963434e-08 max_abs=1.86264515e-09
LAYER tail coefficient adjoints rel_l2=3.88895897e-08 max_abs=1.3038516e-08
LAYER tail coefficient adjoints rel_l2=3.51176062e-08 max_abs=9.31322575e-09
LAYER tail mixing rel_l2=5.41728449e-08 max_abs=1.15483999e-07
LAYER tail RMS rel_l2=5.80800508e-08 max_abs=6.35196597e-07
LAYER tail RMS backward rel_l2=6.30080098e-08 max_abs=3.951453e-09
LAYER tail shared GELU gradient rel_l2=0 max_abs=0
LAYER suffix FP8 MLP product rel_l2=2.7730184e-08 max_abs=2.38418579e-07
LAYER suffix FP8 MLP product rel_l2=0 max_abs=0
LAYER suffix FP8 MLP product rel_l2=0 max_abs=0
LAYER suffix FP8 MLP product rel_l2=0 max_abs=0
LAYER suffix FP8 MLP product rel_l2=0 max_abs=0
LAYER suffix FP8 MLP product rel_l2=4.77108926e-09 max_abs=3.7252903e-09
LAYER suffix RMS rel_l2=4.8247715e-08 max_abs=3.87642322e-07
LAYER suffix RMS backward rel_l2=5.87106558e-08 max_abs=7.84866883e-11
LAYER suffix residual rel_l2=0 max_abs=0
LAYER suffix residual coefficient rel_l2=9.76661134e-08 max_abs=4.6857167e-09
LAYER suffix MLP coefficient rel_l2=0 max_abs=0
LAYER FP8 projection/product rel_l2=3.21750579e-08 max_abs=4.76837158e-07
LAYER FP8 projection/product rel_l2=0 max_abs=0
LAYER FP8 projection/product rel_l2=0 max_abs=0
LAYER BF16 projection/product rel_l2=0 max_abs=0
LAYER BF16 projection/product rel_l2=0 max_abs=0
LAYER BF16 projection/product rel_l2=4.81160656e-08 max_abs=4.65661287e-10
LAYER Q transform rel_l2=0 max_abs=0
LAYER K transform rel_l2=2.74895187e-07 max_abs=3.05175781e-05
LAYER V transform rel_l2=0 max_abs=0
LAYER attention Y rel_l2=5.17751073e-08 max_abs=3.57078072e-07
LAYER attention dQ rel_l2=0 max_abs=0
LAYER attention dK rel_l2=0 max_abs=0
LAYER attention dV rel_l2=0 max_abs=0
LAYER post Y rel_l2=0 max_abs=0
LAYER post finite difference rel_l2=0 max_abs=0
LAYER post dY rel_l2=0 max_abs=0
LAYER post dV side rel_l2=0 max_abs=0
LAYER post dAlpha rel_l2=0 max_abs=0
LAYER post dGate rel_l2=0 max_abs=0
LAYER QKV backward rel_l2=0 max_abs=0
LAYER gain gradients rel_l2=8.80759289e-07 max_abs=2.45745885e-09
LAYER BF16 projection/product rel_l2=7.11561067e-07 max_abs=8.94069672e-07
LAYER BF16 projection/product rel_l2=0 max_abs=0
LAYER BF16 projection/product rel_l2=0 max_abs=0
LAYER BF16 projection/product rel_l2=0 max_abs=0
LAYER BF16 projection/product rel_l2=0 max_abs=0
LAYER BF16 projection/product rel_l2=3.34350615e-08 max_abs=9.31322575e-10
LAYER last-layer GELU rel_l2=3.90904369e-08 max_abs=5.63392253e-08
LAYER last-layer coefficient affine rel_l2=1.49031453e-08 max_abs=1.49011612e-08
LAYER last-layer GELU backward rel_l2=0 max_abs=0
LAYER last-layer coefficient partial rel_l2=1.63845464e-07 max_abs=1.14087015e-08
LAYER last-layer coefficient partial rel_l2=7.84101948e-08 max_abs=6.92671165e-09
LAYER last-layer coefficient partial rel_l2=8.29993174e-08 max_abs=6.98491931e-09
LAYER last-layer coefficient partial rel_l2=0 max_abs=0
LAYER last-layer coefficient partial rel_l2=0 max_abs=0
LAYER last-layer coefficient partial rel_l2=0 max_abs=0
LAYER last-layer coefficient partial rel_l2=0 max_abs=0
LAYER last-layer coefficient partial rel_l2=1.21639672e-07 max_abs=4.77302819e-09
LAYER last-layer coefficient partial rel_l2=0 max_abs=0
LAYER last-layer coefficient partial rel_l2=7.84101948e-08 max_abs=6.92671165e-09
LAYER last-layer coefficient partial rel_l2=5.61040309e-08 max_abs=5.60248736e-09
LAYER last-layer residual mix rel_l2=1.98063839e-08 max_abs=5.96046448e-08
LAYER last-layer residual mix rel_l2=7.30079334e-09 max_abs=6.76664058e-10
LAYER last-layer residual mix rel_l2=1.412018e-08 max_abs=4.47034836e-08
LAYER last-layer shared RMS rel_l2=5.83499134e-08 max_abs=4.0420963e-07
LAYER last-layer shared RMS backward rel_l2=6.28647615e-08 max_abs=4.69045794e-11
LAYER layer-nine FP8 product rel_l2=2.89430124e-08 max_abs=2.38418579e-07
LAYER layer-nine FP8 product rel_l2=0 max_abs=0
LAYER layer-nine FP8 product rel_l2=0 max_abs=0
LAYER layer-nine FP8 product rel_l2=0 max_abs=0
LAYER layer-nine FP8 product rel_l2=0 max_abs=0
LAYER layer-nine FP8 product rel_l2=5.43624995e-09 max_abs=1.49011612e-08
LAYER layer-nine pre-MLP residual rel_l2=6.02826821e-09 max_abs=2.98023224e-08
LAYER layer-nine post-MLP residual rel_l2=0 max_abs=0
LAYER layer-nine RMS rel_l2=5.73117615e-08 max_abs=3.51048602e-07
LAYER layer-nine RMS backward rel_l2=0 max_abs=0
LAYER layer-nine bigram gate rel_l2=6.39632008e-08 max_abs=6.43194653e-09
LAYER layer-nine scalar gradients rel_l2=7.14090091e-08 max_abs=1.92831067e-08
LAYER_NINE PASS tokens=16 vocabulary=2048 workers=17 step=1 tasks=9121 phases=106
LOSS FP64 max_loss=1.40505711e-06 max_raw_gradient=0.000254385983
LOSS FP64 max_descaled_gradient=6.65420931e-09 gradient_rel_l2=9.94774971e-08
LOSS pinned CUDA max_loss=0 gradient_rel_l2=0 changed_codes=0/32768
HEAD product=0 M=16 N=2048 K=768 rel_l2=0 max_abs=0
HEAD product=1 M=16 N=768 K=2048 rel_l2=3.73385649e-08 max_abs=9.31322575e-10
HEAD product=2 M=768 N=2048 K=16 rel_l2=0 max_abs=0
LAYER BF16 projection/product rel_l2=0 max_abs=0
LAYER BF16 projection/product rel_l2=0 max_abs=0
LAYER BF16 projection/product rel_l2=0 max_abs=0
LAYER BF16 projection/product rel_l2=0 max_abs=0
LAYER BF16 projection/product rel_l2=0 max_abs=0
LAYER BF16 projection/product rel_l2=0 max_abs=0
LAYER BF16 projection/product rel_l2=0 max_abs=0
LAYER BF16 projection/product rel_l2=0 max_abs=0
LAYER BF16 projection/product rel_l2=0 max_abs=0
LAYER tail forward gate rel_l2=0 max_abs=0
LAYER tail forward gate rel_l2=1.49199646e-08 max_abs=7.4505806e-09
LAYER tail forward gate rel_l2=0 max_abs=0
LAYER tail coefficient adjoints rel_l2=0 max_abs=0
LAYER tail coefficient adjoints rel_l2=0 max_abs=0
LAYER tail coefficient adjoints rel_l2=0 max_abs=0
LAYER tail coefficient adjoints rel_l2=0 max_abs=0
LAYER tail coefficient adjoints rel_l2=0 max_abs=0
LAYER tail coefficient adjoints rel_l2=0 max_abs=0
LAYER tail coefficient adjoints rel_l2=0 max_abs=0
LAYER tail coefficient adjoints rel_l2=0 max_abs=0
LAYER tail coefficient adjoints rel_l2=0 max_abs=0
LAYER tail coefficient adjoints rel_l2=0 max_abs=0
LAYER tail mixing rel_l2=0 max_abs=0
LAYER tail RMS rel_l2=0 max_abs=0
LAYER tail RMS backward rel_l2=1.03375596e-07 max_abs=2.38859006e-06
LAYER tail shared GELU gradient rel_l2=0 max_abs=0
LAYER suffix FP8 MLP product rel_l2=0 max_abs=0
LAYER suffix FP8 MLP product rel_l2=0 max_abs=0
LAYER suffix FP8 MLP product rel_l2=2.32612636e-08 max_abs=4.76837158e-07
LAYER suffix FP8 MLP product rel_l2=0 max_abs=0
LAYER suffix FP8 MLP product rel_l2=0 max_abs=0
LAYER suffix FP8 MLP product rel_l2=0 max_abs=0
LAYER suffix RMS rel_l2=0 max_abs=0
LAYER suffix RMS backward rel_l2=1.02414611e-07 max_abs=4.29955246e-07
LAYER suffix residual rel_l2=0 max_abs=0
LAYER suffix residual coefficient rel_l2=0 max_abs=0
LAYER suffix MLP coefficient rel_l2=0 max_abs=0
LAYER FP8 projection/product rel_l2=0 max_abs=0
LAYER FP8 projection/product rel_l2=0 max_abs=0
LAYER FP8 projection/product rel_l2=0 max_abs=0
LAYER BF16 projection/product rel_l2=0 max_abs=0
LAYER BF16 projection/product rel_l2=6.89609072e-07 max_abs=7.62939453e-06
LAYER BF16 projection/product rel_l2=0 max_abs=0
LAYER Q transform rel_l2=0 max_abs=0
LAYER K transform rel_l2=0 max_abs=0
LAYER V transform rel_l2=0 max_abs=0
LAYER attention Y rel_l2=0 max_abs=0
LAYER attention dQ rel_l2=0 max_abs=0
LAYER attention dK rel_l2=0 max_abs=0
LAYER attention dV rel_l2=4.7520135e-08 max_abs=2.99442382e-08
LAYER post Y rel_l2=0 max_abs=0
LAYER post finite difference rel_l2=0 max_abs=0
LAYER post dY rel_l2=0 max_abs=0
LAYER post dV side rel_l2=0 max_abs=0
LAYER post dAlpha rel_l2=0 max_abs=0
LAYER post dGate rel_l2=0 max_abs=0
LAYER QKV backward rel_l2=0 max_abs=0
LAYER gain gradients rel_l2=0 max_abs=0
LAYER BF16 projection/product rel_l2=0 max_abs=0
LAYER BF16 projection/product rel_l2=0 max_abs=0
LAYER BF16 projection/product rel_l2=0 max_abs=0
LAYER BF16 projection/product rel_l2=0 max_abs=0
LAYER BF16 projection/product rel_l2=0 max_abs=0
LAYER BF16 projection/product rel_l2=0 max_abs=0
LAYER last-layer GELU rel_l2=0 max_abs=0
LAYER last-layer coefficient affine rel_l2=1.49009244e-08 max_abs=1.49011612e-08
LAYER last-layer GELU backward rel_l2=0 max_abs=0
LAYER last-layer coefficient partial rel_l2=0 max_abs=0
LAYER last-layer coefficient partial rel_l2=0 max_abs=0
LAYER last-layer coefficient partial rel_l2=0 max_abs=0
LAYER last-layer coefficient partial rel_l2=0 max_abs=0
LAYER last-layer coefficient partial rel_l2=0 max_abs=0
LAYER last-layer coefficient partial rel_l2=0 max_abs=0
LAYER last-layer coefficient partial rel_l2=0 max_abs=0
LAYER last-layer coefficient partial rel_l2=0 max_abs=0
LAYER last-layer coefficient partial rel_l2=0 max_abs=0
LAYER last-layer coefficient partial rel_l2=0 max_abs=0
LAYER last-layer coefficient partial rel_l2=0 max_abs=0
LAYER last-layer residual mix rel_l2=0 max_abs=0
LAYER last-layer residual mix rel_l2=0 max_abs=0
LAYER last-layer residual mix rel_l2=0 max_abs=0
LAYER last-layer shared RMS rel_l2=0 max_abs=0
LAYER last-layer shared RMS backward rel_l2=1.04719148e-07 max_abs=9.07808775e-07
LAYER layer-nine FP8 product rel_l2=0 max_abs=0
LAYER layer-nine FP8 product rel_l2=0 max_abs=0
LAYER layer-nine FP8 product rel_l2=2.28309578e-08 max_abs=9.53674316e-07
LAYER layer-nine FP8 product rel_l2=0 max_abs=0
LAYER layer-nine FP8 product rel_l2=0 max_abs=0
LAYER layer-nine FP8 product rel_l2=0 max_abs=0
LAYER layer-nine pre-MLP residual rel_l2=0 max_abs=0
LAYER layer-nine post-MLP residual rel_l2=0 max_abs=0
LAYER layer-nine RMS rel_l2=0 max_abs=0
LAYER layer-nine RMS backward rel_l2=0 max_abs=0
LAYER layer-nine bigram gate rel_l2=0 max_abs=0
LAYER layer-nine scalar gradients rel_l2=0 max_abs=0
LAYER_NINE PASS tokens=16 vocabulary=2048 workers=17 step=2 tasks=9121 phases=106
LOSS FP64 max_loss=4.32300904e-07 max_raw_gradient=0.000750899119
LOSS FP64 max_descaled_gradient=9.82098119e-09 gradient_rel_l2=1.36443855e-07
LOSS pinned CUDA max_loss=0 gradient_rel_l2=0 changed_codes=0/32768
HEAD product=0 M=16 N=2048 K=768 rel_l2=2.23050009e-08 max_abs=4.76837158e-07
HEAD product=1 M=16 N=768 K=2048 rel_l2=1.08598118e-07 max_abs=2.32830644e-09
HEAD product=2 M=768 N=2048 K=16 rel_l2=1.90776046e-08 max_abs=2.98023224e-08
LAYER BF16 projection/product rel_l2=7.03007234e-07 max_abs=7.74860382e-07
LAYER BF16 projection/product rel_l2=7.65552145e-08 max_abs=1.49011612e-08
LAYER BF16 projection/product rel_l2=7.78508402e-08 max_abs=2.98023224e-08
LAYER BF16 projection/product rel_l2=3.30919835e-08 max_abs=4.65661287e-10
LAYER BF16 projection/product rel_l2=7.81907772e-08 max_abs=4.65661287e-10
LAYER BF16 projection/product rel_l2=8.4022977e-08 max_abs=3.49245965e-10
LAYER BF16 projection/product rel_l2=3.75805834e-08 max_abs=4.65661287e-10
LAYER BF16 projection/product rel_l2=3.20566041e-08 max_abs=1.86264515e-09
LAYER BF16 projection/product rel_l2=3.79801559e-08 max_abs=9.31322575e-10
LAYER tail forward gate rel_l2=3.77292009e-08 max_abs=2.86051905e-08
LAYER tail forward gate rel_l2=1.96521817e-08 max_abs=1.94850145e-08
LAYER tail forward gate rel_l2=2.57135438e-08 max_abs=8.80390871e-10
LAYER tail coefficient adjoints rel_l2=4.2366197e-08 max_abs=3.02679837e-09
LAYER tail coefficient adjoints rel_l2=3.7234029e-08 max_abs=1.97906047e-09
LAYER tail coefficient adjoints rel_l2=3.74920336e-08 max_abs=2.44472176e-09
LAYER tail coefficient adjoints rel_l2=4.06190443e-08 max_abs=2.0081643e-09
LAYER tail coefficient adjoints rel_l2=4.23138932e-08 max_abs=2.79396772e-09
LAYER tail coefficient adjoints rel_l2=3.81518413e-08 max_abs=2.27009878e-09
LAYER tail coefficient adjoints rel_l2=3.21801675e-08 max_abs=1.86264515e-09
LAYER tail coefficient adjoints rel_l2=3.86128545e-08 max_abs=1.86264515e-09
LAYER tail coefficient adjoints rel_l2=3.64672715e-08 max_abs=1.02445483e-08
LAYER tail coefficient adjoints rel_l2=4.00836616e-08 max_abs=1.3038516e-08
LAYER tail mixing rel_l2=5.7428841e-08 max_abs=1.07102096e-07
LAYER tail RMS rel_l2=4.7444122e-08 max_abs=3.5279451e-07
LAYER tail RMS backward rel_l2=5.64634257e-08 max_abs=4.85539554e-09
LAYER tail shared GELU gradient rel_l2=4.71532204e-08 max_abs=5.39921836e-10
LAYER suffix FP8 MLP product rel_l2=2.60972017e-08 max_abs=2.38418579e-07
LAYER suffix FP8 MLP product rel_l2=1.17197208e-07 max_abs=1.78813934e-07
LAYER suffix FP8 MLP product rel_l2=1.81222211e-08 max_abs=9.31322575e-10
LAYER suffix FP8 MLP product rel_l2=7.16297178e-08 max_abs=4.65661287e-10
LAYER suffix FP8 MLP product rel_l2=3.32130406e-09 max_abs=3.7252903e-09
LAYER suffix FP8 MLP product rel_l2=3.27996494e-09 max_abs=3.7252903e-09
LAYER suffix RMS rel_l2=4.63811372e-08 max_abs=3.11272255e-07
LAYER suffix RMS backward rel_l2=5.27938392e-08 max_abs=1.76521701e-09
LAYER suffix residual rel_l2=1.69526565e-09 max_abs=1.49011612e-08
LAYER suffix residual coefficient rel_l2=1.07206428e-07 max_abs=6.57018973e-09
LAYER suffix MLP coefficient rel_l2=8.12666466e-08 max_abs=5.41331246e-09
LAYER FP8 projection/product rel_l2=2.86496723e-08 max_abs=2.38418579e-07
LAYER FP8 projection/product rel_l2=0 max_abs=0
LAYER FP8 projection/product rel_l2=1.30144864e-08 max_abs=5.82076609e-11
LAYER BF16 projection/product rel_l2=6.29581294e-07 max_abs=1.49011612e-07
LAYER BF16 projection/product rel_l2=7.10905816e-07 max_abs=2.04890966e-08
LAYER BF16 projection/product rel_l2=4.89997381e-08 max_abs=6.98491931e-10
LAYER Q transform rel_l2=0 max_abs=0
LAYER K transform rel_l2=4.06881812e-12 max_abs=4.51109372e-10
LAYER V transform rel_l2=0 max_abs=0
LAYER attention Y rel_l2=5.35049346e-08 max_abs=2.05391444e-07
LAYER attention dQ rel_l2=1.56162749e-07 max_abs=9.01047051e-11
LAYER attention dK rel_l2=1.54774007e-07 max_abs=9.53027638e-11
LAYER attention dV rel_l2=7.77650325e-08 max_abs=2.1859252e-10
LAYER post Y rel_l2=0 max_abs=0
LAYER post finite difference rel_l2=2.24408179e-12 max_abs=4.80865348e-14
LAYER post dY rel_l2=0 max_abs=0
LAYER post dV side rel_l2=0 max_abs=0
LAYER post dAlpha rel_l2=0 max_abs=0
LAYER post dGate rel_l2=4.3670796e-08 max_abs=3.37604433e-09
LAYER QKV backward rel_l2=2.63331978e-08 max_abs=9.85681968e-11
LAYER gain gradients rel_l2=9.21441659e-08 max_abs=4.20846424e-09
LAYER BF16 projection/product rel_l2=6.8775324e-07 max_abs=7.74860382e-07
LAYER BF16 projection/product rel_l2=8.29808521e-08 max_abs=2.98023224e-08
LAYER BF16 projection/product rel_l2=5.72958531e-08 max_abs=2.32830644e-10
LAYER BF16 projection/product rel_l2=8.70757189e-08 max_abs=1.16415322e-10
LAYER BF16 projection/product rel_l2=3.42955985e-08 max_abs=2.32830644e-10
LAYER BF16 projection/product rel_l2=3.78852294e-08 max_abs=9.31322575e-10
LAYER last-layer GELU rel_l2=4.02356983e-08 max_abs=2.66619298e-08
LAYER last-layer coefficient affine rel_l2=2.43263451e-08 max_abs=5.66174094e-08
LAYER last-layer GELU backward rel_l2=4.59971421e-08 max_abs=1.67387386e-10
LAYER last-layer coefficient partial rel_l2=8.87455859e-08 max_abs=6.05359674e-09
LAYER last-layer coefficient partial rel_l2=4.2943761e-08 max_abs=6.28642738e-09
LAYER last-layer coefficient partial rel_l2=7.86228993e-08 max_abs=1.03955244e-08
LAYER last-layer coefficient partial rel_l2=5.93689099e-08 max_abs=1.79170456e-10
LAYER last-layer coefficient partial rel_l2=7.53722183e-08 max_abs=1.10958354e-10
LAYER last-layer coefficient partial rel_l2=3.31071233e-08 max_abs=1.29489308e-10
LAYER last-layer coefficient partial rel_l2=5.06958954e-08 max_abs=1.60582658e-10
LAYER last-layer coefficient partial rel_l2=8.67486222e-08 max_abs=5.12227416e-09
LAYER last-layer coefficient partial rel_l2=6.70270511e-08 max_abs=1.44063961e-09
LAYER last-layer coefficient partial rel_l2=4.45703232e-08 max_abs=7.39237294e-09
LAYER last-layer coefficient partial rel_l2=5.53909011e-08 max_abs=8.38190317e-09
LAYER last-layer residual mix rel_l2=2.39186631e-08 max_abs=4.47034836e-08
LAYER last-layer residual mix rel_l2=5.7576249e-09 max_abs=5.82076609e-10
LAYER last-layer residual mix rel_l2=2.55995453e-08 max_abs=4.47034836e-08
LAYER last-layer shared RMS rel_l2=5.11784047e-08 max_abs=4.62657687e-07
LAYER last-layer shared RMS backward rel_l2=5.42183627e-08 max_abs=3.54396813e-10
LAYER layer-nine FP8 product rel_l2=2.51448847e-08 max_abs=2.38418579e-07
LAYER layer-nine FP8 product rel_l2=1.17327866e-07 max_abs=1.1920929e-07
LAYER layer-nine FP8 product rel_l2=1.8865498e-08 max_abs=9.31322575e-10
LAYER layer-nine FP8 product rel_l2=7.39513365e-08 max_abs=9.31322575e-10
LAYER layer-nine FP8 product rel_l2=2.63204464e-09 max_abs=3.7252903e-09
LAYER layer-nine FP8 product rel_l2=3.55696436e-09 max_abs=7.4505806e-09
LAYER layer-nine pre-MLP residual rel_l2=6.65824082e-09 max_abs=1.49011612e-08
LAYER layer-nine post-MLP residual rel_l2=0 max_abs=0
LAYER layer-nine RMS rel_l2=4.32949096e-08 max_abs=2.74257737e-07
LAYER layer-nine RMS backward rel_l2=4.84276295e-08 max_abs=4.31033598e-09
LAYER layer-nine bigram gate rel_l2=7.76103563e-08 max_abs=8.73114914e-09
LAYER layer-nine scalar gradients rel_l2=1.35439892e-07 max_abs=5.06142896e-08
LAYER_NINE PASS tokens=16 vocabulary=2048 workers=17 step=3 tasks=9121 phases=106
PASS: folded layer-nine MLP and scalar/bigram adjoints connected through last-layer loss; earlier body and compiled parity remain
========= ERROR SUMMARY: 0 errors

$ compute-sanitizer --tool initcheck --error-exitcode 1 /workspace/cuda/layer_nine --quick --native-only
========= COMPUTE-SANITIZER
GPU[0]=NVIDIA H100 80GB HBM3 SMs=132 runtime=12080
Native-only checks: ATen tail diagnostic excluded; native arithmetic and replay gates remain enabled
LOSS FP64 max_loss=6.58087018e-07 max_raw_gradient=0.000761665245
LOSS FP64 max_descaled_gradient=9.96179094e-09 gradient_rel_l2=1.59571579e-07
LOSS pinned CUDA max_loss=1.90734863e-06 gradient_rel_l2=0 changed_codes=0/32768
HEAD product=0 M=16 N=2048 K=768 rel_l2=2.26242931e-08 max_abs=4.76837158e-07
HEAD product=1 M=16 N=768 K=2048 rel_l2=1.10973734e-07 max_abs=1.86264515e-09
HEAD product=2 M=768 N=2048 K=16 rel_l2=1.86746688e-08 max_abs=1.49011612e-08
LAYER BF16 projection/product rel_l2=7.02182416e-07 max_abs=1.43051147e-06
LAYER BF16 projection/product rel_l2=8.43923456e-08 max_abs=2.98023224e-08
LAYER BF16 projection/product rel_l2=8.27137271e-08 max_abs=5.96046448e-08
LAYER BF16 projection/product rel_l2=3.68921015e-08 max_abs=4.65661287e-10
LAYER BF16 projection/product rel_l2=8.01494001e-08 max_abs=4.65661287e-10
LAYER BF16 projection/product rel_l2=9.75950644e-08 max_abs=2.32830644e-10
LAYER BF16 projection/product rel_l2=4.33032987e-08 max_abs=4.65661287e-10
LAYER BF16 projection/product rel_l2=5.47747951e-08 max_abs=1.86264515e-09
LAYER BF16 projection/product rel_l2=3.27273594e-08 max_abs=9.31322575e-10
LAYER tail forward gate rel_l2=4.17794839e-08 max_abs=7.82270981e-08
LAYER tail forward gate rel_l2=1.83870032e-08 max_abs=1.63618097e-08
LAYER tail forward gate rel_l2=2.64939734e-08 max_abs=1.26601662e-09
LAYER tail coefficient adjoints rel_l2=3.89644293e-08 max_abs=1.39698386e-09
LAYER tail coefficient adjoints rel_l2=3.81521024e-08 max_abs=1.51339918e-09
LAYER tail coefficient adjoints rel_l2=3.80689718e-08 max_abs=2.21189111e-09
LAYER tail coefficient adjoints rel_l2=4.21279409e-08 max_abs=1.62981451e-09
LAYER tail coefficient adjoints rel_l2=3.92872429e-08 max_abs=1.86264515e-09
LAYER tail coefficient adjoints rel_l2=3.92221093e-08 max_abs=1.57160684e-09
LAYER tail coefficient adjoints rel_l2=3.79860014e-08 max_abs=1.51339918e-09
LAYER tail coefficient adjoints rel_l2=3.95526708e-08 max_abs=1.16415322e-09
LAYER tail coefficient adjoints rel_l2=4.24043485e-08 max_abs=1.11758709e-08
LAYER tail coefficient adjoints rel_l2=3.52446166e-08 max_abs=4.65661287e-09
LAYER tail mixing rel_l2=5.9320983e-08 max_abs=2.18860805e-07
LAYER tail RMS rel_l2=4.47732693e-08 max_abs=3.29579441e-07
LAYER tail RMS backward rel_l2=5.09915829e-08 max_abs=1.93853106e-09
LAYER tail shared GELU gradient rel_l2=4.67822208e-08 max_abs=3.9717122e-10
LAYER suffix FP8 MLP product rel_l2=2.68204725e-08 max_abs=2.38418579e-07
LAYER suffix FP8 MLP product rel_l2=1.30677356e-07 max_abs=2.38418579e-07
LAYER suffix FP8 MLP product rel_l2=1.79052157e-08 max_abs=4.65661287e-10
LAYER suffix FP8 MLP product rel_l2=7.07680497e-08 max_abs=3.49245965e-10
LAYER suffix FP8 MLP product rel_l2=2.68830167e-09 max_abs=1.86264515e-09
LAYER suffix FP8 MLP product rel_l2=4.81101717e-09 max_abs=1.86264515e-09
LAYER suffix RMS rel_l2=5.25454673e-08 max_abs=4.36752356e-07
LAYER suffix RMS backward rel_l2=5.88289343e-08 max_abs=9.49702984e-10
LAYER suffix residual rel_l2=1.84554912e-09 max_abs=2.98023224e-08
LAYER suffix residual coefficient rel_l2=1.25760866e-07 max_abs=8.76752893e-09
LAYER suffix MLP coefficient rel_l2=6.41223785e-08 max_abs=3.41242412e-09
LAYER FP8 projection/product rel_l2=3.28301583e-08 max_abs=3.57627869e-07
LAYER FP8 projection/product rel_l2=0 max_abs=0
LAYER FP8 projection/product rel_l2=4.4891064e-09 max_abs=2.91038305e-11
LAYER BF16 projection/product rel_l2=7.40293343e-07 max_abs=1.34110451e-07
LAYER BF16 projection/product rel_l2=7.0728545e-07 max_abs=1.16415322e-08
LAYER BF16 projection/product rel_l2=4.78954924e-08 max_abs=4.65661287e-10
LAYER Q transform rel_l2=7.04748711e-05 max_abs=0.0078125
LAYER K transform rel_l2=0 max_abs=0
LAYER V transform rel_l2=0 max_abs=0
LAYER attention Y rel_l2=5.41697945e-08 max_abs=2.63095205e-07
LAYER attention dQ rel_l2=1.35007857e-07 max_abs=4.79998469e-11
LAYER attention dK rel_l2=1.28740483e-07 max_abs=4.99182451e-11
LAYER attention dV rel_l2=7.34011884e-08 max_abs=1.14726488e-10
LAYER post Y rel_l2=0 max_abs=0
LAYER post finite difference rel_l2=6.50701885e-12 max_abs=1.21930244e-13
LAYER post dY rel_l2=0 max_abs=0
LAYER post dV side rel_l2=0 max_abs=0
LAYER post dAlpha rel_l2=0 max_abs=0
LAYER post dGate rel_l2=5.09288226e-08 max_abs=3.47596796e-09
LAYER QKV backward rel_l2=2.98250793e-08 max_abs=4.19078545e-11
LAYER gain gradients rel_l2=2.25401892e-07 max_abs=1.86638438e-09
LAYER BF16 projection/product rel_l2=7.13820008e-07 max_abs=1.1920929e-06
LAYER BF16 projection/product rel_l2=8.38346942e-08 max_abs=2.98023224e-08
LAYER BF16 projection/product rel_l2=6.09366733e-08 max_abs=1.16415322e-10
LAYER BF16 projection/product rel_l2=9.91688907e-08 max_abs=8.73114914e-11
LAYER BF16 projection/product rel_l2=4.33016001e-08 max_abs=1.16415322e-10
LAYER BF16 projection/product rel_l2=3.14136965e-08 max_abs=4.65661287e-10
LAYER last-layer GELU rel_l2=3.79054961e-08 max_abs=6.45967018e-08
LAYER last-layer coefficient affine rel_l2=3.0439067e-08 max_abs=5.66042218e-08
LAYER last-layer GELU backward rel_l2=4.44186264e-08 max_abs=5.25496051e-11
LAYER last-layer coefficient partial rel_l2=1.40306402e-07 max_abs=5.93718141e-09
LAYER last-layer coefficient partial rel_l2=5.33616193e-08 max_abs=3.43425199e-09
LAYER last-layer coefficient partial rel_l2=6.8621585e-08 max_abs=6.62112143e-09
LAYER last-layer coefficient partial rel_l2=8.92684594e-08 max_abs=8.23092705e-11
LAYER last-layer coefficient partial rel_l2=1.23650131e-07 max_abs=7.63975549e-11
LAYER last-layer coefficient partial rel_l2=5.14541409e-08 max_abs=1.09366738e-10
LAYER last-layer coefficient partial rel_l2=5.48298938e-08 max_abs=6.61657396e-11
LAYER last-layer coefficient partial rel_l2=1.34754446e-07 max_abs=7.56699592e-09
LAYER last-layer coefficient partial rel_l2=7.31014696e-08 max_abs=9.31322575e-10
LAYER last-layer coefficient partial rel_l2=6.22358176e-08 max_abs=3.63797881e-09
LAYER last-layer coefficient partial rel_l2=5.52659418e-08 max_abs=3.98722477e-09
LAYER last-layer residual mix rel_l2=2.02641827e-08 max_abs=5.96046448e-08
LAYER last-layer residual mix rel_l2=7.72045797e-09 max_abs=9.31322575e-10
LAYER last-layer residual mix rel_l2=2.52317739e-08 max_abs=8.94069672e-08
LAYER last-layer shared RMS rel_l2=4.80946335e-08 max_abs=3.11908699e-07
LAYER last-layer shared RMS backward rel_l2=6.26230373e-08 max_abs=4.90499234e-10
LAYER layer-nine FP8 product rel_l2=2.89594175e-08 max_abs=2.38418579e-07
LAYER layer-nine FP8 product rel_l2=1.3236279e-07 max_abs=1.78813934e-07
LAYER layer-nine FP8 product rel_l2=1.71658612e-08 max_abs=1.86264515e-09
LAYER layer-nine FP8 product rel_l2=7.16910354e-08 max_abs=9.31322575e-10
LAYER layer-nine FP8 product rel_l2=2.10754836e-09 max_abs=3.7252903e-09
LAYER layer-nine FP8 product rel_l2=4.40281998e-09 max_abs=7.4505806e-09
LAYER layer-nine pre-MLP residual rel_l2=6.3782053e-09 max_abs=2.98023224e-08
LAYER layer-nine post-MLP residual rel_l2=2.31798262e-10 max_abs=7.4505806e-09
LAYER layer-nine RMS rel_l2=5.23180879e-08 max_abs=3.71505686e-07
LAYER layer-nine RMS backward rel_l2=5.8004811e-08 max_abs=3.22526362e-09
LAYER layer-nine bigram gate rel_l2=6.83734406e-08 max_abs=9.77888703e-09
LAYER layer-nine scalar gradients rel_l2=2.8585378e-07 max_abs=2.03835614e-08
LAYER_NINE PASS tokens=16 vocabulary=2048 workers=17 step=0 tasks=9121 phases=106
LOSS FP64 max_loss=1.70178266e-06 max_raw_gradient=0.000676375848
LOSS FP64 max_descaled_gradient=8.84629414e-09 gradient_rel_l2=1.27539354e-07
LOSS pinned CUDA max_loss=0 gradient_rel_l2=0 changed_codes=0/32768
HEAD product=0 M=16 N=2048 K=768 rel_l2=1.98314005e-08 max_abs=4.76837158e-07
HEAD product=1 M=16 N=768 K=2048 rel_l2=1.16259354e-07 max_abs=4.65661287e-09
HEAD product=2 M=768 N=2048 K=16 rel_l2=1.92579828e-08 max_abs=2.98023224e-08
LAYER BF16 projection/product rel_l2=7.48598449e-07 max_abs=1.07288361e-06
LAYER BF16 projection/product rel_l2=0 max_abs=0
LAYER BF16 projection/product rel_l2=0 max_abs=0
LAYER BF16 projection/product rel_l2=0 max_abs=0
LAYER BF16 projection/product rel_l2=0 max_abs=0
LAYER BF16 projection/product rel_l2=0 max_abs=0
LAYER BF16 projection/product rel_l2=0 max_abs=0
LAYER BF16 projection/product rel_l2=2.31559005e-08 max_abs=1.86264515e-09
LAYER BF16 projection/product rel_l2=2.74150029e-08 max_abs=9.31322575e-10
LAYER tail forward gate rel_l2=3.97916721e-08 max_abs=4.41806816e-08
LAYER tail forward gate rel_l2=1.49280825e-08 max_abs=7.4505806e-09
LAYER tail forward gate rel_l2=0 max_abs=0
LAYER tail coefficient adjoints rel_l2=3.85907696e-08 max_abs=1.86264515e-09
LAYER tail coefficient adjoints rel_l2=4.09581648e-08 max_abs=2.21189111e-09
LAYER tail coefficient adjoints rel_l2=3.63353424e-08 max_abs=1.51339918e-09
LAYER tail coefficient adjoints rel_l2=3.74168258e-08 max_abs=1.51339918e-09
LAYER tail coefficient adjoints rel_l2=4.09668153e-08 max_abs=2.59024091e-09
LAYER tail coefficient adjoints rel_l2=3.93251705e-08 max_abs=2.79396772e-09
LAYER tail coefficient adjoints rel_l2=3.58940594e-08 max_abs=1.86264515e-09
LAYER tail coefficient adjoints rel_l2=3.92963434e-08 max_abs=1.86264515e-09
LAYER tail coefficient adjoints rel_l2=3.88895897e-08 max_abs=1.3038516e-08
LAYER tail coefficient adjoints rel_l2=3.51176062e-08 max_abs=9.31322575e-09
LAYER tail mixing rel_l2=5.41728449e-08 max_abs=1.15483999e-07
LAYER tail RMS rel_l2=5.80800508e-08 max_abs=6.35196597e-07
LAYER tail RMS backward rel_l2=6.30080098e-08 max_abs=3.951453e-09
LAYER tail shared GELU gradient rel_l2=0 max_abs=0
LAYER suffix FP8 MLP product rel_l2=2.7730184e-08 max_abs=2.38418579e-07
LAYER suffix FP8 MLP product rel_l2=0 max_abs=0
LAYER suffix FP8 MLP product rel_l2=0 max_abs=0
LAYER suffix FP8 MLP product rel_l2=0 max_abs=0
LAYER suffix FP8 MLP product rel_l2=0 max_abs=0
LAYER suffix FP8 MLP product rel_l2=4.77108926e-09 max_abs=3.7252903e-09
LAYER suffix RMS rel_l2=4.8247715e-08 max_abs=3.87642322e-07
LAYER suffix RMS backward rel_l2=5.87106558e-08 max_abs=7.84866883e-11
LAYER suffix residual rel_l2=0 max_abs=0
LAYER suffix residual coefficient rel_l2=9.76661134e-08 max_abs=4.6857167e-09
LAYER suffix MLP coefficient rel_l2=0 max_abs=0
LAYER FP8 projection/product rel_l2=3.21750579e-08 max_abs=4.76837158e-07
LAYER FP8 projection/product rel_l2=0 max_abs=0
LAYER FP8 projection/product rel_l2=0 max_abs=0
LAYER BF16 projection/product rel_l2=0 max_abs=0
LAYER BF16 projection/product rel_l2=0 max_abs=0
LAYER BF16 projection/product rel_l2=4.81160656e-08 max_abs=4.65661287e-10
LAYER Q transform rel_l2=0 max_abs=0
LAYER K transform rel_l2=2.74895187e-07 max_abs=3.05175781e-05
LAYER V transform rel_l2=0 max_abs=0
LAYER attention Y rel_l2=5.17751073e-08 max_abs=3.57078072e-07
LAYER attention dQ rel_l2=0 max_abs=0
LAYER attention dK rel_l2=0 max_abs=0
LAYER attention dV rel_l2=0 max_abs=0
LAYER post Y rel_l2=0 max_abs=0
LAYER post finite difference rel_l2=0 max_abs=0
LAYER post dY rel_l2=0 max_abs=0
LAYER post dV side rel_l2=0 max_abs=0
LAYER post dAlpha rel_l2=0 max_abs=0
LAYER post dGate rel_l2=0 max_abs=0
LAYER QKV backward rel_l2=0 max_abs=0
LAYER gain gradients rel_l2=8.80759289e-07 max_abs=2.45745885e-09
LAYER BF16 projection/product rel_l2=7.11561067e-07 max_abs=8.94069672e-07
LAYER BF16 projection/product rel_l2=0 max_abs=0
LAYER BF16 projection/product rel_l2=0 max_abs=0
LAYER BF16 projection/product rel_l2=0 max_abs=0
LAYER BF16 projection/product rel_l2=0 max_abs=0
LAYER BF16 projection/product rel_l2=3.34350615e-08 max_abs=9.31322575e-10
LAYER last-layer GELU rel_l2=3.90904369e-08 max_abs=5.63392253e-08
LAYER last-layer coefficient affine rel_l2=1.49031453e-08 max_abs=1.49011612e-08
LAYER last-layer GELU backward rel_l2=0 max_abs=0
LAYER last-layer coefficient partial rel_l2=1.63845464e-07 max_abs=1.14087015e-08
LAYER last-layer coefficient partial rel_l2=7.84101948e-08 max_abs=6.92671165e-09
LAYER last-layer coefficient partial rel_l2=8.29993174e-08 max_abs=6.98491931e-09
LAYER last-layer coefficient partial rel_l2=0 max_abs=0
LAYER last-layer coefficient partial rel_l2=0 max_abs=0
LAYER last-layer coefficient partial rel_l2=0 max_abs=0
LAYER last-layer coefficient partial rel_l2=0 max_abs=0
LAYER last-layer coefficient partial rel_l2=1.21639672e-07 max_abs=4.77302819e-09
LAYER last-layer coefficient partial rel_l2=0 max_abs=0
LAYER last-layer coefficient partial rel_l2=7.84101948e-08 max_abs=6.92671165e-09
LAYER last-layer coefficient partial rel_l2=5.61040309e-08 max_abs=5.60248736e-09
LAYER last-layer residual mix rel_l2=1.98063839e-08 max_abs=5.96046448e-08
LAYER last-layer residual mix rel_l2=7.30079334e-09 max_abs=6.76664058e-10
LAYER last-layer residual mix rel_l2=1.412018e-08 max_abs=4.47034836e-08
LAYER last-layer shared RMS rel_l2=5.83499134e-08 max_abs=4.0420963e-07
LAYER last-layer shared RMS backward rel_l2=6.28647615e-08 max_abs=4.69045794e-11
LAYER layer-nine FP8 product rel_l2=2.89430124e-08 max_abs=2.38418579e-07
LAYER layer-nine FP8 product rel_l2=0 max_abs=0
LAYER layer-nine FP8 product rel_l2=0 max_abs=0
LAYER layer-nine FP8 product rel_l2=0 max_abs=0
LAYER layer-nine FP8 product rel_l2=0 max_abs=0
LAYER layer-nine FP8 product rel_l2=5.43624995e-09 max_abs=1.49011612e-08
LAYER layer-nine pre-MLP residual rel_l2=6.02826821e-09 max_abs=2.98023224e-08
LAYER layer-nine post-MLP residual rel_l2=0 max_abs=0
LAYER layer-nine RMS rel_l2=5.73117615e-08 max_abs=3.51048602e-07
LAYER layer-nine RMS backward rel_l2=0 max_abs=0
LAYER layer-nine bigram gate rel_l2=6.39632008e-08 max_abs=6.43194653e-09
LAYER layer-nine scalar gradients rel_l2=7.14090091e-08 max_abs=1.92831067e-08
LAYER_NINE PASS tokens=16 vocabulary=2048 workers=17 step=1 tasks=9121 phases=106
LOSS FP64 max_loss=1.40505711e-06 max_raw_gradient=0.000254385983
LOSS FP64 max_descaled_gradient=6.65420931e-09 gradient_rel_l2=9.94774971e-08
LOSS pinned CUDA max_loss=0 gradient_rel_l2=0 changed_codes=0/32768
HEAD product=0 M=16 N=2048 K=768 rel_l2=0 max_abs=0
HEAD product=1 M=16 N=768 K=2048 rel_l2=3.73385649e-08 max_abs=9.31322575e-10
HEAD product=2 M=768 N=2048 K=16 rel_l2=0 max_abs=0
LAYER BF16 projection/product rel_l2=0 max_abs=0
LAYER BF16 projection/product rel_l2=0 max_abs=0
LAYER BF16 projection/product rel_l2=0 max_abs=0
LAYER BF16 projection/product rel_l2=0 max_abs=0
LAYER BF16 projection/product rel_l2=0 max_abs=0
LAYER BF16 projection/product rel_l2=0 max_abs=0
LAYER BF16 projection/product rel_l2=0 max_abs=0
LAYER BF16 projection/product rel_l2=0 max_abs=0
LAYER BF16 projection/product rel_l2=0 max_abs=0
LAYER tail forward gate rel_l2=0 max_abs=0
LAYER tail forward gate rel_l2=1.49199646e-08 max_abs=7.4505806e-09
LAYER tail forward gate rel_l2=0 max_abs=0
LAYER tail coefficient adjoints rel_l2=0 max_abs=0
LAYER tail coefficient adjoints rel_l2=0 max_abs=0
LAYER tail coefficient adjoints rel_l2=0 max_abs=0
LAYER tail coefficient adjoints rel_l2=0 max_abs=0
LAYER tail coefficient adjoints rel_l2=0 max_abs=0
LAYER tail coefficient adjoints rel_l2=0 max_abs=0
LAYER tail coefficient adjoints rel_l2=0 max_abs=0
LAYER tail coefficient adjoints rel_l2=0 max_abs=0
LAYER tail coefficient adjoints rel_l2=0 max_abs=0
LAYER tail coefficient adjoints rel_l2=0 max_abs=0
LAYER tail mixing rel_l2=0 max_abs=0
LAYER tail RMS rel_l2=0 max_abs=0
LAYER tail RMS backward rel_l2=1.03375596e-07 max_abs=2.38859006e-06
LAYER tail shared GELU gradient rel_l2=0 max_abs=0
LAYER suffix FP8 MLP product rel_l2=0 max_abs=0
LAYER suffix FP8 MLP product rel_l2=0 max_abs=0
LAYER suffix FP8 MLP product rel_l2=2.32612636e-08 max_abs=4.76837158e-07
LAYER suffix FP8 MLP product rel_l2=0 max_abs=0
LAYER suffix FP8 MLP product rel_l2=0 max_abs=0
LAYER suffix FP8 MLP product rel_l2=0 max_abs=0
LAYER suffix RMS rel_l2=0 max_abs=0
LAYER suffix RMS backward rel_l2=1.02414611e-07 max_abs=4.29955246e-07
LAYER suffix residual rel_l2=0 max_abs=0
LAYER suffix residual coefficient rel_l2=0 max_abs=0
LAYER suffix MLP coefficient rel_l2=0 max_abs=0
LAYER FP8 projection/product rel_l2=0 max_abs=0
LAYER FP8 projection/product rel_l2=0 max_abs=0
LAYER FP8 projection/product rel_l2=0 max_abs=0
LAYER BF16 projection/product rel_l2=0 max_abs=0
LAYER BF16 projection/product rel_l2=6.89609072e-07 max_abs=7.62939453e-06
LAYER BF16 projection/product rel_l2=0 max_abs=0
LAYER Q transform rel_l2=0 max_abs=0
LAYER K transform rel_l2=0 max_abs=0
LAYER V transform rel_l2=0 max_abs=0
LAYER attention Y rel_l2=0 max_abs=0
LAYER attention dQ rel_l2=0 max_abs=0
LAYER attention dK rel_l2=0 max_abs=0
LAYER attention dV rel_l2=4.7520135e-08 max_abs=2.99442382e-08
LAYER post Y rel_l2=0 max_abs=0
LAYER post finite difference rel_l2=0 max_abs=0
LAYER post dY rel_l2=0 max_abs=0
LAYER post dV side rel_l2=0 max_abs=0
LAYER post dAlpha rel_l2=0 max_abs=0
LAYER post dGate rel_l2=0 max_abs=0
LAYER QKV backward rel_l2=0 max_abs=0
LAYER gain gradients rel_l2=0 max_abs=0
LAYER BF16 projection/product rel_l2=0 max_abs=0
LAYER BF16 projection/product rel_l2=0 max_abs=0
LAYER BF16 projection/product rel_l2=0 max_abs=0
LAYER BF16 projection/product rel_l2=0 max_abs=0
LAYER BF16 projection/product rel_l2=0 max_abs=0
LAYER BF16 projection/product rel_l2=0 max_abs=0
LAYER last-layer GELU rel_l2=0 max_abs=0
LAYER last-layer coefficient affine rel_l2=1.49009244e-08 max_abs=1.49011612e-08
LAYER last-layer GELU backward rel_l2=0 max_abs=0
LAYER last-layer coefficient partial rel_l2=0 max_abs=0
LAYER last-layer coefficient partial rel_l2=0 max_abs=0
LAYER last-layer coefficient partial rel_l2=0 max_abs=0
LAYER last-layer coefficient partial rel_l2=0 max_abs=0
LAYER last-layer coefficient partial rel_l2=0 max_abs=0
LAYER last-layer coefficient partial rel_l2=0 max_abs=0
LAYER last-layer coefficient partial rel_l2=0 max_abs=0
LAYER last-layer coefficient partial rel_l2=0 max_abs=0
LAYER last-layer coefficient partial rel_l2=0 max_abs=0
LAYER last-layer coefficient partial rel_l2=0 max_abs=0
LAYER last-layer coefficient partial rel_l2=0 max_abs=0
LAYER last-layer residual mix rel_l2=0 max_abs=0
LAYER last-layer residual mix rel_l2=0 max_abs=0
LAYER last-layer residual mix rel_l2=0 max_abs=0
LAYER last-layer shared RMS rel_l2=0 max_abs=0
LAYER last-layer shared RMS backward rel_l2=1.04719148e-07 max_abs=9.07808775e-07
LAYER layer-nine FP8 product rel_l2=0 max_abs=0
LAYER layer-nine FP8 product rel_l2=0 max_abs=0
LAYER layer-nine FP8 product rel_l2=2.28309578e-08 max_abs=9.53674316e-07
LAYER layer-nine FP8 product rel_l2=0 max_abs=0
LAYER layer-nine FP8 product rel_l2=0 max_abs=0
LAYER layer-nine FP8 product rel_l2=0 max_abs=0
LAYER layer-nine pre-MLP residual rel_l2=0 max_abs=0
LAYER layer-nine post-MLP residual rel_l2=0 max_abs=0
LAYER layer-nine RMS rel_l2=0 max_abs=0
LAYER layer-nine RMS backward rel_l2=0 max_abs=0
LAYER layer-nine bigram gate rel_l2=0 max_abs=0
LAYER layer-nine scalar gradients rel_l2=0 max_abs=0
LAYER_NINE PASS tokens=16 vocabulary=2048 workers=17 step=2 tasks=9121 phases=106
LOSS FP64 max_loss=4.32300904e-07 max_raw_gradient=0.000750899119
LOSS FP64 max_descaled_gradient=9.82098119e-09 gradient_rel_l2=1.36443855e-07
LOSS pinned CUDA max_loss=0 gradient_rel_l2=0 changed_codes=0/32768
HEAD product=0 M=16 N=2048 K=768 rel_l2=2.23050009e-08 max_abs=4.76837158e-07
HEAD product=1 M=16 N=768 K=2048 rel_l2=1.08598118e-07 max_abs=2.32830644e-09
HEAD product=2 M=768 N=2048 K=16 rel_l2=1.90776046e-08 max_abs=2.98023224e-08
LAYER BF16 projection/product rel_l2=7.03007234e-07 max_abs=7.74860382e-07
LAYER BF16 projection/product rel_l2=7.65552145e-08 max_abs=1.49011612e-08
LAYER BF16 projection/product rel_l2=7.78508402e-08 max_abs=2.98023224e-08
LAYER BF16 projection/product rel_l2=3.30919835e-08 max_abs=4.65661287e-10
LAYER BF16 projection/product rel_l2=7.81907772e-08 max_abs=4.65661287e-10
LAYER BF16 projection/product rel_l2=8.4022977e-08 max_abs=3.49245965e-10
LAYER BF16 projection/product rel_l2=3.75805834e-08 max_abs=4.65661287e-10
LAYER BF16 projection/product rel_l2=3.20566041e-08 max_abs=1.86264515e-09
LAYER BF16 projection/product rel_l2=3.79801559e-08 max_abs=9.31322575e-10
LAYER tail forward gate rel_l2=3.77292009e-08 max_abs=2.86051905e-08
LAYER tail forward gate rel_l2=1.96521817e-08 max_abs=1.94850145e-08
LAYER tail forward gate rel_l2=2.57135438e-08 max_abs=8.80390871e-10
LAYER tail coefficient adjoints rel_l2=4.2366197e-08 max_abs=3.02679837e-09
LAYER tail coefficient adjoints rel_l2=3.7234029e-08 max_abs=1.97906047e-09
LAYER tail coefficient adjoints rel_l2=3.74920336e-08 max_abs=2.44472176e-09
LAYER tail coefficient adjoints rel_l2=4.06190443e-08 max_abs=2.0081643e-09
LAYER tail coefficient adjoints rel_l2=4.23138932e-08 max_abs=2.79396772e-09
LAYER tail coefficient adjoints rel_l2=3.81518413e-08 max_abs=2.27009878e-09
LAYER tail coefficient adjoints rel_l2=3.21801675e-08 max_abs=1.86264515e-09
LAYER tail coefficient adjoints rel_l2=3.86128545e-08 max_abs=1.86264515e-09
LAYER tail coefficient adjoints rel_l2=3.64672715e-08 max_abs=1.02445483e-08
LAYER tail coefficient adjoints rel_l2=4.00836616e-08 max_abs=1.3038516e-08
LAYER tail mixing rel_l2=5.7428841e-08 max_abs=1.07102096e-07
LAYER tail RMS rel_l2=4.7444122e-08 max_abs=3.5279451e-07
LAYER tail RMS backward rel_l2=5.64634257e-08 max_abs=4.85539554e-09
LAYER tail shared GELU gradient rel_l2=4.71532204e-08 max_abs=5.39921836e-10
LAYER suffix FP8 MLP product rel_l2=2.60972017e-08 max_abs=2.38418579e-07
LAYER suffix FP8 MLP product rel_l2=1.17197208e-07 max_abs=1.78813934e-07
LAYER suffix FP8 MLP product rel_l2=1.81222211e-08 max_abs=9.31322575e-10
LAYER suffix FP8 MLP product rel_l2=7.16297178e-08 max_abs=4.65661287e-10
LAYER suffix FP8 MLP product rel_l2=3.32130406e-09 max_abs=3.7252903e-09
LAYER suffix FP8 MLP product rel_l2=3.27996494e-09 max_abs=3.7252903e-09
LAYER suffix RMS rel_l2=4.63811372e-08 max_abs=3.11272255e-07
LAYER suffix RMS backward rel_l2=5.27938392e-08 max_abs=1.76521701e-09
LAYER suffix residual rel_l2=1.69526565e-09 max_abs=1.49011612e-08
LAYER suffix residual coefficient rel_l2=1.07206428e-07 max_abs=6.57018973e-09
LAYER suffix MLP coefficient rel_l2=8.12666466e-08 max_abs=5.41331246e-09
LAYER FP8 projection/product rel_l2=2.86496723e-08 max_abs=2.38418579e-07
LAYER FP8 projection/product rel_l2=0 max_abs=0
LAYER FP8 projection/product rel_l2=1.30144864e-08 max_abs=5.82076609e-11
LAYER BF16 projection/product rel_l2=6.29581294e-07 max_abs=1.49011612e-07
LAYER BF16 projection/product rel_l2=7.10905816e-07 max_abs=2.04890966e-08
LAYER BF16 projection/product rel_l2=4.89997381e-08 max_abs=6.98491931e-10
LAYER Q transform rel_l2=0 max_abs=0
LAYER K transform rel_l2=4.06881812e-12 max_abs=4.51109372e-10
LAYER V transform rel_l2=0 max_abs=0
LAYER attention Y rel_l2=5.35049346e-08 max_abs=2.05391444e-07
LAYER attention dQ rel_l2=1.56162749e-07 max_abs=9.01047051e-11
LAYER attention dK rel_l2=1.54774007e-07 max_abs=9.53027638e-11
LAYER attention dV rel_l2=7.77650325e-08 max_abs=2.1859252e-10
LAYER post Y rel_l2=0 max_abs=0
LAYER post finite difference rel_l2=2.24408179e-12 max_abs=4.80865348e-14
LAYER post dY rel_l2=0 max_abs=0
LAYER post dV side rel_l2=0 max_abs=0
LAYER post dAlpha rel_l2=0 max_abs=0
LAYER post dGate rel_l2=4.3670796e-08 max_abs=3.37604433e-09
LAYER QKV backward rel_l2=2.63331978e-08 max_abs=9.85681968e-11
LAYER gain gradients rel_l2=9.21441659e-08 max_abs=4.20846424e-09
LAYER BF16 projection/product rel_l2=6.8775324e-07 max_abs=7.74860382e-07
LAYER BF16 projection/product rel_l2=8.29808521e-08 max_abs=2.98023224e-08
LAYER BF16 projection/product rel_l2=5.72958531e-08 max_abs=2.32830644e-10
LAYER BF16 projection/product rel_l2=8.70757189e-08 max_abs=1.16415322e-10
LAYER BF16 projection/product rel_l2=3.42955985e-08 max_abs=2.32830644e-10
LAYER BF16 projection/product rel_l2=3.78852294e-08 max_abs=9.31322575e-10
LAYER last-layer GELU rel_l2=4.02356983e-08 max_abs=2.66619298e-08
LAYER last-layer coefficient affine rel_l2=2.43263451e-08 max_abs=5.66174094e-08
LAYER last-layer GELU backward rel_l2=4.59971421e-08 max_abs=1.67387386e-10
LAYER last-layer coefficient partial rel_l2=8.87455859e-08 max_abs=6.05359674e-09
LAYER last-layer coefficient partial rel_l2=4.2943761e-08 max_abs=6.28642738e-09
LAYER last-layer coefficient partial rel_l2=7.86228993e-08 max_abs=1.03955244e-08
LAYER last-layer coefficient partial rel_l2=5.93689099e-08 max_abs=1.79170456e-10
LAYER last-layer coefficient partial rel_l2=7.53722183e-08 max_abs=1.10958354e-10
LAYER last-layer coefficient partial rel_l2=3.31071233e-08 max_abs=1.29489308e-10
LAYER last-layer coefficient partial rel_l2=5.06958954e-08 max_abs=1.60582658e-10
LAYER last-layer coefficient partial rel_l2=8.67486222e-08 max_abs=5.12227416e-09
LAYER last-layer coefficient partial rel_l2=6.70270511e-08 max_abs=1.44063961e-09
LAYER last-layer coefficient partial rel_l2=4.45703232e-08 max_abs=7.39237294e-09
LAYER last-layer coefficient partial rel_l2=5.53909011e-08 max_abs=8.38190317e-09
LAYER last-layer residual mix rel_l2=2.39186631e-08 max_abs=4.47034836e-08
LAYER last-layer residual mix rel_l2=5.7576249e-09 max_abs=5.82076609e-10
LAYER last-layer residual mix rel_l2=2.55995453e-08 max_abs=4.47034836e-08
LAYER last-layer shared RMS rel_l2=5.11784047e-08 max_abs=4.62657687e-07
LAYER last-layer shared RMS backward rel_l2=5.42183627e-08 max_abs=3.54396813e-10
LAYER layer-nine FP8 product rel_l2=2.51448847e-08 max_abs=2.38418579e-07
LAYER layer-nine FP8 product rel_l2=1.17327866e-07 max_abs=1.1920929e-07
LAYER layer-nine FP8 product rel_l2=1.8865498e-08 max_abs=9.31322575e-10
LAYER layer-nine FP8 product rel_l2=7.39513365e-08 max_abs=9.31322575e-10
LAYER layer-nine FP8 product rel_l2=2.63204464e-09 max_abs=3.7252903e-09
LAYER layer-nine FP8 product rel_l2=3.55696436e-09 max_abs=7.4505806e-09
LAYER layer-nine pre-MLP residual rel_l2=6.65824082e-09 max_abs=1.49011612e-08
LAYER layer-nine post-MLP residual rel_l2=0 max_abs=0
LAYER layer-nine RMS rel_l2=4.32949096e-08 max_abs=2.74257737e-07
LAYER layer-nine RMS backward rel_l2=4.84276295e-08 max_abs=4.31033598e-09
LAYER layer-nine bigram gate rel_l2=7.76103563e-08 max_abs=8.73114914e-09
LAYER layer-nine scalar gradients rel_l2=1.35439892e-07 max_abs=5.06142896e-08
LAYER_NINE PASS tokens=16 vocabulary=2048 workers=17 step=3 tasks=9121 phases=106
PASS: folded layer-nine MLP and scalar/bigram adjoints connected through last-layer loss; earlier body and compiled parity remain
========= ERROR SUMMARY: 0 errors

$ compute-sanitizer --tool racecheck --error-exitcode 1 /workspace/cuda/layer_nine --quick --native-only
========= COMPUTE-SANITIZER
GPU[0]=NVIDIA H100 80GB HBM3 SMs=132 runtime=12080
Native-only checks: ATen tail diagnostic excluded; native arithmetic and replay gates remain enabled
LOSS FP64 max_loss=6.58087018e-07 max_raw_gradient=0.000761665245
LOSS FP64 max_descaled_gradient=9.96179094e-09 gradient_rel_l2=1.59571579e-07
LOSS pinned CUDA max_loss=1.90734863e-06 gradient_rel_l2=0 changed_codes=0/32768
HEAD product=0 M=16 N=2048 K=768 rel_l2=2.26242931e-08 max_abs=4.76837158e-07
HEAD product=1 M=16 N=768 K=2048 rel_l2=1.10973734e-07 max_abs=1.86264515e-09
HEAD product=2 M=768 N=2048 K=16 rel_l2=1.86746688e-08 max_abs=1.49011612e-08
LAYER BF16 projection/product rel_l2=7.02182416e-07 max_abs=1.43051147e-06
LAYER BF16 projection/product rel_l2=8.43923456e-08 max_abs=2.98023224e-08
LAYER BF16 projection/product rel_l2=8.27137271e-08 max_abs=5.96046448e-08
LAYER BF16 projection/product rel_l2=3.68921015e-08 max_abs=4.65661287e-10
LAYER BF16 projection/product rel_l2=8.01494001e-08 max_abs=4.65661287e-10
LAYER BF16 projection/product rel_l2=9.75950644e-08 max_abs=2.32830644e-10
LAYER BF16 projection/product rel_l2=4.33032987e-08 max_abs=4.65661287e-10
LAYER BF16 projection/product rel_l2=5.47747951e-08 max_abs=1.86264515e-09
LAYER BF16 projection/product rel_l2=3.27273594e-08 max_abs=9.31322575e-10
LAYER tail forward gate rel_l2=4.17794839e-08 max_abs=7.82270981e-08
LAYER tail forward gate rel_l2=1.83870032e-08 max_abs=1.63618097e-08
LAYER tail forward gate rel_l2=2.64939734e-08 max_abs=1.26601662e-09
LAYER tail coefficient adjoints rel_l2=3.89644293e-08 max_abs=1.39698386e-09
LAYER tail coefficient adjoints rel_l2=3.81521024e-08 max_abs=1.51339918e-09
LAYER tail coefficient adjoints rel_l2=3.80689718e-08 max_abs=2.21189111e-09
LAYER tail coefficient adjoints rel_l2=4.21279409e-08 max_abs=1.62981451e-09
LAYER tail coefficient adjoints rel_l2=3.92872429e-08 max_abs=1.86264515e-09
LAYER tail coefficient adjoints rel_l2=3.92221093e-08 max_abs=1.57160684e-09
LAYER tail coefficient adjoints rel_l2=3.79860014e-08 max_abs=1.51339918e-09
LAYER tail coefficient adjoints rel_l2=3.95526708e-08 max_abs=1.16415322e-09
LAYER tail coefficient adjoints rel_l2=4.24043485e-08 max_abs=1.11758709e-08
LAYER tail coefficient adjoints rel_l2=3.52446166e-08 max_abs=4.65661287e-09
LAYER tail mixing rel_l2=5.9320983e-08 max_abs=2.18860805e-07
LAYER tail RMS rel_l2=4.47732693e-08 max_abs=3.29579441e-07
LAYER tail RMS backward rel_l2=5.09915829e-08 max_abs=1.93853106e-09
LAYER tail shared GELU gradient rel_l2=4.67822208e-08 max_abs=3.9717122e-10
LAYER suffix FP8 MLP product rel_l2=2.68204725e-08 max_abs=2.38418579e-07
LAYER suffix FP8 MLP product rel_l2=1.30677356e-07 max_abs=2.38418579e-07
LAYER suffix FP8 MLP product rel_l2=1.79052157e-08 max_abs=4.65661287e-10
LAYER suffix FP8 MLP product rel_l2=7.07680497e-08 max_abs=3.49245965e-10
LAYER suffix FP8 MLP product rel_l2=2.68830167e-09 max_abs=1.86264515e-09
LAYER suffix FP8 MLP product rel_l2=4.81101717e-09 max_abs=1.86264515e-09
LAYER suffix RMS rel_l2=5.25454673e-08 max_abs=4.36752356e-07
LAYER suffix RMS backward rel_l2=5.88289343e-08 max_abs=9.49702984e-10
LAYER suffix residual rel_l2=1.84554912e-09 max_abs=2.98023224e-08
LAYER suffix residual coefficient rel_l2=1.25760866e-07 max_abs=8.76752893e-09
LAYER suffix MLP coefficient rel_l2=6.41223785e-08 max_abs=3.41242412e-09
LAYER FP8 projection/product rel_l2=3.28301583e-08 max_abs=3.57627869e-07
LAYER FP8 projection/product rel_l2=0 max_abs=0
LAYER FP8 projection/product rel_l2=4.4891064e-09 max_abs=2.91038305e-11
LAYER BF16 projection/product rel_l2=7.40293343e-07 max_abs=1.34110451e-07
LAYER BF16 projection/product rel_l2=7.0728545e-07 max_abs=1.16415322e-08
LAYER BF16 projection/product rel_l2=4.78954924e-08 max_abs=4.65661287e-10
LAYER Q transform rel_l2=7.04748711e-05 max_abs=0.0078125
LAYER K transform rel_l2=0 max_abs=0
LAYER V transform rel_l2=0 max_abs=0
LAYER attention Y rel_l2=5.41697945e-08 max_abs=2.63095205e-07
LAYER attention dQ rel_l2=1.35007857e-07 max_abs=4.79998469e-11
LAYER attention dK rel_l2=1.28740483e-07 max_abs=4.99182451e-11
LAYER attention dV rel_l2=7.34011884e-08 max_abs=1.14726488e-10
LAYER post Y rel_l2=0 max_abs=0
LAYER post finite difference rel_l2=6.50701885e-12 max_abs=1.21930244e-13
LAYER post dY rel_l2=0 max_abs=0
LAYER post dV side rel_l2=0 max_abs=0
LAYER post dAlpha rel_l2=0 max_abs=0
LAYER post dGate rel_l2=5.09288226e-08 max_abs=3.47596796e-09
LAYER QKV backward rel_l2=2.98250793e-08 max_abs=4.19078545e-11
LAYER gain gradients rel_l2=2.25401892e-07 max_abs=1.86638438e-09
LAYER BF16 projection/product rel_l2=7.13820008e-07 max_abs=1.1920929e-06
LAYER BF16 projection/product rel_l2=8.38346942e-08 max_abs=2.98023224e-08
LAYER BF16 projection/product rel_l2=6.09366733e-08 max_abs=1.16415322e-10
LAYER BF16 projection/product rel_l2=9.91688907e-08 max_abs=8.73114914e-11
LAYER BF16 projection/product rel_l2=4.33016001e-08 max_abs=1.16415322e-10
LAYER BF16 projection/product rel_l2=3.14136965e-08 max_abs=4.65661287e-10
LAYER last-layer GELU rel_l2=3.79054961e-08 max_abs=6.45967018e-08
LAYER last-layer coefficient affine rel_l2=3.0439067e-08 max_abs=5.66042218e-08
LAYER last-layer GELU backward rel_l2=4.44186264e-08 max_abs=5.25496051e-11
LAYER last-layer coefficient partial rel_l2=1.40306402e-07 max_abs=5.93718141e-09
LAYER last-layer coefficient partial rel_l2=5.33616193e-08 max_abs=3.43425199e-09
LAYER last-layer coefficient partial rel_l2=6.8621585e-08 max_abs=6.62112143e-09
LAYER last-layer coefficient partial rel_l2=8.92684594e-08 max_abs=8.23092705e-11
LAYER last-layer coefficient partial rel_l2=1.23650131e-07 max_abs=7.63975549e-11
LAYER last-layer coefficient partial rel_l2=5.14541409e-08 max_abs=1.09366738e-10
LAYER last-layer coefficient partial rel_l2=5.48298938e-08 max_abs=6.61657396e-11
LAYER last-layer coefficient partial rel_l2=1.34754446e-07 max_abs=7.56699592e-09
LAYER last-layer coefficient partial rel_l2=7.31014696e-08 max_abs=9.31322575e-10
LAYER last-layer coefficient partial rel_l2=6.22358176e-08 max_abs=3.63797881e-09
LAYER last-layer coefficient partial rel_l2=5.52659418e-08 max_abs=3.98722477e-09
LAYER last-layer residual mix rel_l2=2.02641827e-08 max_abs=5.96046448e-08
LAYER last-layer residual mix rel_l2=7.72045797e-09 max_abs=9.31322575e-10
LAYER last-layer residual mix rel_l2=2.52317739e-08 max_abs=8.94069672e-08
LAYER last-layer shared RMS rel_l2=4.80946335e-08 max_abs=3.11908699e-07
LAYER last-layer shared RMS backward rel_l2=6.26230373e-08 max_abs=4.90499234e-10
LAYER layer-nine FP8 product rel_l2=2.89594175e-08 max_abs=2.38418579e-07
LAYER layer-nine FP8 product rel_l2=1.3236279e-07 max_abs=1.78813934e-07
LAYER layer-nine FP8 product rel_l2=1.71658612e-08 max_abs=1.86264515e-09
LAYER layer-nine FP8 product rel_l2=7.16910354e-08 max_abs=9.31322575e-10
LAYER layer-nine FP8 product rel_l2=2.10754836e-09 max_abs=3.7252903e-09
LAYER layer-nine FP8 product rel_l2=4.40281998e-09 max_abs=7.4505806e-09
LAYER layer-nine pre-MLP residual rel_l2=6.3782053e-09 max_abs=2.98023224e-08
LAYER layer-nine post-MLP residual rel_l2=2.31798262e-10 max_abs=7.4505806e-09
LAYER layer-nine RMS rel_l2=5.23180879e-08 max_abs=3.71505686e-07
LAYER layer-nine RMS backward rel_l2=5.8004811e-08 max_abs=3.22526362e-09
LAYER layer-nine bigram gate rel_l2=6.83734406e-08 max_abs=9.77888703e-09
LAYER layer-nine scalar gradients rel_l2=2.8585378e-07 max_abs=2.03835614e-08
LAYER_NINE PASS tokens=16 vocabulary=2048 workers=17 step=0 tasks=9121 phases=106
LOSS FP64 max_loss=1.70178266e-06 max_raw_gradient=0.000676375848
LOSS FP64 max_descaled_gradient=8.84629414e-09 gradient_rel_l2=1.27539354e-07
LOSS pinned CUDA max_loss=0 gradient_rel_l2=0 changed_codes=0/32768
HEAD product=0 M=16 N=2048 K=768 rel_l2=1.98314005e-08 max_abs=4.76837158e-07
HEAD product=1 M=16 N=768 K=2048 rel_l2=1.16259354e-07 max_abs=4.65661287e-09
HEAD product=2 M=768 N=2048 K=16 rel_l2=1.92579828e-08 max_abs=2.98023224e-08
LAYER BF16 projection/product rel_l2=7.48598449e-07 max_abs=1.07288361e-06
LAYER BF16 projection/product rel_l2=0 max_abs=0
LAYER BF16 projection/product rel_l2=0 max_abs=0
LAYER BF16 projection/product rel_l2=0 max_abs=0
LAYER BF16 projection/product rel_l2=0 max_abs=0
LAYER BF16 projection/product rel_l2=0 max_abs=0
LAYER BF16 projection/product rel_l2=0 max_abs=0
LAYER BF16 projection/product rel_l2=2.31559005e-08 max_abs=1.86264515e-09
LAYER BF16 projection/product rel_l2=2.74150029e-08 max_abs=9.31322575e-10
LAYER tail forward gate rel_l2=3.97916721e-08 max_abs=4.41806816e-08
LAYER tail forward gate rel_l2=1.49280825e-08 max_abs=7.4505806e-09
LAYER tail forward gate rel_l2=0 max_abs=0
LAYER tail coefficient adjoints rel_l2=3.85907696e-08 max_abs=1.86264515e-09
LAYER tail coefficient adjoints rel_l2=4.09581648e-08 max_abs=2.21189111e-09
LAYER tail coefficient adjoints rel_l2=3.63353424e-08 max_abs=1.51339918e-09
LAYER tail coefficient adjoints rel_l2=3.74168258e-08 max_abs=1.51339918e-09
LAYER tail coefficient adjoints rel_l2=4.09668153e-08 max_abs=2.59024091e-09
LAYER tail coefficient adjoints rel_l2=3.93251705e-08 max_abs=2.79396772e-09
LAYER tail coefficient adjoints rel_l2=3.58940594e-08 max_abs=1.86264515e-09
LAYER tail coefficient adjoints rel_l2=3.92963434e-08 max_abs=1.86264515e-09
LAYER tail coefficient adjoints rel_l2=3.88895897e-08 max_abs=1.3038516e-08
LAYER tail coefficient adjoints rel_l2=3.51176062e-08 max_abs=9.31322575e-09
LAYER tail mixing rel_l2=5.41728449e-08 max_abs=1.15483999e-07
LAYER tail RMS rel_l2=5.80800508e-08 max_abs=6.35196597e-07
LAYER tail RMS backward rel_l2=6.30080098e-08 max_abs=3.951453e-09
LAYER tail shared GELU gradient rel_l2=0 max_abs=0
LAYER suffix FP8 MLP product rel_l2=2.7730184e-08 max_abs=2.38418579e-07
LAYER suffix FP8 MLP product rel_l2=0 max_abs=0
LAYER suffix FP8 MLP product rel_l2=0 max_abs=0
LAYER suffix FP8 MLP product rel_l2=0 max_abs=0
LAYER suffix FP8 MLP product rel_l2=0 max_abs=0
LAYER suffix FP8 MLP product rel_l2=4.77108926e-09 max_abs=3.7252903e-09
LAYER suffix RMS rel_l2=4.8247715e-08 max_abs=3.87642322e-07
LAYER suffix RMS backward rel_l2=5.87106558e-08 max_abs=7.84866883e-11
LAYER suffix residual rel_l2=0 max_abs=0
LAYER suffix residual coefficient rel_l2=9.76661134e-08 max_abs=4.6857167e-09
LAYER suffix MLP coefficient rel_l2=0 max_abs=0
LAYER FP8 projection/product rel_l2=3.21750579e-08 max_abs=4.76837158e-07
LAYER FP8 projection/product rel_l2=0 max_abs=0
LAYER FP8 projection/product rel_l2=0 max_abs=0
LAYER BF16 projection/product rel_l2=0 max_abs=0
LAYER BF16 projection/product rel_l2=0 max_abs=0
LAYER BF16 projection/product rel_l2=4.81160656e-08 max_abs=4.65661287e-10
LAYER Q transform rel_l2=0 max_abs=0
LAYER K transform rel_l2=2.74895187e-07 max_abs=3.05175781e-05
LAYER V transform rel_l2=0 max_abs=0
LAYER attention Y rel_l2=5.17751073e-08 max_abs=3.57078072e-07
LAYER attention dQ rel_l2=0 max_abs=0
LAYER attention dK rel_l2=0 max_abs=0
LAYER attention dV rel_l2=0 max_abs=0
LAYER post Y rel_l2=0 max_abs=0
LAYER post finite difference rel_l2=0 max_abs=0
LAYER post dY rel_l2=0 max_abs=0
LAYER post dV side rel_l2=0 max_abs=0
LAYER post dAlpha rel_l2=0 max_abs=0
LAYER post dGate rel_l2=0 max_abs=0
LAYER QKV backward rel_l2=0 max_abs=0
LAYER gain gradients rel_l2=8.80759289e-07 max_abs=2.45745885e-09
LAYER BF16 projection/product rel_l2=7.11561067e-07 max_abs=8.94069672e-07
LAYER BF16 projection/product rel_l2=0 max_abs=0
LAYER BF16 projection/product rel_l2=0 max_abs=0
LAYER BF16 projection/product rel_l2=0 max_abs=0
LAYER BF16 projection/product rel_l2=0 max_abs=0
LAYER BF16 projection/product rel_l2=3.34350615e-08 max_abs=9.31322575e-10
LAYER last-layer GELU rel_l2=3.90904369e-08 max_abs=5.63392253e-08
LAYER last-layer coefficient affine rel_l2=1.49031453e-08 max_abs=1.49011612e-08
LAYER last-layer GELU backward rel_l2=0 max_abs=0
LAYER last-layer coefficient partial rel_l2=1.63845464e-07 max_abs=1.14087015e-08
LAYER last-layer coefficient partial rel_l2=7.84101948e-08 max_abs=6.92671165e-09
LAYER last-layer coefficient partial rel_l2=8.29993174e-08 max_abs=6.98491931e-09
LAYER last-layer coefficient partial rel_l2=0 max_abs=0
LAYER last-layer coefficient partial rel_l2=0 max_abs=0
LAYER last-layer coefficient partial rel_l2=0 max_abs=0
LAYER last-layer coefficient partial rel_l2=0 max_abs=0
LAYER last-layer coefficient partial rel_l2=1.21639672e-07 max_abs=4.77302819e-09
LAYER last-layer coefficient partial rel_l2=0 max_abs=0
LAYER last-layer coefficient partial rel_l2=7.84101948e-08 max_abs=6.92671165e-09
LAYER last-layer coefficient partial rel_l2=5.61040309e-08 max_abs=5.60248736e-09
LAYER last-layer residual mix rel_l2=1.98063839e-08 max_abs=5.96046448e-08
LAYER last-layer residual mix rel_l2=7.30079334e-09 max_abs=6.76664058e-10
LAYER last-layer residual mix rel_l2=1.412018e-08 max_abs=4.47034836e-08
LAYER last-layer shared RMS rel_l2=5.83499134e-08 max_abs=4.0420963e-07
LAYER last-layer shared RMS backward rel_l2=6.28647615e-08 max_abs=4.69045794e-11
LAYER layer-nine FP8 product rel_l2=2.89430124e-08 max_abs=2.38418579e-07
LAYER layer-nine FP8 product rel_l2=0 max_abs=0
LAYER layer-nine FP8 product rel_l2=0 max_abs=0
LAYER layer-nine FP8 product rel_l2=0 max_abs=0
LAYER layer-nine FP8 product rel_l2=0 max_abs=0
LAYER layer-nine FP8 product rel_l2=5.43624995e-09 max_abs=1.49011612e-08
LAYER layer-nine pre-MLP residual rel_l2=6.02826821e-09 max_abs=2.98023224e-08
LAYER layer-nine post-MLP residual rel_l2=0 max_abs=0
LAYER layer-nine RMS rel_l2=5.73117615e-08 max_abs=3.51048602e-07
LAYER layer-nine RMS backward rel_l2=0 max_abs=0
LAYER layer-nine bigram gate rel_l2=6.39632008e-08 max_abs=6.43194653e-09
LAYER layer-nine scalar gradients rel_l2=7.14090091e-08 max_abs=1.92831067e-08
LAYER_NINE PASS tokens=16 vocabulary=2048 workers=17 step=1 tasks=9121 phases=106
LOSS FP64 max_loss=1.40505711e-06 max_raw_gradient=0.000254385983
LOSS FP64 max_descaled_gradient=6.65420931e-09 gradient_rel_l2=9.94774971e-08
LOSS pinned CUDA max_loss=0 gradient_rel_l2=0 changed_codes=0/32768
HEAD product=0 M=16 N=2048 K=768 rel_l2=0 max_abs=0
HEAD product=1 M=16 N=768 K=2048 rel_l2=3.73385649e-08 max_abs=9.31322575e-10
HEAD product=2 M=768 N=2048 K=16 rel_l2=0 max_abs=0
LAYER BF16 projection/product rel_l2=0 max_abs=0
LAYER BF16 projection/product rel_l2=0 max_abs=0
LAYER BF16 projection/product rel_l2=0 max_abs=0
LAYER BF16 projection/product rel_l2=0 max_abs=0
LAYER BF16 projection/product rel_l2=0 max_abs=0
LAYER BF16 projection/product rel_l2=0 max_abs=0
LAYER BF16 projection/product rel_l2=0 max_abs=0
LAYER BF16 projection/product rel_l2=0 max_abs=0
LAYER BF16 projection/product rel_l2=0 max_abs=0
LAYER tail forward gate rel_l2=0 max_abs=0
LAYER tail forward gate rel_l2=1.49199646e-08 max_abs=7.4505806e-09
LAYER tail forward gate rel_l2=0 max_abs=0
LAYER tail coefficient adjoints rel_l2=0 max_abs=0
LAYER tail coefficient adjoints rel_l2=0 max_abs=0
LAYER tail coefficient adjoints rel_l2=0 max_abs=0
LAYER tail coefficient adjoints rel_l2=0 max_abs=0
LAYER tail coefficient adjoints rel_l2=0 max_abs=0
LAYER tail coefficient adjoints rel_l2=0 max_abs=0
LAYER tail coefficient adjoints rel_l2=0 max_abs=0
LAYER tail coefficient adjoints rel_l2=0 max_abs=0
LAYER tail coefficient adjoints rel_l2=0 max_abs=0
LAYER tail coefficient adjoints rel_l2=0 max_abs=0
LAYER tail mixing rel_l2=0 max_abs=0
LAYER tail RMS rel_l2=0 max_abs=0
LAYER tail RMS backward rel_l2=1.03375596e-07 max_abs=2.38859006e-06
LAYER tail shared GELU gradient rel_l2=0 max_abs=0
LAYER suffix FP8 MLP product rel_l2=0 max_abs=0
LAYER suffix FP8 MLP product rel_l2=0 max_abs=0
LAYER suffix FP8 MLP product rel_l2=2.32612636e-08 max_abs=4.76837158e-07
LAYER suffix FP8 MLP product rel_l2=0 max_abs=0
LAYER suffix FP8 MLP product rel_l2=0 max_abs=0
LAYER suffix FP8 MLP product rel_l2=0 max_abs=0
LAYER suffix RMS rel_l2=0 max_abs=0
LAYER suffix RMS backward rel_l2=1.02414611e-07 max_abs=4.29955246e-07
LAYER suffix residual rel_l2=0 max_abs=0
LAYER suffix residual coefficient rel_l2=0 max_abs=0
LAYER suffix MLP coefficient rel_l2=0 max_abs=0
LAYER FP8 projection/product rel_l2=0 max_abs=0
LAYER FP8 projection/product rel_l2=0 max_abs=0
LAYER FP8 projection/product rel_l2=0 max_abs=0
LAYER BF16 projection/product rel_l2=0 max_abs=0
LAYER BF16 projection/product rel_l2=6.89609072e-07 max_abs=7.62939453e-06
LAYER BF16 projection/product rel_l2=0 max_abs=0
LAYER Q transform rel_l2=0 max_abs=0
LAYER K transform rel_l2=0 max_abs=0
LAYER V transform rel_l2=0 max_abs=0
LAYER attention Y rel_l2=0 max_abs=0
LAYER attention dQ rel_l2=0 max_abs=0
LAYER attention dK rel_l2=0 max_abs=0
LAYER attention dV rel_l2=4.7520135e-08 max_abs=2.99442382e-08
LAYER post Y rel_l2=0 max_abs=0
LAYER post finite difference rel_l2=0 max_abs=0
LAYER post dY rel_l2=0 max_abs=0
LAYER post dV side rel_l2=0 max_abs=0
LAYER post dAlpha rel_l2=0 max_abs=0
LAYER post dGate rel_l2=0 max_abs=0
LAYER QKV backward rel_l2=0 max_abs=0
LAYER gain gradients rel_l2=0 max_abs=0
LAYER BF16 projection/product rel_l2=0 max_abs=0
LAYER BF16 projection/product rel_l2=0 max_abs=0
LAYER BF16 projection/product rel_l2=0 max_abs=0
LAYER BF16 projection/product rel_l2=0 max_abs=0
LAYER BF16 projection/product rel_l2=0 max_abs=0
LAYER BF16 projection/product rel_l2=0 max_abs=0
LAYER last-layer GELU rel_l2=0 max_abs=0
LAYER last-layer coefficient affine rel_l2=1.49009244e-08 max_abs=1.49011612e-08
LAYER last-layer GELU backward rel_l2=0 max_abs=0
LAYER last-layer coefficient partial rel_l2=0 max_abs=0
LAYER last-layer coefficient partial rel_l2=0 max_abs=0
LAYER last-layer coefficient partial rel_l2=0 max_abs=0
LAYER last-layer coefficient partial rel_l2=0 max_abs=0
LAYER last-layer coefficient partial rel_l2=0 max_abs=0
LAYER last-layer coefficient partial rel_l2=0 max_abs=0
LAYER last-layer coefficient partial rel_l2=0 max_abs=0
LAYER last-layer coefficient partial rel_l2=0 max_abs=0
LAYER last-layer coefficient partial rel_l2=0 max_abs=0
LAYER last-layer coefficient partial rel_l2=0 max_abs=0
LAYER last-layer coefficient partial rel_l2=0 max_abs=0
LAYER last-layer residual mix rel_l2=0 max_abs=0
LAYER last-layer residual mix rel_l2=0 max_abs=0
LAYER last-layer residual mix rel_l2=0 max_abs=0
LAYER last-layer shared RMS rel_l2=0 max_abs=0
LAYER last-layer shared RMS backward rel_l2=1.04719148e-07 max_abs=9.07808775e-07
LAYER layer-nine FP8 product rel_l2=0 max_abs=0
LAYER layer-nine FP8 product rel_l2=0 max_abs=0
LAYER layer-nine FP8 product rel_l2=2.28309578e-08 max_abs=9.53674316e-07
LAYER layer-nine FP8 product rel_l2=0 max_abs=0
LAYER layer-nine FP8 product rel_l2=0 max_abs=0
LAYER layer-nine FP8 product rel_l2=0 max_abs=0
LAYER layer-nine pre-MLP residual rel_l2=0 max_abs=0
LAYER layer-nine post-MLP residual rel_l2=0 max_abs=0
LAYER layer-nine RMS rel_l2=0 max_abs=0
LAYER layer-nine RMS backward rel_l2=0 max_abs=0
LAYER layer-nine bigram gate rel_l2=0 max_abs=0
LAYER layer-nine scalar gradients rel_l2=0 max_abs=0
LAYER_NINE PASS tokens=16 vocabulary=2048 workers=17 step=2 tasks=9121 phases=106
LOSS FP64 max_loss=4.32300904e-07 max_raw_gradient=0.000750899119
LOSS FP64 max_descaled_gradient=9.82098119e-09 gradient_rel_l2=1.36443855e-07
LOSS pinned CUDA max_loss=0 gradient_rel_l2=0 changed_codes=0/32768
HEAD product=0 M=16 N=2048 K=768 rel_l2=2.23050009e-08 max_abs=4.76837158e-07
HEAD product=1 M=16 N=768 K=2048 rel_l2=1.08598118e-07 max_abs=2.32830644e-09
HEAD product=2 M=768 N=2048 K=16 rel_l2=1.90776046e-08 max_abs=2.98023224e-08
LAYER BF16 projection/product rel_l2=7.03007234e-07 max_abs=7.74860382e-07
LAYER BF16 projection/product rel_l2=7.65552145e-08 max_abs=1.49011612e-08
LAYER BF16 projection/product rel_l2=7.78508402e-08 max_abs=2.98023224e-08
LAYER BF16 projection/product rel_l2=3.30919835e-08 max_abs=4.65661287e-10
LAYER BF16 projection/product rel_l2=7.81907772e-08 max_abs=4.65661287e-10
LAYER BF16 projection/product rel_l2=8.4022977e-08 max_abs=3.49245965e-10
LAYER BF16 projection/product rel_l2=3.75805834e-08 max_abs=4.65661287e-10
LAYER BF16 projection/product rel_l2=3.20566041e-08 max_abs=1.86264515e-09
LAYER BF16 projection/product rel_l2=3.79801559e-08 max_abs=9.31322575e-10
LAYER tail forward gate rel_l2=3.77292009e-08 max_abs=2.86051905e-08
LAYER tail forward gate rel_l2=1.96521817e-08 max_abs=1.94850145e-08
LAYER tail forward gate rel_l2=2.57135438e-08 max_abs=8.80390871e-10
LAYER tail coefficient adjoints rel_l2=4.2366197e-08 max_abs=3.02679837e-09
LAYER tail coefficient adjoints rel_l2=3.7234029e-08 max_abs=1.97906047e-09
LAYER tail coefficient adjoints rel_l2=3.74920336e-08 max_abs=2.44472176e-09
LAYER tail coefficient adjoints rel_l2=4.06190443e-08 max_abs=2.0081643e-09
LAYER tail coefficient adjoints rel_l2=4.23138932e-08 max_abs=2.79396772e-09
LAYER tail coefficient adjoints rel_l2=3.81518413e-08 max_abs=2.27009878e-09
LAYER tail coefficient adjoints rel_l2=3.21801675e-08 max_abs=1.86264515e-09
LAYER tail coefficient adjoints rel_l2=3.86128545e-08 max_abs=1.86264515e-09
LAYER tail coefficient adjoints rel_l2=3.64672715e-08 max_abs=1.02445483e-08
LAYER tail coefficient adjoints rel_l2=4.00836616e-08 max_abs=1.3038516e-08
LAYER tail mixing rel_l2=5.7428841e-08 max_abs=1.07102096e-07
LAYER tail RMS rel_l2=4.7444122e-08 max_abs=3.5279451e-07
LAYER tail RMS backward rel_l2=5.64634257e-08 max_abs=4.85539554e-09
LAYER tail shared GELU gradient rel_l2=4.71532204e-08 max_abs=5.39921836e-10
LAYER suffix FP8 MLP product rel_l2=2.60972017e-08 max_abs=2.38418579e-07
LAYER suffix FP8 MLP product rel_l2=1.17197208e-07 max_abs=1.78813934e-07
LAYER suffix FP8 MLP product rel_l2=1.81222211e-08 max_abs=9.31322575e-10
LAYER suffix FP8 MLP product rel_l2=7.16297178e-08 max_abs=4.65661287e-10
LAYER suffix FP8 MLP product rel_l2=3.32130406e-09 max_abs=3.7252903e-09
LAYER suffix FP8 MLP product rel_l2=3.27996494e-09 max_abs=3.7252903e-09
LAYER suffix RMS rel_l2=4.63811372e-08 max_abs=3.11272255e-07
LAYER suffix RMS backward rel_l2=5.27938392e-08 max_abs=1.76521701e-09
LAYER suffix residual rel_l2=1.69526565e-09 max_abs=1.49011612e-08
LAYER suffix residual coefficient rel_l2=1.07206428e-07 max_abs=6.57018973e-09
LAYER suffix MLP coefficient rel_l2=8.12666466e-08 max_abs=5.41331246e-09
LAYER FP8 projection/product rel_l2=2.86496723e-08 max_abs=2.38418579e-07
LAYER FP8 projection/product rel_l2=0 max_abs=0
LAYER FP8 projection/product rel_l2=1.30144864e-08 max_abs=5.82076609e-11
LAYER BF16 projection/product rel_l2=6.29581294e-07 max_abs=1.49011612e-07
LAYER BF16 projection/product rel_l2=7.10905816e-07 max_abs=2.04890966e-08
LAYER BF16 projection/product rel_l2=4.89997381e-08 max_abs=6.98491931e-10
LAYER Q transform rel_l2=0 max_abs=0
LAYER K transform rel_l2=4.06881812e-12 max_abs=4.51109372e-10
LAYER V transform rel_l2=0 max_abs=0
LAYER attention Y rel_l2=5.35049346e-08 max_abs=2.05391444e-07
LAYER attention dQ rel_l2=1.56162749e-07 max_abs=9.01047051e-11
LAYER attention dK rel_l2=1.54774007e-07 max_abs=9.53027638e-11
LAYER attention dV rel_l2=7.77650325e-08 max_abs=2.1859252e-10
LAYER post Y rel_l2=0 max_abs=0
LAYER post finite difference rel_l2=2.24408179e-12 max_abs=4.80865348e-14
LAYER post dY rel_l2=0 max_abs=0
LAYER post dV side rel_l2=0 max_abs=0
LAYER post dAlpha rel_l2=0 max_abs=0
LAYER post dGate rel_l2=4.3670796e-08 max_abs=3.37604433e-09
LAYER QKV backward rel_l2=2.63331978e-08 max_abs=9.85681968e-11
LAYER gain gradients rel_l2=9.21441659e-08 max_abs=4.20846424e-09
LAYER BF16 projection/product rel_l2=6.8775324e-07 max_abs=7.74860382e-07
LAYER BF16 projection/product rel_l2=8.29808521e-08 max_abs=2.98023224e-08
LAYER BF16 projection/product rel_l2=5.72958531e-08 max_abs=2.32830644e-10
LAYER BF16 projection/product rel_l2=8.70757189e-08 max_abs=1.16415322e-10
LAYER BF16 projection/product rel_l2=3.42955985e-08 max_abs=2.32830644e-10
LAYER BF16 projection/product rel_l2=3.78852294e-08 max_abs=9.31322575e-10
LAYER last-layer GELU rel_l2=4.02356983e-08 max_abs=2.66619298e-08
LAYER last-layer coefficient affine rel_l2=2.43263451e-08 max_abs=5.66174094e-08
LAYER last-layer GELU backward rel_l2=4.59971421e-08 max_abs=1.67387386e-10
LAYER last-layer coefficient partial rel_l2=8.87455859e-08 max_abs=6.05359674e-09
LAYER last-layer coefficient partial rel_l2=4.2943761e-08 max_abs=6.28642738e-09
LAYER last-layer coefficient partial rel_l2=7.86228993e-08 max_abs=1.03955244e-08
LAYER last-layer coefficient partial rel_l2=5.93689099e-08 max_abs=1.79170456e-10
LAYER last-layer coefficient partial rel_l2=7.53722183e-08 max_abs=1.10958354e-10
LAYER last-layer coefficient partial rel_l2=3.31071233e-08 max_abs=1.29489308e-10
LAYER last-layer coefficient partial rel_l2=5.06958954e-08 max_abs=1.60582658e-10
LAYER last-layer coefficient partial rel_l2=8.67486222e-08 max_abs=5.12227416e-09
LAYER last-layer coefficient partial rel_l2=6.70270511e-08 max_abs=1.44063961e-09
LAYER last-layer coefficient partial rel_l2=4.45703232e-08 max_abs=7.39237294e-09
LAYER last-layer coefficient partial rel_l2=5.53909011e-08 max_abs=8.38190317e-09
LAYER last-layer residual mix rel_l2=2.39186631e-08 max_abs=4.47034836e-08
LAYER last-layer residual mix rel_l2=5.7576249e-09 max_abs=5.82076609e-10
LAYER last-layer residual mix rel_l2=2.55995453e-08 max_abs=4.47034836e-08
LAYER last-layer shared RMS rel_l2=5.11784047e-08 max_abs=4.62657687e-07
LAYER last-layer shared RMS backward rel_l2=5.42183627e-08 max_abs=3.54396813e-10
LAYER layer-nine FP8 product rel_l2=2.51448847e-08 max_abs=2.38418579e-07
LAYER layer-nine FP8 product rel_l2=1.17327866e-07 max_abs=1.1920929e-07
LAYER layer-nine FP8 product rel_l2=1.8865498e-08 max_abs=9.31322575e-10
LAYER layer-nine FP8 product rel_l2=7.39513365e-08 max_abs=9.31322575e-10
LAYER layer-nine FP8 product rel_l2=2.63204464e-09 max_abs=3.7252903e-09
LAYER layer-nine FP8 product rel_l2=3.55696436e-09 max_abs=7.4505806e-09
LAYER layer-nine pre-MLP residual rel_l2=6.65824082e-09 max_abs=1.49011612e-08
LAYER layer-nine post-MLP residual rel_l2=0 max_abs=0
LAYER layer-nine RMS rel_l2=4.32949096e-08 max_abs=2.74257737e-07
LAYER layer-nine RMS backward rel_l2=4.84276295e-08 max_abs=4.31033598e-09
LAYER layer-nine bigram gate rel_l2=7.76103563e-08 max_abs=8.73114914e-09
LAYER layer-nine scalar gradients rel_l2=1.35439892e-07 max_abs=5.06142896e-08
LAYER_NINE PASS tokens=16 vocabulary=2048 workers=17 step=3 tasks=9121 phases=106
PASS: folded layer-nine MLP and scalar/bigram adjoints connected through last-layer loss; earlier body and compiled parity remain
========= RACECHECK SUMMARY: 0 hazards displayed (0 errors, 0 warnings)

$ compute-sanitizer --tool synccheck --error-exitcode 1 /workspace/cuda/layer_nine --quick --native-only
========= COMPUTE-SANITIZER
GPU[0]=NVIDIA H100 80GB HBM3 SMs=132 runtime=12080
Native-only checks: ATen tail diagnostic excluded; native arithmetic and replay gates remain enabled
LOSS FP64 max_loss=6.58087018e-07 max_raw_gradient=0.000761665245
LOSS FP64 max_descaled_gradient=9.96179094e-09 gradient_rel_l2=1.59571579e-07
LOSS pinned CUDA max_loss=1.90734863e-06 gradient_rel_l2=0 changed_codes=0/32768
HEAD product=0 M=16 N=2048 K=768 rel_l2=2.26242931e-08 max_abs=4.76837158e-07
HEAD product=1 M=16 N=768 K=2048 rel_l2=1.10973734e-07 max_abs=1.86264515e-09
HEAD product=2 M=768 N=2048 K=16 rel_l2=1.86746688e-08 max_abs=1.49011612e-08
LAYER BF16 projection/product rel_l2=7.02182416e-07 max_abs=1.43051147e-06
LAYER BF16 projection/product rel_l2=8.43923456e-08 max_abs=2.98023224e-08
LAYER BF16 projection/product rel_l2=8.27137271e-08 max_abs=5.96046448e-08
LAYER BF16 projection/product rel_l2=3.68921015e-08 max_abs=4.65661287e-10
LAYER BF16 projection/product rel_l2=8.01494001e-08 max_abs=4.65661287e-10
LAYER BF16 projection/product rel_l2=9.75950644e-08 max_abs=2.32830644e-10
LAYER BF16 projection/product rel_l2=4.33032987e-08 max_abs=4.65661287e-10
LAYER BF16 projection/product rel_l2=5.47747951e-08 max_abs=1.86264515e-09
LAYER BF16 projection/product rel_l2=3.27273594e-08 max_abs=9.31322575e-10
LAYER tail forward gate rel_l2=4.17794839e-08 max_abs=7.82270981e-08
LAYER tail forward gate rel_l2=1.83870032e-08 max_abs=1.63618097e-08
LAYER tail forward gate rel_l2=2.64939734e-08 max_abs=1.26601662e-09
LAYER tail coefficient adjoints rel_l2=3.89644293e-08 max_abs=1.39698386e-09
LAYER tail coefficient adjoints rel_l2=3.81521024e-08 max_abs=1.51339918e-09
LAYER tail coefficient adjoints rel_l2=3.80689718e-08 max_abs=2.21189111e-09
LAYER tail coefficient adjoints rel_l2=4.21279409e-08 max_abs=1.62981451e-09
LAYER tail coefficient adjoints rel_l2=3.92872429e-08 max_abs=1.86264515e-09
LAYER tail coefficient adjoints rel_l2=3.92221093e-08 max_abs=1.57160684e-09
LAYER tail coefficient adjoints rel_l2=3.79860014e-08 max_abs=1.51339918e-09
LAYER tail coefficient adjoints rel_l2=3.95526708e-08 max_abs=1.16415322e-09
LAYER tail coefficient adjoints rel_l2=4.24043485e-08 max_abs=1.11758709e-08
LAYER tail coefficient adjoints rel_l2=3.52446166e-08 max_abs=4.65661287e-09
LAYER tail mixing rel_l2=5.9320983e-08 max_abs=2.18860805e-07
LAYER tail RMS rel_l2=4.47732693e-08 max_abs=3.29579441e-07
LAYER tail RMS backward rel_l2=5.09915829e-08 max_abs=1.93853106e-09
LAYER tail shared GELU gradient rel_l2=4.67822208e-08 max_abs=3.9717122e-10
LAYER suffix FP8 MLP product rel_l2=2.68204725e-08 max_abs=2.38418579e-07
LAYER suffix FP8 MLP product rel_l2=1.30677356e-07 max_abs=2.38418579e-07
LAYER suffix FP8 MLP product rel_l2=1.79052157e-08 max_abs=4.65661287e-10
LAYER suffix FP8 MLP product rel_l2=7.07680497e-08 max_abs=3.49245965e-10
LAYER suffix FP8 MLP product rel_l2=2.68830167e-09 max_abs=1.86264515e-09
LAYER suffix FP8 MLP product rel_l2=4.81101717e-09 max_abs=1.86264515e-09
LAYER suffix RMS rel_l2=5.25454673e-08 max_abs=4.36752356e-07
LAYER suffix RMS backward rel_l2=5.88289343e-08 max_abs=9.49702984e-10
LAYER suffix residual rel_l2=1.84554912e-09 max_abs=2.98023224e-08
LAYER suffix residual coefficient rel_l2=1.25760866e-07 max_abs=8.76752893e-09
LAYER suffix MLP coefficient rel_l2=6.41223785e-08 max_abs=3.41242412e-09
LAYER FP8 projection/product rel_l2=3.28301583e-08 max_abs=3.57627869e-07
LAYER FP8 projection/product rel_l2=0 max_abs=0
LAYER FP8 projection/product rel_l2=4.4891064e-09 max_abs=2.91038305e-11
LAYER BF16 projection/product rel_l2=7.40293343e-07 max_abs=1.34110451e-07
LAYER BF16 projection/product rel_l2=7.0728545e-07 max_abs=1.16415322e-08
LAYER BF16 projection/product rel_l2=4.78954924e-08 max_abs=4.65661287e-10
LAYER Q transform rel_l2=7.04748711e-05 max_abs=0.0078125
LAYER K transform rel_l2=0 max_abs=0
LAYER V transform rel_l2=0 max_abs=0
LAYER attention Y rel_l2=5.41697945e-08 max_abs=2.63095205e-07
LAYER attention dQ rel_l2=1.35007857e-07 max_abs=4.79998469e-11
LAYER attention dK rel_l2=1.28740483e-07 max_abs=4.99182451e-11
LAYER attention dV rel_l2=7.34011884e-08 max_abs=1.14726488e-10
LAYER post Y rel_l2=0 max_abs=0
LAYER post finite difference rel_l2=6.50701885e-12 max_abs=1.21930244e-13
LAYER post dY rel_l2=0 max_abs=0
LAYER post dV side rel_l2=0 max_abs=0
LAYER post dAlpha rel_l2=0 max_abs=0
LAYER post dGate rel_l2=5.09288226e-08 max_abs=3.47596796e-09
LAYER QKV backward rel_l2=2.98250793e-08 max_abs=4.19078545e-11
LAYER gain gradients rel_l2=2.25401892e-07 max_abs=1.86638438e-09
LAYER BF16 projection/product rel_l2=7.13820008e-07 max_abs=1.1920929e-06
LAYER BF16 projection/product rel_l2=8.38346942e-08 max_abs=2.98023224e-08
LAYER BF16 projection/product rel_l2=6.09366733e-08 max_abs=1.16415322e-10
LAYER BF16 projection/product rel_l2=9.91688907e-08 max_abs=8.73114914e-11
LAYER BF16 projection/product rel_l2=4.33016001e-08 max_abs=1.16415322e-10
LAYER BF16 projection/product rel_l2=3.14136965e-08 max_abs=4.65661287e-10
LAYER last-layer GELU rel_l2=3.79054961e-08 max_abs=6.45967018e-08
LAYER last-layer coefficient affine rel_l2=3.0439067e-08 max_abs=5.66042218e-08
LAYER last-layer GELU backward rel_l2=4.44186264e-08 max_abs=5.25496051e-11
LAYER last-layer coefficient partial rel_l2=1.40306402e-07 max_abs=5.93718141e-09
LAYER last-layer coefficient partial rel_l2=5.33616193e-08 max_abs=3.43425199e-09
LAYER last-layer coefficient partial rel_l2=6.8621585e-08 max_abs=6.62112143e-09
LAYER last-layer coefficient partial rel_l2=8.92684594e-08 max_abs=8.23092705e-11
LAYER last-layer coefficient partial rel_l2=1.23650131e-07 max_abs=7.63975549e-11
LAYER last-layer coefficient partial rel_l2=5.14541409e-08 max_abs=1.09366738e-10
LAYER last-layer coefficient partial rel_l2=5.48298938e-08 max_abs=6.61657396e-11
LAYER last-layer coefficient partial rel_l2=1.34754446e-07 max_abs=7.56699592e-09
LAYER last-layer coefficient partial rel_l2=7.31014696e-08 max_abs=9.31322575e-10
LAYER last-layer coefficient partial rel_l2=6.22358176e-08 max_abs=3.63797881e-09
LAYER last-layer coefficient partial rel_l2=5.52659418e-08 max_abs=3.98722477e-09
LAYER last-layer residual mix rel_l2=2.02641827e-08 max_abs=5.96046448e-08
LAYER last-layer residual mix rel_l2=7.72045797e-09 max_abs=9.31322575e-10
LAYER last-layer residual mix rel_l2=2.52317739e-08 max_abs=8.94069672e-08
LAYER last-layer shared RMS rel_l2=4.80946335e-08 max_abs=3.11908699e-07
LAYER last-layer shared RMS backward rel_l2=6.26230373e-08 max_abs=4.90499234e-10
LAYER layer-nine FP8 product rel_l2=2.89594175e-08 max_abs=2.38418579e-07
LAYER layer-nine FP8 product rel_l2=1.3236279e-07 max_abs=1.78813934e-07
LAYER layer-nine FP8 product rel_l2=1.71658612e-08 max_abs=1.86264515e-09
LAYER layer-nine FP8 product rel_l2=7.16910354e-08 max_abs=9.31322575e-10
LAYER layer-nine FP8 product rel_l2=2.10754836e-09 max_abs=3.7252903e-09
LAYER layer-nine FP8 product rel_l2=4.40281998e-09 max_abs=7.4505806e-09
LAYER layer-nine pre-MLP residual rel_l2=6.3782053e-09 max_abs=2.98023224e-08
LAYER layer-nine post-MLP residual rel_l2=2.31798262e-10 max_abs=7.4505806e-09
LAYER layer-nine RMS rel_l2=5.23180879e-08 max_abs=3.71505686e-07
LAYER layer-nine RMS backward rel_l2=5.8004811e-08 max_abs=3.22526362e-09
LAYER layer-nine bigram gate rel_l2=6.83734406e-08 max_abs=9.77888703e-09
LAYER layer-nine scalar gradients rel_l2=2.8585378e-07 max_abs=2.03835614e-08
LAYER_NINE PASS tokens=16 vocabulary=2048 workers=17 step=0 tasks=9121 phases=106
LOSS FP64 max_loss=1.70178266e-06 max_raw_gradient=0.000676375848
LOSS FP64 max_descaled_gradient=8.84629414e-09 gradient_rel_l2=1.27539354e-07
LOSS pinned CUDA max_loss=0 gradient_rel_l2=0 changed_codes=0/32768
HEAD product=0 M=16 N=2048 K=768 rel_l2=1.98314005e-08 max_abs=4.76837158e-07
HEAD product=1 M=16 N=768 K=2048 rel_l2=1.16259354e-07 max_abs=4.65661287e-09
HEAD product=2 M=768 N=2048 K=16 rel_l2=1.92579828e-08 max_abs=2.98023224e-08
LAYER BF16 projection/product rel_l2=7.48598449e-07 max_abs=1.07288361e-06
LAYER BF16 projection/product rel_l2=0 max_abs=0
LAYER BF16 projection/product rel_l2=0 max_abs=0
LAYER BF16 projection/product rel_l2=0 max_abs=0
LAYER BF16 projection/product rel_l2=0 max_abs=0
LAYER BF16 projection/product rel_l2=0 max_abs=0
LAYER BF16 projection/product rel_l2=0 max_abs=0
LAYER BF16 projection/product rel_l2=2.31559005e-08 max_abs=1.86264515e-09
LAYER BF16 projection/product rel_l2=2.74150029e-08 max_abs=9.31322575e-10
LAYER tail forward gate rel_l2=3.97916721e-08 max_abs=4.41806816e-08
LAYER tail forward gate rel_l2=1.49280825e-08 max_abs=7.4505806e-09
LAYER tail forward gate rel_l2=0 max_abs=0
LAYER tail coefficient adjoints rel_l2=3.85907696e-08 max_abs=1.86264515e-09
LAYER tail coefficient adjoints rel_l2=4.09581648e-08 max_abs=2.21189111e-09
LAYER tail coefficient adjoints rel_l2=3.63353424e-08 max_abs=1.51339918e-09
LAYER tail coefficient adjoints rel_l2=3.74168258e-08 max_abs=1.51339918e-09
LAYER tail coefficient adjoints rel_l2=4.09668153e-08 max_abs=2.59024091e-09
LAYER tail coefficient adjoints rel_l2=3.93251705e-08 max_abs=2.79396772e-09
LAYER tail coefficient adjoints rel_l2=3.58940594e-08 max_abs=1.86264515e-09
LAYER tail coefficient adjoints rel_l2=3.92963434e-08 max_abs=1.86264515e-09
LAYER tail coefficient adjoints rel_l2=3.88895897e-08 max_abs=1.3038516e-08
LAYER tail coefficient adjoints rel_l2=3.51176062e-08 max_abs=9.31322575e-09
LAYER tail mixing rel_l2=5.41728449e-08 max_abs=1.15483999e-07
LAYER tail RMS rel_l2=5.80800508e-08 max_abs=6.35196597e-07
LAYER tail RMS backward rel_l2=6.30080098e-08 max_abs=3.951453e-09
LAYER tail shared GELU gradient rel_l2=0 max_abs=0
LAYER suffix FP8 MLP product rel_l2=2.7730184e-08 max_abs=2.38418579e-07
LAYER suffix FP8 MLP product rel_l2=0 max_abs=0
LAYER suffix FP8 MLP product rel_l2=0 max_abs=0
LAYER suffix FP8 MLP product rel_l2=0 max_abs=0
LAYER suffix FP8 MLP product rel_l2=0 max_abs=0
LAYER suffix FP8 MLP product rel_l2=4.77108926e-09 max_abs=3.7252903e-09
LAYER suffix RMS rel_l2=4.8247715e-08 max_abs=3.87642322e-07
LAYER suffix RMS backward rel_l2=5.87106558e-08 max_abs=7.84866883e-11
LAYER suffix residual rel_l2=0 max_abs=0
LAYER suffix residual coefficient rel_l2=9.76661134e-08 max_abs=4.6857167e-09
LAYER suffix MLP coefficient rel_l2=0 max_abs=0
LAYER FP8 projection/product rel_l2=3.21750579e-08 max_abs=4.76837158e-07
LAYER FP8 projection/product rel_l2=0 max_abs=0
LAYER FP8 projection/product rel_l2=0 max_abs=0
LAYER BF16 projection/product rel_l2=0 max_abs=0
LAYER BF16 projection/product rel_l2=0 max_abs=0
LAYER BF16 projection/product rel_l2=4.81160656e-08 max_abs=4.65661287e-10
LAYER Q transform rel_l2=0 max_abs=0
LAYER K transform rel_l2=2.74895187e-07 max_abs=3.05175781e-05
LAYER V transform rel_l2=0 max_abs=0
LAYER attention Y rel_l2=5.17751073e-08 max_abs=3.57078072e-07
LAYER attention dQ rel_l2=0 max_abs=0
LAYER attention dK rel_l2=0 max_abs=0
LAYER attention dV rel_l2=0 max_abs=0
LAYER post Y rel_l2=0 max_abs=0
LAYER post finite difference rel_l2=0 max_abs=0
LAYER post dY rel_l2=0 max_abs=0
LAYER post dV side rel_l2=0 max_abs=0
LAYER post dAlpha rel_l2=0 max_abs=0
LAYER post dGate rel_l2=0 max_abs=0
LAYER QKV backward rel_l2=0 max_abs=0
LAYER gain gradients rel_l2=8.80759289e-07 max_abs=2.45745885e-09
LAYER BF16 projection/product rel_l2=7.11561067e-07 max_abs=8.94069672e-07
LAYER BF16 projection/product rel_l2=0 max_abs=0
LAYER BF16 projection/product rel_l2=0 max_abs=0
LAYER BF16 projection/product rel_l2=0 max_abs=0
LAYER BF16 projection/product rel_l2=0 max_abs=0
LAYER BF16 projection/product rel_l2=3.34350615e-08 max_abs=9.31322575e-10
LAYER last-layer GELU rel_l2=3.90904369e-08 max_abs=5.63392253e-08
LAYER last-layer coefficient affine rel_l2=1.49031453e-08 max_abs=1.49011612e-08
LAYER last-layer GELU backward rel_l2=0 max_abs=0
LAYER last-layer coefficient partial rel_l2=1.63845464e-07 max_abs=1.14087015e-08
LAYER last-layer coefficient partial rel_l2=7.84101948e-08 max_abs=6.92671165e-09
LAYER last-layer coefficient partial rel_l2=8.29993174e-08 max_abs=6.98491931e-09
LAYER last-layer coefficient partial rel_l2=0 max_abs=0
LAYER last-layer coefficient partial rel_l2=0 max_abs=0
LAYER last-layer coefficient partial rel_l2=0 max_abs=0
LAYER last-layer coefficient partial rel_l2=0 max_abs=0
LAYER last-layer coefficient partial rel_l2=1.21639672e-07 max_abs=4.77302819e-09
LAYER last-layer coefficient partial rel_l2=0 max_abs=0
LAYER last-layer coefficient partial rel_l2=7.84101948e-08 max_abs=6.92671165e-09
LAYER last-layer coefficient partial rel_l2=5.61040309e-08 max_abs=5.60248736e-09
LAYER last-layer residual mix rel_l2=1.98063839e-08 max_abs=5.96046448e-08
LAYER last-layer residual mix rel_l2=7.30079334e-09 max_abs=6.76664058e-10
LAYER last-layer residual mix rel_l2=1.412018e-08 max_abs=4.47034836e-08
LAYER last-layer shared RMS rel_l2=5.83499134e-08 max_abs=4.0420963e-07
LAYER last-layer shared RMS backward rel_l2=6.28647615e-08 max_abs=4.69045794e-11
LAYER layer-nine FP8 product rel_l2=2.89430124e-08 max_abs=2.38418579e-07
LAYER layer-nine FP8 product rel_l2=0 max_abs=0
LAYER layer-nine FP8 product rel_l2=0 max_abs=0
LAYER layer-nine FP8 product rel_l2=0 max_abs=0
LAYER layer-nine FP8 product rel_l2=0 max_abs=0
LAYER layer-nine FP8 product rel_l2=5.43624995e-09 max_abs=1.49011612e-08
LAYER layer-nine pre-MLP residual rel_l2=6.02826821e-09 max_abs=2.98023224e-08
LAYER layer-nine post-MLP residual rel_l2=0 max_abs=0
LAYER layer-nine RMS rel_l2=5.73117615e-08 max_abs=3.51048602e-07
LAYER layer-nine RMS backward rel_l2=0 max_abs=0
LAYER layer-nine bigram gate rel_l2=6.39632008e-08 max_abs=6.43194653e-09
LAYER layer-nine scalar gradients rel_l2=7.14090091e-08 max_abs=1.92831067e-08
LAYER_NINE PASS tokens=16 vocabulary=2048 workers=17 step=1 tasks=9121 phases=106
LOSS FP64 max_loss=1.40505711e-06 max_raw_gradient=0.000254385983
LOSS FP64 max_descaled_gradient=6.65420931e-09 gradient_rel_l2=9.94774971e-08
LOSS pinned CUDA max_loss=0 gradient_rel_l2=0 changed_codes=0/32768
HEAD product=0 M=16 N=2048 K=768 rel_l2=0 max_abs=0
HEAD product=1 M=16 N=768 K=2048 rel_l2=3.73385649e-08 max_abs=9.31322575e-10
HEAD product=2 M=768 N=2048 K=16 rel_l2=0 max_abs=0
LAYER BF16 projection/product rel_l2=0 max_abs=0
LAYER BF16 projection/product rel_l2=0 max_abs=0
LAYER BF16 projection/product rel_l2=0 max_abs=0
LAYER BF16 projection/product rel_l2=0 max_abs=0
LAYER BF16 projection/product rel_l2=0 max_abs=0
LAYER BF16 projection/product rel_l2=0 max_abs=0
LAYER BF16 projection/product rel_l2=0 max_abs=0
LAYER BF16 projection/product rel_l2=0 max_abs=0
LAYER BF16 projection/product rel_l2=0 max_abs=0
LAYER tail forward gate rel_l2=0 max_abs=0
LAYER tail forward gate rel_l2=1.49199646e-08 max_abs=7.4505806e-09
LAYER tail forward gate rel_l2=0 max_abs=0
LAYER tail coefficient adjoints rel_l2=0 max_abs=0
LAYER tail coefficient adjoints rel_l2=0 max_abs=0
LAYER tail coefficient adjoints rel_l2=0 max_abs=0
LAYER tail coefficient adjoints rel_l2=0 max_abs=0
LAYER tail coefficient adjoints rel_l2=0 max_abs=0
LAYER tail coefficient adjoints rel_l2=0 max_abs=0
LAYER tail coefficient adjoints rel_l2=0 max_abs=0
LAYER tail coefficient adjoints rel_l2=0 max_abs=0
LAYER tail coefficient adjoints rel_l2=0 max_abs=0
LAYER tail coefficient adjoints rel_l2=0 max_abs=0
LAYER tail mixing rel_l2=0 max_abs=0
LAYER tail RMS rel_l2=0 max_abs=0
LAYER tail RMS backward rel_l2=1.03375596e-07 max_abs=2.38859006e-06
LAYER tail shared GELU gradient rel_l2=0 max_abs=0
LAYER suffix FP8 MLP product rel_l2=0 max_abs=0
LAYER suffix FP8 MLP product rel_l2=0 max_abs=0
LAYER suffix FP8 MLP product rel_l2=2.32612636e-08 max_abs=4.76837158e-07
LAYER suffix FP8 MLP product rel_l2=0 max_abs=0
LAYER suffix FP8 MLP product rel_l2=0 max_abs=0
LAYER suffix FP8 MLP product rel_l2=0 max_abs=0
LAYER suffix RMS rel_l2=0 max_abs=0
LAYER suffix RMS backward rel_l2=1.02414611e-07 max_abs=4.29955246e-07
LAYER suffix residual rel_l2=0 max_abs=0
LAYER suffix residual coefficient rel_l2=0 max_abs=0
LAYER suffix MLP coefficient rel_l2=0 max_abs=0
LAYER FP8 projection/product rel_l2=0 max_abs=0
LAYER FP8 projection/product rel_l2=0 max_abs=0
LAYER FP8 projection/product rel_l2=0 max_abs=0
LAYER BF16 projection/product rel_l2=0 max_abs=0
LAYER BF16 projection/product rel_l2=6.89609072e-07 max_abs=7.62939453e-06
LAYER BF16 projection/product rel_l2=0 max_abs=0
LAYER Q transform rel_l2=0 max_abs=0
LAYER K transform rel_l2=0 max_abs=0
LAYER V transform rel_l2=0 max_abs=0
LAYER attention Y rel_l2=0 max_abs=0
LAYER attention dQ rel_l2=0 max_abs=0
LAYER attention dK rel_l2=0 max_abs=0
LAYER attention dV rel_l2=4.7520135e-08 max_abs=2.99442382e-08
LAYER post Y rel_l2=0 max_abs=0
LAYER post finite difference rel_l2=0 max_abs=0
LAYER post dY rel_l2=0 max_abs=0
LAYER post dV side rel_l2=0 max_abs=0
LAYER post dAlpha rel_l2=0 max_abs=0
LAYER post dGate rel_l2=0 max_abs=0
LAYER QKV backward rel_l2=0 max_abs=0
LAYER gain gradients rel_l2=0 max_abs=0
LAYER BF16 projection/product rel_l2=0 max_abs=0
LAYER BF16 projection/product rel_l2=0 max_abs=0
LAYER BF16 projection/product rel_l2=0 max_abs=0
LAYER BF16 projection/product rel_l2=0 max_abs=0
LAYER BF16 projection/product rel_l2=0 max_abs=0
LAYER BF16 projection/product rel_l2=0 max_abs=0
LAYER last-layer GELU rel_l2=0 max_abs=0
LAYER last-layer coefficient affine rel_l2=1.49009244e-08 max_abs=1.49011612e-08
LAYER last-layer GELU backward rel_l2=0 max_abs=0
LAYER last-layer coefficient partial rel_l2=0 max_abs=0
LAYER last-layer coefficient partial rel_l2=0 max_abs=0
LAYER last-layer coefficient partial rel_l2=0 max_abs=0
LAYER last-layer coefficient partial rel_l2=0 max_abs=0
LAYER last-layer coefficient partial rel_l2=0 max_abs=0
LAYER last-layer coefficient partial rel_l2=0 max_abs=0
LAYER last-layer coefficient partial rel_l2=0 max_abs=0
LAYER last-layer coefficient partial rel_l2=0 max_abs=0
LAYER last-layer coefficient partial rel_l2=0 max_abs=0
LAYER last-layer coefficient partial rel_l2=0 max_abs=0
LAYER last-layer coefficient partial rel_l2=0 max_abs=0
LAYER last-layer residual mix rel_l2=0 max_abs=0
LAYER last-layer residual mix rel_l2=0 max_abs=0
LAYER last-layer residual mix rel_l2=0 max_abs=0
LAYER last-layer shared RMS rel_l2=0 max_abs=0
LAYER last-layer shared RMS backward rel_l2=1.04719148e-07 max_abs=9.07808775e-07
LAYER layer-nine FP8 product rel_l2=0 max_abs=0
LAYER layer-nine FP8 product rel_l2=0 max_abs=0
LAYER layer-nine FP8 product rel_l2=2.28309578e-08 max_abs=9.53674316e-07
LAYER layer-nine FP8 product rel_l2=0 max_abs=0
LAYER layer-nine FP8 product rel_l2=0 max_abs=0
LAYER layer-nine FP8 product rel_l2=0 max_abs=0
LAYER layer-nine pre-MLP residual rel_l2=0 max_abs=0
LAYER layer-nine post-MLP residual rel_l2=0 max_abs=0
LAYER layer-nine RMS rel_l2=0 max_abs=0
LAYER layer-nine RMS backward rel_l2=0 max_abs=0
LAYER layer-nine bigram gate rel_l2=0 max_abs=0
LAYER layer-nine scalar gradients rel_l2=0 max_abs=0
LAYER_NINE PASS tokens=16 vocabulary=2048 workers=17 step=2 tasks=9121 phases=106
LOSS FP64 max_loss=4.32300904e-07 max_raw_gradient=0.000750899119
LOSS FP64 max_descaled_gradient=9.82098119e-09 gradient_rel_l2=1.36443855e-07
LOSS pinned CUDA max_loss=0 gradient_rel_l2=0 changed_codes=0/32768
HEAD product=0 M=16 N=2048 K=768 rel_l2=2.23050009e-08 max_abs=4.76837158e-07
HEAD product=1 M=16 N=768 K=2048 rel_l2=1.08598118e-07 max_abs=2.32830644e-09
HEAD product=2 M=768 N=2048 K=16 rel_l2=1.90776046e-08 max_abs=2.98023224e-08
LAYER BF16 projection/product rel_l2=7.03007234e-07 max_abs=7.74860382e-07
LAYER BF16 projection/product rel_l2=7.65552145e-08 max_abs=1.49011612e-08
LAYER BF16 projection/product rel_l2=7.78508402e-08 max_abs=2.98023224e-08
LAYER BF16 projection/product rel_l2=3.30919835e-08 max_abs=4.65661287e-10
LAYER BF16 projection/product rel_l2=7.81907772e-08 max_abs=4.65661287e-10
LAYER BF16 projection/product rel_l2=8.4022977e-08 max_abs=3.49245965e-10
LAYER BF16 projection/product rel_l2=3.75805834e-08 max_abs=4.65661287e-10
LAYER BF16 projection/product rel_l2=3.20566041e-08 max_abs=1.86264515e-09
LAYER BF16 projection/product rel_l2=3.79801559e-08 max_abs=9.31322575e-10
LAYER tail forward gate rel_l2=3.77292009e-08 max_abs=2.86051905e-08
LAYER tail forward gate rel_l2=1.96521817e-08 max_abs=1.94850145e-08
LAYER tail forward gate rel_l2=2.57135438e-08 max_abs=8.80390871e-10
LAYER tail coefficient adjoints rel_l2=4.2366197e-08 max_abs=3.02679837e-09
LAYER tail coefficient adjoints rel_l2=3.7234029e-08 max_abs=1.97906047e-09
LAYER tail coefficient adjoints rel_l2=3.74920336e-08 max_abs=2.44472176e-09
LAYER tail coefficient adjoints rel_l2=4.06190443e-08 max_abs=2.0081643e-09
LAYER tail coefficient adjoints rel_l2=4.23138932e-08 max_abs=2.79396772e-09
LAYER tail coefficient adjoints rel_l2=3.81518413e-08 max_abs=2.27009878e-09
LAYER tail coefficient adjoints rel_l2=3.21801675e-08 max_abs=1.86264515e-09
LAYER tail coefficient adjoints rel_l2=3.86128545e-08 max_abs=1.86264515e-09
LAYER tail coefficient adjoints rel_l2=3.64672715e-08 max_abs=1.02445483e-08
LAYER tail coefficient adjoints rel_l2=4.00836616e-08 max_abs=1.3038516e-08
LAYER tail mixing rel_l2=5.7428841e-08 max_abs=1.07102096e-07
LAYER tail RMS rel_l2=4.7444122e-08 max_abs=3.5279451e-07
LAYER tail RMS backward rel_l2=5.64634257e-08 max_abs=4.85539554e-09
LAYER tail shared GELU gradient rel_l2=4.71532204e-08 max_abs=5.39921836e-10
LAYER suffix FP8 MLP product rel_l2=2.60972017e-08 max_abs=2.38418579e-07
LAYER suffix FP8 MLP product rel_l2=1.17197208e-07 max_abs=1.78813934e-07
LAYER suffix FP8 MLP product rel_l2=1.81222211e-08 max_abs=9.31322575e-10
LAYER suffix FP8 MLP product rel_l2=7.16297178e-08 max_abs=4.65661287e-10
LAYER suffix FP8 MLP product rel_l2=3.32130406e-09 max_abs=3.7252903e-09
LAYER suffix FP8 MLP product rel_l2=3.27996494e-09 max_abs=3.7252903e-09
LAYER suffix RMS rel_l2=4.63811372e-08 max_abs=3.11272255e-07
LAYER suffix RMS backward rel_l2=5.27938392e-08 max_abs=1.76521701e-09
LAYER suffix residual rel_l2=1.69526565e-09 max_abs=1.49011612e-08
LAYER suffix residual coefficient rel_l2=1.07206428e-07 max_abs=6.57018973e-09
LAYER suffix MLP coefficient rel_l2=8.12666466e-08 max_abs=5.41331246e-09
LAYER FP8 projection/product rel_l2=2.86496723e-08 max_abs=2.38418579e-07
LAYER FP8 projection/product rel_l2=0 max_abs=0
LAYER FP8 projection/product rel_l2=1.30144864e-08 max_abs=5.82076609e-11
LAYER BF16 projection/product rel_l2=6.29581294e-07 max_abs=1.49011612e-07
LAYER BF16 projection/product rel_l2=7.10905816e-07 max_abs=2.04890966e-08
LAYER BF16 projection/product rel_l2=4.89997381e-08 max_abs=6.98491931e-10
LAYER Q transform rel_l2=0 max_abs=0
LAYER K transform rel_l2=4.06881812e-12 max_abs=4.51109372e-10
LAYER V transform rel_l2=0 max_abs=0
LAYER attention Y rel_l2=5.35049346e-08 max_abs=2.05391444e-07
LAYER attention dQ rel_l2=1.56162749e-07 max_abs=9.01047051e-11
LAYER attention dK rel_l2=1.54774007e-07 max_abs=9.53027638e-11
LAYER attention dV rel_l2=7.77650325e-08 max_abs=2.1859252e-10
LAYER post Y rel_l2=0 max_abs=0
LAYER post finite difference rel_l2=2.24408179e-12 max_abs=4.80865348e-14
LAYER post dY rel_l2=0 max_abs=0
LAYER post dV side rel_l2=0 max_abs=0
LAYER post dAlpha rel_l2=0 max_abs=0
LAYER post dGate rel_l2=4.3670796e-08 max_abs=3.37604433e-09
LAYER QKV backward rel_l2=2.63331978e-08 max_abs=9.85681968e-11
LAYER gain gradients rel_l2=9.21441659e-08 max_abs=4.20846424e-09
LAYER BF16 projection/product rel_l2=6.8775324e-07 max_abs=7.74860382e-07
LAYER BF16 projection/product rel_l2=8.29808521e-08 max_abs=2.98023224e-08
LAYER BF16 projection/product rel_l2=5.72958531e-08 max_abs=2.32830644e-10
LAYER BF16 projection/product rel_l2=8.70757189e-08 max_abs=1.16415322e-10
LAYER BF16 projection/product rel_l2=3.42955985e-08 max_abs=2.32830644e-10
LAYER BF16 projection/product rel_l2=3.78852294e-08 max_abs=9.31322575e-10
LAYER last-layer GELU rel_l2=4.02356983e-08 max_abs=2.66619298e-08
LAYER last-layer coefficient affine rel_l2=2.43263451e-08 max_abs=5.66174094e-08
LAYER last-layer GELU backward rel_l2=4.59971421e-08 max_abs=1.67387386e-10
LAYER last-layer coefficient partial rel_l2=8.87455859e-08 max_abs=6.05359674e-09
LAYER last-layer coefficient partial rel_l2=4.2943761e-08 max_abs=6.28642738e-09
LAYER last-layer coefficient partial rel_l2=7.86228993e-08 max_abs=1.03955244e-08
LAYER last-layer coefficient partial rel_l2=5.93689099e-08 max_abs=1.79170456e-10
LAYER last-layer coefficient partial rel_l2=7.53722183e-08 max_abs=1.10958354e-10
LAYER last-layer coefficient partial rel_l2=3.31071233e-08 max_abs=1.29489308e-10
LAYER last-layer coefficient partial rel_l2=5.06958954e-08 max_abs=1.60582658e-10
LAYER last-layer coefficient partial rel_l2=8.67486222e-08 max_abs=5.12227416e-09
LAYER last-layer coefficient partial rel_l2=6.70270511e-08 max_abs=1.44063961e-09
LAYER last-layer coefficient partial rel_l2=4.45703232e-08 max_abs=7.39237294e-09
LAYER last-layer coefficient partial rel_l2=5.53909011e-08 max_abs=8.38190317e-09
LAYER last-layer residual mix rel_l2=2.39186631e-08 max_abs=4.47034836e-08
LAYER last-layer residual mix rel_l2=5.7576249e-09 max_abs=5.82076609e-10
LAYER last-layer residual mix rel_l2=2.55995453e-08 max_abs=4.47034836e-08
LAYER last-layer shared RMS rel_l2=5.11784047e-08 max_abs=4.62657687e-07
LAYER last-layer shared RMS backward rel_l2=5.42183627e-08 max_abs=3.54396813e-10
LAYER layer-nine FP8 product rel_l2=2.51448847e-08 max_abs=2.38418579e-07
LAYER layer-nine FP8 product rel_l2=1.17327866e-07 max_abs=1.1920929e-07
LAYER layer-nine FP8 product rel_l2=1.8865498e-08 max_abs=9.31322575e-10
LAYER layer-nine FP8 product rel_l2=7.39513365e-08 max_abs=9.31322575e-10
LAYER layer-nine FP8 product rel_l2=2.63204464e-09 max_abs=3.7252903e-09
LAYER layer-nine FP8 product rel_l2=3.55696436e-09 max_abs=7.4505806e-09
LAYER layer-nine pre-MLP residual rel_l2=6.65824082e-09 max_abs=1.49011612e-08
LAYER layer-nine post-MLP residual rel_l2=0 max_abs=0
LAYER layer-nine RMS rel_l2=4.32949096e-08 max_abs=2.74257737e-07
LAYER layer-nine RMS backward rel_l2=4.84276295e-08 max_abs=4.31033598e-09
LAYER layer-nine bigram gate rel_l2=7.76103563e-08 max_abs=8.73114914e-09
LAYER layer-nine scalar gradients rel_l2=1.35439892e-07 max_abs=5.06142896e-08
LAYER_NINE PASS tokens=16 vocabulary=2048 workers=17 step=3 tasks=9121 phases=106
PASS: folded layer-nine MLP and scalar/bigram adjoints connected through last-layer loss; earlier body and compiled parity remain
========= ERROR SUMMARY: 0 errors

Static SASS instruction counts for _ZN4nano10megakernelILb0ELb0ELb1ELb1ELb0ELb1ELb1ELb1EEEvNS_5GraphE: {'HMMA': 104, 'HGMMA': 0, 'LDGSTS': 84, 'LDL': 28, 'STL': 8}
Static SASS instruction counts for _ZN4nano10megakernelILb0ELb0ELb1ELb1ELb0ELb1ELb0ELb0EEEvNS_5GraphE: {'HMMA': 56, 'HGMMA': 0, 'LDGSTS': 56, 'LDL': 0, 'STL': 0}
Static SASS instruction counts for _ZN4nano10megakernelILb0ELb0ELb1ELb1ELb1ELb1ELb0ELb0EEEvNS_5GraphE: {'HMMA': 56, 'HGMMA': 0, 'LDGSTS': 56, 'LDL': 0, 'STL': 0}
Static SASS instruction counts for _ZN4nano10megakernelILb0ELb0ELb0ELb1ELb0ELb0ELb1ELb1EEEvNS_5GraphE: {'HMMA': 104, 'HGMMA': 0, 'LDGSTS': 84, 'LDL': 24, 'STL': 4}
Static SASS instruction counts for _ZN4nano10megakernelILb0ELb0ELb0ELb1ELb0ELb0ELb0ELb1EEEvNS_5GraphE: {'HMMA': 104, 'HGMMA': 0, 'LDGSTS': 84, 'LDL': 12, 'STL': 7}