sha256 36d49c22337a369d6212ad7690c05500669567164234f3e8f353bca9a8ebeb68 Makefile
sha256 eb06974923cac3b88974a51b780937a0b2e3eb4994cd63ed93bef5b3465afd56 attention.cu
sha256 e35258002dec8809bcba72c8b7537e539592f03d16004334a312c9132841a6c6 attention.cuh
sha256 27d710da211d259c85d64fbbd7db383565758285686f078ee7b90fea38a70c6d bench.cuh
sha256 6eb043b0deec41825720d6ba638468d9aec856a01cb2b9dec6c23a28ffe49a81 frontier.cuh
sha256 6c7816f88d3635a7a72d3db3eb5fb7b09dd04f5350db0b76e7769ec0b570e361 hopper.cuh
sha256 b19b1442ff2453dbd29a58e393af5bcf691e65402660267912d1da9e35c622ba megakernel.cuh
sha256 2cfe05bf690ca0783fddd52ff5337f292baff00fd328c5d851d55264aadddf36 qkv.cuh
sha256 cef57ceb07ba44e55effc962c75d7f96485a7f1b80a5555438c99016553708d9 quantize.cu
sha256 f2bff3dccf7c4d0f34cf0013fecc638bf73931d93eb069f5791551950ad2a43b tokenizer.cpp
sha256 6162af3343d30737858843abf1b3e930bee0e4af510aa75df73a810816d39da9 transport.cu
sha256 4c74b0dba9a3a754d4fff90f9cab402ed715067484f50079efdc703ddb8ef6fe validate.cu
$ nvidia-smi
Sat Sep 19 03:19:40 2026       
+-----------------------------------------------------------------------------------------+
| NVIDIA-SMI 580.95.05              Driver Version: 580.95.05      CUDA Version: 13.0     |
+-----------------------------------------+------------------------+----------------------+
| GPU  Name                 Persistence-M | Bus-Id          Disp.A | Volatile Uncorr. ECC |
| Fan  Temp   Perf          Pwr:Usage/Cap |           Memory-Usage | GPU-Util  Compute M. |
|                                         |                        |               MIG M. |
|=========================================+========================+======================|
|   0  NVIDIA H100 80GB HBM3          On  |   00000000:85:00.0 Off |                    0 |
| N/A   33C    P0             71W /  700W |       4MiB /  81559MiB |      0%      Default |
|                                         |                        |             Disabled |
+-----------------------------------------+------------------------+----------------------+

+-----------------------------------------------------------------------------------------+
| Processes:                                                                              |
|  GPU   GI   CI              PID   Type   Process name                        GPU Memory |
|        ID   ID                                                               Usage      |
|=========================================================================================|
|  No running processes found                                                             |
+-----------------------------------------------------------------------------------------+

$ nvcc --version
nvcc: NVIDIA (R) Cuda compiler driver
Copyright (c) 2005-2025 NVIDIA Corporation
Built on Fri_Feb_21_20:23:50_PST_2025
Cuda compilation tools, release 12.8, V12.8.93
Build cuda_12.8.r12.8/compiler.35583870_0

$ make -C /workspace/cuda validate
make: Entering directory '/workspace/cuda'
nvcc -std=c++17 -O3 -arch=sm_90a -lineinfo -Xptxas=-v,-warn-spills -DNANO_TRANSPOSE_PAD=4 -DNANO_REUSE_QUANT=1 -DNANO_MIN_BLOCKS=4 -DNANO_ALIGNED=1 -DNANO_K_LOOP=1 -DNANO_FRONTIER=1 validate.cu -lcublas -o validate
ptxas info    : 0 bytes gmem
ptxas info    : Compiling entry function '_ZN4nano10megakernelILb1ELb1ELb0EEEvNS_5GraphE' for 'sm_90a'
ptxas info    : Function properties for _ZN4nano10megakernelILb1ELb1ELb0EEEvNS_5GraphE
    0 bytes stack frame, 0 bytes spill stores, 0 bytes spill loads
ptxas info    : Used 115 registers, used 1 barriers, 32776 bytes smem
ptxas info    : Compile time = 327.698 ms
ptxas info    : Compiling entry function '_ZN4nano10megakernelILb0ELb1ELb0EEEvNS_5GraphE' for 'sm_90a'
ptxas info    : Function properties for _ZN4nano10megakernelILb0ELb1ELb0EEEvNS_5GraphE
    0 bytes stack frame, 0 bytes spill stores, 0 bytes spill loads
ptxas info    : Used 111 registers, used 1 barriers, 32776 bytes smem
ptxas info    : Compile time = 315.630 ms
ptxas info    : Compiling entry function '_ZN4nano10megakernelILb1ELb0ELb0EEEvNS_5GraphE' for 'sm_90a'
ptxas info    : Function properties for _ZN4nano10megakernelILb1ELb0ELb0EEEvNS_5GraphE
    0 bytes stack frame, 0 bytes spill stores, 0 bytes spill loads
ptxas info    : Used 96 registers, used 1 barriers, 32776 bytes smem
ptxas info    : Compile time = 387.581 ms
ptxas info    : Compiling entry function '_ZN4nano10megakernelILb0ELb0ELb0EEEvNS_5GraphE' for 'sm_90a'
ptxas info    : Function properties for _ZN4nano10megakernelILb0ELb0ELb0EEEvNS_5GraphE
    0 bytes stack frame, 0 bytes spill stores, 0 bytes spill loads
ptxas info    : Used 94 registers, used 1 barriers, 32776 bytes smem
ptxas info    : Compile time = 379.560 ms
ptxas info    : Compiling entry function '_Z13staged_kernelILb0EEvN4nano6MatmulE' for 'sm_90a'
ptxas info    : Function properties for _Z13staged_kernelILb0EEvN4nano6MatmulE
    0 bytes stack frame, 0 bytes spill stores, 0 bytes spill loads
ptxas info    : Used 125 registers, used 1 barriers, 32768 bytes smem
ptxas info    : Compile time = 2911.753 ms
ptxas info    : Compiling entry function '_Z13staged_kernelILb1EEvN4nano6MatmulE' for 'sm_90a'
ptxas info    : Function properties for _Z13staged_kernelILb1EEvN4nano6MatmulE
    0 bytes stack frame, 0 bytes spill stores, 0 bytes spill loads
ptxas info    : Used 95 registers, used 1 barriers, 32768 bytes smem
ptxas info    : Compile time = 2309.589 ms
ptxas info    : Compiling entry function '_Z18reference_epiloguePKfN4nano6MatmulE' for 'sm_90a'
ptxas info    : Function properties for _Z18reference_epiloguePKfN4nano6MatmulE
    0 bytes stack frame, 0 bytes spill stores, 0 bytes spill loads
ptxas info    : Used 17 registers, used 0 barriers
ptxas info    : Compile time = 11.997 ms
ptxas info    : Compiling entry function '_Z6unpackPK13__nv_fp8_e4m3Pfib' for 'sm_90a'
ptxas info    : Function properties for _Z6unpackPK13__nv_fp8_e4m3Pfib
    0 bytes stack frame, 0 bytes spill stores, 0 bytes spill loads
ptxas info    : Used 10 registers, used 0 barriers
ptxas info    : Compile time = 2.048 ms
make: Leaving directory '/workspace/cuda'

$ /workspace/cuda/validate --main-shapes --gradient-chunk=4096
GPU=NVIDIA H100 80GB HBM3 SMs=132 CUDA_runtime=12080
megakernel registers=111 static_shared=32776 local_bytes=0
resident_blocks_per_SM=4
operand_K=128
scheduler=ready_first
operand_stages=2
target=PR360 commit=c924f68e4d72e80307fc27a7bb3a55cfb6ad43c7 MLP=E4M3/E5M2 width=2816; component only
shape M=7 C=17 H=33 workers=1 seed=42 zeros=0 gradient_chunk=64
audit: every task executed once; gradient_tasks_before_all_roots=0
  raw    rel_l2=0 max_abs=0 different=0/231
  raw    rel_l2=0 max_abs=0 different=0/231
  post   rel_l2=0 max_abs=0 different=0/231
  dpre   rel_l2=0 max_abs=0 different=0/231
  post.T rel_l2=0 max_abs=0 different=0/231
  dpre.T rel_l2=0 max_abs=0 different=0/231
  y      rel_l2=0 max_abs=0 different=0/119
  dx     rel_l2=0 max_abs=0 different=0/119
  dw1    rel_l2=0 max_abs=0 different=0/561
  dw2    rel_l2=0 max_abs=0 different=0/561
  dw1.chunk rel_l2=0 max_abs=0 different=0/561
  dw2.chunk rel_l2=0 max_abs=0 different=0/561
production specialization after reset:
  raw    rel_l2=0 max_abs=0 different=0/231
  post   rel_l2=0 max_abs=0 different=0/231
  dpre   rel_l2=0 max_abs=0 different=0/231
  post.T rel_l2=0 max_abs=0 different=0/231
  dpre.T rel_l2=0 max_abs=0 different=0/231
  y      rel_l2=0 max_abs=0 different=0/119
  dx     rel_l2=0 max_abs=0 different=0/119
  dw1    rel_l2=0 max_abs=0 different=0/561
  dw2    rel_l2=0 max_abs=0 different=0/561
shape M=129 C=96 H=160 workers=1 seed=1337 zeros=0 gradient_chunk=64
audit: every task executed once; gradient_tasks_before_all_roots=28
  raw    rel_l2=0 max_abs=0 different=0/20640
  raw    rel_l2=0 max_abs=0 different=0/20640
  post   rel_l2=0 max_abs=0 different=0/20640
  dpre   rel_l2=0 max_abs=0 different=0/20640
  post.T rel_l2=0 max_abs=0 different=0/20640
  dpre.T rel_l2=0 max_abs=0 different=0/20640
  y      rel_l2=0 max_abs=0 different=0/12384
  dx     rel_l2=0 max_abs=0 different=0/12384
  dw1    rel_l2=0 max_abs=0 different=0/15360
  dw2    rel_l2=0 max_abs=0 different=0/15360
  dw1.chunk rel_l2=0 max_abs=0 different=0/15360
  dw2.chunk rel_l2=0 max_abs=0 different=0/15360
production specialization after reset:
  raw    rel_l2=0 max_abs=0 different=0/20640
  post   rel_l2=0 max_abs=0 different=0/20640
  dpre   rel_l2=0 max_abs=0 different=0/20640
  post.T rel_l2=0 max_abs=0 different=0/20640
  dpre.T rel_l2=0 max_abs=0 different=0/20640
  y      rel_l2=0 max_abs=0 different=0/12384
  dx     rel_l2=0 max_abs=0 different=0/12384
  dw1    rel_l2=0 max_abs=0 different=0/15360
  dw2    rel_l2=0 max_abs=0 different=0/15360
shape M=65 C=32 H=64 workers=1 seed=2 zeros=1 gradient_chunk=64
audit: every task executed once; gradient_tasks_before_all_roots=0
  raw    rel_l2=0 max_abs=0 different=0/4160
  raw    rel_l2=0 max_abs=0 different=0/4160
  post   rel_l2=0 max_abs=0 different=0/4160
  dpre   rel_l2=0 max_abs=0 different=0/4160
  post.T rel_l2=0 max_abs=0 different=0/4160
  dpre.T rel_l2=0 max_abs=0 different=0/4160
  y      rel_l2=0 max_abs=0 different=0/2080
  dx     rel_l2=0 max_abs=0 different=0/2080
  dw1    rel_l2=0 max_abs=0 different=0/2048
  dw2    rel_l2=0 max_abs=0 different=0/2048
  dw1.chunk rel_l2=0 max_abs=0 different=0/2048
  dw2.chunk rel_l2=0 max_abs=0 different=0/2048
production specialization after reset:
  raw    rel_l2=0 max_abs=0 different=0/4160
  post   rel_l2=0 max_abs=0 different=0/4160
  dpre   rel_l2=0 max_abs=0 different=0/4160
  post.T rel_l2=0 max_abs=0 different=0/4160
  dpre.T rel_l2=0 max_abs=0 different=0/4160
  y      rel_l2=0 max_abs=0 different=0/2080
  dx     rel_l2=0 max_abs=0 different=0/2080
  dw1    rel_l2=0 max_abs=0 different=0/2048
  dw2    rel_l2=0 max_abs=0 different=0/2048
shape M=256 C=128 H=256 workers=1 seed=1337 zeros=0 gradient_chunk=4096
audit: every task executed once; gradient_tasks_before_all_roots=6
  post   rel_l2=0 max_abs=0 different=0/65536
  dpre   rel_l2=0 max_abs=0 different=0/65536
  post.T rel_l2=0 max_abs=0 different=0/65536
  dpre.T rel_l2=0 max_abs=0 different=0/65536
  y      rel_l2=0 max_abs=0 different=0/32768
  dx     rel_l2=0 max_abs=0 different=0/32768
  dw1    rel_l2=1.5333805e-05 max_abs=0.00048828125 different=1/32768
  dw2    rel_l2=0 max_abs=0 different=0/32768
  dw1.chunk rel_l2=0 max_abs=0 different=0/32768
  dw2.chunk rel_l2=0 max_abs=0 different=0/32768
production specialization after reset:
  post   rel_l2=0 max_abs=0 different=0/65536
  dpre   rel_l2=0 max_abs=0 different=0/65536
  post.T rel_l2=0 max_abs=0 different=0/65536
  dpre.T rel_l2=0 max_abs=0 different=0/65536
  y      rel_l2=0 max_abs=0 different=0/32768
  dx     rel_l2=0 max_abs=0 different=0/32768
  dw1    rel_l2=1.5333805e-05 max_abs=0.00048828125 different=1/32768
  dw2    rel_l2=0 max_abs=0 different=0/32768
shape M=7 C=17 H=33 workers=7 seed=42 zeros=0 gradient_chunk=64
audit: every task executed once; gradient_tasks_before_all_roots=0
  raw    rel_l2=0 max_abs=0 different=0/231
  raw    rel_l2=0 max_abs=0 different=0/231
  post   rel_l2=0 max_abs=0 different=0/231
  dpre   rel_l2=0 max_abs=0 different=0/231
  post.T rel_l2=0 max_abs=0 different=0/231
  dpre.T rel_l2=0 max_abs=0 different=0/231
  y      rel_l2=0 max_abs=0 different=0/119
  dx     rel_l2=0 max_abs=0 different=0/119
  dw1    rel_l2=0 max_abs=0 different=0/561
  dw2    rel_l2=0 max_abs=0 different=0/561
  dw1.chunk rel_l2=0 max_abs=0 different=0/561
  dw2.chunk rel_l2=0 max_abs=0 different=0/561
production specialization after reset:
  raw    rel_l2=0 max_abs=0 different=0/231
  post   rel_l2=0 max_abs=0 different=0/231
  dpre   rel_l2=0 max_abs=0 different=0/231
  post.T rel_l2=0 max_abs=0 different=0/231
  dpre.T rel_l2=0 max_abs=0 different=0/231
  y      rel_l2=0 max_abs=0 different=0/119
  dx     rel_l2=0 max_abs=0 different=0/119
  dw1    rel_l2=0 max_abs=0 different=0/561
  dw2    rel_l2=0 max_abs=0 different=0/561
shape M=129 C=96 H=160 workers=7 seed=1337 zeros=0 gradient_chunk=64
audit: every task executed once; gradient_tasks_before_all_roots=1
  raw    rel_l2=0 max_abs=0 different=0/20640
  raw    rel_l2=0 max_abs=0 different=0/20640
  post   rel_l2=0 max_abs=0 different=0/20640
  dpre   rel_l2=0 max_abs=0 different=0/20640
  post.T rel_l2=0 max_abs=0 different=0/20640
  dpre.T rel_l2=0 max_abs=0 different=0/20640
  y      rel_l2=0 max_abs=0 different=0/12384
  dx     rel_l2=0 max_abs=0 different=0/12384
  dw1    rel_l2=0 max_abs=0 different=0/15360
  dw2    rel_l2=0 max_abs=0 different=0/15360
  dw1.chunk rel_l2=0 max_abs=0 different=0/15360
  dw2.chunk rel_l2=0 max_abs=0 different=0/15360
production specialization after reset:
  raw    rel_l2=0 max_abs=0 different=0/20640
  post   rel_l2=0 max_abs=0 different=0/20640
  dpre   rel_l2=0 max_abs=0 different=0/20640
  post.T rel_l2=0 max_abs=0 different=0/20640
  dpre.T rel_l2=0 max_abs=0 different=0/20640
  y      rel_l2=0 max_abs=0 different=0/12384
  dx     rel_l2=0 max_abs=0 different=0/12384
  dw1    rel_l2=0 max_abs=0 different=0/15360
  dw2    rel_l2=0 max_abs=0 different=0/15360
shape M=65 C=32 H=64 workers=7 seed=2 zeros=1 gradient_chunk=64
audit: every task executed once; gradient_tasks_before_all_roots=0
  raw    rel_l2=0 max_abs=0 different=0/4160
  raw    rel_l2=0 max_abs=0 different=0/4160
  post   rel_l2=0 max_abs=0 different=0/4160
  dpre   rel_l2=0 max_abs=0 different=0/4160
  post.T rel_l2=0 max_abs=0 different=0/4160
  dpre.T rel_l2=0 max_abs=0 different=0/4160
  y      rel_l2=0 max_abs=0 different=0/2080
  dx     rel_l2=0 max_abs=0 different=0/2080
  dw1    rel_l2=0 max_abs=0 different=0/2048
  dw2    rel_l2=0 max_abs=0 different=0/2048
  dw1.chunk rel_l2=0 max_abs=0 different=0/2048
  dw2.chunk rel_l2=0 max_abs=0 different=0/2048
production specialization after reset:
  raw    rel_l2=0 max_abs=0 different=0/4160
  post   rel_l2=0 max_abs=0 different=0/4160
  dpre   rel_l2=0 max_abs=0 different=0/4160
  post.T rel_l2=0 max_abs=0 different=0/4160
  dpre.T rel_l2=0 max_abs=0 different=0/4160
  y      rel_l2=0 max_abs=0 different=0/2080
  dx     rel_l2=0 max_abs=0 different=0/2080
  dw1    rel_l2=0 max_abs=0 different=0/2048
  dw2    rel_l2=0 max_abs=0 different=0/2048
shape M=256 C=128 H=256 workers=7 seed=1337 zeros=0 gradient_chunk=4096
audit: every task executed once; gradient_tasks_before_all_roots=5
  post   rel_l2=0 max_abs=0 different=0/65536
  dpre   rel_l2=0 max_abs=0 different=0/65536
  post.T rel_l2=0 max_abs=0 different=0/65536
  dpre.T rel_l2=0 max_abs=0 different=0/65536
  y      rel_l2=0 max_abs=0 different=0/32768
  dx     rel_l2=0 max_abs=0 different=0/32768
  dw1    rel_l2=1.5333805e-05 max_abs=0.00048828125 different=1/32768
  dw2    rel_l2=0 max_abs=0 different=0/32768
  dw1.chunk rel_l2=0 max_abs=0 different=0/32768
  dw2.chunk rel_l2=0 max_abs=0 different=0/32768
production specialization after reset:
  post   rel_l2=0 max_abs=0 different=0/65536
  dpre   rel_l2=0 max_abs=0 different=0/65536
  post.T rel_l2=0 max_abs=0 different=0/65536
  dpre.T rel_l2=0 max_abs=0 different=0/65536
  y      rel_l2=0 max_abs=0 different=0/32768
  dx     rel_l2=0 max_abs=0 different=0/32768
  dw1    rel_l2=1.5333805e-05 max_abs=0.00048828125 different=1/32768
  dw2    rel_l2=0 max_abs=0 different=0/32768
shape M=7 C=17 H=33 workers=132 seed=42 zeros=0 gradient_chunk=64
audit: every task executed once; gradient_tasks_before_all_roots=0
  raw    rel_l2=0 max_abs=0 different=0/231
  raw    rel_l2=0 max_abs=0 different=0/231
  post   rel_l2=0 max_abs=0 different=0/231
  dpre   rel_l2=0 max_abs=0 different=0/231
  post.T rel_l2=0 max_abs=0 different=0/231
  dpre.T rel_l2=0 max_abs=0 different=0/231
  y      rel_l2=0 max_abs=0 different=0/119
  dx     rel_l2=0 max_abs=0 different=0/119
  dw1    rel_l2=0 max_abs=0 different=0/561
  dw2    rel_l2=0 max_abs=0 different=0/561
  dw1.chunk rel_l2=0 max_abs=0 different=0/561
  dw2.chunk rel_l2=0 max_abs=0 different=0/561
production specialization after reset:
  raw    rel_l2=0 max_abs=0 different=0/231
  post   rel_l2=0 max_abs=0 different=0/231
  dpre   rel_l2=0 max_abs=0 different=0/231
  post.T rel_l2=0 max_abs=0 different=0/231
  dpre.T rel_l2=0 max_abs=0 different=0/231
  y      rel_l2=0 max_abs=0 different=0/119
  dx     rel_l2=0 max_abs=0 different=0/119
  dw1    rel_l2=0 max_abs=0 different=0/561
  dw2    rel_l2=0 max_abs=0 different=0/561
shape M=129 C=96 H=160 workers=132 seed=1337 zeros=0 gradient_chunk=64
audit: every task executed once; gradient_tasks_before_all_roots=0
  raw    rel_l2=0 max_abs=0 different=0/20640
  raw    rel_l2=0 max_abs=0 different=0/20640
  post   rel_l2=0 max_abs=0 different=0/20640
  dpre   rel_l2=0 max_abs=0 different=0/20640
  post.T rel_l2=0 max_abs=0 different=0/20640
  dpre.T rel_l2=0 max_abs=0 different=0/20640
  y      rel_l2=0 max_abs=0 different=0/12384
  dx     rel_l2=0 max_abs=0 different=0/12384
  dw1    rel_l2=0 max_abs=0 different=0/15360
  dw2    rel_l2=0 max_abs=0 different=0/15360
  dw1.chunk rel_l2=0 max_abs=0 different=0/15360
  dw2.chunk rel_l2=0 max_abs=0 different=0/15360
production specialization after reset:
  raw    rel_l2=0 max_abs=0 different=0/20640
  post   rel_l2=0 max_abs=0 different=0/20640
  dpre   rel_l2=0 max_abs=0 different=0/20640
  post.T rel_l2=0 max_abs=0 different=0/20640
  dpre.T rel_l2=0 max_abs=0 different=0/20640
  y      rel_l2=0 max_abs=0 different=0/12384
  dx     rel_l2=0 max_abs=0 different=0/12384
  dw1    rel_l2=0 max_abs=0 different=0/15360
  dw2    rel_l2=0 max_abs=0 different=0/15360
shape M=65 C=32 H=64 workers=132 seed=2 zeros=1 gradient_chunk=64
audit: every task executed once; gradient_tasks_before_all_roots=0
  raw    rel_l2=0 max_abs=0 different=0/4160
  raw    rel_l2=0 max_abs=0 different=0/4160
  post   rel_l2=0 max_abs=0 different=0/4160
  dpre   rel_l2=0 max_abs=0 different=0/4160
  post.T rel_l2=0 max_abs=0 different=0/4160
  dpre.T rel_l2=0 max_abs=0 different=0/4160
  y      rel_l2=0 max_abs=0 different=0/2080
  dx     rel_l2=0 max_abs=0 different=0/2080
  dw1    rel_l2=0 max_abs=0 different=0/2048
  dw2    rel_l2=0 max_abs=0 different=0/2048
  dw1.chunk rel_l2=0 max_abs=0 different=0/2048
  dw2.chunk rel_l2=0 max_abs=0 different=0/2048
production specialization after reset:
  raw    rel_l2=0 max_abs=0 different=0/4160
  post   rel_l2=0 max_abs=0 different=0/4160
  dpre   rel_l2=0 max_abs=0 different=0/4160
  post.T rel_l2=0 max_abs=0 different=0/4160
  dpre.T rel_l2=0 max_abs=0 different=0/4160
  y      rel_l2=0 max_abs=0 different=0/2080
  dx     rel_l2=0 max_abs=0 different=0/2080
  dw1    rel_l2=0 max_abs=0 different=0/2048
  dw2    rel_l2=0 max_abs=0 different=0/2048
shape M=256 C=128 H=256 workers=132 seed=1337 zeros=0 gradient_chunk=4096
audit: every task executed once; gradient_tasks_before_all_roots=0
  post   rel_l2=0 max_abs=0 different=0/65536
  dpre   rel_l2=0 max_abs=0 different=0/65536
  post.T rel_l2=0 max_abs=0 different=0/65536
  dpre.T rel_l2=0 max_abs=0 different=0/65536
  y      rel_l2=0 max_abs=0 different=0/32768
  dx     rel_l2=0 max_abs=0 different=0/32768
  dw1    rel_l2=1.5333805e-05 max_abs=0.00048828125 different=1/32768
  dw2    rel_l2=0 max_abs=0 different=0/32768
  dw1.chunk rel_l2=0 max_abs=0 different=0/32768
  dw2.chunk rel_l2=0 max_abs=0 different=0/32768
production specialization after reset:
  post   rel_l2=0 max_abs=0 different=0/65536
  dpre   rel_l2=0 max_abs=0 different=0/65536
  post.T rel_l2=0 max_abs=0 different=0/65536
  dpre.T rel_l2=0 max_abs=0 different=0/65536
  y      rel_l2=0 max_abs=0 different=0/32768
  dx     rel_l2=0 max_abs=0 different=0/32768
  dw1    rel_l2=1.5333805e-05 max_abs=0.00048828125 different=1/32768
  dw2    rel_l2=0 max_abs=0 different=0/32768
shape M=7 C=17 H=33 workers=660 seed=42 zeros=0 gradient_chunk=64
audit: every task executed once; gradient_tasks_before_all_roots=0
  raw    rel_l2=0 max_abs=0 different=0/231
  raw    rel_l2=0 max_abs=0 different=0/231
  post   rel_l2=0 max_abs=0 different=0/231
  dpre   rel_l2=0 max_abs=0 different=0/231
  post.T rel_l2=0 max_abs=0 different=0/231
  dpre.T rel_l2=0 max_abs=0 different=0/231
  y      rel_l2=0 max_abs=0 different=0/119
  dx     rel_l2=0 max_abs=0 different=0/119
  dw1    rel_l2=0 max_abs=0 different=0/561
  dw2    rel_l2=0 max_abs=0 different=0/561
  dw1.chunk rel_l2=0 max_abs=0 different=0/561
  dw2.chunk rel_l2=0 max_abs=0 different=0/561
production specialization after reset:
  raw    rel_l2=0 max_abs=0 different=0/231
  post   rel_l2=0 max_abs=0 different=0/231
  dpre   rel_l2=0 max_abs=0 different=0/231
  post.T rel_l2=0 max_abs=0 different=0/231
  dpre.T rel_l2=0 max_abs=0 different=0/231
  y      rel_l2=0 max_abs=0 different=0/119
  dx     rel_l2=0 max_abs=0 different=0/119
  dw1    rel_l2=0 max_abs=0 different=0/561
  dw2    rel_l2=0 max_abs=0 different=0/561
shape M=129 C=96 H=160 workers=660 seed=1337 zeros=0 gradient_chunk=64
audit: every task executed once; gradient_tasks_before_all_roots=0
  raw    rel_l2=0 max_abs=0 different=0/20640
  raw    rel_l2=0 max_abs=0 different=0/20640
  post   rel_l2=0 max_abs=0 different=0/20640
  dpre   rel_l2=0 max_abs=0 different=0/20640
  post.T rel_l2=0 max_abs=0 different=0/20640
  dpre.T rel_l2=0 max_abs=0 different=0/20640
  y      rel_l2=0 max_abs=0 different=0/12384
  dx     rel_l2=0 max_abs=0 different=0/12384
  dw1    rel_l2=0 max_abs=0 different=0/15360
  dw2    rel_l2=0 max_abs=0 different=0/15360
  dw1.chunk rel_l2=0 max_abs=0 different=0/15360
  dw2.chunk rel_l2=0 max_abs=0 different=0/15360
production specialization after reset:
  raw    rel_l2=0 max_abs=0 different=0/20640
  post   rel_l2=0 max_abs=0 different=0/20640
  dpre   rel_l2=0 max_abs=0 different=0/20640
  post.T rel_l2=0 max_abs=0 different=0/20640
  dpre.T rel_l2=0 max_abs=0 different=0/20640
  y      rel_l2=0 max_abs=0 different=0/12384
  dx     rel_l2=0 max_abs=0 different=0/12384
  dw1    rel_l2=0 max_abs=0 different=0/15360
  dw2    rel_l2=0 max_abs=0 different=0/15360
shape M=65 C=32 H=64 workers=660 seed=2 zeros=1 gradient_chunk=64
audit: every task executed once; gradient_tasks_before_all_roots=0
  raw    rel_l2=0 max_abs=0 different=0/4160
  raw    rel_l2=0 max_abs=0 different=0/4160
  post   rel_l2=0 max_abs=0 different=0/4160
  dpre   rel_l2=0 max_abs=0 different=0/4160
  post.T rel_l2=0 max_abs=0 different=0/4160
  dpre.T rel_l2=0 max_abs=0 different=0/4160
  y      rel_l2=0 max_abs=0 different=0/2080
  dx     rel_l2=0 max_abs=0 different=0/2080
  dw1    rel_l2=0 max_abs=0 different=0/2048
  dw2    rel_l2=0 max_abs=0 different=0/2048
  dw1.chunk rel_l2=0 max_abs=0 different=0/2048
  dw2.chunk rel_l2=0 max_abs=0 different=0/2048
production specialization after reset:
  raw    rel_l2=0 max_abs=0 different=0/4160
  post   rel_l2=0 max_abs=0 different=0/4160
  dpre   rel_l2=0 max_abs=0 different=0/4160
  post.T rel_l2=0 max_abs=0 different=0/4160
  dpre.T rel_l2=0 max_abs=0 different=0/4160
  y      rel_l2=0 max_abs=0 different=0/2080
  dx     rel_l2=0 max_abs=0 different=0/2080
  dw1    rel_l2=0 max_abs=0 different=0/2048
  dw2    rel_l2=0 max_abs=0 different=0/2048
shape M=256 C=128 H=256 workers=660 seed=1337 zeros=0 gradient_chunk=4096
audit: every task executed once; gradient_tasks_before_all_roots=0
  post   rel_l2=0 max_abs=0 different=0/65536
  dpre   rel_l2=0 max_abs=0 different=0/65536
  post.T rel_l2=0 max_abs=0 different=0/65536
  dpre.T rel_l2=0 max_abs=0 different=0/65536
  y      rel_l2=0 max_abs=0 different=0/32768
  dx     rel_l2=0 max_abs=0 different=0/32768
  dw1    rel_l2=1.5333805e-05 max_abs=0.00048828125 different=1/32768
  dw2    rel_l2=0 max_abs=0 different=0/32768
  dw1.chunk rel_l2=0 max_abs=0 different=0/32768
  dw2.chunk rel_l2=0 max_abs=0 different=0/32768
production specialization after reset:
  post   rel_l2=0 max_abs=0 different=0/65536
  dpre   rel_l2=0 max_abs=0 different=0/65536
  post.T rel_l2=0 max_abs=0 different=0/65536
  dpre.T rel_l2=0 max_abs=0 different=0/65536
  y      rel_l2=0 max_abs=0 different=0/32768
  dx     rel_l2=0 max_abs=0 different=0/32768
  dw1    rel_l2=1.5333805e-05 max_abs=0.00048828125 different=1/32768
  dw2    rel_l2=0 max_abs=0 different=0/32768
shape M=8209 C=96 H=160 workers=7 seed=1337 zeros=0 gradient_chunk=4096
audit: every task executed once; gradient_tasks_before_all_roots=12
  post   rel_l2=0 max_abs=0 different=0/1313440
  dpre   rel_l2=0 max_abs=0 different=0/1313440
  post.T rel_l2=0 max_abs=0 different=0/1313440
  dpre.T rel_l2=0 max_abs=0 different=0/1313440
  y      rel_l2=0 max_abs=0 different=0/788064
  dx     rel_l2=0 max_abs=0 different=0/788064
  dw1    rel_l2=0 max_abs=0 different=0/15360
  dw2    rel_l2=0 max_abs=0 different=0/15360
  dw1.chunk rel_l2=0 max_abs=0 different=0/15360
  dw2.chunk rel_l2=0 max_abs=0 different=0/15360
production specialization after reset:
  post   rel_l2=0 max_abs=0 different=0/1313440
  dpre   rel_l2=0 max_abs=0 different=0/1313440
  post.T rel_l2=0 max_abs=0 different=0/1313440
  dpre.T rel_l2=0 max_abs=0 different=0/1313440
  y      rel_l2=0 max_abs=0 different=0/788064
  dx     rel_l2=0 max_abs=0 different=0/788064
  dw1    rel_l2=0 max_abs=0 different=0/15360
  dw2    rel_l2=0 max_abs=0 different=0/15360
shape M=8192 C=128 H=256 workers=7 seed=1337 zeros=0 gradient_chunk=4096
audit: every task executed once; gradient_tasks_before_all_roots=20
  post   rel_l2=0 max_abs=0 different=0/2097152
  dpre   rel_l2=0 max_abs=0 different=0/2097152
  post.T rel_l2=0 max_abs=0 different=0/2097152
  dpre.T rel_l2=0 max_abs=0 different=0/2097152
  y      rel_l2=0 max_abs=0 different=0/1048576
  dx     rel_l2=2.0881563e-08 max_abs=2.3841858e-07 different=2/1048576
  dw1    rel_l2=0 max_abs=0 different=0/32768
  dw2    rel_l2=0 max_abs=0 different=0/32768
  dw1.chunk rel_l2=0 max_abs=0 different=0/32768
  dw2.chunk rel_l2=0 max_abs=0 different=0/32768
production specialization after reset:
  post   rel_l2=0 max_abs=0 different=0/2097152
  dpre   rel_l2=0 max_abs=0 different=0/2097152
  post.T rel_l2=0 max_abs=0 different=0/2097152
  dpre.T rel_l2=0 max_abs=0 different=0/2097152
  y      rel_l2=0 max_abs=0 different=0/1048576
  dx     rel_l2=2.0881563e-08 max_abs=2.3841858e-07 different=2/1048576
  dw1    rel_l2=0 max_abs=0 different=0/32768
  dw2    rel_l2=0 max_abs=0 different=0/32768
shape M=16384 C=768 H=2816 workers=528 seed=42 zeros=0 gradient_chunk=4096
audit: every task executed once; gradient_tasks_before_all_roots=3460
  post   rel_l2=0 max_abs=0 different=0/46137344
  dpre   rel_l2=0 max_abs=0 different=0/46137344
  post.T rel_l2=0 max_abs=0 different=0/46137344
  dpre.T rel_l2=0 max_abs=0 different=0/46137344
  y      rel_l2=1.2737462e-05 max_abs=0.0078125 different=180/12582912
  dx     rel_l2=3.2840631e-06 max_abs=0.0009765625 different=69/12582912
  dw1    rel_l2=3.3038052e-05 max_abs=0.125 different=273/2162688
  dw2    rel_l2=3.2510012e-05 max_abs=0.125 different=346/2162688
  dw1.chunk rel_l2=0 max_abs=0 different=0/2162688
  dw2.chunk rel_l2=0 max_abs=0 different=0/2162688
production specialization after reset:
  post   rel_l2=0 max_abs=0 different=0/46137344
  dpre   rel_l2=0 max_abs=0 different=0/46137344
  post.T rel_l2=0 max_abs=0 different=0/46137344
  dpre.T rel_l2=0 max_abs=0 different=0/46137344
  y      rel_l2=1.2737462e-05 max_abs=0.0078125 different=180/12582912
  dx     rel_l2=3.2840631e-06 max_abs=0.0009765625 different=69/12582912
  dw1    rel_l2=3.3038052e-05 max_abs=0.125 different=273/2162688
  dw2    rel_l2=3.2510012e-05 max_abs=0.125 different=346/2162688
timing median_ms fused=4.882896 staged_same_tiles=3.436816 graph_same_tiles=3.422624 fused_with_reset=4.869408 tasks=32896 (warm cache)
samples_ms: 4.887968 4.900480 4.929952 4.934624 4.878240 4.861280 4.851264 4.861280 4.887552 4.848384
samples_ms: 3.450240 3.452704 3.455584 3.436768 3.436224 3.433408 3.436864 3.436576 3.435104 3.437920
samples_ms: 3.438048 3.439616 3.437536 3.422688 3.425600 3.421024 3.421888 3.421408 3.421312 3.422560
samples_ms: 4.869088 4.884160 4.907520 4.874624 4.860256 4.847296 4.869728 4.878464 4.852032 4.855840
shape M=32768 C=768 H=2816 workers=528 seed=42 zeros=0 gradient_chunk=4096
audit: every task executed once; gradient_tasks_before_all_roots=7596
  post   rel_l2=0 max_abs=0 different=0/92274688
  dpre   rel_l2=4.8194412e-08 max_abs=0.001953125 different=3/92274688
  post.T rel_l2=0 max_abs=0 different=0/92274688
  dpre.T rel_l2=4.8194412e-08 max_abs=0.001953125 different=3/92274688
  y      rel_l2=1.2823036e-05 max_abs=0.0078125 different=419/25165824
  dx     rel_l2=6.5506135e-06 max_abs=0.00390625 different=132/25165824
  dw1    rel_l2=2.8951632e-05 max_abs=0.125 different=364/2162688
  dw2    rel_l2=3.6514801e-05 max_abs=0.125 different=514/2162688
  dw1.chunk rel_l2=0 max_abs=0 different=0/2162688
  dw2.chunk rel_l2=0 max_abs=0 different=0/2162688
production specialization after reset:
  post   rel_l2=0 max_abs=0 different=0/92274688
  dpre   rel_l2=4.8194412e-08 max_abs=0.001953125 different=3/92274688
  post.T rel_l2=0 max_abs=0 different=0/92274688
  dpre.T rel_l2=4.8194412e-08 max_abs=0.001953125 different=3/92274688
  y      rel_l2=1.2823036e-05 max_abs=0.0078125 different=419/25165824
  dx     rel_l2=6.5506135e-06 max_abs=0.00390625 different=132/25165824
  dw1    rel_l2=2.8951632e-05 max_abs=0.125 different=364/2162688
  dw2    rel_l2=3.6514801e-05 max_abs=0.125 different=514/2162688
timing median_ms fused=9.554497 staged_same_tiles=6.708304 graph_same_tiles=6.693504 fused_with_reset=9.591856 tasks=65792 (warm cache)
samples_ms: 9.568896 9.594656 9.563712 9.572864 9.539712 9.525024 9.545280 9.566272 9.545056 9.529888
samples_ms: 6.725472 6.725984 6.715392 6.708640 6.709920 6.707936 6.707552 6.707744 6.707456 6.707968
samples_ms: 6.708224 6.709568 6.692640 6.692960 6.693280 6.693952 6.693728 6.692448 6.789920 6.692416
samples_ms: 9.615744 9.593792 9.603392 9.589120 9.568288 9.632896 9.568672 9.589920 9.577728 9.599456
shape M=49152 C=768 H=2816 workers=528 seed=42 zeros=0 gradient_chunk=4096
audit: every task executed once; gradient_tasks_before_all_roots=11616
  post   rel_l2=0 max_abs=0 different=0/138412032
  dpre   rel_l2=3.1501295e-07 max_abs=0.015625 different=3/138412032
  post.T rel_l2=0 max_abs=0 different=0/138412032
  dpre.T rel_l2=3.1501295e-07 max_abs=0.015625 different=3/138412032
  y      rel_l2=1.4015295e-05 max_abs=0.0078125 different=672/37748736
  dx     rel_l2=7.2195967e-06 max_abs=0.00390625 different=262/37748736
  dw1    rel_l2=3.4073701e-05 max_abs=0.25 different=476/2162688
  dw2    rel_l2=4.1781484e-05 max_abs=0.125 different=707/2162688
  dw1.chunk rel_l2=0 max_abs=0 different=0/2162688
  dw2.chunk rel_l2=0 max_abs=0 different=0/2162688
production specialization after reset:
  post   rel_l2=0 max_abs=0 different=0/138412032
  dpre   rel_l2=3.1501295e-07 max_abs=0.015625 different=3/138412032
  post.T rel_l2=0 max_abs=0 different=0/138412032
  dpre.T rel_l2=3.1501295e-07 max_abs=0.015625 different=3/138412032
  y      rel_l2=1.4015295e-05 max_abs=0.0078125 different=672/37748736
  dx     rel_l2=7.2195967e-06 max_abs=0.00390625 different=262/37748736
  dw1    rel_l2=3.4073701e-05 max_abs=0.25 different=476/2162688
  dw2    rel_l2=4.1781484e-05 max_abs=0.125 different=707/2162688
timing median_ms fused=14.285008 staged_same_tiles=9.977504 graph_same_tiles=9.965168 fused_with_reset=14.352576 tasks=98688 (warm cache)
samples_ms: 14.302304 14.275264 14.284576 14.288448 14.311456 14.285440 14.273056 14.270656 14.287936 14.264576
samples_ms: 9.977056 9.979264 9.976448 9.974752 9.978080 9.977952 9.979008 9.976288 9.976864 9.978048
samples_ms: 9.965920 9.965280 9.967776 9.967968 9.965056 9.964416 9.966336 9.964256 9.963712 9.964800
samples_ms: 14.346016 14.385344 14.385344 14.401760 14.361984 14.342880 14.355680 14.336256 14.349472 14.346784
shape M=40960 C=768 H=2816 workers=528 seed=42 zeros=0 gradient_chunk=4096
audit: every task executed once; gradient_tasks_before_all_roots=9680
  post   rel_l2=0 max_abs=0 different=0/115343360
  dpre   rel_l2=1.7225925e-07 max_abs=0.0078125 different=1/115343360
  post.T rel_l2=0 max_abs=0 different=0/115343360
  dpre.T rel_l2=1.7225925e-07 max_abs=0.0078125 different=1/115343360
  y      rel_l2=1.0749218e-05 max_abs=0.0078125 different=517/31457280
  dx     rel_l2=4.1412379e-06 max_abs=0.001953125 different=175/31457280
  dw1    rel_l2=3.4799865e-05 max_abs=0.25 different=423/2162688
  dw2    rel_l2=4.1261756e-05 max_abs=0.25 different=673/2162688
  dw1.chunk rel_l2=0 max_abs=0 different=0/2162688
  dw2.chunk rel_l2=0 max_abs=0 different=0/2162688
production specialization after reset:
  post   rel_l2=0 max_abs=0 different=0/115343360
  dpre   rel_l2=1.7225925e-07 max_abs=0.0078125 different=1/115343360
  post.T rel_l2=0 max_abs=0 different=0/115343360
  dpre.T rel_l2=1.7225925e-07 max_abs=0.0078125 different=1/115343360
  y      rel_l2=1.0749218e-05 max_abs=0.0078125 different=517/31457280
  dx     rel_l2=4.1412379e-06 max_abs=0.001953125 different=175/31457280
  dw1    rel_l2=3.4799865e-05 max_abs=0.25 different=423/2162688
  dw2    rel_l2=4.1261756e-05 max_abs=0.25 different=673/2162688
timing median_ms fused=11.956305 staged_same_tiles=8.355040 graph_same_tiles=8.343280 fused_with_reset=12.011808 tasks=82240 (warm cache)
samples_ms: 11.978656 11.978368 11.934784 11.976864 11.946496 11.957760 11.944736 11.956768 11.926848 11.955840
samples_ms: 8.354688 8.356256 8.354560 8.355392 8.358208 8.367104 8.356736 8.351776 8.351680 8.353856
samples_ms: 8.344256 8.342240 8.343072 8.345216 8.343488 8.351264 8.342080 8.342080 8.343936 8.339840
samples_ms: 12.007168 12.013632 12.008192 12.010592 12.013024 12.129312 12.027744 12.021408 11.992640 11.994976
PASS: FP8 six-GEMM MLP graph, all outputs and gradients; not full-model training.

$ make -C /workspace/cuda sanitize BIN=validate CHECK_FLAGS=--gradient-chunk=4096
make: Entering directory '/workspace/cuda'
compute-sanitizer --tool memcheck --error-exitcode 1 ./validate --quick --gradient-chunk=4096
========= COMPUTE-SANITIZER
GPU=NVIDIA H100 80GB HBM3 SMs=132 CUDA_runtime=12080
megakernel registers=111 static_shared=32776 local_bytes=0
resident_blocks_per_SM=4
operand_K=128
scheduler=ready_first
operand_stages=2
target=PR360 commit=c924f68e4d72e80307fc27a7bb3a55cfb6ad43c7 MLP=E4M3/E5M2 width=2816; component only
shape M=7 C=17 H=33 workers=1 seed=42 zeros=0 gradient_chunk=64
audit: every task executed once; gradient_tasks_before_all_roots=0
  raw    rel_l2=0 max_abs=0 different=0/231
  raw    rel_l2=0 max_abs=0 different=0/231
  post   rel_l2=0 max_abs=0 different=0/231
  dpre   rel_l2=0 max_abs=0 different=0/231
  post.T rel_l2=0 max_abs=0 different=0/231
  dpre.T rel_l2=0 max_abs=0 different=0/231
  y      rel_l2=0 max_abs=0 different=0/119
  dx     rel_l2=0 max_abs=0 different=0/119
  dw1    rel_l2=0 max_abs=0 different=0/561
  dw2    rel_l2=0 max_abs=0 different=0/561
  dw1.chunk rel_l2=0 max_abs=0 different=0/561
  dw2.chunk rel_l2=0 max_abs=0 different=0/561
production specialization after reset:
  raw    rel_l2=0 max_abs=0 different=0/231
  post   rel_l2=0 max_abs=0 different=0/231
  dpre   rel_l2=0 max_abs=0 different=0/231
  post.T rel_l2=0 max_abs=0 different=0/231
  dpre.T rel_l2=0 max_abs=0 different=0/231
  y      rel_l2=0 max_abs=0 different=0/119
  dx     rel_l2=0 max_abs=0 different=0/119
  dw1    rel_l2=0 max_abs=0 different=0/561
  dw2    rel_l2=0 max_abs=0 different=0/561
shape M=129 C=96 H=160 workers=1 seed=1337 zeros=0 gradient_chunk=64
audit: every task executed once; gradient_tasks_before_all_roots=28
  raw    rel_l2=0 max_abs=0 different=0/20640
  raw    rel_l2=0 max_abs=0 different=0/20640
  post   rel_l2=0 max_abs=0 different=0/20640
  dpre   rel_l2=0 max_abs=0 different=0/20640
  post.T rel_l2=0 max_abs=0 different=0/20640
  dpre.T rel_l2=0 max_abs=0 different=0/20640
  y      rel_l2=0 max_abs=0 different=0/12384
  dx     rel_l2=0 max_abs=0 different=0/12384
  dw1    rel_l2=0 max_abs=0 different=0/15360
  dw2    rel_l2=0 max_abs=0 different=0/15360
  dw1.chunk rel_l2=0 max_abs=0 different=0/15360
  dw2.chunk rel_l2=0 max_abs=0 different=0/15360
production specialization after reset:
  raw    rel_l2=0 max_abs=0 different=0/20640
  post   rel_l2=0 max_abs=0 different=0/20640
  dpre   rel_l2=0 max_abs=0 different=0/20640
  post.T rel_l2=0 max_abs=0 different=0/20640
  dpre.T rel_l2=0 max_abs=0 different=0/20640
  y      rel_l2=0 max_abs=0 different=0/12384
  dx     rel_l2=0 max_abs=0 different=0/12384
  dw1    rel_l2=0 max_abs=0 different=0/15360
  dw2    rel_l2=0 max_abs=0 different=0/15360
shape M=65 C=32 H=64 workers=1 seed=2 zeros=1 gradient_chunk=64
audit: every task executed once; gradient_tasks_before_all_roots=0
  raw    rel_l2=0 max_abs=0 different=0/4160
  raw    rel_l2=0 max_abs=0 different=0/4160
  post   rel_l2=0 max_abs=0 different=0/4160
  dpre   rel_l2=0 max_abs=0 different=0/4160
  post.T rel_l2=0 max_abs=0 different=0/4160
  dpre.T rel_l2=0 max_abs=0 different=0/4160
  y      rel_l2=0 max_abs=0 different=0/2080
  dx     rel_l2=0 max_abs=0 different=0/2080
  dw1    rel_l2=0 max_abs=0 different=0/2048
  dw2    rel_l2=0 max_abs=0 different=0/2048
  dw1.chunk rel_l2=0 max_abs=0 different=0/2048
  dw2.chunk rel_l2=0 max_abs=0 different=0/2048
production specialization after reset:
  raw    rel_l2=0 max_abs=0 different=0/4160
  post   rel_l2=0 max_abs=0 different=0/4160
  dpre   rel_l2=0 max_abs=0 different=0/4160
  post.T rel_l2=0 max_abs=0 different=0/4160
  dpre.T rel_l2=0 max_abs=0 different=0/4160
  y      rel_l2=0 max_abs=0 different=0/2080
  dx     rel_l2=0 max_abs=0 different=0/2080
  dw1    rel_l2=0 max_abs=0 different=0/2048
  dw2    rel_l2=0 max_abs=0 different=0/2048
shape M=256 C=128 H=256 workers=1 seed=1337 zeros=0 gradient_chunk=4096
audit: every task executed once; gradient_tasks_before_all_roots=6
  post   rel_l2=0 max_abs=0 different=0/65536
  dpre   rel_l2=0 max_abs=0 different=0/65536
  post.T rel_l2=0 max_abs=0 different=0/65536
  dpre.T rel_l2=0 max_abs=0 different=0/65536
  y      rel_l2=0 max_abs=0 different=0/32768
  dx     rel_l2=0 max_abs=0 different=0/32768
  dw1    rel_l2=1.5333805e-05 max_abs=0.00048828125 different=1/32768
  dw2    rel_l2=0 max_abs=0 different=0/32768
  dw1.chunk rel_l2=0 max_abs=0 different=0/32768
  dw2.chunk rel_l2=0 max_abs=0 different=0/32768
production specialization after reset:
  post   rel_l2=0 max_abs=0 different=0/65536
  dpre   rel_l2=0 max_abs=0 different=0/65536
  post.T rel_l2=0 max_abs=0 different=0/65536
  dpre.T rel_l2=0 max_abs=0 different=0/65536
  y      rel_l2=0 max_abs=0 different=0/32768
  dx     rel_l2=0 max_abs=0 different=0/32768
  dw1    rel_l2=1.5333805e-05 max_abs=0.00048828125 different=1/32768
  dw2    rel_l2=0 max_abs=0 different=0/32768
shape M=7 C=17 H=33 workers=7 seed=42 zeros=0 gradient_chunk=64
audit: every task executed once; gradient_tasks_before_all_roots=0
  raw    rel_l2=0 max_abs=0 different=0/231
  raw    rel_l2=0 max_abs=0 different=0/231
  post   rel_l2=0 max_abs=0 different=0/231
  dpre   rel_l2=0 max_abs=0 different=0/231
  post.T rel_l2=0 max_abs=0 different=0/231
  dpre.T rel_l2=0 max_abs=0 different=0/231
  y      rel_l2=0 max_abs=0 different=0/119
  dx     rel_l2=0 max_abs=0 different=0/119
  dw1    rel_l2=0 max_abs=0 different=0/561
  dw2    rel_l2=0 max_abs=0 different=0/561
  dw1.chunk rel_l2=0 max_abs=0 different=0/561
  dw2.chunk rel_l2=0 max_abs=0 different=0/561
production specialization after reset:
  raw    rel_l2=0 max_abs=0 different=0/231
  post   rel_l2=0 max_abs=0 different=0/231
  dpre   rel_l2=0 max_abs=0 different=0/231
  post.T rel_l2=0 max_abs=0 different=0/231
  dpre.T rel_l2=0 max_abs=0 different=0/231
  y      rel_l2=0 max_abs=0 different=0/119
  dx     rel_l2=0 max_abs=0 different=0/119
  dw1    rel_l2=0 max_abs=0 different=0/561
  dw2    rel_l2=0 max_abs=0 different=0/561
shape M=129 C=96 H=160 workers=7 seed=1337 zeros=0 gradient_chunk=64
audit: every task executed once; gradient_tasks_before_all_roots=3
  raw    rel_l2=0 max_abs=0 different=0/20640
  raw    rel_l2=0 max_abs=0 different=0/20640
  post   rel_l2=0 max_abs=0 different=0/20640
  dpre   rel_l2=0 max_abs=0 different=0/20640
  post.T rel_l2=0 max_abs=0 different=0/20640
  dpre.T rel_l2=0 max_abs=0 different=0/20640
  y      rel_l2=0 max_abs=0 different=0/12384
  dx     rel_l2=0 max_abs=0 different=0/12384
  dw1    rel_l2=0 max_abs=0 different=0/15360
  dw2    rel_l2=0 max_abs=0 different=0/15360
  dw1.chunk rel_l2=0 max_abs=0 different=0/15360
  dw2.chunk rel_l2=0 max_abs=0 different=0/15360
production specialization after reset:
  raw    rel_l2=0 max_abs=0 different=0/20640
  post   rel_l2=0 max_abs=0 different=0/20640
  dpre   rel_l2=0 max_abs=0 different=0/20640
  post.T rel_l2=0 max_abs=0 different=0/20640
  dpre.T rel_l2=0 max_abs=0 different=0/20640
  y      rel_l2=0 max_abs=0 different=0/12384
  dx     rel_l2=0 max_abs=0 different=0/12384
  dw1    rel_l2=0 max_abs=0 different=0/15360
  dw2    rel_l2=0 max_abs=0 different=0/15360
shape M=65 C=32 H=64 workers=7 seed=2 zeros=1 gradient_chunk=64
audit: every task executed once; gradient_tasks_before_all_roots=0
  raw    rel_l2=0 max_abs=0 different=0/4160
  raw    rel_l2=0 max_abs=0 different=0/4160
  post   rel_l2=0 max_abs=0 different=0/4160
  dpre   rel_l2=0 max_abs=0 different=0/4160
  post.T rel_l2=0 max_abs=0 different=0/4160
  dpre.T rel_l2=0 max_abs=0 different=0/4160
  y      rel_l2=0 max_abs=0 different=0/2080
  dx     rel_l2=0 max_abs=0 different=0/2080
  dw1    rel_l2=0 max_abs=0 different=0/2048
  dw2    rel_l2=0 max_abs=0 different=0/2048
  dw1.chunk rel_l2=0 max_abs=0 different=0/2048
  dw2.chunk rel_l2=0 max_abs=0 different=0/2048
production specialization after reset:
  raw    rel_l2=0 max_abs=0 different=0/4160
  post   rel_l2=0 max_abs=0 different=0/4160
  dpre   rel_l2=0 max_abs=0 different=0/4160
  post.T rel_l2=0 max_abs=0 different=0/4160
  dpre.T rel_l2=0 max_abs=0 different=0/4160
  y      rel_l2=0 max_abs=0 different=0/2080
  dx     rel_l2=0 max_abs=0 different=0/2080
  dw1    rel_l2=0 max_abs=0 different=0/2048
  dw2    rel_l2=0 max_abs=0 different=0/2048
shape M=256 C=128 H=256 workers=7 seed=1337 zeros=0 gradient_chunk=4096
audit: every task executed once; gradient_tasks_before_all_roots=4
  post   rel_l2=0 max_abs=0 different=0/65536
  dpre   rel_l2=0 max_abs=0 different=0/65536
  post.T rel_l2=0 max_abs=0 different=0/65536
  dpre.T rel_l2=0 max_abs=0 different=0/65536
  y      rel_l2=0 max_abs=0 different=0/32768
  dx     rel_l2=0 max_abs=0 different=0/32768
  dw1    rel_l2=1.5333805e-05 max_abs=0.00048828125 different=1/32768
  dw2    rel_l2=0 max_abs=0 different=0/32768
  dw1.chunk rel_l2=0 max_abs=0 different=0/32768
  dw2.chunk rel_l2=0 max_abs=0 different=0/32768
production specialization after reset:
  post   rel_l2=0 max_abs=0 different=0/65536
  dpre   rel_l2=0 max_abs=0 different=0/65536
  post.T rel_l2=0 max_abs=0 different=0/65536
  dpre.T rel_l2=0 max_abs=0 different=0/65536
  y      rel_l2=0 max_abs=0 different=0/32768
  dx     rel_l2=0 max_abs=0 different=0/32768
  dw1    rel_l2=1.5333805e-05 max_abs=0.00048828125 different=1/32768
  dw2    rel_l2=0 max_abs=0 different=0/32768
shape M=7 C=17 H=33 workers=132 seed=42 zeros=0 gradient_chunk=64
audit: every task executed once; gradient_tasks_before_all_roots=0
  raw    rel_l2=0 max_abs=0 different=0/231
  raw    rel_l2=0 max_abs=0 different=0/231
  post   rel_l2=0 max_abs=0 different=0/231
  dpre   rel_l2=0 max_abs=0 different=0/231
  post.T rel_l2=0 max_abs=0 different=0/231
  dpre.T rel_l2=0 max_abs=0 different=0/231
  y      rel_l2=0 max_abs=0 different=0/119
  dx     rel_l2=0 max_abs=0 different=0/119
  dw1    rel_l2=0 max_abs=0 different=0/561
  dw2    rel_l2=0 max_abs=0 different=0/561
  dw1.chunk rel_l2=0 max_abs=0 different=0/561
  dw2.chunk rel_l2=0 max_abs=0 different=0/561
production specialization after reset:
  raw    rel_l2=0 max_abs=0 different=0/231
  post   rel_l2=0 max_abs=0 different=0/231
  dpre   rel_l2=0 max_abs=0 different=0/231
  post.T rel_l2=0 max_abs=0 different=0/231
  dpre.T rel_l2=0 max_abs=0 different=0/231
  y      rel_l2=0 max_abs=0 different=0/119
  dx     rel_l2=0 max_abs=0 different=0/119
  dw1    rel_l2=0 max_abs=0 different=0/561
  dw2    rel_l2=0 max_abs=0 different=0/561
shape M=129 C=96 H=160 workers=132 seed=1337 zeros=0 gradient_chunk=64
audit: every task executed once; gradient_tasks_before_all_roots=6
  raw    rel_l2=0 max_abs=0 different=0/20640
  raw    rel_l2=0 max_abs=0 different=0/20640
  post   rel_l2=0 max_abs=0 different=0/20640
  dpre   rel_l2=0 max_abs=0 different=0/20640
  post.T rel_l2=0 max_abs=0 different=0/20640
  dpre.T rel_l2=0 max_abs=0 different=0/20640
  y      rel_l2=0 max_abs=0 different=0/12384
  dx     rel_l2=0 max_abs=0 different=0/12384
  dw1    rel_l2=0 max_abs=0 different=0/15360
  dw2    rel_l2=0 max_abs=0 different=0/15360
  dw1.chunk rel_l2=0 max_abs=0 different=0/15360
  dw2.chunk rel_l2=0 max_abs=0 different=0/15360
production specialization after reset:
  raw    rel_l2=0 max_abs=0 different=0/20640
  post   rel_l2=0 max_abs=0 different=0/20640
  dpre   rel_l2=0 max_abs=0 different=0/20640
  post.T rel_l2=0 max_abs=0 different=0/20640
  dpre.T rel_l2=0 max_abs=0 different=0/20640
  y      rel_l2=0 max_abs=0 different=0/12384
  dx     rel_l2=0 max_abs=0 different=0/12384
  dw1    rel_l2=0 max_abs=0 different=0/15360
  dw2    rel_l2=0 max_abs=0 different=0/15360
shape M=65 C=32 H=64 workers=132 seed=2 zeros=1 gradient_chunk=64
audit: every task executed once; gradient_tasks_before_all_roots=0
  raw    rel_l2=0 max_abs=0 different=0/4160
  raw    rel_l2=0 max_abs=0 different=0/4160
  post   rel_l2=0 max_abs=0 different=0/4160
  dpre   rel_l2=0 max_abs=0 different=0/4160
  post.T rel_l2=0 max_abs=0 different=0/4160
  dpre.T rel_l2=0 max_abs=0 different=0/4160
  y      rel_l2=0 max_abs=0 different=0/2080
  dx     rel_l2=0 max_abs=0 different=0/2080
  dw1    rel_l2=0 max_abs=0 different=0/2048
  dw2    rel_l2=0 max_abs=0 different=0/2048
  dw1.chunk rel_l2=0 max_abs=0 different=0/2048
  dw2.chunk rel_l2=0 max_abs=0 different=0/2048
production specialization after reset:
  raw    rel_l2=0 max_abs=0 different=0/4160
  post   rel_l2=0 max_abs=0 different=0/4160
  dpre   rel_l2=0 max_abs=0 different=0/4160
  post.T rel_l2=0 max_abs=0 different=0/4160
  dpre.T rel_l2=0 max_abs=0 different=0/4160
  y      rel_l2=0 max_abs=0 different=0/2080
  dx     rel_l2=0 max_abs=0 different=0/2080
  dw1    rel_l2=0 max_abs=0 different=0/2048
  dw2    rel_l2=0 max_abs=0 different=0/2048
shape M=256 C=128 H=256 workers=132 seed=1337 zeros=0 gradient_chunk=4096
audit: every task executed once; gradient_tasks_before_all_roots=0
  post   rel_l2=0 max_abs=0 different=0/65536
  dpre   rel_l2=0 max_abs=0 different=0/65536
  post.T rel_l2=0 max_abs=0 different=0/65536
  dpre.T rel_l2=0 max_abs=0 different=0/65536
  y      rel_l2=0 max_abs=0 different=0/32768
  dx     rel_l2=0 max_abs=0 different=0/32768
  dw1    rel_l2=1.5333805e-05 max_abs=0.00048828125 different=1/32768
  dw2    rel_l2=0 max_abs=0 different=0/32768
  dw1.chunk rel_l2=0 max_abs=0 different=0/32768
  dw2.chunk rel_l2=0 max_abs=0 different=0/32768
production specialization after reset:
  post   rel_l2=0 max_abs=0 different=0/65536
  dpre   rel_l2=0 max_abs=0 different=0/65536
  post.T rel_l2=0 max_abs=0 different=0/65536
  dpre.T rel_l2=0 max_abs=0 different=0/65536
  y      rel_l2=0 max_abs=0 different=0/32768
  dx     rel_l2=0 max_abs=0 different=0/32768
  dw1    rel_l2=1.5333805e-05 max_abs=0.00048828125 different=1/32768
  dw2    rel_l2=0 max_abs=0 different=0/32768
shape M=7 C=17 H=33 workers=660 seed=42 zeros=0 gradient_chunk=64
audit: every task executed once; gradient_tasks_before_all_roots=0
  raw    rel_l2=0 max_abs=0 different=0/231
  raw    rel_l2=0 max_abs=0 different=0/231
  post   rel_l2=0 max_abs=0 different=0/231
  dpre   rel_l2=0 max_abs=0 different=0/231
  post.T rel_l2=0 max_abs=0 different=0/231
  dpre.T rel_l2=0 max_abs=0 different=0/231
  y      rel_l2=0 max_abs=0 different=0/119
  dx     rel_l2=0 max_abs=0 different=0/119
  dw1    rel_l2=0 max_abs=0 different=0/561
  dw2    rel_l2=0 max_abs=0 different=0/561
  dw1.chunk rel_l2=0 max_abs=0 different=0/561
  dw2.chunk rel_l2=0 max_abs=0 different=0/561
production specialization after reset:
  raw    rel_l2=0 max_abs=0 different=0/231
  post   rel_l2=0 max_abs=0 different=0/231
  dpre   rel_l2=0 max_abs=0 different=0/231
  post.T rel_l2=0 max_abs=0 different=0/231
  dpre.T rel_l2=0 max_abs=0 different=0/231
  y      rel_l2=0 max_abs=0 different=0/119
  dx     rel_l2=0 max_abs=0 different=0/119
  dw1    rel_l2=0 max_abs=0 different=0/561
  dw2    rel_l2=0 max_abs=0 different=0/561
shape M=129 C=96 H=160 workers=660 seed=1337 zeros=0 gradient_chunk=64
audit: every task executed once; gradient_tasks_before_all_roots=4
  raw    rel_l2=0 max_abs=0 different=0/20640
  raw    rel_l2=0 max_abs=0 different=0/20640
  post   rel_l2=0 max_abs=0 different=0/20640
  dpre   rel_l2=0 max_abs=0 different=0/20640
  post.T rel_l2=0 max_abs=0 different=0/20640
  dpre.T rel_l2=0 max_abs=0 different=0/20640
  y      rel_l2=0 max_abs=0 different=0/12384
  dx     rel_l2=0 max_abs=0 different=0/12384
  dw1    rel_l2=0 max_abs=0 different=0/15360
  dw2    rel_l2=0 max_abs=0 different=0/15360
  dw1.chunk rel_l2=0 max_abs=0 different=0/15360
  dw2.chunk rel_l2=0 max_abs=0 different=0/15360
production specialization after reset:
  raw    rel_l2=0 max_abs=0 different=0/20640
  post   rel_l2=0 max_abs=0 different=0/20640
  dpre   rel_l2=0 max_abs=0 different=0/20640
  post.T rel_l2=0 max_abs=0 different=0/20640
  dpre.T rel_l2=0 max_abs=0 different=0/20640
  y      rel_l2=0 max_abs=0 different=0/12384
  dx     rel_l2=0 max_abs=0 different=0/12384
  dw1    rel_l2=0 max_abs=0 different=0/15360
  dw2    rel_l2=0 max_abs=0 different=0/15360
shape M=65 C=32 H=64 workers=660 seed=2 zeros=1 gradient_chunk=64
audit: every task executed once; gradient_tasks_before_all_roots=0
  raw    rel_l2=0 max_abs=0 different=0/4160
  raw    rel_l2=0 max_abs=0 different=0/4160
  post   rel_l2=0 max_abs=0 different=0/4160
  dpre   rel_l2=0 max_abs=0 different=0/4160
  post.T rel_l2=0 max_abs=0 different=0/4160
  dpre.T rel_l2=0 max_abs=0 different=0/4160
  y      rel_l2=0 max_abs=0 different=0/2080
  dx     rel_l2=0 max_abs=0 different=0/2080
  dw1    rel_l2=0 max_abs=0 different=0/2048
  dw2    rel_l2=0 max_abs=0 different=0/2048
  dw1.chunk rel_l2=0 max_abs=0 different=0/2048
  dw2.chunk rel_l2=0 max_abs=0 different=0/2048
production specialization after reset:
  raw    rel_l2=0 max_abs=0 different=0/4160
  post   rel_l2=0 max_abs=0 different=0/4160
  dpre   rel_l2=0 max_abs=0 different=0/4160
  post.T rel_l2=0 max_abs=0 different=0/4160
  dpre.T rel_l2=0 max_abs=0 different=0/4160
  y      rel_l2=0 max_abs=0 different=0/2080
  dx     rel_l2=0 max_abs=0 different=0/2080
  dw1    rel_l2=0 max_abs=0 different=0/2048
  dw2    rel_l2=0 max_abs=0 different=0/2048
shape M=256 C=128 H=256 workers=660 seed=1337 zeros=0 gradient_chunk=4096
audit: every task executed once; gradient_tasks_before_all_roots=2
  post   rel_l2=0 max_abs=0 different=0/65536
  dpre   rel_l2=0 max_abs=0 different=0/65536
  post.T rel_l2=0 max_abs=0 different=0/65536
  dpre.T rel_l2=0 max_abs=0 different=0/65536
  y      rel_l2=0 max_abs=0 different=0/32768
  dx     rel_l2=0 max_abs=0 different=0/32768
  dw1    rel_l2=1.5333805e-05 max_abs=0.00048828125 different=1/32768
  dw2    rel_l2=0 max_abs=0 different=0/32768
  dw1.chunk rel_l2=0 max_abs=0 different=0/32768
  dw2.chunk rel_l2=0 max_abs=0 different=0/32768
production specialization after reset:
  post   rel_l2=0 max_abs=0 different=0/65536
  dpre   rel_l2=0 max_abs=0 different=0/65536
  post.T rel_l2=0 max_abs=0 different=0/65536
  dpre.T rel_l2=0 max_abs=0 different=0/65536
  y      rel_l2=0 max_abs=0 different=0/32768
  dx     rel_l2=0 max_abs=0 different=0/32768
  dw1    rel_l2=1.5333805e-05 max_abs=0.00048828125 different=1/32768
  dw2    rel_l2=0 max_abs=0 different=0/32768
shape M=8209 C=96 H=160 workers=7 seed=1337 zeros=0 gradient_chunk=4096
audit: every task executed once; gradient_tasks_before_all_roots=15
  post   rel_l2=0 max_abs=0 different=0/1313440
  dpre   rel_l2=0 max_abs=0 different=0/1313440
  post.T rel_l2=0 max_abs=0 different=0/1313440
  dpre.T rel_l2=0 max_abs=0 different=0/1313440
  y      rel_l2=0 max_abs=0 different=0/788064
  dx     rel_l2=0 max_abs=0 different=0/788064
  dw1    rel_l2=0 max_abs=0 different=0/15360
  dw2    rel_l2=0 max_abs=0 different=0/15360
  dw1.chunk rel_l2=0 max_abs=0 different=0/15360
  dw2.chunk rel_l2=0 max_abs=0 different=0/15360
production specialization after reset:
  post   rel_l2=0 max_abs=0 different=0/1313440
  dpre   rel_l2=0 max_abs=0 different=0/1313440
  post.T rel_l2=0 max_abs=0 different=0/1313440
  dpre.T rel_l2=0 max_abs=0 different=0/1313440
  y      rel_l2=0 max_abs=0 different=0/788064
  dx     rel_l2=0 max_abs=0 different=0/788064
  dw1    rel_l2=0 max_abs=0 different=0/15360
  dw2    rel_l2=0 max_abs=0 different=0/15360
shape M=8192 C=128 H=256 workers=7 seed=1337 zeros=0 gradient_chunk=4096
audit: every task executed once; gradient_tasks_before_all_roots=16
  post   rel_l2=0 max_abs=0 different=0/2097152
  dpre   rel_l2=0 max_abs=0 different=0/2097152
  post.T rel_l2=0 max_abs=0 different=0/2097152
  dpre.T rel_l2=0 max_abs=0 different=0/2097152
  y      rel_l2=0 max_abs=0 different=0/1048576
  dx     rel_l2=2.0881563e-08 max_abs=2.3841858e-07 different=2/1048576
  dw1    rel_l2=0 max_abs=0 different=0/32768
  dw2    rel_l2=0 max_abs=0 different=0/32768
  dw1.chunk rel_l2=0 max_abs=0 different=0/32768
  dw2.chunk rel_l2=0 max_abs=0 different=0/32768
production specialization after reset:
  post   rel_l2=0 max_abs=0 different=0/2097152
  dpre   rel_l2=0 max_abs=0 different=0/2097152
  post.T rel_l2=0 max_abs=0 different=0/2097152
  dpre.T rel_l2=0 max_abs=0 different=0/2097152
  y      rel_l2=0 max_abs=0 different=0/1048576
  dx     rel_l2=2.0881563e-08 max_abs=2.3841858e-07 different=2/1048576
  dw1    rel_l2=0 max_abs=0 different=0/32768
  dw2    rel_l2=0 max_abs=0 different=0/32768
PASS: FP8 six-GEMM MLP graph, all outputs and gradients; not full-model training.
========= ERROR SUMMARY: 0 errors
compute-sanitizer --tool initcheck --error-exitcode 1 ./validate --quick --gradient-chunk=4096
========= COMPUTE-SANITIZER
GPU=NVIDIA H100 80GB HBM3 SMs=132 CUDA_runtime=12080
megakernel registers=111 static_shared=32776 local_bytes=0
resident_blocks_per_SM=4
operand_K=128
scheduler=ready_first
operand_stages=2
target=PR360 commit=c924f68e4d72e80307fc27a7bb3a55cfb6ad43c7 MLP=E4M3/E5M2 width=2816; component only
shape M=7 C=17 H=33 workers=1 seed=42 zeros=0 gradient_chunk=64
audit: every task executed once; gradient_tasks_before_all_roots=0
  raw    rel_l2=0 max_abs=0 different=0/231
  raw    rel_l2=0 max_abs=0 different=0/231
  post   rel_l2=0 max_abs=0 different=0/231
  dpre   rel_l2=0 max_abs=0 different=0/231
  post.T rel_l2=0 max_abs=0 different=0/231
  dpre.T rel_l2=0 max_abs=0 different=0/231
  y      rel_l2=0 max_abs=0 different=0/119
  dx     rel_l2=0 max_abs=0 different=0/119
  dw1    rel_l2=0 max_abs=0 different=0/561
  dw2    rel_l2=0 max_abs=0 different=0/561
  dw1.chunk rel_l2=0 max_abs=0 different=0/561
  dw2.chunk rel_l2=0 max_abs=0 different=0/561
production specialization after reset:
  raw    rel_l2=0 max_abs=0 different=0/231
  post   rel_l2=0 max_abs=0 different=0/231
  dpre   rel_l2=0 max_abs=0 different=0/231
  post.T rel_l2=0 max_abs=0 different=0/231
  dpre.T rel_l2=0 max_abs=0 different=0/231
  y      rel_l2=0 max_abs=0 different=0/119
  dx     rel_l2=0 max_abs=0 different=0/119
  dw1    rel_l2=0 max_abs=0 different=0/561
  dw2    rel_l2=0 max_abs=0 different=0/561
shape M=129 C=96 H=160 workers=1 seed=1337 zeros=0 gradient_chunk=64
audit: every task executed once; gradient_tasks_before_all_roots=28
  raw    rel_l2=0 max_abs=0 different=0/20640
  raw    rel_l2=0 max_abs=0 different=0/20640
  post   rel_l2=0 max_abs=0 different=0/20640
  dpre   rel_l2=0 max_abs=0 different=0/20640
  post.T rel_l2=0 max_abs=0 different=0/20640
  dpre.T rel_l2=0 max_abs=0 different=0/20640
  y      rel_l2=0 max_abs=0 different=0/12384
  dx     rel_l2=0 max_abs=0 different=0/12384
  dw1    rel_l2=0 max_abs=0 different=0/15360
  dw2    rel_l2=0 max_abs=0 different=0/15360
  dw1.chunk rel_l2=0 max_abs=0 different=0/15360
  dw2.chunk rel_l2=0 max_abs=0 different=0/15360
production specialization after reset:
  raw    rel_l2=0 max_abs=0 different=0/20640
  post   rel_l2=0 max_abs=0 different=0/20640
  dpre   rel_l2=0 max_abs=0 different=0/20640
  post.T rel_l2=0 max_abs=0 different=0/20640
  dpre.T rel_l2=0 max_abs=0 different=0/20640
  y      rel_l2=0 max_abs=0 different=0/12384
  dx     rel_l2=0 max_abs=0 different=0/12384
  dw1    rel_l2=0 max_abs=0 different=0/15360
  dw2    rel_l2=0 max_abs=0 different=0/15360
shape M=65 C=32 H=64 workers=1 seed=2 zeros=1 gradient_chunk=64
audit: every task executed once; gradient_tasks_before_all_roots=0
  raw    rel_l2=0 max_abs=0 different=0/4160
  raw    rel_l2=0 max_abs=0 different=0/4160
  post   rel_l2=0 max_abs=0 different=0/4160
  dpre   rel_l2=0 max_abs=0 different=0/4160
  post.T rel_l2=0 max_abs=0 different=0/4160
  dpre.T rel_l2=0 max_abs=0 different=0/4160
  y      rel_l2=0 max_abs=0 different=0/2080
  dx     rel_l2=0 max_abs=0 different=0/2080
  dw1    rel_l2=0 max_abs=0 different=0/2048
  dw2    rel_l2=0 max_abs=0 different=0/2048
  dw1.chunk rel_l2=0 max_abs=0 different=0/2048
  dw2.chunk rel_l2=0 max_abs=0 different=0/2048
production specialization after reset:
  raw    rel_l2=0 max_abs=0 different=0/4160
  post   rel_l2=0 max_abs=0 different=0/4160
  dpre   rel_l2=0 max_abs=0 different=0/4160
  post.T rel_l2=0 max_abs=0 different=0/4160
  dpre.T rel_l2=0 max_abs=0 different=0/4160
  y      rel_l2=0 max_abs=0 different=0/2080
  dx     rel_l2=0 max_abs=0 different=0/2080
  dw1    rel_l2=0 max_abs=0 different=0/2048
  dw2    rel_l2=0 max_abs=0 different=0/2048
shape M=256 C=128 H=256 workers=1 seed=1337 zeros=0 gradient_chunk=4096
audit: every task executed once; gradient_tasks_before_all_roots=6
  post   rel_l2=0 max_abs=0 different=0/65536
  dpre   rel_l2=0 max_abs=0 different=0/65536
  post.T rel_l2=0 max_abs=0 different=0/65536
  dpre.T rel_l2=0 max_abs=0 different=0/65536
  y      rel_l2=0 max_abs=0 different=0/32768
  dx     rel_l2=0 max_abs=0 different=0/32768
  dw1    rel_l2=1.5333805e-05 max_abs=0.00048828125 different=1/32768
  dw2    rel_l2=0 max_abs=0 different=0/32768
  dw1.chunk rel_l2=0 max_abs=0 different=0/32768
  dw2.chunk rel_l2=0 max_abs=0 different=0/32768
production specialization after reset:
  post   rel_l2=0 max_abs=0 different=0/65536
  dpre   rel_l2=0 max_abs=0 different=0/65536
  post.T rel_l2=0 max_abs=0 different=0/65536
  dpre.T rel_l2=0 max_abs=0 different=0/65536
  y      rel_l2=0 max_abs=0 different=0/32768
  dx     rel_l2=0 max_abs=0 different=0/32768
  dw1    rel_l2=1.5333805e-05 max_abs=0.00048828125 different=1/32768
  dw2    rel_l2=0 max_abs=0 different=0/32768
shape M=7 C=17 H=33 workers=7 seed=42 zeros=0 gradient_chunk=64
audit: every task executed once; gradient_tasks_before_all_roots=0
  raw    rel_l2=0 max_abs=0 different=0/231
  raw    rel_l2=0 max_abs=0 different=0/231
  post   rel_l2=0 max_abs=0 different=0/231
  dpre   rel_l2=0 max_abs=0 different=0/231
  post.T rel_l2=0 max_abs=0 different=0/231
  dpre.T rel_l2=0 max_abs=0 different=0/231
  y      rel_l2=0 max_abs=0 different=0/119
  dx     rel_l2=0 max_abs=0 different=0/119
  dw1    rel_l2=0 max_abs=0 different=0/561
  dw2    rel_l2=0 max_abs=0 different=0/561
  dw1.chunk rel_l2=0 max_abs=0 different=0/561
  dw2.chunk rel_l2=0 max_abs=0 different=0/561
production specialization after reset:
  raw    rel_l2=0 max_abs=0 different=0/231
  post   rel_l2=0 max_abs=0 different=0/231
  dpre   rel_l2=0 max_abs=0 different=0/231
  post.T rel_l2=0 max_abs=0 different=0/231
  dpre.T rel_l2=0 max_abs=0 different=0/231
  y      rel_l2=0 max_abs=0 different=0/119
  dx     rel_l2=0 max_abs=0 different=0/119
  dw1    rel_l2=0 max_abs=0 different=0/561
  dw2    rel_l2=0 max_abs=0 different=0/561
shape M=129 C=96 H=160 workers=7 seed=1337 zeros=0 gradient_chunk=64
audit: every task executed once; gradient_tasks_before_all_roots=4
  raw    rel_l2=0 max_abs=0 different=0/20640
  raw    rel_l2=0 max_abs=0 different=0/20640
  post   rel_l2=0 max_abs=0 different=0/20640
  dpre   rel_l2=0 max_abs=0 different=0/20640
  post.T rel_l2=0 max_abs=0 different=0/20640
  dpre.T rel_l2=0 max_abs=0 different=0/20640
  y      rel_l2=0 max_abs=0 different=0/12384
  dx     rel_l2=0 max_abs=0 different=0/12384
  dw1    rel_l2=0 max_abs=0 different=0/15360
  dw2    rel_l2=0 max_abs=0 different=0/15360
  dw1.chunk rel_l2=0 max_abs=0 different=0/15360
  dw2.chunk rel_l2=0 max_abs=0 different=0/15360
production specialization after reset:
  raw    rel_l2=0 max_abs=0 different=0/20640
  post   rel_l2=0 max_abs=0 different=0/20640
  dpre   rel_l2=0 max_abs=0 different=0/20640
  post.T rel_l2=0 max_abs=0 different=0/20640
  dpre.T rel_l2=0 max_abs=0 different=0/20640
  y      rel_l2=0 max_abs=0 different=0/12384
  dx     rel_l2=0 max_abs=0 different=0/12384
  dw1    rel_l2=0 max_abs=0 different=0/15360
  dw2    rel_l2=0 max_abs=0 different=0/15360
shape M=65 C=32 H=64 workers=7 seed=2 zeros=1 gradient_chunk=64
audit: every task executed once; gradient_tasks_before_all_roots=0
  raw    rel_l2=0 max_abs=0 different=0/4160
  raw    rel_l2=0 max_abs=0 different=0/4160
  post   rel_l2=0 max_abs=0 different=0/4160
  dpre   rel_l2=0 max_abs=0 different=0/4160
  post.T rel_l2=0 max_abs=0 different=0/4160
  dpre.T rel_l2=0 max_abs=0 different=0/4160
  y      rel_l2=0 max_abs=0 different=0/2080
  dx     rel_l2=0 max_abs=0 different=0/2080
  dw1    rel_l2=0 max_abs=0 different=0/2048
  dw2    rel_l2=0 max_abs=0 different=0/2048
  dw1.chunk rel_l2=0 max_abs=0 different=0/2048
  dw2.chunk rel_l2=0 max_abs=0 different=0/2048
production specialization after reset:
  raw    rel_l2=0 max_abs=0 different=0/4160
  post   rel_l2=0 max_abs=0 different=0/4160
  dpre   rel_l2=0 max_abs=0 different=0/4160
  post.T rel_l2=0 max_abs=0 different=0/4160
  dpre.T rel_l2=0 max_abs=0 different=0/4160
  y      rel_l2=0 max_abs=0 different=0/2080
  dx     rel_l2=0 max_abs=0 different=0/2080
  dw1    rel_l2=0 max_abs=0 different=0/2048
  dw2    rel_l2=0 max_abs=0 different=0/2048
shape M=256 C=128 H=256 workers=7 seed=1337 zeros=0 gradient_chunk=4096
audit: every task executed once; gradient_tasks_before_all_roots=4
  post   rel_l2=0 max_abs=0 different=0/65536
  dpre   rel_l2=0 max_abs=0 different=0/65536
  post.T rel_l2=0 max_abs=0 different=0/65536
  dpre.T rel_l2=0 max_abs=0 different=0/65536
  y      rel_l2=0 max_abs=0 different=0/32768
  dx     rel_l2=0 max_abs=0 different=0/32768
  dw1    rel_l2=1.5333805e-05 max_abs=0.00048828125 different=1/32768
  dw2    rel_l2=0 max_abs=0 different=0/32768
  dw1.chunk rel_l2=0 max_abs=0 different=0/32768
  dw2.chunk rel_l2=0 max_abs=0 different=0/32768
production specialization after reset:
  post   rel_l2=0 max_abs=0 different=0/65536
  dpre   rel_l2=0 max_abs=0 different=0/65536
  post.T rel_l2=0 max_abs=0 different=0/65536
  dpre.T rel_l2=0 max_abs=0 different=0/65536
  y      rel_l2=0 max_abs=0 different=0/32768
  dx     rel_l2=0 max_abs=0 different=0/32768
  dw1    rel_l2=1.5333805e-05 max_abs=0.00048828125 different=1/32768
  dw2    rel_l2=0 max_abs=0 different=0/32768
shape M=7 C=17 H=33 workers=132 seed=42 zeros=0 gradient_chunk=64
audit: every task executed once; gradient_tasks_before_all_roots=0
  raw    rel_l2=0 max_abs=0 different=0/231
  raw    rel_l2=0 max_abs=0 different=0/231
  post   rel_l2=0 max_abs=0 different=0/231
  dpre   rel_l2=0 max_abs=0 different=0/231
  post.T rel_l2=0 max_abs=0 different=0/231
  dpre.T rel_l2=0 max_abs=0 different=0/231
  y      rel_l2=0 max_abs=0 different=0/119
  dx     rel_l2=0 max_abs=0 different=0/119
  dw1    rel_l2=0 max_abs=0 different=0/561
  dw2    rel_l2=0 max_abs=0 different=0/561
  dw1.chunk rel_l2=0 max_abs=0 different=0/561
  dw2.chunk rel_l2=0 max_abs=0 different=0/561
production specialization after reset:
  raw    rel_l2=0 max_abs=0 different=0/231
  post   rel_l2=0 max_abs=0 different=0/231
  dpre   rel_l2=0 max_abs=0 different=0/231
  post.T rel_l2=0 max_abs=0 different=0/231
  dpre.T rel_l2=0 max_abs=0 different=0/231
  y      rel_l2=0 max_abs=0 different=0/119
  dx     rel_l2=0 max_abs=0 different=0/119
  dw1    rel_l2=0 max_abs=0 different=0/561
  dw2    rel_l2=0 max_abs=0 different=0/561
shape M=129 C=96 H=160 workers=132 seed=1337 zeros=0 gradient_chunk=64
audit: every task executed once; gradient_tasks_before_all_roots=2
  raw    rel_l2=0 max_abs=0 different=0/20640
  raw    rel_l2=0 max_abs=0 different=0/20640
  post   rel_l2=0 max_abs=0 different=0/20640
  dpre   rel_l2=0 max_abs=0 different=0/20640
  post.T rel_l2=0 max_abs=0 different=0/20640
  dpre.T rel_l2=0 max_abs=0 different=0/20640
  y      rel_l2=0 max_abs=0 different=0/12384
  dx     rel_l2=0 max_abs=0 different=0/12384
  dw1    rel_l2=0 max_abs=0 different=0/15360
  dw2    rel_l2=0 max_abs=0 different=0/15360
  dw1.chunk rel_l2=0 max_abs=0 different=0/15360
  dw2.chunk rel_l2=0 max_abs=0 different=0/15360
production specialization after reset:
  raw    rel_l2=0 max_abs=0 different=0/20640
  post   rel_l2=0 max_abs=0 different=0/20640
  dpre   rel_l2=0 max_abs=0 different=0/20640
  post.T rel_l2=0 max_abs=0 different=0/20640
  dpre.T rel_l2=0 max_abs=0 different=0/20640
  y      rel_l2=0 max_abs=0 different=0/12384
  dx     rel_l2=0 max_abs=0 different=0/12384
  dw1    rel_l2=0 max_abs=0 different=0/15360
  dw2    rel_l2=0 max_abs=0 different=0/15360
shape M=65 C=32 H=64 workers=132 seed=2 zeros=1 gradient_chunk=64
audit: every task executed once; gradient_tasks_before_all_roots=0
  raw    rel_l2=0 max_abs=0 different=0/4160
  raw    rel_l2=0 max_abs=0 different=0/4160
  post   rel_l2=0 max_abs=0 different=0/4160
  dpre   rel_l2=0 max_abs=0 different=0/4160
  post.T rel_l2=0 max_abs=0 different=0/4160
  dpre.T rel_l2=0 max_abs=0 different=0/4160
  y      rel_l2=0 max_abs=0 different=0/2080
  dx     rel_l2=0 max_abs=0 different=0/2080
  dw1    rel_l2=0 max_abs=0 different=0/2048
  dw2    rel_l2=0 max_abs=0 different=0/2048
  dw1.chunk rel_l2=0 max_abs=0 different=0/2048
  dw2.chunk rel_l2=0 max_abs=0 different=0/2048
production specialization after reset:
  raw    rel_l2=0 max_abs=0 different=0/4160
  post   rel_l2=0 max_abs=0 different=0/4160
  dpre   rel_l2=0 max_abs=0 different=0/4160
  post.T rel_l2=0 max_abs=0 different=0/4160
  dpre.T rel_l2=0 max_abs=0 different=0/4160
  y      rel_l2=0 max_abs=0 different=0/2080
  dx     rel_l2=0 max_abs=0 different=0/2080
  dw1    rel_l2=0 max_abs=0 different=0/2048
  dw2    rel_l2=0 max_abs=0 different=0/2048
shape M=256 C=128 H=256 workers=132 seed=1337 zeros=0 gradient_chunk=4096
audit: every task executed once; gradient_tasks_before_all_roots=2
  post   rel_l2=0 max_abs=0 different=0/65536
  dpre   rel_l2=0 max_abs=0 different=0/65536
  post.T rel_l2=0 max_abs=0 different=0/65536
  dpre.T rel_l2=0 max_abs=0 different=0/65536
  y      rel_l2=0 max_abs=0 different=0/32768
  dx     rel_l2=0 max_abs=0 different=0/32768
  dw1    rel_l2=1.5333805e-05 max_abs=0.00048828125 different=1/32768
  dw2    rel_l2=0 max_abs=0 different=0/32768
  dw1.chunk rel_l2=0 max_abs=0 different=0/32768
  dw2.chunk rel_l2=0 max_abs=0 different=0/32768
production specialization after reset:
  post   rel_l2=0 max_abs=0 different=0/65536
  dpre   rel_l2=0 max_abs=0 different=0/65536
  post.T rel_l2=0 max_abs=0 different=0/65536
  dpre.T rel_l2=0 max_abs=0 different=0/65536
  y      rel_l2=0 max_abs=0 different=0/32768
  dx     rel_l2=0 max_abs=0 different=0/32768
  dw1    rel_l2=1.5333805e-05 max_abs=0.00048828125 different=1/32768
  dw2    rel_l2=0 max_abs=0 different=0/32768
shape M=7 C=17 H=33 workers=660 seed=42 zeros=0 gradient_chunk=64
audit: every task executed once; gradient_tasks_before_all_roots=0
  raw    rel_l2=0 max_abs=0 different=0/231
  raw    rel_l2=0 max_abs=0 different=0/231
  post   rel_l2=0 max_abs=0 different=0/231
  dpre   rel_l2=0 max_abs=0 different=0/231
  post.T rel_l2=0 max_abs=0 different=0/231
  dpre.T rel_l2=0 max_abs=0 different=0/231
  y      rel_l2=0 max_abs=0 different=0/119
  dx     rel_l2=0 max_abs=0 different=0/119
  dw1    rel_l2=0 max_abs=0 different=0/561
  dw2    rel_l2=0 max_abs=0 different=0/561
  dw1.chunk rel_l2=0 max_abs=0 different=0/561
  dw2.chunk rel_l2=0 max_abs=0 different=0/561
production specialization after reset:
  raw    rel_l2=0 max_abs=0 different=0/231
  post   rel_l2=0 max_abs=0 different=0/231
  dpre   rel_l2=0 max_abs=0 different=0/231
  post.T rel_l2=0 max_abs=0 different=0/231
  dpre.T rel_l2=0 max_abs=0 different=0/231
  y      rel_l2=0 max_abs=0 different=0/119
  dx     rel_l2=0 max_abs=0 different=0/119
  dw1    rel_l2=0 max_abs=0 different=0/561
  dw2    rel_l2=0 max_abs=0 different=0/561
shape M=129 C=96 H=160 workers=660 seed=1337 zeros=0 gradient_chunk=64
audit: every task executed once; gradient_tasks_before_all_roots=4
  raw    rel_l2=0 max_abs=0 different=0/20640
  raw    rel_l2=0 max_abs=0 different=0/20640
  post   rel_l2=0 max_abs=0 different=0/20640
  dpre   rel_l2=0 max_abs=0 different=0/20640
  post.T rel_l2=0 max_abs=0 different=0/20640
  dpre.T rel_l2=0 max_abs=0 different=0/20640
  y      rel_l2=0 max_abs=0 different=0/12384
  dx     rel_l2=0 max_abs=0 different=0/12384
  dw1    rel_l2=0 max_abs=0 different=0/15360
  dw2    rel_l2=0 max_abs=0 different=0/15360
  dw1.chunk rel_l2=0 max_abs=0 different=0/15360
  dw2.chunk rel_l2=0 max_abs=0 different=0/15360
production specialization after reset:
  raw    rel_l2=0 max_abs=0 different=0/20640
  post   rel_l2=0 max_abs=0 different=0/20640
  dpre   rel_l2=0 max_abs=0 different=0/20640
  post.T rel_l2=0 max_abs=0 different=0/20640
  dpre.T rel_l2=0 max_abs=0 different=0/20640
  y      rel_l2=0 max_abs=0 different=0/12384
  dx     rel_l2=0 max_abs=0 different=0/12384
  dw1    rel_l2=0 max_abs=0 different=0/15360
  dw2    rel_l2=0 max_abs=0 different=0/15360
shape M=65 C=32 H=64 workers=660 seed=2 zeros=1 gradient_chunk=64
audit: every task executed once; gradient_tasks_before_all_roots=0
  raw    rel_l2=0 max_abs=0 different=0/4160
  raw    rel_l2=0 max_abs=0 different=0/4160
  post   rel_l2=0 max_abs=0 different=0/4160
  dpre   rel_l2=0 max_abs=0 different=0/4160
  post.T rel_l2=0 max_abs=0 different=0/4160
  dpre.T rel_l2=0 max_abs=0 different=0/4160
  y      rel_l2=0 max_abs=0 different=0/2080
  dx     rel_l2=0 max_abs=0 different=0/2080
  dw1    rel_l2=0 max_abs=0 different=0/2048
  dw2    rel_l2=0 max_abs=0 different=0/2048
  dw1.chunk rel_l2=0 max_abs=0 different=0/2048
  dw2.chunk rel_l2=0 max_abs=0 different=0/2048
production specialization after reset:
  raw    rel_l2=0 max_abs=0 different=0/4160
  post   rel_l2=0 max_abs=0 different=0/4160
  dpre   rel_l2=0 max_abs=0 different=0/4160
  post.T rel_l2=0 max_abs=0 different=0/4160
  dpre.T rel_l2=0 max_abs=0 different=0/4160
  y      rel_l2=0 max_abs=0 different=0/2080
  dx     rel_l2=0 max_abs=0 different=0/2080
  dw1    rel_l2=0 max_abs=0 different=0/2048
  dw2    rel_l2=0 max_abs=0 different=0/2048
shape M=256 C=128 H=256 workers=660 seed=1337 zeros=0 gradient_chunk=4096
audit: every task executed once; gradient_tasks_before_all_roots=0
  post   rel_l2=0 max_abs=0 different=0/65536
  dpre   rel_l2=0 max_abs=0 different=0/65536
  post.T rel_l2=0 max_abs=0 different=0/65536
  dpre.T rel_l2=0 max_abs=0 different=0/65536
  y      rel_l2=0 max_abs=0 different=0/32768
  dx     rel_l2=0 max_abs=0 different=0/32768
  dw1    rel_l2=1.5333805e-05 max_abs=0.00048828125 different=1/32768
  dw2    rel_l2=0 max_abs=0 different=0/32768
  dw1.chunk rel_l2=0 max_abs=0 different=0/32768
  dw2.chunk rel_l2=0 max_abs=0 different=0/32768
production specialization after reset:
  post   rel_l2=0 max_abs=0 different=0/65536
  dpre   rel_l2=0 max_abs=0 different=0/65536
  post.T rel_l2=0 max_abs=0 different=0/65536
  dpre.T rel_l2=0 max_abs=0 different=0/65536
  y      rel_l2=0 max_abs=0 different=0/32768
  dx     rel_l2=0 max_abs=0 different=0/32768
  dw1    rel_l2=1.5333805e-05 max_abs=0.00048828125 different=1/32768
  dw2    rel_l2=0 max_abs=0 different=0/32768
shape M=8209 C=96 H=160 workers=7 seed=1337 zeros=0 gradient_chunk=4096
audit: every task executed once; gradient_tasks_before_all_roots=27
  post   rel_l2=0 max_abs=0 different=0/1313440
  dpre   rel_l2=0 max_abs=0 different=0/1313440
  post.T rel_l2=0 max_abs=0 different=0/1313440
  dpre.T rel_l2=0 max_abs=0 different=0/1313440
  y      rel_l2=0 max_abs=0 different=0/788064
  dx     rel_l2=0 max_abs=0 different=0/788064
  dw1    rel_l2=0 max_abs=0 different=0/15360
  dw2    rel_l2=0 max_abs=0 different=0/15360
  dw1.chunk rel_l2=0 max_abs=0 different=0/15360
  dw2.chunk rel_l2=0 max_abs=0 different=0/15360
production specialization after reset:
  post   rel_l2=0 max_abs=0 different=0/1313440
  dpre   rel_l2=0 max_abs=0 different=0/1313440
  post.T rel_l2=0 max_abs=0 different=0/1313440
  dpre.T rel_l2=0 max_abs=0 different=0/1313440
  y      rel_l2=0 max_abs=0 different=0/788064
  dx     rel_l2=0 max_abs=0 different=0/788064
  dw1    rel_l2=0 max_abs=0 different=0/15360
  dw2    rel_l2=0 max_abs=0 different=0/15360
shape M=8192 C=128 H=256 workers=7 seed=1337 zeros=0 gradient_chunk=4096
audit: every task executed once; gradient_tasks_before_all_roots=21
  post   rel_l2=0 max_abs=0 different=0/2097152
  dpre   rel_l2=0 max_abs=0 different=0/2097152
  post.T rel_l2=0 max_abs=0 different=0/2097152
  dpre.T rel_l2=0 max_abs=0 different=0/2097152
  y      rel_l2=0 max_abs=0 different=0/1048576
  dx     rel_l2=2.0881563e-08 max_abs=2.3841858e-07 different=2/1048576
  dw1    rel_l2=0 max_abs=0 different=0/32768
  dw2    rel_l2=0 max_abs=0 different=0/32768
  dw1.chunk rel_l2=0 max_abs=0 different=0/32768
  dw2.chunk rel_l2=0 max_abs=0 different=0/32768
production specialization after reset:
  post   rel_l2=0 max_abs=0 different=0/2097152
  dpre   rel_l2=0 max_abs=0 different=0/2097152
  post.T rel_l2=0 max_abs=0 different=0/2097152
  dpre.T rel_l2=0 max_abs=0 different=0/2097152
  y      rel_l2=0 max_abs=0 different=0/1048576
  dx     rel_l2=2.0881563e-08 max_abs=2.3841858e-07 different=2/1048576
  dw1    rel_l2=0 max_abs=0 different=0/32768
  dw2    rel_l2=0 max_abs=0 different=0/32768
PASS: FP8 six-GEMM MLP graph, all outputs and gradients; not full-model training.
========= ERROR SUMMARY: 0 errors
compute-sanitizer --tool racecheck --error-exitcode 1 ./validate --quick --gradient-chunk=4096
========= COMPUTE-SANITIZER
GPU=NVIDIA H100 80GB HBM3 SMs=132 CUDA_runtime=12080
megakernel registers=111 static_shared=32776 local_bytes=0
resident_blocks_per_SM=4
operand_K=128
scheduler=ready_first
operand_stages=2
target=PR360 commit=c924f68e4d72e80307fc27a7bb3a55cfb6ad43c7 MLP=E4M3/E5M2 width=2816; component only
shape M=7 C=17 H=33 workers=1 seed=42 zeros=0 gradient_chunk=64
audit: every task executed once; gradient_tasks_before_all_roots=0
  raw    rel_l2=0 max_abs=0 different=0/231
  raw    rel_l2=0 max_abs=0 different=0/231
  post   rel_l2=0 max_abs=0 different=0/231
  dpre   rel_l2=0 max_abs=0 different=0/231
  post.T rel_l2=0 max_abs=0 different=0/231
  dpre.T rel_l2=0 max_abs=0 different=0/231
  y      rel_l2=0 max_abs=0 different=0/119
  dx     rel_l2=0 max_abs=0 different=0/119
  dw1    rel_l2=0 max_abs=0 different=0/561
  dw2    rel_l2=0 max_abs=0 different=0/561
  dw1.chunk rel_l2=0 max_abs=0 different=0/561
  dw2.chunk rel_l2=0 max_abs=0 different=0/561
production specialization after reset:
  raw    rel_l2=0 max_abs=0 different=0/231
  post   rel_l2=0 max_abs=0 different=0/231
  dpre   rel_l2=0 max_abs=0 different=0/231
  post.T rel_l2=0 max_abs=0 different=0/231
  dpre.T rel_l2=0 max_abs=0 different=0/231
  y      rel_l2=0 max_abs=0 different=0/119
  dx     rel_l2=0 max_abs=0 different=0/119
  dw1    rel_l2=0 max_abs=0 different=0/561
  dw2    rel_l2=0 max_abs=0 different=0/561
shape M=129 C=96 H=160 workers=1 seed=1337 zeros=0 gradient_chunk=64
audit: every task executed once; gradient_tasks_before_all_roots=28
  raw    rel_l2=0 max_abs=0 different=0/20640
  raw    rel_l2=0 max_abs=0 different=0/20640
  post   rel_l2=0 max_abs=0 different=0/20640
  dpre   rel_l2=0 max_abs=0 different=0/20640
  post.T rel_l2=0 max_abs=0 different=0/20640
  dpre.T rel_l2=0 max_abs=0 different=0/20640
  y      rel_l2=0 max_abs=0 different=0/12384
  dx     rel_l2=0 max_abs=0 different=0/12384
  dw1    rel_l2=0 max_abs=0 different=0/15360
  dw2    rel_l2=0 max_abs=0 different=0/15360
  dw1.chunk rel_l2=0 max_abs=0 different=0/15360
  dw2.chunk rel_l2=0 max_abs=0 different=0/15360
production specialization after reset:
  raw    rel_l2=0 max_abs=0 different=0/20640
  post   rel_l2=0 max_abs=0 different=0/20640
  dpre   rel_l2=0 max_abs=0 different=0/20640
  post.T rel_l2=0 max_abs=0 different=0/20640
  dpre.T rel_l2=0 max_abs=0 different=0/20640
  y      rel_l2=0 max_abs=0 different=0/12384
  dx     rel_l2=0 max_abs=0 different=0/12384
  dw1    rel_l2=0 max_abs=0 different=0/15360
  dw2    rel_l2=0 max_abs=0 different=0/15360
shape M=65 C=32 H=64 workers=1 seed=2 zeros=1 gradient_chunk=64
audit: every task executed once; gradient_tasks_before_all_roots=0
  raw    rel_l2=0 max_abs=0 different=0/4160
  raw    rel_l2=0 max_abs=0 different=0/4160
  post   rel_l2=0 max_abs=0 different=0/4160
  dpre   rel_l2=0 max_abs=0 different=0/4160
  post.T rel_l2=0 max_abs=0 different=0/4160
  dpre.T rel_l2=0 max_abs=0 different=0/4160
  y      rel_l2=0 max_abs=0 different=0/2080
  dx     rel_l2=0 max_abs=0 different=0/2080
  dw1    rel_l2=0 max_abs=0 different=0/2048
  dw2    rel_l2=0 max_abs=0 different=0/2048
  dw1.chunk rel_l2=0 max_abs=0 different=0/2048
  dw2.chunk rel_l2=0 max_abs=0 different=0/2048
production specialization after reset:
  raw    rel_l2=0 max_abs=0 different=0/4160
  post   rel_l2=0 max_abs=0 different=0/4160
  dpre   rel_l2=0 max_abs=0 different=0/4160
  post.T rel_l2=0 max_abs=0 different=0/4160
  dpre.T rel_l2=0 max_abs=0 different=0/4160
  y      rel_l2=0 max_abs=0 different=0/2080
  dx     rel_l2=0 max_abs=0 different=0/2080
  dw1    rel_l2=0 max_abs=0 different=0/2048
  dw2    rel_l2=0 max_abs=0 different=0/2048
shape M=256 C=128 H=256 workers=1 seed=1337 zeros=0 gradient_chunk=4096
audit: every task executed once; gradient_tasks_before_all_roots=6
  post   rel_l2=0 max_abs=0 different=0/65536
  dpre   rel_l2=0 max_abs=0 different=0/65536
  post.T rel_l2=0 max_abs=0 different=0/65536
  dpre.T rel_l2=0 max_abs=0 different=0/65536
  y      rel_l2=0 max_abs=0 different=0/32768
  dx     rel_l2=0 max_abs=0 different=0/32768
  dw1    rel_l2=1.5333805e-05 max_abs=0.00048828125 different=1/32768
  dw2    rel_l2=0 max_abs=0 different=0/32768
  dw1.chunk rel_l2=0 max_abs=0 different=0/32768
  dw2.chunk rel_l2=0 max_abs=0 different=0/32768
production specialization after reset:
  post   rel_l2=0 max_abs=0 different=0/65536
  dpre   rel_l2=0 max_abs=0 different=0/65536
  post.T rel_l2=0 max_abs=0 different=0/65536
  dpre.T rel_l2=0 max_abs=0 different=0/65536
  y      rel_l2=0 max_abs=0 different=0/32768
  dx     rel_l2=0 max_abs=0 different=0/32768
  dw1    rel_l2=1.5333805e-05 max_abs=0.00048828125 different=1/32768
  dw2    rel_l2=0 max_abs=0 different=0/32768
shape M=7 C=17 H=33 workers=7 seed=42 zeros=0 gradient_chunk=64
audit: every task executed once; gradient_tasks_before_all_roots=0
  raw    rel_l2=0 max_abs=0 different=0/231
  raw    rel_l2=0 max_abs=0 different=0/231
  post   rel_l2=0 max_abs=0 different=0/231
  dpre   rel_l2=0 max_abs=0 different=0/231
  post.T rel_l2=0 max_abs=0 different=0/231
  dpre.T rel_l2=0 max_abs=0 different=0/231
  y      rel_l2=0 max_abs=0 different=0/119
  dx     rel_l2=0 max_abs=0 different=0/119
  dw1    rel_l2=0 max_abs=0 different=0/561
  dw2    rel_l2=0 max_abs=0 different=0/561
  dw1.chunk rel_l2=0 max_abs=0 different=0/561
  dw2.chunk rel_l2=0 max_abs=0 different=0/561
production specialization after reset:
  raw    rel_l2=0 max_abs=0 different=0/231
  post   rel_l2=0 max_abs=0 different=0/231
  dpre   rel_l2=0 max_abs=0 different=0/231
  post.T rel_l2=0 max_abs=0 different=0/231
  dpre.T rel_l2=0 max_abs=0 different=0/231
  y      rel_l2=0 max_abs=0 different=0/119
  dx     rel_l2=0 max_abs=0 different=0/119
  dw1    rel_l2=0 max_abs=0 different=0/561
  dw2    rel_l2=0 max_abs=0 different=0/561
shape M=129 C=96 H=160 workers=7 seed=1337 zeros=0 gradient_chunk=64
audit: every task executed once; gradient_tasks_before_all_roots=1
  raw    rel_l2=0 max_abs=0 different=0/20640
  raw    rel_l2=0 max_abs=0 different=0/20640
  post   rel_l2=0 max_abs=0 different=0/20640
  dpre   rel_l2=0 max_abs=0 different=0/20640
  post.T rel_l2=0 max_abs=0 different=0/20640
  dpre.T rel_l2=0 max_abs=0 different=0/20640
  y      rel_l2=0 max_abs=0 different=0/12384
  dx     rel_l2=0 max_abs=0 different=0/12384
  dw1    rel_l2=0 max_abs=0 different=0/15360
  dw2    rel_l2=0 max_abs=0 different=0/15360
  dw1.chunk rel_l2=0 max_abs=0 different=0/15360
  dw2.chunk rel_l2=0 max_abs=0 different=0/15360
production specialization after reset:
  raw    rel_l2=0 max_abs=0 different=0/20640
  post   rel_l2=0 max_abs=0 different=0/20640
  dpre   rel_l2=0 max_abs=0 different=0/20640
  post.T rel_l2=0 max_abs=0 different=0/20640
  dpre.T rel_l2=0 max_abs=0 different=0/20640
  y      rel_l2=0 max_abs=0 different=0/12384
  dx     rel_l2=0 max_abs=0 different=0/12384
  dw1    rel_l2=0 max_abs=0 different=0/15360
  dw2    rel_l2=0 max_abs=0 different=0/15360
shape M=65 C=32 H=64 workers=7 seed=2 zeros=1 gradient_chunk=64
audit: every task executed once; gradient_tasks_before_all_roots=0
  raw    rel_l2=0 max_abs=0 different=0/4160
  raw    rel_l2=0 max_abs=0 different=0/4160
  post   rel_l2=0 max_abs=0 different=0/4160
  dpre   rel_l2=0 max_abs=0 different=0/4160
  post.T rel_l2=0 max_abs=0 different=0/4160
  dpre.T rel_l2=0 max_abs=0 different=0/4160
  y      rel_l2=0 max_abs=0 different=0/2080
  dx     rel_l2=0 max_abs=0 different=0/2080
  dw1    rel_l2=0 max_abs=0 different=0/2048
  dw2    rel_l2=0 max_abs=0 different=0/2048
  dw1.chunk rel_l2=0 max_abs=0 different=0/2048
  dw2.chunk rel_l2=0 max_abs=0 different=0/2048
production specialization after reset:
  raw    rel_l2=0 max_abs=0 different=0/4160
  post   rel_l2=0 max_abs=0 different=0/4160
  dpre   rel_l2=0 max_abs=0 different=0/4160
  post.T rel_l2=0 max_abs=0 different=0/4160
  dpre.T rel_l2=0 max_abs=0 different=0/4160
  y      rel_l2=0 max_abs=0 different=0/2080
  dx     rel_l2=0 max_abs=0 different=0/2080
  dw1    rel_l2=0 max_abs=0 different=0/2048
  dw2    rel_l2=0 max_abs=0 different=0/2048
shape M=256 C=128 H=256 workers=7 seed=1337 zeros=0 gradient_chunk=4096
audit: every task executed once; gradient_tasks_before_all_roots=1
  post   rel_l2=0 max_abs=0 different=0/65536
  dpre   rel_l2=0 max_abs=0 different=0/65536
  post.T rel_l2=0 max_abs=0 different=0/65536
  dpre.T rel_l2=0 max_abs=0 different=0/65536
  y      rel_l2=0 max_abs=0 different=0/32768
  dx     rel_l2=0 max_abs=0 different=0/32768
  dw1    rel_l2=1.5333805e-05 max_abs=0.00048828125 different=1/32768
  dw2    rel_l2=0 max_abs=0 different=0/32768
  dw1.chunk rel_l2=0 max_abs=0 different=0/32768
  dw2.chunk rel_l2=0 max_abs=0 different=0/32768
production specialization after reset:
  post   rel_l2=0 max_abs=0 different=0/65536
  dpre   rel_l2=0 max_abs=0 different=0/65536
  post.T rel_l2=0 max_abs=0 different=0/65536
  dpre.T rel_l2=0 max_abs=0 different=0/65536
  y      rel_l2=0 max_abs=0 different=0/32768
  dx     rel_l2=0 max_abs=0 different=0/32768
  dw1    rel_l2=1.5333805e-05 max_abs=0.00048828125 different=1/32768
  dw2    rel_l2=0 max_abs=0 different=0/32768
shape M=7 C=17 H=33 workers=132 seed=42 zeros=0 gradient_chunk=64
audit: every task executed once; gradient_tasks_before_all_roots=0
  raw    rel_l2=0 max_abs=0 different=0/231
  raw    rel_l2=0 max_abs=0 different=0/231
  post   rel_l2=0 max_abs=0 different=0/231
  dpre   rel_l2=0 max_abs=0 different=0/231
  post.T rel_l2=0 max_abs=0 different=0/231
  dpre.T rel_l2=0 max_abs=0 different=0/231
  y      rel_l2=0 max_abs=0 different=0/119
  dx     rel_l2=0 max_abs=0 different=0/119
  dw1    rel_l2=0 max_abs=0 different=0/561
  dw2    rel_l2=0 max_abs=0 different=0/561
  dw1.chunk rel_l2=0 max_abs=0 different=0/561
  dw2.chunk rel_l2=0 max_abs=0 different=0/561
production specialization after reset:
  raw    rel_l2=0 max_abs=0 different=0/231
  post   rel_l2=0 max_abs=0 different=0/231
  dpre   rel_l2=0 max_abs=0 different=0/231
  post.T rel_l2=0 max_abs=0 different=0/231
  dpre.T rel_l2=0 max_abs=0 different=0/231
  y      rel_l2=0 max_abs=0 different=0/119
  dx     rel_l2=0 max_abs=0 different=0/119
  dw1    rel_l2=0 max_abs=0 different=0/561
  dw2    rel_l2=0 max_abs=0 different=0/561
shape M=129 C=96 H=160 workers=132 seed=1337 zeros=0 gradient_chunk=64
audit: every task executed once; gradient_tasks_before_all_roots=5
  raw    rel_l2=0 max_abs=0 different=0/20640
  raw    rel_l2=0 max_abs=0 different=0/20640
  post   rel_l2=0 max_abs=0 different=0/20640
  dpre   rel_l2=0 max_abs=0 different=0/20640
  post.T rel_l2=0 max_abs=0 different=0/20640
  dpre.T rel_l2=0 max_abs=0 different=0/20640
  y      rel_l2=0 max_abs=0 different=0/12384
  dx     rel_l2=0 max_abs=0 different=0/12384
  dw1    rel_l2=0 max_abs=0 different=0/15360
  dw2    rel_l2=0 max_abs=0 different=0/15360
  dw1.chunk rel_l2=0 max_abs=0 different=0/15360
  dw2.chunk rel_l2=0 max_abs=0 different=0/15360
production specialization after reset:
  raw    rel_l2=0 max_abs=0 different=0/20640
  post   rel_l2=0 max_abs=0 different=0/20640
  dpre   rel_l2=0 max_abs=0 different=0/20640
  post.T rel_l2=0 max_abs=0 different=0/20640
  dpre.T rel_l2=0 max_abs=0 different=0/20640
  y      rel_l2=0 max_abs=0 different=0/12384
  dx     rel_l2=0 max_abs=0 different=0/12384
  dw1    rel_l2=0 max_abs=0 different=0/15360
  dw2    rel_l2=0 max_abs=0 different=0/15360
shape M=65 C=32 H=64 workers=132 seed=2 zeros=1 gradient_chunk=64
audit: every task executed once; gradient_tasks_before_all_roots=0
  raw    rel_l2=0 max_abs=0 different=0/4160
  raw    rel_l2=0 max_abs=0 different=0/4160
  post   rel_l2=0 max_abs=0 different=0/4160
  dpre   rel_l2=0 max_abs=0 different=0/4160
  post.T rel_l2=0 max_abs=0 different=0/4160
  dpre.T rel_l2=0 max_abs=0 different=0/4160
  y      rel_l2=0 max_abs=0 different=0/2080
  dx     rel_l2=0 max_abs=0 different=0/2080
  dw1    rel_l2=0 max_abs=0 different=0/2048
  dw2    rel_l2=0 max_abs=0 different=0/2048
  dw1.chunk rel_l2=0 max_abs=0 different=0/2048
  dw2.chunk rel_l2=0 max_abs=0 different=0/2048
production specialization after reset:
  raw    rel_l2=0 max_abs=0 different=0/4160
  post   rel_l2=0 max_abs=0 different=0/4160
  dpre   rel_l2=0 max_abs=0 different=0/4160
  post.T rel_l2=0 max_abs=0 different=0/4160
  dpre.T rel_l2=0 max_abs=0 different=0/4160
  y      rel_l2=0 max_abs=0 different=0/2080
  dx     rel_l2=0 max_abs=0 different=0/2080
  dw1    rel_l2=0 max_abs=0 different=0/2048
  dw2    rel_l2=0 max_abs=0 different=0/2048
shape M=256 C=128 H=256 workers=132 seed=1337 zeros=0 gradient_chunk=4096
audit: every task executed once; gradient_tasks_before_all_roots=4
  post   rel_l2=0 max_abs=0 different=0/65536
  dpre   rel_l2=0 max_abs=0 different=0/65536
  post.T rel_l2=0 max_abs=0 different=0/65536
  dpre.T rel_l2=0 max_abs=0 different=0/65536
  y      rel_l2=0 max_abs=0 different=0/32768
  dx     rel_l2=0 max_abs=0 different=0/32768
  dw1    rel_l2=1.5333805e-05 max_abs=0.00048828125 different=1/32768
  dw2    rel_l2=0 max_abs=0 different=0/32768
  dw1.chunk rel_l2=0 max_abs=0 different=0/32768
  dw2.chunk rel_l2=0 max_abs=0 different=0/32768
production specialization after reset:
  post   rel_l2=0 max_abs=0 different=0/65536
  dpre   rel_l2=0 max_abs=0 different=0/65536
  post.T rel_l2=0 max_abs=0 different=0/65536
  dpre.T rel_l2=0 max_abs=0 different=0/65536
  y      rel_l2=0 max_abs=0 different=0/32768
  dx     rel_l2=0 max_abs=0 different=0/32768
  dw1    rel_l2=1.5333805e-05 max_abs=0.00048828125 different=1/32768
  dw2    rel_l2=0 max_abs=0 different=0/32768
shape M=7 C=17 H=33 workers=660 seed=42 zeros=0 gradient_chunk=64
audit: every task executed once; gradient_tasks_before_all_roots=0
  raw    rel_l2=0 max_abs=0 different=0/231
  raw    rel_l2=0 max_abs=0 different=0/231
  post   rel_l2=0 max_abs=0 different=0/231
  dpre   rel_l2=0 max_abs=0 different=0/231
  post.T rel_l2=0 max_abs=0 different=0/231
  dpre.T rel_l2=0 max_abs=0 different=0/231
  y      rel_l2=0 max_abs=0 different=0/119
  dx     rel_l2=0 max_abs=0 different=0/119
  dw1    rel_l2=0 max_abs=0 different=0/561
  dw2    rel_l2=0 max_abs=0 different=0/561
  dw1.chunk rel_l2=0 max_abs=0 different=0/561
  dw2.chunk rel_l2=0 max_abs=0 different=0/561
production specialization after reset:
  raw    rel_l2=0 max_abs=0 different=0/231
  post   rel_l2=0 max_abs=0 different=0/231
  dpre   rel_l2=0 max_abs=0 different=0/231
  post.T rel_l2=0 max_abs=0 different=0/231
  dpre.T rel_l2=0 max_abs=0 different=0/231
  y      rel_l2=0 max_abs=0 different=0/119
  dx     rel_l2=0 max_abs=0 different=0/119
  dw1    rel_l2=0 max_abs=0 different=0/561
  dw2    rel_l2=0 max_abs=0 different=0/561
shape M=129 C=96 H=160 workers=660 seed=1337 zeros=0 gradient_chunk=64
audit: every task executed once; gradient_tasks_before_all_roots=4
  raw    rel_l2=0 max_abs=0 different=0/20640
  raw    rel_l2=0 max_abs=0 different=0/20640
  post   rel_l2=0 max_abs=0 different=0/20640
  dpre   rel_l2=0 max_abs=0 different=0/20640
  post.T rel_l2=0 max_abs=0 different=0/20640
  dpre.T rel_l2=0 max_abs=0 different=0/20640
  y      rel_l2=0 max_abs=0 different=0/12384
  dx     rel_l2=0 max_abs=0 different=0/12384
  dw1    rel_l2=0 max_abs=0 different=0/15360
  dw2    rel_l2=0 max_abs=0 different=0/15360
  dw1.chunk rel_l2=0 max_abs=0 different=0/15360
  dw2.chunk rel_l2=0 max_abs=0 different=0/15360
production specialization after reset:
  raw    rel_l2=0 max_abs=0 different=0/20640
  post   rel_l2=0 max_abs=0 different=0/20640
  dpre   rel_l2=0 max_abs=0 different=0/20640
  post.T rel_l2=0 max_abs=0 different=0/20640
  dpre.T rel_l2=0 max_abs=0 different=0/20640
  y      rel_l2=0 max_abs=0 different=0/12384
  dx     rel_l2=0 max_abs=0 different=0/12384
  dw1    rel_l2=0 max_abs=0 different=0/15360
  dw2    rel_l2=0 max_abs=0 different=0/15360
shape M=65 C=32 H=64 workers=660 seed=2 zeros=1 gradient_chunk=64
audit: every task executed once; gradient_tasks_before_all_roots=0
  raw    rel_l2=0 max_abs=0 different=0/4160
  raw    rel_l2=0 max_abs=0 different=0/4160
  post   rel_l2=0 max_abs=0 different=0/4160
  dpre   rel_l2=0 max_abs=0 different=0/4160
  post.T rel_l2=0 max_abs=0 different=0/4160
  dpre.T rel_l2=0 max_abs=0 different=0/4160
  y      rel_l2=0 max_abs=0 different=0/2080
  dx     rel_l2=0 max_abs=0 different=0/2080
  dw1    rel_l2=0 max_abs=0 different=0/2048
  dw2    rel_l2=0 max_abs=0 different=0/2048
  dw1.chunk rel_l2=0 max_abs=0 different=0/2048
  dw2.chunk rel_l2=0 max_abs=0 different=0/2048
production specialization after reset:
  raw    rel_l2=0 max_abs=0 different=0/4160
  post   rel_l2=0 max_abs=0 different=0/4160
  dpre   rel_l2=0 max_abs=0 different=0/4160
  post.T rel_l2=0 max_abs=0 different=0/4160
  dpre.T rel_l2=0 max_abs=0 different=0/4160
  y      rel_l2=0 max_abs=0 different=0/2080
  dx     rel_l2=0 max_abs=0 different=0/2080
  dw1    rel_l2=0 max_abs=0 different=0/2048
  dw2    rel_l2=0 max_abs=0 different=0/2048
shape M=256 C=128 H=256 workers=660 seed=1337 zeros=0 gradient_chunk=4096
audit: every task executed once; gradient_tasks_before_all_roots=4
  post   rel_l2=0 max_abs=0 different=0/65536
  dpre   rel_l2=0 max_abs=0 different=0/65536
  post.T rel_l2=0 max_abs=0 different=0/65536
  dpre.T rel_l2=0 max_abs=0 different=0/65536
  y      rel_l2=0 max_abs=0 different=0/32768
  dx     rel_l2=0 max_abs=0 different=0/32768
  dw1    rel_l2=1.5333805e-05 max_abs=0.00048828125 different=1/32768
  dw2    rel_l2=0 max_abs=0 different=0/32768
  dw1.chunk rel_l2=0 max_abs=0 different=0/32768
  dw2.chunk rel_l2=0 max_abs=0 different=0/32768
production specialization after reset:
  post   rel_l2=0 max_abs=0 different=0/65536
  dpre   rel_l2=0 max_abs=0 different=0/65536
  post.T rel_l2=0 max_abs=0 different=0/65536
  dpre.T rel_l2=0 max_abs=0 different=0/65536
  y      rel_l2=0 max_abs=0 different=0/32768
  dx     rel_l2=0 max_abs=0 different=0/32768
  dw1    rel_l2=1.5333805e-05 max_abs=0.00048828125 different=1/32768
  dw2    rel_l2=0 max_abs=0 different=0/32768
shape M=8209 C=96 H=160 workers=7 seed=1337 zeros=0 gradient_chunk=4096
audit: every task executed once; gradient_tasks_before_all_roots=27
  post   rel_l2=0 max_abs=0 different=0/1313440
  dpre   rel_l2=0 max_abs=0 different=0/1313440
  post.T rel_l2=0 max_abs=0 different=0/1313440
  dpre.T rel_l2=0 max_abs=0 different=0/1313440
  y      rel_l2=0 max_abs=0 different=0/788064
  dx     rel_l2=0 max_abs=0 different=0/788064
  dw1    rel_l2=0 max_abs=0 different=0/15360
  dw2    rel_l2=0 max_abs=0 different=0/15360
  dw1.chunk rel_l2=0 max_abs=0 different=0/15360
  dw2.chunk rel_l2=0 max_abs=0 different=0/15360
production specialization after reset:
  post   rel_l2=0 max_abs=0 different=0/1313440
  dpre   rel_l2=0 max_abs=0 different=0/1313440
  post.T rel_l2=0 max_abs=0 different=0/1313440
  dpre.T rel_l2=0 max_abs=0 different=0/1313440
  y      rel_l2=0 max_abs=0 different=0/788064
  dx     rel_l2=0 max_abs=0 different=0/788064
  dw1    rel_l2=0 max_abs=0 different=0/15360
  dw2    rel_l2=0 max_abs=0 different=0/15360
shape M=8192 C=128 H=256 workers=7 seed=1337 zeros=0 gradient_chunk=4096
audit: every task executed once; gradient_tasks_before_all_roots=20
  post   rel_l2=0 max_abs=0 different=0/2097152
  dpre   rel_l2=0 max_abs=0 different=0/2097152
  post.T rel_l2=0 max_abs=0 different=0/2097152
  dpre.T rel_l2=0 max_abs=0 different=0/2097152
  y      rel_l2=0 max_abs=0 different=0/1048576
  dx     rel_l2=2.0881563e-08 max_abs=2.3841858e-07 different=2/1048576
  dw1    rel_l2=0 max_abs=0 different=0/32768
  dw2    rel_l2=0 max_abs=0 different=0/32768
  dw1.chunk rel_l2=0 max_abs=0 different=0/32768
  dw2.chunk rel_l2=0 max_abs=0 different=0/32768
production specialization after reset:
  post   rel_l2=0 max_abs=0 different=0/2097152
  dpre   rel_l2=0 max_abs=0 different=0/2097152
  post.T rel_l2=0 max_abs=0 different=0/2097152
  dpre.T rel_l2=0 max_abs=0 different=0/2097152
  y      rel_l2=0 max_abs=0 different=0/1048576
  dx     rel_l2=2.0881563e-08 max_abs=2.3841858e-07 different=2/1048576
  dw1    rel_l2=0 max_abs=0 different=0/32768
  dw2    rel_l2=0 max_abs=0 different=0/32768
PASS: FP8 six-GEMM MLP graph, all outputs and gradients; not full-model training.
========= RACECHECK SUMMARY: 0 hazards displayed (0 errors, 0 warnings)
compute-sanitizer --tool synccheck --error-exitcode 1 ./validate --quick --gradient-chunk=4096
========= COMPUTE-SANITIZER
GPU=NVIDIA H100 80GB HBM3 SMs=132 CUDA_runtime=12080
megakernel registers=111 static_shared=32776 local_bytes=0
resident_blocks_per_SM=4
operand_K=128
scheduler=ready_first
operand_stages=2
target=PR360 commit=c924f68e4d72e80307fc27a7bb3a55cfb6ad43c7 MLP=E4M3/E5M2 width=2816; component only
shape M=7 C=17 H=33 workers=1 seed=42 zeros=0 gradient_chunk=64
audit: every task executed once; gradient_tasks_before_all_roots=0
  raw    rel_l2=0 max_abs=0 different=0/231
  raw    rel_l2=0 max_abs=0 different=0/231
  post   rel_l2=0 max_abs=0 different=0/231
  dpre   rel_l2=0 max_abs=0 different=0/231
  post.T rel_l2=0 max_abs=0 different=0/231
  dpre.T rel_l2=0 max_abs=0 different=0/231
  y      rel_l2=0 max_abs=0 different=0/119
  dx     rel_l2=0 max_abs=0 different=0/119
  dw1    rel_l2=0 max_abs=0 different=0/561
  dw2    rel_l2=0 max_abs=0 different=0/561
  dw1.chunk rel_l2=0 max_abs=0 different=0/561
  dw2.chunk rel_l2=0 max_abs=0 different=0/561
production specialization after reset:
  raw    rel_l2=0 max_abs=0 different=0/231
  post   rel_l2=0 max_abs=0 different=0/231
  dpre   rel_l2=0 max_abs=0 different=0/231
  post.T rel_l2=0 max_abs=0 different=0/231
  dpre.T rel_l2=0 max_abs=0 different=0/231
  y      rel_l2=0 max_abs=0 different=0/119
  dx     rel_l2=0 max_abs=0 different=0/119
  dw1    rel_l2=0 max_abs=0 different=0/561
  dw2    rel_l2=0 max_abs=0 different=0/561
shape M=129 C=96 H=160 workers=1 seed=1337 zeros=0 gradient_chunk=64
audit: every task executed once; gradient_tasks_before_all_roots=28
  raw    rel_l2=0 max_abs=0 different=0/20640
  raw    rel_l2=0 max_abs=0 different=0/20640
  post   rel_l2=0 max_abs=0 different=0/20640
  dpre   rel_l2=0 max_abs=0 different=0/20640
  post.T rel_l2=0 max_abs=0 different=0/20640
  dpre.T rel_l2=0 max_abs=0 different=0/20640
  y      rel_l2=0 max_abs=0 different=0/12384
  dx     rel_l2=0 max_abs=0 different=0/12384
  dw1    rel_l2=0 max_abs=0 different=0/15360
  dw2    rel_l2=0 max_abs=0 different=0/15360
  dw1.chunk rel_l2=0 max_abs=0 different=0/15360
  dw2.chunk rel_l2=0 max_abs=0 different=0/15360
production specialization after reset:
  raw    rel_l2=0 max_abs=0 different=0/20640
  post   rel_l2=0 max_abs=0 different=0/20640
  dpre   rel_l2=0 max_abs=0 different=0/20640
  post.T rel_l2=0 max_abs=0 different=0/20640
  dpre.T rel_l2=0 max_abs=0 different=0/20640
  y      rel_l2=0 max_abs=0 different=0/12384
  dx     rel_l2=0 max_abs=0 different=0/12384
  dw1    rel_l2=0 max_abs=0 different=0/15360
  dw2    rel_l2=0 max_abs=0 different=0/15360
shape M=65 C=32 H=64 workers=1 seed=2 zeros=1 gradient_chunk=64
audit: every task executed once; gradient_tasks_before_all_roots=0
  raw    rel_l2=0 max_abs=0 different=0/4160
  raw    rel_l2=0 max_abs=0 different=0/4160
  post   rel_l2=0 max_abs=0 different=0/4160
  dpre   rel_l2=0 max_abs=0 different=0/4160
  post.T rel_l2=0 max_abs=0 different=0/4160
  dpre.T rel_l2=0 max_abs=0 different=0/4160
  y      rel_l2=0 max_abs=0 different=0/2080
  dx     rel_l2=0 max_abs=0 different=0/2080
  dw1    rel_l2=0 max_abs=0 different=0/2048
  dw2    rel_l2=0 max_abs=0 different=0/2048
  dw1.chunk rel_l2=0 max_abs=0 different=0/2048
  dw2.chunk rel_l2=0 max_abs=0 different=0/2048
production specialization after reset:
  raw    rel_l2=0 max_abs=0 different=0/4160
  post   rel_l2=0 max_abs=0 different=0/4160
  dpre   rel_l2=0 max_abs=0 different=0/4160
  post.T rel_l2=0 max_abs=0 different=0/4160
  dpre.T rel_l2=0 max_abs=0 different=0/4160
  y      rel_l2=0 max_abs=0 different=0/2080
  dx     rel_l2=0 max_abs=0 different=0/2080
  dw1    rel_l2=0 max_abs=0 different=0/2048
  dw2    rel_l2=0 max_abs=0 different=0/2048
shape M=256 C=128 H=256 workers=1 seed=1337 zeros=0 gradient_chunk=4096
audit: every task executed once; gradient_tasks_before_all_roots=6
  post   rel_l2=0 max_abs=0 different=0/65536
  dpre   rel_l2=0 max_abs=0 different=0/65536
  post.T rel_l2=0 max_abs=0 different=0/65536
  dpre.T rel_l2=0 max_abs=0 different=0/65536
  y      rel_l2=0 max_abs=0 different=0/32768
  dx     rel_l2=0 max_abs=0 different=0/32768
  dw1    rel_l2=1.5333805e-05 max_abs=0.00048828125 different=1/32768
  dw2    rel_l2=0 max_abs=0 different=0/32768
  dw1.chunk rel_l2=0 max_abs=0 different=0/32768
  dw2.chunk rel_l2=0 max_abs=0 different=0/32768
production specialization after reset:
  post   rel_l2=0 max_abs=0 different=0/65536
  dpre   rel_l2=0 max_abs=0 different=0/65536
  post.T rel_l2=0 max_abs=0 different=0/65536
  dpre.T rel_l2=0 max_abs=0 different=0/65536
  y      rel_l2=0 max_abs=0 different=0/32768
  dx     rel_l2=0 max_abs=0 different=0/32768
  dw1    rel_l2=1.5333805e-05 max_abs=0.00048828125 different=1/32768
  dw2    rel_l2=0 max_abs=0 different=0/32768
shape M=7 C=17 H=33 workers=7 seed=42 zeros=0 gradient_chunk=64
audit: every task executed once; gradient_tasks_before_all_roots=0
  raw    rel_l2=0 max_abs=0 different=0/231
  raw    rel_l2=0 max_abs=0 different=0/231
  post   rel_l2=0 max_abs=0 different=0/231
  dpre   rel_l2=0 max_abs=0 different=0/231
  post.T rel_l2=0 max_abs=0 different=0/231
  dpre.T rel_l2=0 max_abs=0 different=0/231
  y      rel_l2=0 max_abs=0 different=0/119
  dx     rel_l2=0 max_abs=0 different=0/119
  dw1    rel_l2=0 max_abs=0 different=0/561
  dw2    rel_l2=0 max_abs=0 different=0/561
  dw1.chunk rel_l2=0 max_abs=0 different=0/561
  dw2.chunk rel_l2=0 max_abs=0 different=0/561
production specialization after reset:
  raw    rel_l2=0 max_abs=0 different=0/231
  post   rel_l2=0 max_abs=0 different=0/231
  dpre   rel_l2=0 max_abs=0 different=0/231
  post.T rel_l2=0 max_abs=0 different=0/231
  dpre.T rel_l2=0 max_abs=0 different=0/231
  y      rel_l2=0 max_abs=0 different=0/119
  dx     rel_l2=0 max_abs=0 different=0/119
  dw1    rel_l2=0 max_abs=0 different=0/561
  dw2    rel_l2=0 max_abs=0 different=0/561
shape M=129 C=96 H=160 workers=7 seed=1337 zeros=0 gradient_chunk=64
audit: every task executed once; gradient_tasks_before_all_roots=3
  raw    rel_l2=0 max_abs=0 different=0/20640
  raw    rel_l2=0 max_abs=0 different=0/20640
  post   rel_l2=0 max_abs=0 different=0/20640
  dpre   rel_l2=0 max_abs=0 different=0/20640
  post.T rel_l2=0 max_abs=0 different=0/20640
  dpre.T rel_l2=0 max_abs=0 different=0/20640
  y      rel_l2=0 max_abs=0 different=0/12384
  dx     rel_l2=0 max_abs=0 different=0/12384
  dw1    rel_l2=0 max_abs=0 different=0/15360
  dw2    rel_l2=0 max_abs=0 different=0/15360
  dw1.chunk rel_l2=0 max_abs=0 different=0/15360
  dw2.chunk rel_l2=0 max_abs=0 different=0/15360
production specialization after reset:
  raw    rel_l2=0 max_abs=0 different=0/20640
  post   rel_l2=0 max_abs=0 different=0/20640
  dpre   rel_l2=0 max_abs=0 different=0/20640
  post.T rel_l2=0 max_abs=0 different=0/20640
  dpre.T rel_l2=0 max_abs=0 different=0/20640
  y      rel_l2=0 max_abs=0 different=0/12384
  dx     rel_l2=0 max_abs=0 different=0/12384
  dw1    rel_l2=0 max_abs=0 different=0/15360
  dw2    rel_l2=0 max_abs=0 different=0/15360
shape M=65 C=32 H=64 workers=7 seed=2 zeros=1 gradient_chunk=64
audit: every task executed once; gradient_tasks_before_all_roots=0
  raw    rel_l2=0 max_abs=0 different=0/4160
  raw    rel_l2=0 max_abs=0 different=0/4160
  post   rel_l2=0 max_abs=0 different=0/4160
  dpre   rel_l2=0 max_abs=0 different=0/4160
  post.T rel_l2=0 max_abs=0 different=0/4160
  dpre.T rel_l2=0 max_abs=0 different=0/4160
  y      rel_l2=0 max_abs=0 different=0/2080
  dx     rel_l2=0 max_abs=0 different=0/2080
  dw1    rel_l2=0 max_abs=0 different=0/2048
  dw2    rel_l2=0 max_abs=0 different=0/2048
  dw1.chunk rel_l2=0 max_abs=0 different=0/2048
  dw2.chunk rel_l2=0 max_abs=0 different=0/2048
production specialization after reset:
  raw    rel_l2=0 max_abs=0 different=0/4160
  post   rel_l2=0 max_abs=0 different=0/4160
  dpre   rel_l2=0 max_abs=0 different=0/4160
  post.T rel_l2=0 max_abs=0 different=0/4160
  dpre.T rel_l2=0 max_abs=0 different=0/4160
  y      rel_l2=0 max_abs=0 different=0/2080
  dx     rel_l2=0 max_abs=0 different=0/2080
  dw1    rel_l2=0 max_abs=0 different=0/2048
  dw2    rel_l2=0 max_abs=0 different=0/2048
shape M=256 C=128 H=256 workers=7 seed=1337 zeros=0 gradient_chunk=4096
audit: every task executed once; gradient_tasks_before_all_roots=0
  post   rel_l2=0 max_abs=0 different=0/65536
  dpre   rel_l2=0 max_abs=0 different=0/65536
  post.T rel_l2=0 max_abs=0 different=0/65536
  dpre.T rel_l2=0 max_abs=0 different=0/65536
  y      rel_l2=0 max_abs=0 different=0/32768
  dx     rel_l2=0 max_abs=0 different=0/32768
  dw1    rel_l2=1.5333805e-05 max_abs=0.00048828125 different=1/32768
  dw2    rel_l2=0 max_abs=0 different=0/32768
  dw1.chunk rel_l2=0 max_abs=0 different=0/32768
  dw2.chunk rel_l2=0 max_abs=0 different=0/32768
production specialization after reset:
  post   rel_l2=0 max_abs=0 different=0/65536
  dpre   rel_l2=0 max_abs=0 different=0/65536
  post.T rel_l2=0 max_abs=0 different=0/65536
  dpre.T rel_l2=0 max_abs=0 different=0/65536
  y      rel_l2=0 max_abs=0 different=0/32768
  dx     rel_l2=0 max_abs=0 different=0/32768
  dw1    rel_l2=1.5333805e-05 max_abs=0.00048828125 different=1/32768
  dw2    rel_l2=0 max_abs=0 different=0/32768
shape M=7 C=17 H=33 workers=132 seed=42 zeros=0 gradient_chunk=64
audit: every task executed once; gradient_tasks_before_all_roots=0
  raw    rel_l2=0 max_abs=0 different=0/231
  raw    rel_l2=0 max_abs=0 different=0/231
  post   rel_l2=0 max_abs=0 different=0/231
  dpre   rel_l2=0 max_abs=0 different=0/231
  post.T rel_l2=0 max_abs=0 different=0/231
  dpre.T rel_l2=0 max_abs=0 different=0/231
  y      rel_l2=0 max_abs=0 different=0/119
  dx     rel_l2=0 max_abs=0 different=0/119
  dw1    rel_l2=0 max_abs=0 different=0/561
  dw2    rel_l2=0 max_abs=0 different=0/561
  dw1.chunk rel_l2=0 max_abs=0 different=0/561
  dw2.chunk rel_l2=0 max_abs=0 different=0/561
production specialization after reset:
  raw    rel_l2=0 max_abs=0 different=0/231
  post   rel_l2=0 max_abs=0 different=0/231
  dpre   rel_l2=0 max_abs=0 different=0/231
  post.T rel_l2=0 max_abs=0 different=0/231
  dpre.T rel_l2=0 max_abs=0 different=0/231
  y      rel_l2=0 max_abs=0 different=0/119
  dx     rel_l2=0 max_abs=0 different=0/119
  dw1    rel_l2=0 max_abs=0 different=0/561
  dw2    rel_l2=0 max_abs=0 different=0/561
shape M=129 C=96 H=160 workers=132 seed=1337 zeros=0 gradient_chunk=64
audit: every task executed once; gradient_tasks_before_all_roots=1
  raw    rel_l2=0 max_abs=0 different=0/20640
  raw    rel_l2=0 max_abs=0 different=0/20640
  post   rel_l2=0 max_abs=0 different=0/20640
  dpre   rel_l2=0 max_abs=0 different=0/20640
  post.T rel_l2=0 max_abs=0 different=0/20640
  dpre.T rel_l2=0 max_abs=0 different=0/20640
  y      rel_l2=0 max_abs=0 different=0/12384
  dx     rel_l2=0 max_abs=0 different=0/12384
  dw1    rel_l2=0 max_abs=0 different=0/15360
  dw2    rel_l2=0 max_abs=0 different=0/15360
  dw1.chunk rel_l2=0 max_abs=0 different=0/15360
  dw2.chunk rel_l2=0 max_abs=0 different=0/15360
production specialization after reset:
  raw    rel_l2=0 max_abs=0 different=0/20640
  post   rel_l2=0 max_abs=0 different=0/20640
  dpre   rel_l2=0 max_abs=0 different=0/20640
  post.T rel_l2=0 max_abs=0 different=0/20640
  dpre.T rel_l2=0 max_abs=0 different=0/20640
  y      rel_l2=0 max_abs=0 different=0/12384
  dx     rel_l2=0 max_abs=0 different=0/12384
  dw1    rel_l2=0 max_abs=0 different=0/15360
  dw2    rel_l2=0 max_abs=0 different=0/15360
shape M=65 C=32 H=64 workers=132 seed=2 zeros=1 gradient_chunk=64
audit: every task executed once; gradient_tasks_before_all_roots=0
  raw    rel_l2=0 max_abs=0 different=0/4160
  raw    rel_l2=0 max_abs=0 different=0/4160
  post   rel_l2=0 max_abs=0 different=0/4160
  dpre   rel_l2=0 max_abs=0 different=0/4160
  post.T rel_l2=0 max_abs=0 different=0/4160
  dpre.T rel_l2=0 max_abs=0 different=0/4160
  y      rel_l2=0 max_abs=0 different=0/2080
  dx     rel_l2=0 max_abs=0 different=0/2080
  dw1    rel_l2=0 max_abs=0 different=0/2048
  dw2    rel_l2=0 max_abs=0 different=0/2048
  dw1.chunk rel_l2=0 max_abs=0 different=0/2048
  dw2.chunk rel_l2=0 max_abs=0 different=0/2048
production specialization after reset:
  raw    rel_l2=0 max_abs=0 different=0/4160
  post   rel_l2=0 max_abs=0 different=0/4160
  dpre   rel_l2=0 max_abs=0 different=0/4160
  post.T rel_l2=0 max_abs=0 different=0/4160
  dpre.T rel_l2=0 max_abs=0 different=0/4160
  y      rel_l2=0 max_abs=0 different=0/2080
  dx     rel_l2=0 max_abs=0 different=0/2080
  dw1    rel_l2=0 max_abs=0 different=0/2048
  dw2    rel_l2=0 max_abs=0 different=0/2048
shape M=256 C=128 H=256 workers=132 seed=1337 zeros=0 gradient_chunk=4096
audit: every task executed once; gradient_tasks_before_all_roots=0
  post   rel_l2=0 max_abs=0 different=0/65536
  dpre   rel_l2=0 max_abs=0 different=0/65536
  post.T rel_l2=0 max_abs=0 different=0/65536
  dpre.T rel_l2=0 max_abs=0 different=0/65536
  y      rel_l2=0 max_abs=0 different=0/32768
  dx     rel_l2=0 max_abs=0 different=0/32768
  dw1    rel_l2=1.5333805e-05 max_abs=0.00048828125 different=1/32768
  dw2    rel_l2=0 max_abs=0 different=0/32768
  dw1.chunk rel_l2=0 max_abs=0 different=0/32768
  dw2.chunk rel_l2=0 max_abs=0 different=0/32768
production specialization after reset:
  post   rel_l2=0 max_abs=0 different=0/65536
  dpre   rel_l2=0 max_abs=0 different=0/65536
  post.T rel_l2=0 max_abs=0 different=0/65536
  dpre.T rel_l2=0 max_abs=0 different=0/65536
  y      rel_l2=0 max_abs=0 different=0/32768
  dx     rel_l2=0 max_abs=0 different=0/32768
  dw1    rel_l2=1.5333805e-05 max_abs=0.00048828125 different=1/32768
  dw2    rel_l2=0 max_abs=0 different=0/32768
shape M=7 C=17 H=33 workers=660 seed=42 zeros=0 gradient_chunk=64
audit: every task executed once; gradient_tasks_before_all_roots=0
  raw    rel_l2=0 max_abs=0 different=0/231
  raw    rel_l2=0 max_abs=0 different=0/231
  post   rel_l2=0 max_abs=0 different=0/231
  dpre   rel_l2=0 max_abs=0 different=0/231
  post.T rel_l2=0 max_abs=0 different=0/231
  dpre.T rel_l2=0 max_abs=0 different=0/231
  y      rel_l2=0 max_abs=0 different=0/119
  dx     rel_l2=0 max_abs=0 different=0/119
  dw1    rel_l2=0 max_abs=0 different=0/561
  dw2    rel_l2=0 max_abs=0 different=0/561
  dw1.chunk rel_l2=0 max_abs=0 different=0/561
  dw2.chunk rel_l2=0 max_abs=0 different=0/561
production specialization after reset:
  raw    rel_l2=0 max_abs=0 different=0/231
  post   rel_l2=0 max_abs=0 different=0/231
  dpre   rel_l2=0 max_abs=0 different=0/231
  post.T rel_l2=0 max_abs=0 different=0/231
  dpre.T rel_l2=0 max_abs=0 different=0/231
  y      rel_l2=0 max_abs=0 different=0/119
  dx     rel_l2=0 max_abs=0 different=0/119
  dw1    rel_l2=0 max_abs=0 different=0/561
  dw2    rel_l2=0 max_abs=0 different=0/561
shape M=129 C=96 H=160 workers=660 seed=1337 zeros=0 gradient_chunk=64
audit: every task executed once; gradient_tasks_before_all_roots=0
  raw    rel_l2=0 max_abs=0 different=0/20640
  raw    rel_l2=0 max_abs=0 different=0/20640
  post   rel_l2=0 max_abs=0 different=0/20640
  dpre   rel_l2=0 max_abs=0 different=0/20640
  post.T rel_l2=0 max_abs=0 different=0/20640
  dpre.T rel_l2=0 max_abs=0 different=0/20640
  y      rel_l2=0 max_abs=0 different=0/12384
  dx     rel_l2=0 max_abs=0 different=0/12384
  dw1    rel_l2=0 max_abs=0 different=0/15360
  dw2    rel_l2=0 max_abs=0 different=0/15360
  dw1.chunk rel_l2=0 max_abs=0 different=0/15360
  dw2.chunk rel_l2=0 max_abs=0 different=0/15360
production specialization after reset:
  raw    rel_l2=0 max_abs=0 different=0/20640
  post   rel_l2=0 max_abs=0 different=0/20640
  dpre   rel_l2=0 max_abs=0 different=0/20640
  post.T rel_l2=0 max_abs=0 different=0/20640
  dpre.T rel_l2=0 max_abs=0 different=0/20640
  y      rel_l2=0 max_abs=0 different=0/12384
  dx     rel_l2=0 max_abs=0 different=0/12384
  dw1    rel_l2=0 max_abs=0 different=0/15360
  dw2    rel_l2=0 max_abs=0 different=0/15360
shape M=65 C=32 H=64 workers=660 seed=2 zeros=1 gradient_chunk=64
audit: every task executed once; gradient_tasks_before_all_roots=0
  raw    rel_l2=0 max_abs=0 different=0/4160
  raw    rel_l2=0 max_abs=0 different=0/4160
  post   rel_l2=0 max_abs=0 different=0/4160
  dpre   rel_l2=0 max_abs=0 different=0/4160
  post.T rel_l2=0 max_abs=0 different=0/4160
  dpre.T rel_l2=0 max_abs=0 different=0/4160
  y      rel_l2=0 max_abs=0 different=0/2080
  dx     rel_l2=0 max_abs=0 different=0/2080
  dw1    rel_l2=0 max_abs=0 different=0/2048
  dw2    rel_l2=0 max_abs=0 different=0/2048
  dw1.chunk rel_l2=0 max_abs=0 different=0/2048
  dw2.chunk rel_l2=0 max_abs=0 different=0/2048
production specialization after reset:
  raw    rel_l2=0 max_abs=0 different=0/4160
  post   rel_l2=0 max_abs=0 different=0/4160
  dpre   rel_l2=0 max_abs=0 different=0/4160
  post.T rel_l2=0 max_abs=0 different=0/4160
  dpre.T rel_l2=0 max_abs=0 different=0/4160
  y      rel_l2=0 max_abs=0 different=0/2080
  dx     rel_l2=0 max_abs=0 different=0/2080
  dw1    rel_l2=0 max_abs=0 different=0/2048
  dw2    rel_l2=0 max_abs=0 different=0/2048
shape M=256 C=128 H=256 workers=660 seed=1337 zeros=0 gradient_chunk=4096
audit: every task executed once; gradient_tasks_before_all_roots=0
  post   rel_l2=0 max_abs=0 different=0/65536
  dpre   rel_l2=0 max_abs=0 different=0/65536
  post.T rel_l2=0 max_abs=0 different=0/65536
  dpre.T rel_l2=0 max_abs=0 different=0/65536
  y      rel_l2=0 max_abs=0 different=0/32768
  dx     rel_l2=0 max_abs=0 different=0/32768
  dw1    rel_l2=1.5333805e-05 max_abs=0.00048828125 different=1/32768
  dw2    rel_l2=0 max_abs=0 different=0/32768
  dw1.chunk rel_l2=0 max_abs=0 different=0/32768
  dw2.chunk rel_l2=0 max_abs=0 different=0/32768
production specialization after reset:
  post   rel_l2=0 max_abs=0 different=0/65536
  dpre   rel_l2=0 max_abs=0 different=0/65536
  post.T rel_l2=0 max_abs=0 different=0/65536
  dpre.T rel_l2=0 max_abs=0 different=0/65536
  y      rel_l2=0 max_abs=0 different=0/32768
  dx     rel_l2=0 max_abs=0 different=0/32768
  dw1    rel_l2=1.5333805e-05 max_abs=0.00048828125 different=1/32768
  dw2    rel_l2=0 max_abs=0 different=0/32768
shape M=8209 C=96 H=160 workers=7 seed=1337 zeros=0 gradient_chunk=4096
audit: every task executed once; gradient_tasks_before_all_roots=28
  post   rel_l2=0 max_abs=0 different=0/1313440
  dpre   rel_l2=0 max_abs=0 different=0/1313440
  post.T rel_l2=0 max_abs=0 different=0/1313440
  dpre.T rel_l2=0 max_abs=0 different=0/1313440
  y      rel_l2=0 max_abs=0 different=0/788064
  dx     rel_l2=0 max_abs=0 different=0/788064
  dw1    rel_l2=0 max_abs=0 different=0/15360
  dw2    rel_l2=0 max_abs=0 different=0/15360
  dw1.chunk rel_l2=0 max_abs=0 different=0/15360
  dw2.chunk rel_l2=0 max_abs=0 different=0/15360
production specialization after reset:
  post   rel_l2=0 max_abs=0 different=0/1313440
  dpre   rel_l2=0 max_abs=0 different=0/1313440
  post.T rel_l2=0 max_abs=0 different=0/1313440
  dpre.T rel_l2=0 max_abs=0 different=0/1313440
  y      rel_l2=0 max_abs=0 different=0/788064
  dx     rel_l2=0 max_abs=0 different=0/788064
  dw1    rel_l2=0 max_abs=0 different=0/15360
  dw2    rel_l2=0 max_abs=0 different=0/15360
shape M=8192 C=128 H=256 workers=7 seed=1337 zeros=0 gradient_chunk=4096
audit: every task executed once; gradient_tasks_before_all_roots=16
  post   rel_l2=0 max_abs=0 different=0/2097152
  dpre   rel_l2=0 max_abs=0 different=0/2097152
  post.T rel_l2=0 max_abs=0 different=0/2097152
  dpre.T rel_l2=0 max_abs=0 different=0/2097152
  y      rel_l2=0 max_abs=0 different=0/1048576
  dx     rel_l2=2.0881563e-08 max_abs=2.3841858e-07 different=2/1048576
  dw1    rel_l2=0 max_abs=0 different=0/32768
  dw2    rel_l2=0 max_abs=0 different=0/32768
  dw1.chunk rel_l2=0 max_abs=0 different=0/32768
  dw2.chunk rel_l2=0 max_abs=0 different=0/32768
production specialization after reset:
  post   rel_l2=0 max_abs=0 different=0/2097152
  dpre   rel_l2=0 max_abs=0 different=0/2097152
  post.T rel_l2=0 max_abs=0 different=0/2097152
  dpre.T rel_l2=0 max_abs=0 different=0/2097152
  y      rel_l2=0 max_abs=0 different=0/1048576
  dx     rel_l2=2.0881563e-08 max_abs=2.3841858e-07 different=2/1048576
  dw1    rel_l2=0 max_abs=0 different=0/32768
  dw2    rel_l2=0 max_abs=0 different=0/32768
PASS: FP8 six-GEMM MLP graph, all outputs and gradients; not full-model training.
========= ERROR SUMMARY: 0 errors
make: Leaving directory '/workspace/cuda'

Static SASS instruction counts for _ZN4nano10megakernelILb0ELb1ELb0EEEvNS_5GraphE: {'HMMA': 48, 'HGMMA': 0, 'LDGSTS': 28, 'LDL': 0, 'STL': 0}
Static SASS instruction counts for _ZN4nano10megakernelILb0ELb0ELb0EEEvNS_5GraphE: {'HMMA': 48, 'HGMMA': 0, 'LDGSTS': 12, 'LDL': 0, 'STL': 0}