sha256 6108403faeaf7cc9558767c84a63c2df37d3f67496d2ad19ac292c5bd75a4cf8 Makefile
sha256 27d710da211d259c85d64fbbd7db383565758285686f078ee7b90fea38a70c6d bench.cuh
sha256 6c7816f88d3635a7a72d3db3eb5fb7b09dd04f5350db0b76e7769ec0b570e361 hopper.cuh
sha256 26ab14a983e3b8f062e5bbf449c718e67feae948d6bb8458aa27cebe71c1487e megakernel.cuh
sha256 cef57ceb07ba44e55effc962c75d7f96485a7f1b80a5555438c99016553708d9 quantize.cu
sha256 f2bff3dccf7c4d0f34cf0013fecc638bf73931d93eb069f5791551950ad2a43b tokenizer.cpp
sha256 6162af3343d30737858843abf1b3e930bee0e4af510aa75df73a810816d39da9 transport.cu
sha256 183cbea539692c90d14366932c7f3fb43bc321056002e6883e2eb008056aa95e validate.cu
$ nvidia-smi
Sat Sep 19 01:28:43 2026       
+-----------------------------------------------------------------------------------------+
| NVIDIA-SMI 580.95.05              Driver Version: 580.95.05      CUDA Version: 13.0     |
+-----------------------------------------+------------------------+----------------------+
| GPU  Name                 Persistence-M | Bus-Id          Disp.A | Volatile Uncorr. ECC |
| Fan  Temp   Perf          Pwr:Usage/Cap |           Memory-Usage | GPU-Util  Compute M. |
|                                         |                        |               MIG M. |
|=========================================+========================+======================|
|   0  NVIDIA H100 80GB HBM3          On  |   00000000:8A:00.0 Off |                    0 |
| N/A   30C    P0             71W /  700W |       4MiB /  81559MiB |      0%      Default |
|                                         |                        |             Disabled |
+-----------------------------------------+------------------------+----------------------+

+-----------------------------------------------------------------------------------------+
| Processes:                                                                              |
|  GPU   GI   CI              PID   Type   Process name                        GPU Memory |
|        ID   ID                                                               Usage      |
|=========================================================================================|
|  No running processes found                                                             |
+-----------------------------------------------------------------------------------------+

$ nvcc --version
nvcc: NVIDIA (R) Cuda compiler driver
Copyright (c) 2005-2025 NVIDIA Corporation
Built on Fri_Feb_21_20:23:50_PST_2025
Cuda compilation tools, release 12.8, V12.8.93
Build cuda_12.8.r12.8/compiler.35583870_0

$ make -C /workspace/cuda validate
make: Entering directory '/workspace/cuda'
nvcc -std=c++17 -O3 -arch=sm_90a -lineinfo -Xptxas=-v,-warn-spills -DNANO_TRANSPOSE_PAD=4 -DNANO_REUSE_QUANT=1 -DNANO_MIN_BLOCKS=4 -DNANO_ALIGNED=1 -DNANO_K_LOOP=1 validate.cu -lcublas -o validate
ptxas warning : Registers are spilled to local memory in function '_ZN4nano10megakernelILb1ELb1EEEvNS_5GraphE', 8 bytes spill stores, 8 bytes spill loads
ptxas warning : Registers are spilled to local memory in function '_ZN4nano10megakernelILb0ELb1EEEvNS_5GraphE', 8 bytes spill stores, 8 bytes spill loads
ptxas warning : Registers are spilled to local memory in function '_ZN4nano10megakernelILb1ELb0EEEvNS_5GraphE', 24 bytes spill stores, 24 bytes spill loads
ptxas warning : Registers are spilled to local memory in function '_ZN4nano10megakernelILb0ELb0EEEvNS_5GraphE', 8 bytes spill stores, 8 bytes spill loads
ptxas info    : 0 bytes gmem
ptxas info    : Compiling entry function '_ZN4nano10megakernelILb1ELb1EEEvNS_5GraphE' for 'sm_90a'
ptxas info    : Function properties for _ZN4nano10megakernelILb1ELb1EEEvNS_5GraphE
    8 bytes stack frame, 8 bytes spill stores, 8 bytes spill loads
ptxas info    : Used 128 registers, used 1 barriers, 8 bytes cumulative stack size, 32776 bytes smem
ptxas info    : Compile time = 1291.803 ms
ptxas info    : Compiling entry function '_ZN4nano10megakernelILb0ELb1EEEvNS_5GraphE' for 'sm_90a'
ptxas info    : Function properties for _ZN4nano10megakernelILb0ELb1EEEvNS_5GraphE
    8 bytes stack frame, 8 bytes spill stores, 8 bytes spill loads
ptxas info    : Used 128 registers, used 1 barriers, 8 bytes cumulative stack size, 32776 bytes smem
ptxas info    : Compile time = 1259.978 ms
ptxas info    : Compiling entry function '_ZN4nano10megakernelILb1ELb0EEEvNS_5GraphE' for 'sm_90a'
ptxas info    : Function properties for _ZN4nano10megakernelILb1ELb0EEEvNS_5GraphE
    16 bytes stack frame, 24 bytes spill stores, 24 bytes spill loads
ptxas info    : Used 128 registers, used 1 barriers, 16 bytes cumulative stack size, 32776 bytes smem
ptxas info    : Compile time = 1475.497 ms
ptxas info    : Compiling entry function '_ZN4nano10megakernelILb0ELb0EEEvNS_5GraphE' for 'sm_90a'
ptxas info    : Function properties for _ZN4nano10megakernelILb0ELb0EEEvNS_5GraphE
    8 bytes stack frame, 8 bytes spill stores, 8 bytes spill loads
ptxas info    : Used 128 registers, used 1 barriers, 8 bytes cumulative stack size, 32776 bytes smem
ptxas info    : Compile time = 1458.899 ms
ptxas info    : Compiling entry function '_Z13staged_kernelILb0EEvN4nano6MatmulE' for 'sm_90a'
ptxas info    : Function properties for _Z13staged_kernelILb0EEvN4nano6MatmulE
    0 bytes stack frame, 0 bytes spill stores, 0 bytes spill loads
ptxas info    : Used 130 registers, used 1 barriers, 32768 bytes smem
ptxas info    : Compile time = 1482.713 ms
ptxas info    : Compiling entry function '_Z13staged_kernelILb1EEvN4nano6MatmulE' for 'sm_90a'
ptxas info    : Function properties for _Z13staged_kernelILb1EEvN4nano6MatmulE
    0 bytes stack frame, 0 bytes spill stores, 0 bytes spill loads
ptxas info    : Used 117 registers, used 1 barriers, 32768 bytes smem
ptxas info    : Compile time = 1153.403 ms
ptxas info    : Compiling entry function '_Z18reference_epiloguePKfN4nano6MatmulE' for 'sm_90a'
ptxas info    : Function properties for _Z18reference_epiloguePKfN4nano6MatmulE
    0 bytes stack frame, 0 bytes spill stores, 0 bytes spill loads
ptxas info    : Used 17 registers, used 0 barriers
ptxas info    : Compile time = 11.947 ms
ptxas info    : Compiling entry function '_Z6unpackPK13__nv_fp8_e4m3Pfi' for 'sm_90a'
ptxas info    : Function properties for _Z6unpackPK13__nv_fp8_e4m3Pfi
    0 bytes stack frame, 0 bytes spill stores, 0 bytes spill loads
ptxas info    : Used 10 registers, used 0 barriers
ptxas info    : Compile time = 1.522 ms
make: Leaving directory '/workspace/cuda'

$ /workspace/cuda/validate --main-shapes --gradient-chunk=4096
GPU=NVIDIA H100 80GB HBM3 SMs=132 CUDA_runtime=12080
megakernel registers=128 static_shared=32776 local_bytes=8
resident_blocks_per_SM=4
operand_K=128
scheduler=ready_first
operand_stages=2
shape M=7 C=17 H=33 workers=1 seed=42 zeros=0 gradient_chunk=64
audit: every task executed once; gradient_tasks_before_all_roots=0
  raw    rel_l2=0 max_abs=0 different=0/231
  raw    rel_l2=0 max_abs=0 different=0/231
  post   rel_l2=0 max_abs=0 different=0/231
  dpre   rel_l2=0 max_abs=0 different=0/231
  post.T rel_l2=0 max_abs=0 different=0/231
  dpre.T rel_l2=0 max_abs=0 different=0/231
  y      rel_l2=0 max_abs=0 different=0/119
  dx     rel_l2=0 max_abs=0 different=0/119
  dw1    rel_l2=0 max_abs=0 different=0/561
  dw2    rel_l2=0 max_abs=0 different=0/561
  dw1.chunk rel_l2=0 max_abs=0 different=0/561
  dw2.chunk rel_l2=0 max_abs=0 different=0/561
production specialization after reset:
  raw    rel_l2=0 max_abs=0 different=0/231
  post   rel_l2=0 max_abs=0 different=0/231
  dpre   rel_l2=0 max_abs=0 different=0/231
  post.T rel_l2=0 max_abs=0 different=0/231
  dpre.T rel_l2=0 max_abs=0 different=0/231
  y      rel_l2=0 max_abs=0 different=0/119
  dx     rel_l2=0 max_abs=0 different=0/119
  dw1    rel_l2=0 max_abs=0 different=0/561
  dw2    rel_l2=0 max_abs=0 different=0/561
shape M=129 C=96 H=160 workers=1 seed=1337 zeros=0 gradient_chunk=64
audit: every task executed once; gradient_tasks_before_all_roots=28
  raw    rel_l2=0 max_abs=0 different=0/20640
  raw    rel_l2=0 max_abs=0 different=0/20640
  post   rel_l2=0 max_abs=0 different=0/20640
  dpre   rel_l2=0 max_abs=0 different=0/20640
  post.T rel_l2=0 max_abs=0 different=0/20640
  dpre.T rel_l2=0 max_abs=0 different=0/20640
  y      rel_l2=0 max_abs=0 different=0/12384
  dx     rel_l2=0 max_abs=0 different=0/12384
  dw1    rel_l2=0 max_abs=0 different=0/15360
  dw2    rel_l2=0 max_abs=0 different=0/15360
  dw1.chunk rel_l2=0 max_abs=0 different=0/15360
  dw2.chunk rel_l2=0 max_abs=0 different=0/15360
production specialization after reset:
  raw    rel_l2=0 max_abs=0 different=0/20640
  post   rel_l2=0 max_abs=0 different=0/20640
  dpre   rel_l2=0 max_abs=0 different=0/20640
  post.T rel_l2=0 max_abs=0 different=0/20640
  dpre.T rel_l2=0 max_abs=0 different=0/20640
  y      rel_l2=0 max_abs=0 different=0/12384
  dx     rel_l2=0 max_abs=0 different=0/12384
  dw1    rel_l2=0 max_abs=0 different=0/15360
  dw2    rel_l2=0 max_abs=0 different=0/15360
shape M=65 C=32 H=64 workers=1 seed=2 zeros=1 gradient_chunk=64
audit: every task executed once; gradient_tasks_before_all_roots=0
  raw    rel_l2=0 max_abs=0 different=0/4160
  raw    rel_l2=0 max_abs=0 different=0/4160
  post   rel_l2=0 max_abs=0 different=0/4160
  dpre   rel_l2=0 max_abs=0 different=0/4160
  post.T rel_l2=0 max_abs=0 different=0/4160
  dpre.T rel_l2=0 max_abs=0 different=0/4160
  y      rel_l2=0 max_abs=0 different=0/2080
  dx     rel_l2=0 max_abs=0 different=0/2080
  dw1    rel_l2=0 max_abs=0 different=0/2048
  dw2    rel_l2=0 max_abs=0 different=0/2048
  dw1.chunk rel_l2=0 max_abs=0 different=0/2048
  dw2.chunk rel_l2=0 max_abs=0 different=0/2048
production specialization after reset:
  raw    rel_l2=0 max_abs=0 different=0/4160
  post   rel_l2=0 max_abs=0 different=0/4160
  dpre   rel_l2=0 max_abs=0 different=0/4160
  post.T rel_l2=0 max_abs=0 different=0/4160
  dpre.T rel_l2=0 max_abs=0 different=0/4160
  y      rel_l2=0 max_abs=0 different=0/2080
  dx     rel_l2=0 max_abs=0 different=0/2080
  dw1    rel_l2=0 max_abs=0 different=0/2048
  dw2    rel_l2=0 max_abs=0 different=0/2048
shape M=256 C=128 H=256 workers=1 seed=1337 zeros=0 gradient_chunk=4096
audit: every task executed once; gradient_tasks_before_all_roots=6
  post   rel_l2=0 max_abs=0 different=0/65536
  dpre   rel_l2=0 max_abs=0 different=0/65536
  post.T rel_l2=0 max_abs=0 different=0/65536
  dpre.T rel_l2=0 max_abs=0 different=0/65536
  y      rel_l2=0 max_abs=0 different=0/32768
  dx     rel_l2=0 max_abs=0 different=0/32768
  dw1    rel_l2=0 max_abs=0 different=0/32768
  dw2    rel_l2=0 max_abs=0 different=0/32768
  dw1.chunk rel_l2=0 max_abs=0 different=0/32768
  dw2.chunk rel_l2=0 max_abs=0 different=0/32768
production specialization after reset:
  post   rel_l2=0 max_abs=0 different=0/65536
  dpre   rel_l2=0 max_abs=0 different=0/65536
  post.T rel_l2=0 max_abs=0 different=0/65536
  dpre.T rel_l2=0 max_abs=0 different=0/65536
  y      rel_l2=0 max_abs=0 different=0/32768
  dx     rel_l2=0 max_abs=0 different=0/32768
  dw1    rel_l2=0 max_abs=0 different=0/32768
  dw2    rel_l2=0 max_abs=0 different=0/32768
shape M=7 C=17 H=33 workers=7 seed=42 zeros=0 gradient_chunk=64
audit: every task executed once; gradient_tasks_before_all_roots=0
  raw    rel_l2=0 max_abs=0 different=0/231
  raw    rel_l2=0 max_abs=0 different=0/231
  post   rel_l2=0 max_abs=0 different=0/231
  dpre   rel_l2=0 max_abs=0 different=0/231
  post.T rel_l2=0 max_abs=0 different=0/231
  dpre.T rel_l2=0 max_abs=0 different=0/231
  y      rel_l2=0 max_abs=0 different=0/119
  dx     rel_l2=0 max_abs=0 different=0/119
  dw1    rel_l2=0 max_abs=0 different=0/561
  dw2    rel_l2=0 max_abs=0 different=0/561
  dw1.chunk rel_l2=0 max_abs=0 different=0/561
  dw2.chunk rel_l2=0 max_abs=0 different=0/561
production specialization after reset:
  raw    rel_l2=0 max_abs=0 different=0/231
  post   rel_l2=0 max_abs=0 different=0/231
  dpre   rel_l2=0 max_abs=0 different=0/231
  post.T rel_l2=0 max_abs=0 different=0/231
  dpre.T rel_l2=0 max_abs=0 different=0/231
  y      rel_l2=0 max_abs=0 different=0/119
  dx     rel_l2=0 max_abs=0 different=0/119
  dw1    rel_l2=0 max_abs=0 different=0/561
  dw2    rel_l2=0 max_abs=0 different=0/561
shape M=129 C=96 H=160 workers=7 seed=1337 zeros=0 gradient_chunk=64
audit: every task executed once; gradient_tasks_before_all_roots=3
  raw    rel_l2=0 max_abs=0 different=0/20640
  raw    rel_l2=0 max_abs=0 different=0/20640
  post   rel_l2=0 max_abs=0 different=0/20640
  dpre   rel_l2=0 max_abs=0 different=0/20640
  post.T rel_l2=0 max_abs=0 different=0/20640
  dpre.T rel_l2=0 max_abs=0 different=0/20640
  y      rel_l2=0 max_abs=0 different=0/12384
  dx     rel_l2=0 max_abs=0 different=0/12384
  dw1    rel_l2=0 max_abs=0 different=0/15360
  dw2    rel_l2=0 max_abs=0 different=0/15360
  dw1.chunk rel_l2=0 max_abs=0 different=0/15360
  dw2.chunk rel_l2=0 max_abs=0 different=0/15360
production specialization after reset:
  raw    rel_l2=0 max_abs=0 different=0/20640
  post   rel_l2=0 max_abs=0 different=0/20640
  dpre   rel_l2=0 max_abs=0 different=0/20640
  post.T rel_l2=0 max_abs=0 different=0/20640
  dpre.T rel_l2=0 max_abs=0 different=0/20640
  y      rel_l2=0 max_abs=0 different=0/12384
  dx     rel_l2=0 max_abs=0 different=0/12384
  dw1    rel_l2=0 max_abs=0 different=0/15360
  dw2    rel_l2=0 max_abs=0 different=0/15360
shape M=65 C=32 H=64 workers=7 seed=2 zeros=1 gradient_chunk=64
audit: every task executed once; gradient_tasks_before_all_roots=0
  raw    rel_l2=0 max_abs=0 different=0/4160
  raw    rel_l2=0 max_abs=0 different=0/4160
  post   rel_l2=0 max_abs=0 different=0/4160
  dpre   rel_l2=0 max_abs=0 different=0/4160
  post.T rel_l2=0 max_abs=0 different=0/4160
  dpre.T rel_l2=0 max_abs=0 different=0/4160
  y      rel_l2=0 max_abs=0 different=0/2080
  dx     rel_l2=0 max_abs=0 different=0/2080
  dw1    rel_l2=0 max_abs=0 different=0/2048
  dw2    rel_l2=0 max_abs=0 different=0/2048
  dw1.chunk rel_l2=0 max_abs=0 different=0/2048
  dw2.chunk rel_l2=0 max_abs=0 different=0/2048
production specialization after reset:
  raw    rel_l2=0 max_abs=0 different=0/4160
  post   rel_l2=0 max_abs=0 different=0/4160
  dpre   rel_l2=0 max_abs=0 different=0/4160
  post.T rel_l2=0 max_abs=0 different=0/4160
  dpre.T rel_l2=0 max_abs=0 different=0/4160
  y      rel_l2=0 max_abs=0 different=0/2080
  dx     rel_l2=0 max_abs=0 different=0/2080
  dw1    rel_l2=0 max_abs=0 different=0/2048
  dw2    rel_l2=0 max_abs=0 different=0/2048
shape M=256 C=128 H=256 workers=7 seed=1337 zeros=0 gradient_chunk=4096
audit: every task executed once; gradient_tasks_before_all_roots=2
  post   rel_l2=0 max_abs=0 different=0/65536
  dpre   rel_l2=0 max_abs=0 different=0/65536
  post.T rel_l2=0 max_abs=0 different=0/65536
  dpre.T rel_l2=0 max_abs=0 different=0/65536
  y      rel_l2=0 max_abs=0 different=0/32768
  dx     rel_l2=0 max_abs=0 different=0/32768
  dw1    rel_l2=0 max_abs=0 different=0/32768
  dw2    rel_l2=0 max_abs=0 different=0/32768
  dw1.chunk rel_l2=0 max_abs=0 different=0/32768
  dw2.chunk rel_l2=0 max_abs=0 different=0/32768
production specialization after reset:
  post   rel_l2=0 max_abs=0 different=0/65536
  dpre   rel_l2=0 max_abs=0 different=0/65536
  post.T rel_l2=0 max_abs=0 different=0/65536
  dpre.T rel_l2=0 max_abs=0 different=0/65536
  y      rel_l2=0 max_abs=0 different=0/32768
  dx     rel_l2=0 max_abs=0 different=0/32768
  dw1    rel_l2=0 max_abs=0 different=0/32768
  dw2    rel_l2=0 max_abs=0 different=0/32768
shape M=7 C=17 H=33 workers=132 seed=42 zeros=0 gradient_chunk=64
audit: every task executed once; gradient_tasks_before_all_roots=0
  raw    rel_l2=0 max_abs=0 different=0/231
  raw    rel_l2=0 max_abs=0 different=0/231
  post   rel_l2=0 max_abs=0 different=0/231
  dpre   rel_l2=0 max_abs=0 different=0/231
  post.T rel_l2=0 max_abs=0 different=0/231
  dpre.T rel_l2=0 max_abs=0 different=0/231
  y      rel_l2=0 max_abs=0 different=0/119
  dx     rel_l2=0 max_abs=0 different=0/119
  dw1    rel_l2=0 max_abs=0 different=0/561
  dw2    rel_l2=0 max_abs=0 different=0/561
  dw1.chunk rel_l2=0 max_abs=0 different=0/561
  dw2.chunk rel_l2=0 max_abs=0 different=0/561
production specialization after reset:
  raw    rel_l2=0 max_abs=0 different=0/231
  post   rel_l2=0 max_abs=0 different=0/231
  dpre   rel_l2=0 max_abs=0 different=0/231
  post.T rel_l2=0 max_abs=0 different=0/231
  dpre.T rel_l2=0 max_abs=0 different=0/231
  y      rel_l2=0 max_abs=0 different=0/119
  dx     rel_l2=0 max_abs=0 different=0/119
  dw1    rel_l2=0 max_abs=0 different=0/561
  dw2    rel_l2=0 max_abs=0 different=0/561
shape M=129 C=96 H=160 workers=132 seed=1337 zeros=0 gradient_chunk=64
audit: every task executed once; gradient_tasks_before_all_roots=0
  raw    rel_l2=0 max_abs=0 different=0/20640
  raw    rel_l2=0 max_abs=0 different=0/20640
  post   rel_l2=0 max_abs=0 different=0/20640
  dpre   rel_l2=0 max_abs=0 different=0/20640
  post.T rel_l2=0 max_abs=0 different=0/20640
  dpre.T rel_l2=0 max_abs=0 different=0/20640
  y      rel_l2=0 max_abs=0 different=0/12384
  dx     rel_l2=0 max_abs=0 different=0/12384
  dw1    rel_l2=0 max_abs=0 different=0/15360
  dw2    rel_l2=0 max_abs=0 different=0/15360
  dw1.chunk rel_l2=0 max_abs=0 different=0/15360
  dw2.chunk rel_l2=0 max_abs=0 different=0/15360
production specialization after reset:
  raw    rel_l2=0 max_abs=0 different=0/20640
  post   rel_l2=0 max_abs=0 different=0/20640
  dpre   rel_l2=0 max_abs=0 different=0/20640
  post.T rel_l2=0 max_abs=0 different=0/20640
  dpre.T rel_l2=0 max_abs=0 different=0/20640
  y      rel_l2=0 max_abs=0 different=0/12384
  dx     rel_l2=0 max_abs=0 different=0/12384
  dw1    rel_l2=0 max_abs=0 different=0/15360
  dw2    rel_l2=0 max_abs=0 different=0/15360
shape M=65 C=32 H=64 workers=132 seed=2 zeros=1 gradient_chunk=64
audit: every task executed once; gradient_tasks_before_all_roots=0
  raw    rel_l2=0 max_abs=0 different=0/4160
  raw    rel_l2=0 max_abs=0 different=0/4160
  post   rel_l2=0 max_abs=0 different=0/4160
  dpre   rel_l2=0 max_abs=0 different=0/4160
  post.T rel_l2=0 max_abs=0 different=0/4160
  dpre.T rel_l2=0 max_abs=0 different=0/4160
  y      rel_l2=0 max_abs=0 different=0/2080
  dx     rel_l2=0 max_abs=0 different=0/2080
  dw1    rel_l2=0 max_abs=0 different=0/2048
  dw2    rel_l2=0 max_abs=0 different=0/2048
  dw1.chunk rel_l2=0 max_abs=0 different=0/2048
  dw2.chunk rel_l2=0 max_abs=0 different=0/2048
production specialization after reset:
  raw    rel_l2=0 max_abs=0 different=0/4160
  post   rel_l2=0 max_abs=0 different=0/4160
  dpre   rel_l2=0 max_abs=0 different=0/4160
  post.T rel_l2=0 max_abs=0 different=0/4160
  dpre.T rel_l2=0 max_abs=0 different=0/4160
  y      rel_l2=0 max_abs=0 different=0/2080
  dx     rel_l2=0 max_abs=0 different=0/2080
  dw1    rel_l2=0 max_abs=0 different=0/2048
  dw2    rel_l2=0 max_abs=0 different=0/2048
shape M=256 C=128 H=256 workers=132 seed=1337 zeros=0 gradient_chunk=4096
audit: every task executed once; gradient_tasks_before_all_roots=0
  post   rel_l2=0 max_abs=0 different=0/65536
  dpre   rel_l2=0 max_abs=0 different=0/65536
  post.T rel_l2=0 max_abs=0 different=0/65536
  dpre.T rel_l2=0 max_abs=0 different=0/65536
  y      rel_l2=0 max_abs=0 different=0/32768
  dx     rel_l2=0 max_abs=0 different=0/32768
  dw1    rel_l2=0 max_abs=0 different=0/32768
  dw2    rel_l2=0 max_abs=0 different=0/32768
  dw1.chunk rel_l2=0 max_abs=0 different=0/32768
  dw2.chunk rel_l2=0 max_abs=0 different=0/32768
production specialization after reset:
  post   rel_l2=0 max_abs=0 different=0/65536
  dpre   rel_l2=0 max_abs=0 different=0/65536
  post.T rel_l2=0 max_abs=0 different=0/65536
  dpre.T rel_l2=0 max_abs=0 different=0/65536
  y      rel_l2=0 max_abs=0 different=0/32768
  dx     rel_l2=0 max_abs=0 different=0/32768
  dw1    rel_l2=0 max_abs=0 different=0/32768
  dw2    rel_l2=0 max_abs=0 different=0/32768
shape M=7 C=17 H=33 workers=660 seed=42 zeros=0 gradient_chunk=64
audit: every task executed once; gradient_tasks_before_all_roots=0
  raw    rel_l2=0 max_abs=0 different=0/231
  raw    rel_l2=0 max_abs=0 different=0/231
  post   rel_l2=0 max_abs=0 different=0/231
  dpre   rel_l2=0 max_abs=0 different=0/231
  post.T rel_l2=0 max_abs=0 different=0/231
  dpre.T rel_l2=0 max_abs=0 different=0/231
  y      rel_l2=0 max_abs=0 different=0/119
  dx     rel_l2=0 max_abs=0 different=0/119
  dw1    rel_l2=0 max_abs=0 different=0/561
  dw2    rel_l2=0 max_abs=0 different=0/561
  dw1.chunk rel_l2=0 max_abs=0 different=0/561
  dw2.chunk rel_l2=0 max_abs=0 different=0/561
production specialization after reset:
  raw    rel_l2=0 max_abs=0 different=0/231
  post   rel_l2=0 max_abs=0 different=0/231
  dpre   rel_l2=0 max_abs=0 different=0/231
  post.T rel_l2=0 max_abs=0 different=0/231
  dpre.T rel_l2=0 max_abs=0 different=0/231
  y      rel_l2=0 max_abs=0 different=0/119
  dx     rel_l2=0 max_abs=0 different=0/119
  dw1    rel_l2=0 max_abs=0 different=0/561
  dw2    rel_l2=0 max_abs=0 different=0/561
shape M=129 C=96 H=160 workers=660 seed=1337 zeros=0 gradient_chunk=64
audit: every task executed once; gradient_tasks_before_all_roots=0
  raw    rel_l2=0 max_abs=0 different=0/20640
  raw    rel_l2=0 max_abs=0 different=0/20640
  post   rel_l2=0 max_abs=0 different=0/20640
  dpre   rel_l2=0 max_abs=0 different=0/20640
  post.T rel_l2=0 max_abs=0 different=0/20640
  dpre.T rel_l2=0 max_abs=0 different=0/20640
  y      rel_l2=0 max_abs=0 different=0/12384
  dx     rel_l2=0 max_abs=0 different=0/12384
  dw1    rel_l2=0 max_abs=0 different=0/15360
  dw2    rel_l2=0 max_abs=0 different=0/15360
  dw1.chunk rel_l2=0 max_abs=0 different=0/15360
  dw2.chunk rel_l2=0 max_abs=0 different=0/15360
production specialization after reset:
  raw    rel_l2=0 max_abs=0 different=0/20640
  post   rel_l2=0 max_abs=0 different=0/20640
  dpre   rel_l2=0 max_abs=0 different=0/20640
  post.T rel_l2=0 max_abs=0 different=0/20640
  dpre.T rel_l2=0 max_abs=0 different=0/20640
  y      rel_l2=0 max_abs=0 different=0/12384
  dx     rel_l2=0 max_abs=0 different=0/12384
  dw1    rel_l2=0 max_abs=0 different=0/15360
  dw2    rel_l2=0 max_abs=0 different=0/15360
shape M=65 C=32 H=64 workers=660 seed=2 zeros=1 gradient_chunk=64
audit: every task executed once; gradient_tasks_before_all_roots=0
  raw    rel_l2=0 max_abs=0 different=0/4160
  raw    rel_l2=0 max_abs=0 different=0/4160
  post   rel_l2=0 max_abs=0 different=0/4160
  dpre   rel_l2=0 max_abs=0 different=0/4160
  post.T rel_l2=0 max_abs=0 different=0/4160
  dpre.T rel_l2=0 max_abs=0 different=0/4160
  y      rel_l2=0 max_abs=0 different=0/2080
  dx     rel_l2=0 max_abs=0 different=0/2080
  dw1    rel_l2=0 max_abs=0 different=0/2048
  dw2    rel_l2=0 max_abs=0 different=0/2048
  dw1.chunk rel_l2=0 max_abs=0 different=0/2048
  dw2.chunk rel_l2=0 max_abs=0 different=0/2048
production specialization after reset:
  raw    rel_l2=0 max_abs=0 different=0/4160
  post   rel_l2=0 max_abs=0 different=0/4160
  dpre   rel_l2=0 max_abs=0 different=0/4160
  post.T rel_l2=0 max_abs=0 different=0/4160
  dpre.T rel_l2=0 max_abs=0 different=0/4160
  y      rel_l2=0 max_abs=0 different=0/2080
  dx     rel_l2=0 max_abs=0 different=0/2080
  dw1    rel_l2=0 max_abs=0 different=0/2048
  dw2    rel_l2=0 max_abs=0 different=0/2048
shape M=256 C=128 H=256 workers=660 seed=1337 zeros=0 gradient_chunk=4096
audit: every task executed once; gradient_tasks_before_all_roots=0
  post   rel_l2=0 max_abs=0 different=0/65536
  dpre   rel_l2=0 max_abs=0 different=0/65536
  post.T rel_l2=0 max_abs=0 different=0/65536
  dpre.T rel_l2=0 max_abs=0 different=0/65536
  y      rel_l2=0 max_abs=0 different=0/32768
  dx     rel_l2=0 max_abs=0 different=0/32768
  dw1    rel_l2=0 max_abs=0 different=0/32768
  dw2    rel_l2=0 max_abs=0 different=0/32768
  dw1.chunk rel_l2=0 max_abs=0 different=0/32768
  dw2.chunk rel_l2=0 max_abs=0 different=0/32768
production specialization after reset:
  post   rel_l2=0 max_abs=0 different=0/65536
  dpre   rel_l2=0 max_abs=0 different=0/65536
  post.T rel_l2=0 max_abs=0 different=0/65536
  dpre.T rel_l2=0 max_abs=0 different=0/65536
  y      rel_l2=0 max_abs=0 different=0/32768
  dx     rel_l2=0 max_abs=0 different=0/32768
  dw1    rel_l2=0 max_abs=0 different=0/32768
  dw2    rel_l2=0 max_abs=0 different=0/32768
shape M=8209 C=96 H=160 workers=7 seed=1337 zeros=0 gradient_chunk=4096
audit: every task executed once; gradient_tasks_before_all_roots=28
  post   rel_l2=0 max_abs=0 different=0/1313440
  dpre   rel_l2=0 max_abs=0 different=0/1313440
  post.T rel_l2=0 max_abs=0 different=0/1313440
  dpre.T rel_l2=0 max_abs=0 different=0/1313440
  y      rel_l2=0 max_abs=0 different=0/788064
  dx     rel_l2=0 max_abs=0 different=0/788064
  dw1    rel_l2=0 max_abs=0 different=0/15360
  dw2    rel_l2=0 max_abs=0 different=0/15360
  dw1.chunk rel_l2=0 max_abs=0 different=0/15360
  dw2.chunk rel_l2=0 max_abs=0 different=0/15360
production specialization after reset:
  post   rel_l2=0 max_abs=0 different=0/1313440
  dpre   rel_l2=0 max_abs=0 different=0/1313440
  post.T rel_l2=0 max_abs=0 different=0/1313440
  dpre.T rel_l2=0 max_abs=0 different=0/1313440
  y      rel_l2=0 max_abs=0 different=0/788064
  dx     rel_l2=0 max_abs=0 different=0/788064
  dw1    rel_l2=0 max_abs=0 different=0/15360
  dw2    rel_l2=0 max_abs=0 different=0/15360
shape M=8192 C=128 H=256 workers=7 seed=1337 zeros=0 gradient_chunk=4096
audit: every task executed once; gradient_tasks_before_all_roots=18
  post   rel_l2=0 max_abs=0 different=0/2097152
  dpre   rel_l2=0 max_abs=0 different=0/2097152
  post.T rel_l2=0 max_abs=0 different=0/2097152
  dpre.T rel_l2=0 max_abs=0 different=0/2097152
  y      rel_l2=0 max_abs=0 different=0/1048576
  dx     rel_l2=0 max_abs=0 different=0/1048576
  dw1    rel_l2=0 max_abs=0 different=0/32768
  dw2    rel_l2=0 max_abs=0 different=0/32768
  dw1.chunk rel_l2=0 max_abs=0 different=0/32768
  dw2.chunk rel_l2=0 max_abs=0 different=0/32768
production specialization after reset:
  post   rel_l2=0 max_abs=0 different=0/2097152
  dpre   rel_l2=0 max_abs=0 different=0/2097152
  post.T rel_l2=0 max_abs=0 different=0/2097152
  dpre.T rel_l2=0 max_abs=0 different=0/2097152
  y      rel_l2=0 max_abs=0 different=0/1048576
  dx     rel_l2=0 max_abs=0 different=0/1048576
  dw1    rel_l2=0 max_abs=0 different=0/32768
  dw2    rel_l2=0 max_abs=0 different=0/32768
shape M=16384 C=768 H=3072 workers=528 seed=42 zeros=0 gradient_chunk=4096
audit: every task executed once; gradient_tasks_before_all_roots=3615
  post   rel_l2=0 max_abs=0 different=0/50331648
  dpre   rel_l2=0 max_abs=0 different=0/50331648
  post.T rel_l2=0 max_abs=0 different=0/50331648
  dpre.T rel_l2=0 max_abs=0 different=0/50331648
  y      rel_l2=1.2675079e-05 max_abs=0.0078125 different=254/12582912
  dx     rel_l2=3.7223649e-06 max_abs=0.001953125 different=44/12582912
  dw1    rel_l2=2.588453e-05 max_abs=0.125 different=257/2359296
  dw2    rel_l2=2.3801588e-05 max_abs=0.0625 different=429/2359296
  dw1.chunk rel_l2=0 max_abs=0 different=0/2359296
  dw2.chunk rel_l2=0 max_abs=0 different=0/2359296
production specialization after reset:
  post   rel_l2=0 max_abs=0 different=0/50331648
  dpre   rel_l2=0 max_abs=0 different=0/50331648
  post.T rel_l2=0 max_abs=0 different=0/50331648
  dpre.T rel_l2=0 max_abs=0 different=0/50331648
  y      rel_l2=1.2675079e-05 max_abs=0.0078125 different=254/12582912
  dx     rel_l2=3.7223649e-06 max_abs=0.001953125 different=44/12582912
  dw1    rel_l2=2.588453e-05 max_abs=0.125 different=257/2359296
  dw2    rel_l2=2.3801588e-05 max_abs=0.0625 different=429/2359296
timing median_ms fused=2.723280 staged_same_tiles=2.475392 graph_same_tiles=2.452128 fused_with_reset=2.701136 tasks=35328 (warm cache)
samples_ms: 2.751968 2.753568 2.747552 2.755968 2.759296 2.670592 2.677216 2.675840 2.692192 2.699008
samples_ms: 2.506048 2.507008 2.508128 2.508384 2.503648 2.430656 2.427296 2.428736 2.445792 2.447136
samples_ms: 2.492800 2.492000 2.492736 2.493184 2.471072 2.413568 2.413472 2.417408 2.433184 2.430656
samples_ms: 2.764352 2.762464 2.753088 2.758336 2.678528 2.676672 2.687136 2.701216 2.698080 2.701056
shape M=32768 C=768 H=3072 workers=528 seed=42 zeros=0 gradient_chunk=4096
audit: every task executed once; gradient_tasks_before_all_roots=8205
  post   rel_l2=0 max_abs=0 different=0/100663296
  dpre   rel_l2=0 max_abs=0 different=0/100663296
  post.T rel_l2=0 max_abs=0 different=0/100663296
  dpre.T rel_l2=0 max_abs=0 different=0/100663296
  y      rel_l2=1.3675938e-05 max_abs=0.0078125 different=492/25165824
  dx     rel_l2=4.9110968e-06 max_abs=0.00390625 different=102/25165824
  dw1    rel_l2=3.8765471e-05 max_abs=0.25 different=398/2359296
  dw2    rel_l2=4.3323732e-05 max_abs=0.25 different=604/2359296
  dw1.chunk rel_l2=0 max_abs=0 different=0/2359296
  dw2.chunk rel_l2=0 max_abs=0 different=0/2359296
production specialization after reset:
  post   rel_l2=0 max_abs=0 different=0/100663296
  dpre   rel_l2=0 max_abs=0 different=0/100663296
  post.T rel_l2=0 max_abs=0 different=0/100663296
  dpre.T rel_l2=0 max_abs=0 different=0/100663296
  y      rel_l2=1.3675938e-05 max_abs=0.0078125 different=492/25165824
  dx     rel_l2=4.9110968e-06 max_abs=0.00390625 different=102/25165824
  dw1    rel_l2=3.8765471e-05 max_abs=0.25 different=398/2359296
  dw2    rel_l2=4.3323732e-05 max_abs=0.25 different=604/2359296
timing median_ms fused=5.250160 staged_same_tiles=4.759136 graph_same_tiles=4.747728 fused_with_reset=5.300800 tasks=70656 (warm cache)
samples_ms: 5.315136 5.318880 5.319680 5.309760 5.250400 5.249920 5.245120 5.237280 5.248160 5.243040
samples_ms: 4.825824 4.825280 4.825408 4.822816 4.759552 4.758720 4.755360 4.756128 4.758176 4.758432
samples_ms: 4.812864 4.811328 4.812000 4.806624 4.743232 4.748832 4.745920 4.746624 4.741504 4.743872
samples_ms: 5.374368 5.365920 5.368928 5.306624 5.298912 5.295168 5.299840 5.299264 5.300416 5.301184
shape M=49152 C=768 H=3072 workers=528 seed=42 zeros=0 gradient_chunk=4096
audit: every task executed once; gradient_tasks_before_all_roots=12861
  post   rel_l2=0 max_abs=0 different=0/150994944
  dpre   rel_l2=0 max_abs=0 different=0/150994944
  post.T rel_l2=0 max_abs=0 different=0/150994944
  dpre.T rel_l2=0 max_abs=0 different=0/150994944
  y      rel_l2=1.1581532e-05 max_abs=0.0078125 different=703/37748736
  dx     rel_l2=4.5373298e-06 max_abs=0.00390625 different=175/37748736
  dw1    rel_l2=2.979924e-05 max_abs=0.25 different=474/2359296
  dw2    rel_l2=4.7122752e-05 max_abs=0.125 different=717/2359296
  dw1.chunk rel_l2=0 max_abs=0 different=0/2359296
  dw2.chunk rel_l2=0 max_abs=0 different=0/2359296
production specialization after reset:
  post   rel_l2=0 max_abs=0 different=0/150994944
  dpre   rel_l2=0 max_abs=0 different=0/150994944
  post.T rel_l2=0 max_abs=0 different=0/150994944
  dpre.T rel_l2=0 max_abs=0 different=0/150994944
  y      rel_l2=1.1581532e-05 max_abs=0.0078125 different=703/37748736
  dx     rel_l2=4.5373298e-06 max_abs=0.00390625 different=175/37748736
  dw1    rel_l2=2.979924e-05 max_abs=0.25 different=474/2359296
  dw2    rel_l2=4.7122752e-05 max_abs=0.125 different=717/2359296
timing median_ms fused=7.852848 staged_same_tiles=7.080640 graph_same_tiles=7.069808 fused_with_reset=7.922160 tasks=105984 (warm cache)
samples_ms: 7.851968 7.858688 7.845376 7.848768 7.853856 7.853728 7.851904 7.849504 7.854208 7.856032
samples_ms: 7.084832 7.078016 7.081568 7.080256 7.079296 7.084096 7.083008 7.080288 7.080992 7.078656
samples_ms: 7.072576 7.064992 7.070144 7.074432 7.069696 7.074592 7.069920 7.067264 7.064800 7.068288
samples_ms: 7.926848 7.913728 7.923552 7.921600 7.907904 7.930496 7.926592 7.922720 7.912576 7.916224
PASS: FP8 six-GEMM MLP graph, all outputs and gradients; not full-model training.

$ make -C /workspace/cuda validate_control
make: Entering directory '/workspace/cuda'
nvcc -std=c++17 -O3 -arch=sm_90a -lineinfo -Xptxas=-v,-warn-spills  validate.cu -lcublas -o validate_control
ptxas info    : 0 bytes gmem
ptxas info    : Compiling entry function '_ZN4nano10megakernelILb1ELb0EEEvNS_5GraphE' for 'sm_90a'
ptxas info    : Function properties for _ZN4nano10megakernelILb1ELb0EEEvNS_5GraphE
    0 bytes stack frame, 0 bytes spill stores, 0 bytes spill loads
ptxas info    : Used 161 registers, used 1 barriers, 32776 bytes smem
ptxas info    : Compile time = 1982.582 ms
ptxas info    : Compiling entry function '_ZN4nano10megakernelILb0ELb0EEEvNS_5GraphE' for 'sm_90a'
ptxas info    : Function properties for _ZN4nano10megakernelILb0ELb0EEEvNS_5GraphE
    0 bytes stack frame, 0 bytes spill stores, 0 bytes spill loads
ptxas info    : Used 162 registers, used 1 barriers, 32776 bytes smem
ptxas info    : Compile time = 1959.021 ms
ptxas info    : Compiling entry function '_Z13staged_kernelILb0EEvN4nano6MatmulE' for 'sm_90a'
ptxas info    : Function properties for _Z13staged_kernelILb0EEvN4nano6MatmulE
    0 bytes stack frame, 0 bytes spill stores, 0 bytes spill loads
ptxas info    : Used 123 registers, used 1 barriers, 32768 bytes smem
ptxas info    : Compile time = 1752.494 ms
ptxas info    : Compiling entry function '_Z18reference_epiloguePKfN4nano6MatmulE' for 'sm_90a'
ptxas info    : Function properties for _Z18reference_epiloguePKfN4nano6MatmulE
    0 bytes stack frame, 0 bytes spill stores, 0 bytes spill loads
ptxas info    : Used 17 registers, used 0 barriers
ptxas info    : Compile time = 12.741 ms
ptxas info    : Compiling entry function '_Z6unpackPK13__nv_fp8_e4m3Pfi' for 'sm_90a'
ptxas info    : Function properties for _Z6unpackPK13__nv_fp8_e4m3Pfi
    0 bytes stack frame, 0 bytes spill stores, 0 bytes spill loads
ptxas info    : Used 10 registers, used 0 barriers
ptxas info    : Compile time = 1.537 ms
make: Leaving directory '/workspace/cuda'

$ /workspace/cuda/validate_control --main-shapes --gradient-chunk=4096
GPU=NVIDIA H100 80GB HBM3 SMs=132 CUDA_runtime=12080
megakernel registers=162 static_shared=32776 local_bytes=0
resident_blocks_per_SM=3
operand_K=128
scheduler=ready_first
operand_stages=2
shape M=7 C=17 H=33 workers=1 seed=42 zeros=0 gradient_chunk=64
audit: every task executed once; gradient_tasks_before_all_roots=0
  raw    rel_l2=0 max_abs=0 different=0/231
  raw    rel_l2=0 max_abs=0 different=0/231
  post   rel_l2=0 max_abs=0 different=0/231
  dpre   rel_l2=0 max_abs=0 different=0/231
  post.T rel_l2=0 max_abs=0 different=0/231
  dpre.T rel_l2=0 max_abs=0 different=0/231
  y      rel_l2=0 max_abs=0 different=0/119
  dx     rel_l2=0 max_abs=0 different=0/119
  dw1    rel_l2=0 max_abs=0 different=0/561
  dw2    rel_l2=0 max_abs=0 different=0/561
  dw1.chunk rel_l2=0 max_abs=0 different=0/561
  dw2.chunk rel_l2=0 max_abs=0 different=0/561
production specialization after reset:
  raw    rel_l2=0 max_abs=0 different=0/231
  post   rel_l2=0 max_abs=0 different=0/231
  dpre   rel_l2=0 max_abs=0 different=0/231
  post.T rel_l2=0 max_abs=0 different=0/231
  dpre.T rel_l2=0 max_abs=0 different=0/231
  y      rel_l2=0 max_abs=0 different=0/119
  dx     rel_l2=0 max_abs=0 different=0/119
  dw1    rel_l2=0 max_abs=0 different=0/561
  dw2    rel_l2=0 max_abs=0 different=0/561
shape M=129 C=96 H=160 workers=1 seed=1337 zeros=0 gradient_chunk=64
audit: every task executed once; gradient_tasks_before_all_roots=28
  raw    rel_l2=0 max_abs=0 different=0/20640
  raw    rel_l2=0 max_abs=0 different=0/20640
  post   rel_l2=0 max_abs=0 different=0/20640
  dpre   rel_l2=0 max_abs=0 different=0/20640
  post.T rel_l2=0 max_abs=0 different=0/20640
  dpre.T rel_l2=0 max_abs=0 different=0/20640
  y      rel_l2=0 max_abs=0 different=0/12384
  dx     rel_l2=0 max_abs=0 different=0/12384
  dw1    rel_l2=0 max_abs=0 different=0/15360
  dw2    rel_l2=0 max_abs=0 different=0/15360
  dw1.chunk rel_l2=0 max_abs=0 different=0/15360
  dw2.chunk rel_l2=0 max_abs=0 different=0/15360
production specialization after reset:
  raw    rel_l2=0 max_abs=0 different=0/20640
  post   rel_l2=0 max_abs=0 different=0/20640
  dpre   rel_l2=0 max_abs=0 different=0/20640
  post.T rel_l2=0 max_abs=0 different=0/20640
  dpre.T rel_l2=0 max_abs=0 different=0/20640
  y      rel_l2=0 max_abs=0 different=0/12384
  dx     rel_l2=0 max_abs=0 different=0/12384
  dw1    rel_l2=0 max_abs=0 different=0/15360
  dw2    rel_l2=0 max_abs=0 different=0/15360
shape M=65 C=32 H=64 workers=1 seed=2 zeros=1 gradient_chunk=64
audit: every task executed once; gradient_tasks_before_all_roots=0
  raw    rel_l2=0 max_abs=0 different=0/4160
  raw    rel_l2=0 max_abs=0 different=0/4160
  post   rel_l2=0 max_abs=0 different=0/4160
  dpre   rel_l2=0 max_abs=0 different=0/4160
  post.T rel_l2=0 max_abs=0 different=0/4160
  dpre.T rel_l2=0 max_abs=0 different=0/4160
  y      rel_l2=0 max_abs=0 different=0/2080
  dx     rel_l2=0 max_abs=0 different=0/2080
  dw1    rel_l2=0 max_abs=0 different=0/2048
  dw2    rel_l2=0 max_abs=0 different=0/2048
  dw1.chunk rel_l2=0 max_abs=0 different=0/2048
  dw2.chunk rel_l2=0 max_abs=0 different=0/2048
production specialization after reset:
  raw    rel_l2=0 max_abs=0 different=0/4160
  post   rel_l2=0 max_abs=0 different=0/4160
  dpre   rel_l2=0 max_abs=0 different=0/4160
  post.T rel_l2=0 max_abs=0 different=0/4160
  dpre.T rel_l2=0 max_abs=0 different=0/4160
  y      rel_l2=0 max_abs=0 different=0/2080
  dx     rel_l2=0 max_abs=0 different=0/2080
  dw1    rel_l2=0 max_abs=0 different=0/2048
  dw2    rel_l2=0 max_abs=0 different=0/2048
shape M=7 C=17 H=33 workers=7 seed=42 zeros=0 gradient_chunk=64
audit: every task executed once; gradient_tasks_before_all_roots=0
  raw    rel_l2=0 max_abs=0 different=0/231
  raw    rel_l2=0 max_abs=0 different=0/231
  post   rel_l2=0 max_abs=0 different=0/231
  dpre   rel_l2=0 max_abs=0 different=0/231
  post.T rel_l2=0 max_abs=0 different=0/231
  dpre.T rel_l2=0 max_abs=0 different=0/231
  y      rel_l2=0 max_abs=0 different=0/119
  dx     rel_l2=0 max_abs=0 different=0/119
  dw1    rel_l2=0 max_abs=0 different=0/561
  dw2    rel_l2=0 max_abs=0 different=0/561
  dw1.chunk rel_l2=0 max_abs=0 different=0/561
  dw2.chunk rel_l2=0 max_abs=0 different=0/561
production specialization after reset:
  raw    rel_l2=0 max_abs=0 different=0/231
  post   rel_l2=0 max_abs=0 different=0/231
  dpre   rel_l2=0 max_abs=0 different=0/231
  post.T rel_l2=0 max_abs=0 different=0/231
  dpre.T rel_l2=0 max_abs=0 different=0/231
  y      rel_l2=0 max_abs=0 different=0/119
  dx     rel_l2=0 max_abs=0 different=0/119
  dw1    rel_l2=0 max_abs=0 different=0/561
  dw2    rel_l2=0 max_abs=0 different=0/561
shape M=129 C=96 H=160 workers=7 seed=1337 zeros=0 gradient_chunk=64
audit: every task executed once; gradient_tasks_before_all_roots=2
  raw    rel_l2=0 max_abs=0 different=0/20640
  raw    rel_l2=0 max_abs=0 different=0/20640
  post   rel_l2=0 max_abs=0 different=0/20640
  dpre   rel_l2=0 max_abs=0 different=0/20640
  post.T rel_l2=0 max_abs=0 different=0/20640
  dpre.T rel_l2=0 max_abs=0 different=0/20640
  y      rel_l2=0 max_abs=0 different=0/12384
  dx     rel_l2=0 max_abs=0 different=0/12384
  dw1    rel_l2=0 max_abs=0 different=0/15360
  dw2    rel_l2=0 max_abs=0 different=0/15360
  dw1.chunk rel_l2=0 max_abs=0 different=0/15360
  dw2.chunk rel_l2=0 max_abs=0 different=0/15360
production specialization after reset:
  raw    rel_l2=0 max_abs=0 different=0/20640
  post   rel_l2=0 max_abs=0 different=0/20640
  dpre   rel_l2=0 max_abs=0 different=0/20640
  post.T rel_l2=0 max_abs=0 different=0/20640
  dpre.T rel_l2=0 max_abs=0 different=0/20640
  y      rel_l2=0 max_abs=0 different=0/12384
  dx     rel_l2=0 max_abs=0 different=0/12384
  dw1    rel_l2=0 max_abs=0 different=0/15360
  dw2    rel_l2=0 max_abs=0 different=0/15360
shape M=65 C=32 H=64 workers=7 seed=2 zeros=1 gradient_chunk=64
audit: every task executed once; gradient_tasks_before_all_roots=0
  raw    rel_l2=0 max_abs=0 different=0/4160
  raw    rel_l2=0 max_abs=0 different=0/4160
  post   rel_l2=0 max_abs=0 different=0/4160
  dpre   rel_l2=0 max_abs=0 different=0/4160
  post.T rel_l2=0 max_abs=0 different=0/4160
  dpre.T rel_l2=0 max_abs=0 different=0/4160
  y      rel_l2=0 max_abs=0 different=0/2080
  dx     rel_l2=0 max_abs=0 different=0/2080
  dw1    rel_l2=0 max_abs=0 different=0/2048
  dw2    rel_l2=0 max_abs=0 different=0/2048
  dw1.chunk rel_l2=0 max_abs=0 different=0/2048
  dw2.chunk rel_l2=0 max_abs=0 different=0/2048
production specialization after reset:
  raw    rel_l2=0 max_abs=0 different=0/4160
  post   rel_l2=0 max_abs=0 different=0/4160
  dpre   rel_l2=0 max_abs=0 different=0/4160
  post.T rel_l2=0 max_abs=0 different=0/4160
  dpre.T rel_l2=0 max_abs=0 different=0/4160
  y      rel_l2=0 max_abs=0 different=0/2080
  dx     rel_l2=0 max_abs=0 different=0/2080
  dw1    rel_l2=0 max_abs=0 different=0/2048
  dw2    rel_l2=0 max_abs=0 different=0/2048
shape M=7 C=17 H=33 workers=132 seed=42 zeros=0 gradient_chunk=64
audit: every task executed once; gradient_tasks_before_all_roots=0
  raw    rel_l2=0 max_abs=0 different=0/231
  raw    rel_l2=0 max_abs=0 different=0/231
  post   rel_l2=0 max_abs=0 different=0/231
  dpre   rel_l2=0 max_abs=0 different=0/231
  post.T rel_l2=0 max_abs=0 different=0/231
  dpre.T rel_l2=0 max_abs=0 different=0/231
  y      rel_l2=0 max_abs=0 different=0/119
  dx     rel_l2=0 max_abs=0 different=0/119
  dw1    rel_l2=0 max_abs=0 different=0/561
  dw2    rel_l2=0 max_abs=0 different=0/561
  dw1.chunk rel_l2=0 max_abs=0 different=0/561
  dw2.chunk rel_l2=0 max_abs=0 different=0/561
production specialization after reset:
  raw    rel_l2=0 max_abs=0 different=0/231
  post   rel_l2=0 max_abs=0 different=0/231
  dpre   rel_l2=0 max_abs=0 different=0/231
  post.T rel_l2=0 max_abs=0 different=0/231
  dpre.T rel_l2=0 max_abs=0 different=0/231
  y      rel_l2=0 max_abs=0 different=0/119
  dx     rel_l2=0 max_abs=0 different=0/119
  dw1    rel_l2=0 max_abs=0 different=0/561
  dw2    rel_l2=0 max_abs=0 different=0/561
shape M=129 C=96 H=160 workers=132 seed=1337 zeros=0 gradient_chunk=64
audit: every task executed once; gradient_tasks_before_all_roots=4
  raw    rel_l2=0 max_abs=0 different=0/20640
  raw    rel_l2=0 max_abs=0 different=0/20640
  post   rel_l2=0 max_abs=0 different=0/20640
  dpre   rel_l2=0 max_abs=0 different=0/20640
  post.T rel_l2=0 max_abs=0 different=0/20640
  dpre.T rel_l2=0 max_abs=0 different=0/20640
  y      rel_l2=0 max_abs=0 different=0/12384
  dx     rel_l2=0 max_abs=0 different=0/12384
  dw1    rel_l2=0 max_abs=0 different=0/15360
  dw2    rel_l2=0 max_abs=0 different=0/15360
  dw1.chunk rel_l2=0 max_abs=0 different=0/15360
  dw2.chunk rel_l2=0 max_abs=0 different=0/15360
production specialization after reset:
  raw    rel_l2=0 max_abs=0 different=0/20640
  post   rel_l2=0 max_abs=0 different=0/20640
  dpre   rel_l2=0 max_abs=0 different=0/20640
  post.T rel_l2=0 max_abs=0 different=0/20640
  dpre.T rel_l2=0 max_abs=0 different=0/20640
  y      rel_l2=0 max_abs=0 different=0/12384
  dx     rel_l2=0 max_abs=0 different=0/12384
  dw1    rel_l2=0 max_abs=0 different=0/15360
  dw2    rel_l2=0 max_abs=0 different=0/15360
shape M=65 C=32 H=64 workers=132 seed=2 zeros=1 gradient_chunk=64
audit: every task executed once; gradient_tasks_before_all_roots=0
  raw    rel_l2=0 max_abs=0 different=0/4160
  raw    rel_l2=0 max_abs=0 different=0/4160
  post   rel_l2=0 max_abs=0 different=0/4160
  dpre   rel_l2=0 max_abs=0 different=0/4160
  post.T rel_l2=0 max_abs=0 different=0/4160
  dpre.T rel_l2=0 max_abs=0 different=0/4160
  y      rel_l2=0 max_abs=0 different=0/2080
  dx     rel_l2=0 max_abs=0 different=0/2080
  dw1    rel_l2=0 max_abs=0 different=0/2048
  dw2    rel_l2=0 max_abs=0 different=0/2048
  dw1.chunk rel_l2=0 max_abs=0 different=0/2048
  dw2.chunk rel_l2=0 max_abs=0 different=0/2048
production specialization after reset:
  raw    rel_l2=0 max_abs=0 different=0/4160
  post   rel_l2=0 max_abs=0 different=0/4160
  dpre   rel_l2=0 max_abs=0 different=0/4160
  post.T rel_l2=0 max_abs=0 different=0/4160
  dpre.T rel_l2=0 max_abs=0 different=0/4160
  y      rel_l2=0 max_abs=0 different=0/2080
  dx     rel_l2=0 max_abs=0 different=0/2080
  dw1    rel_l2=0 max_abs=0 different=0/2048
  dw2    rel_l2=0 max_abs=0 different=0/2048
shape M=7 C=17 H=33 workers=528 seed=42 zeros=0 gradient_chunk=64
audit: every task executed once; gradient_tasks_before_all_roots=0
  raw    rel_l2=0 max_abs=0 different=0/231
  raw    rel_l2=0 max_abs=0 different=0/231
  post   rel_l2=0 max_abs=0 different=0/231
  dpre   rel_l2=0 max_abs=0 different=0/231
  post.T rel_l2=0 max_abs=0 different=0/231
  dpre.T rel_l2=0 max_abs=0 different=0/231
  y      rel_l2=0 max_abs=0 different=0/119
  dx     rel_l2=0 max_abs=0 different=0/119
  dw1    rel_l2=0 max_abs=0 different=0/561
  dw2    rel_l2=0 max_abs=0 different=0/561
  dw1.chunk rel_l2=0 max_abs=0 different=0/561
  dw2.chunk rel_l2=0 max_abs=0 different=0/561
production specialization after reset:
  raw    rel_l2=0 max_abs=0 different=0/231
  post   rel_l2=0 max_abs=0 different=0/231
  dpre   rel_l2=0 max_abs=0 different=0/231
  post.T rel_l2=0 max_abs=0 different=0/231
  dpre.T rel_l2=0 max_abs=0 different=0/231
  y      rel_l2=0 max_abs=0 different=0/119
  dx     rel_l2=0 max_abs=0 different=0/119
  dw1    rel_l2=0 max_abs=0 different=0/561
  dw2    rel_l2=0 max_abs=0 different=0/561
shape M=129 C=96 H=160 workers=528 seed=1337 zeros=0 gradient_chunk=64
audit: every task executed once; gradient_tasks_before_all_roots=0
  raw    rel_l2=0 max_abs=0 different=0/20640
  raw    rel_l2=0 max_abs=0 different=0/20640
  post   rel_l2=0 max_abs=0 different=0/20640
  dpre   rel_l2=0 max_abs=0 different=0/20640
  post.T rel_l2=0 max_abs=0 different=0/20640
  dpre.T rel_l2=0 max_abs=0 different=0/20640
  y      rel_l2=0 max_abs=0 different=0/12384
  dx     rel_l2=0 max_abs=0 different=0/12384
  dw1    rel_l2=0 max_abs=0 different=0/15360
  dw2    rel_l2=0 max_abs=0 different=0/15360
  dw1.chunk rel_l2=0 max_abs=0 different=0/15360
  dw2.chunk rel_l2=0 max_abs=0 different=0/15360
production specialization after reset:
  raw    rel_l2=0 max_abs=0 different=0/20640
  post   rel_l2=0 max_abs=0 different=0/20640
  dpre   rel_l2=0 max_abs=0 different=0/20640
  post.T rel_l2=0 max_abs=0 different=0/20640
  dpre.T rel_l2=0 max_abs=0 different=0/20640
  y      rel_l2=0 max_abs=0 different=0/12384
  dx     rel_l2=0 max_abs=0 different=0/12384
  dw1    rel_l2=0 max_abs=0 different=0/15360
  dw2    rel_l2=0 max_abs=0 different=0/15360
shape M=65 C=32 H=64 workers=528 seed=2 zeros=1 gradient_chunk=64
audit: every task executed once; gradient_tasks_before_all_roots=0
  raw    rel_l2=0 max_abs=0 different=0/4160
  raw    rel_l2=0 max_abs=0 different=0/4160
  post   rel_l2=0 max_abs=0 different=0/4160
  dpre   rel_l2=0 max_abs=0 different=0/4160
  post.T rel_l2=0 max_abs=0 different=0/4160
  dpre.T rel_l2=0 max_abs=0 different=0/4160
  y      rel_l2=0 max_abs=0 different=0/2080
  dx     rel_l2=0 max_abs=0 different=0/2080
  dw1    rel_l2=0 max_abs=0 different=0/2048
  dw2    rel_l2=0 max_abs=0 different=0/2048
  dw1.chunk rel_l2=0 max_abs=0 different=0/2048
  dw2.chunk rel_l2=0 max_abs=0 different=0/2048
production specialization after reset:
  raw    rel_l2=0 max_abs=0 different=0/4160
  post   rel_l2=0 max_abs=0 different=0/4160
  dpre   rel_l2=0 max_abs=0 different=0/4160
  post.T rel_l2=0 max_abs=0 different=0/4160
  dpre.T rel_l2=0 max_abs=0 different=0/4160
  y      rel_l2=0 max_abs=0 different=0/2080
  dx     rel_l2=0 max_abs=0 different=0/2080
  dw1    rel_l2=0 max_abs=0 different=0/2048
  dw2    rel_l2=0 max_abs=0 different=0/2048
shape M=8209 C=96 H=160 workers=7 seed=1337 zeros=0 gradient_chunk=4096
audit: every task executed once; gradient_tasks_before_all_roots=16
  post   rel_l2=0 max_abs=0 different=0/1313440
  dpre   rel_l2=0 max_abs=0 different=0/1313440
  post.T rel_l2=0 max_abs=0 different=0/1313440
  dpre.T rel_l2=0 max_abs=0 different=0/1313440
  y      rel_l2=0 max_abs=0 different=0/788064
  dx     rel_l2=0 max_abs=0 different=0/788064
  dw1    rel_l2=0 max_abs=0 different=0/15360
  dw2    rel_l2=0 max_abs=0 different=0/15360
  dw1.chunk rel_l2=0 max_abs=0 different=0/15360
  dw2.chunk rel_l2=0 max_abs=0 different=0/15360
production specialization after reset:
  post   rel_l2=0 max_abs=0 different=0/1313440
  dpre   rel_l2=0 max_abs=0 different=0/1313440
  post.T rel_l2=0 max_abs=0 different=0/1313440
  dpre.T rel_l2=0 max_abs=0 different=0/1313440
  y      rel_l2=0 max_abs=0 different=0/788064
  dx     rel_l2=0 max_abs=0 different=0/788064
  dw1    rel_l2=0 max_abs=0 different=0/15360
  dw2    rel_l2=0 max_abs=0 different=0/15360
shape M=16384 C=768 H=3072 workers=396 seed=42 zeros=0 gradient_chunk=4096
audit: every task executed once; gradient_tasks_before_all_roots=3480
  post   rel_l2=0 max_abs=0 different=0/50331648
  dpre   rel_l2=0 max_abs=0 different=0/50331648
  post.T rel_l2=0 max_abs=0 different=0/50331648
  dpre.T rel_l2=0 max_abs=0 different=0/50331648
  y      rel_l2=1.2675079e-05 max_abs=0.0078125 different=254/12582912
  dx     rel_l2=3.7223649e-06 max_abs=0.001953125 different=44/12582912
  dw1    rel_l2=2.588453e-05 max_abs=0.125 different=257/2359296
  dw2    rel_l2=2.3801588e-05 max_abs=0.0625 different=429/2359296
  dw1.chunk rel_l2=0 max_abs=0 different=0/2359296
  dw2.chunk rel_l2=0 max_abs=0 different=0/2359296
production specialization after reset:
  post   rel_l2=0 max_abs=0 different=0/50331648
  dpre   rel_l2=0 max_abs=0 different=0/50331648
  post.T rel_l2=0 max_abs=0 different=0/50331648
  dpre.T rel_l2=0 max_abs=0 different=0/50331648
  y      rel_l2=1.2675079e-05 max_abs=0.0078125 different=254/12582912
  dx     rel_l2=3.7223649e-06 max_abs=0.001953125 different=44/12582912
  dw1    rel_l2=2.588453e-05 max_abs=0.125 different=257/2359296
  dw2    rel_l2=2.3801588e-05 max_abs=0.0625 different=429/2359296
timing median_ms fused=3.238192 staged_same_tiles=2.713008 graph_same_tiles=2.700304 fused_with_reset=3.268544 tasks=35328 (warm cache)
samples_ms: 3.278848 3.297696 3.280256 3.216736 3.212288 3.201920 3.247968 3.219584 3.237984 3.238400
samples_ms: 2.766304 2.763072 2.764960 2.693440 2.692192 2.694400 2.713088 2.712928 2.714656 2.710400
samples_ms: 2.751808 2.750912 2.751616 2.683424 2.682560 2.701408 2.699136 2.699968 2.700640 2.699520
samples_ms: 3.314848 3.318400 3.290272 3.247616 3.239648 3.259584 3.261056 3.267584 3.269504 3.275136
shape M=32768 C=768 H=3072 workers=396 seed=42 zeros=0 gradient_chunk=4096
audit: every task executed once; gradient_tasks_before_all_roots=8064
  post   rel_l2=0 max_abs=0 different=0/100663296
  dpre   rel_l2=0 max_abs=0 different=0/100663296
  post.T rel_l2=0 max_abs=0 different=0/100663296
  dpre.T rel_l2=0 max_abs=0 different=0/100663296
  y      rel_l2=1.3675938e-05 max_abs=0.0078125 different=492/25165824
  dx     rel_l2=4.9110968e-06 max_abs=0.00390625 different=102/25165824
  dw1    rel_l2=3.8765471e-05 max_abs=0.25 different=398/2359296
  dw2    rel_l2=4.3323732e-05 max_abs=0.25 different=604/2359296
  dw1.chunk rel_l2=0 max_abs=0 different=0/2359296
  dw2.chunk rel_l2=0 max_abs=0 different=0/2359296
production specialization after reset:
  post   rel_l2=0 max_abs=0 different=0/100663296
  dpre   rel_l2=0 max_abs=0 different=0/100663296
  post.T rel_l2=0 max_abs=0 different=0/100663296
  dpre.T rel_l2=0 max_abs=0 different=0/100663296
  y      rel_l2=1.3675938e-05 max_abs=0.0078125 different=492/25165824
  dx     rel_l2=4.9110968e-06 max_abs=0.00390625 different=102/25165824
  dw1    rel_l2=3.8765471e-05 max_abs=0.25 different=398/2359296
  dw2    rel_l2=4.3323732e-05 max_abs=0.25 different=604/2359296
timing median_ms fused=6.317712 staged_same_tiles=5.241104 graph_same_tiles=5.230480 fused_with_reset=6.367920 tasks=70656 (warm cache)
samples_ms: 6.336704 6.341696 6.321856 6.367488 6.312032 6.317984 6.309728 6.310560 6.317440 6.313536
samples_ms: 5.259392 5.250176 5.247456 5.255744 5.241472 5.239712 5.237440 5.236800 5.232928 5.240736
samples_ms: 5.237024 5.235296 5.269088 5.219840 5.228096 5.226432 5.233088 5.221568 5.228416 5.232544
samples_ms: 6.410208 6.399840 6.411872 6.363104 6.360576 6.369600 6.359776 6.366240 6.373408 6.364448
shape M=49152 C=768 H=3072 workers=396 seed=42 zeros=0 gradient_chunk=4096
audit: every task executed once; gradient_tasks_before_all_roots=12672
  post   rel_l2=0 max_abs=0 different=0/150994944
  dpre   rel_l2=0 max_abs=0 different=0/150994944
  post.T rel_l2=0 max_abs=0 different=0/150994944
  dpre.T rel_l2=0 max_abs=0 different=0/150994944
  y      rel_l2=1.1581532e-05 max_abs=0.0078125 different=703/37748736
  dx     rel_l2=4.5373298e-06 max_abs=0.00390625 different=175/37748736
  dw1    rel_l2=2.979924e-05 max_abs=0.25 different=474/2359296
  dw2    rel_l2=4.7122752e-05 max_abs=0.125 different=717/2359296
  dw1.chunk rel_l2=0 max_abs=0 different=0/2359296
  dw2.chunk rel_l2=0 max_abs=0 different=0/2359296
production specialization after reset:
  post   rel_l2=0 max_abs=0 different=0/150994944
  dpre   rel_l2=0 max_abs=0 different=0/150994944
  post.T rel_l2=0 max_abs=0 different=0/150994944
  dpre.T rel_l2=0 max_abs=0 different=0/150994944
  y      rel_l2=1.1581532e-05 max_abs=0.0078125 different=703/37748736
  dx     rel_l2=4.5373298e-06 max_abs=0.00390625 different=175/37748736
  dw1    rel_l2=2.979924e-05 max_abs=0.25 different=474/2359296
  dw2    rel_l2=4.7122752e-05 max_abs=0.125 different=717/2359296
timing median_ms fused=9.452353 staged_same_tiles=7.811488 graph_same_tiles=7.795968 fused_with_reset=9.510384 tasks=105984 (warm cache)
samples_ms: 9.502816 9.433216 9.446176 9.463648 9.448672 9.484448 9.435328 9.442976 9.456032 9.470400
samples_ms: 7.804992 7.807552 7.801760 7.817472 7.810240 7.814944 7.816064 7.812736 7.812960 7.809600
samples_ms: 7.790560 7.798016 7.798272 7.791104 7.793920 7.799712 7.786496 7.793344 7.807072 7.802208
samples_ms: 9.507264 9.511968 9.508768 9.508800 9.544416 9.525024 9.501824 9.507424 9.515968 9.515296
PASS: FP8 six-GEMM MLP graph, all outputs and gradients; not full-model training.

$ make -C /workspace/cuda sanitize BIN=validate CHECK_FLAGS=--gradient-chunk=4096
make: Entering directory '/workspace/cuda'
compute-sanitizer --tool memcheck --error-exitcode 1 ./validate --quick --gradient-chunk=4096
========= COMPUTE-SANITIZER
GPU=NVIDIA H100 80GB HBM3 SMs=132 CUDA_runtime=12080
megakernel registers=128 static_shared=32776 local_bytes=8
resident_blocks_per_SM=4
operand_K=128
scheduler=ready_first
operand_stages=2
shape M=7 C=17 H=33 workers=1 seed=42 zeros=0 gradient_chunk=64
audit: every task executed once; gradient_tasks_before_all_roots=0
  raw    rel_l2=0 max_abs=0 different=0/231
  raw    rel_l2=0 max_abs=0 different=0/231
  post   rel_l2=0 max_abs=0 different=0/231
  dpre   rel_l2=0 max_abs=0 different=0/231
  post.T rel_l2=0 max_abs=0 different=0/231
  dpre.T rel_l2=0 max_abs=0 different=0/231
  y      rel_l2=0 max_abs=0 different=0/119
  dx     rel_l2=0 max_abs=0 different=0/119
  dw1    rel_l2=0 max_abs=0 different=0/561
  dw2    rel_l2=0 max_abs=0 different=0/561
  dw1.chunk rel_l2=0 max_abs=0 different=0/561
  dw2.chunk rel_l2=0 max_abs=0 different=0/561
production specialization after reset:
  raw    rel_l2=0 max_abs=0 different=0/231
  post   rel_l2=0 max_abs=0 different=0/231
  dpre   rel_l2=0 max_abs=0 different=0/231
  post.T rel_l2=0 max_abs=0 different=0/231
  dpre.T rel_l2=0 max_abs=0 different=0/231
  y      rel_l2=0 max_abs=0 different=0/119
  dx     rel_l2=0 max_abs=0 different=0/119
  dw1    rel_l2=0 max_abs=0 different=0/561
  dw2    rel_l2=0 max_abs=0 different=0/561
shape M=129 C=96 H=160 workers=1 seed=1337 zeros=0 gradient_chunk=64
audit: every task executed once; gradient_tasks_before_all_roots=28
  raw    rel_l2=0 max_abs=0 different=0/20640
  raw    rel_l2=0 max_abs=0 different=0/20640
  post   rel_l2=0 max_abs=0 different=0/20640
  dpre   rel_l2=0 max_abs=0 different=0/20640
  post.T rel_l2=0 max_abs=0 different=0/20640
  dpre.T rel_l2=0 max_abs=0 different=0/20640
  y      rel_l2=0 max_abs=0 different=0/12384
  dx     rel_l2=0 max_abs=0 different=0/12384
  dw1    rel_l2=0 max_abs=0 different=0/15360
  dw2    rel_l2=0 max_abs=0 different=0/15360
  dw1.chunk rel_l2=0 max_abs=0 different=0/15360
  dw2.chunk rel_l2=0 max_abs=0 different=0/15360
production specialization after reset:
  raw    rel_l2=0 max_abs=0 different=0/20640
  post   rel_l2=0 max_abs=0 different=0/20640
  dpre   rel_l2=0 max_abs=0 different=0/20640
  post.T rel_l2=0 max_abs=0 different=0/20640
  dpre.T rel_l2=0 max_abs=0 different=0/20640
  y      rel_l2=0 max_abs=0 different=0/12384
  dx     rel_l2=0 max_abs=0 different=0/12384
  dw1    rel_l2=0 max_abs=0 different=0/15360
  dw2    rel_l2=0 max_abs=0 different=0/15360
shape M=65 C=32 H=64 workers=1 seed=2 zeros=1 gradient_chunk=64
audit: every task executed once; gradient_tasks_before_all_roots=0
  raw    rel_l2=0 max_abs=0 different=0/4160
  raw    rel_l2=0 max_abs=0 different=0/4160
  post   rel_l2=0 max_abs=0 different=0/4160
  dpre   rel_l2=0 max_abs=0 different=0/4160
  post.T rel_l2=0 max_abs=0 different=0/4160
  dpre.T rel_l2=0 max_abs=0 different=0/4160
  y      rel_l2=0 max_abs=0 different=0/2080
  dx     rel_l2=0 max_abs=0 different=0/2080
  dw1    rel_l2=0 max_abs=0 different=0/2048
  dw2    rel_l2=0 max_abs=0 different=0/2048
  dw1.chunk rel_l2=0 max_abs=0 different=0/2048
  dw2.chunk rel_l2=0 max_abs=0 different=0/2048
production specialization after reset:
  raw    rel_l2=0 max_abs=0 different=0/4160
  post   rel_l2=0 max_abs=0 different=0/4160
  dpre   rel_l2=0 max_abs=0 different=0/4160
  post.T rel_l2=0 max_abs=0 different=0/4160
  dpre.T rel_l2=0 max_abs=0 different=0/4160
  y      rel_l2=0 max_abs=0 different=0/2080
  dx     rel_l2=0 max_abs=0 different=0/2080
  dw1    rel_l2=0 max_abs=0 different=0/2048
  dw2    rel_l2=0 max_abs=0 different=0/2048
shape M=256 C=128 H=256 workers=1 seed=1337 zeros=0 gradient_chunk=4096
audit: every task executed once; gradient_tasks_before_all_roots=6
  post   rel_l2=0 max_abs=0 different=0/65536
  dpre   rel_l2=0 max_abs=0 different=0/65536
  post.T rel_l2=0 max_abs=0 different=0/65536
  dpre.T rel_l2=0 max_abs=0 different=0/65536
  y      rel_l2=0 max_abs=0 different=0/32768
  dx     rel_l2=0 max_abs=0 different=0/32768
  dw1    rel_l2=0 max_abs=0 different=0/32768
  dw2    rel_l2=0 max_abs=0 different=0/32768
  dw1.chunk rel_l2=0 max_abs=0 different=0/32768
  dw2.chunk rel_l2=0 max_abs=0 different=0/32768
production specialization after reset:
  post   rel_l2=0 max_abs=0 different=0/65536
  dpre   rel_l2=0 max_abs=0 different=0/65536
  post.T rel_l2=0 max_abs=0 different=0/65536
  dpre.T rel_l2=0 max_abs=0 different=0/65536
  y      rel_l2=0 max_abs=0 different=0/32768
  dx     rel_l2=0 max_abs=0 different=0/32768
  dw1    rel_l2=0 max_abs=0 different=0/32768
  dw2    rel_l2=0 max_abs=0 different=0/32768
shape M=7 C=17 H=33 workers=7 seed=42 zeros=0 gradient_chunk=64
audit: every task executed once; gradient_tasks_before_all_roots=0
  raw    rel_l2=0 max_abs=0 different=0/231
  raw    rel_l2=0 max_abs=0 different=0/231
  post   rel_l2=0 max_abs=0 different=0/231
  dpre   rel_l2=0 max_abs=0 different=0/231
  post.T rel_l2=0 max_abs=0 different=0/231
  dpre.T rel_l2=0 max_abs=0 different=0/231
  y      rel_l2=0 max_abs=0 different=0/119
  dx     rel_l2=0 max_abs=0 different=0/119
  dw1    rel_l2=0 max_abs=0 different=0/561
  dw2    rel_l2=0 max_abs=0 different=0/561
  dw1.chunk rel_l2=0 max_abs=0 different=0/561
  dw2.chunk rel_l2=0 max_abs=0 different=0/561
production specialization after reset:
  raw    rel_l2=0 max_abs=0 different=0/231
  post   rel_l2=0 max_abs=0 different=0/231
  dpre   rel_l2=0 max_abs=0 different=0/231
  post.T rel_l2=0 max_abs=0 different=0/231
  dpre.T rel_l2=0 max_abs=0 different=0/231
  y      rel_l2=0 max_abs=0 different=0/119
  dx     rel_l2=0 max_abs=0 different=0/119
  dw1    rel_l2=0 max_abs=0 different=0/561
  dw2    rel_l2=0 max_abs=0 different=0/561
shape M=129 C=96 H=160 workers=7 seed=1337 zeros=0 gradient_chunk=64
audit: every task executed once; gradient_tasks_before_all_roots=3
  raw    rel_l2=0 max_abs=0 different=0/20640
  raw    rel_l2=0 max_abs=0 different=0/20640
  post   rel_l2=0 max_abs=0 different=0/20640
  dpre   rel_l2=0 max_abs=0 different=0/20640
  post.T rel_l2=0 max_abs=0 different=0/20640
  dpre.T rel_l2=0 max_abs=0 different=0/20640
  y      rel_l2=0 max_abs=0 different=0/12384
  dx     rel_l2=0 max_abs=0 different=0/12384
  dw1    rel_l2=0 max_abs=0 different=0/15360
  dw2    rel_l2=0 max_abs=0 different=0/15360
  dw1.chunk rel_l2=0 max_abs=0 different=0/15360
  dw2.chunk rel_l2=0 max_abs=0 different=0/15360
production specialization after reset:
  raw    rel_l2=0 max_abs=0 different=0/20640
  post   rel_l2=0 max_abs=0 different=0/20640
  dpre   rel_l2=0 max_abs=0 different=0/20640
  post.T rel_l2=0 max_abs=0 different=0/20640
  dpre.T rel_l2=0 max_abs=0 different=0/20640
  y      rel_l2=0 max_abs=0 different=0/12384
  dx     rel_l2=0 max_abs=0 different=0/12384
  dw1    rel_l2=0 max_abs=0 different=0/15360
  dw2    rel_l2=0 max_abs=0 different=0/15360
shape M=65 C=32 H=64 workers=7 seed=2 zeros=1 gradient_chunk=64
audit: every task executed once; gradient_tasks_before_all_roots=0
  raw    rel_l2=0 max_abs=0 different=0/4160
  raw    rel_l2=0 max_abs=0 different=0/4160
  post   rel_l2=0 max_abs=0 different=0/4160
  dpre   rel_l2=0 max_abs=0 different=0/4160
  post.T rel_l2=0 max_abs=0 different=0/4160
  dpre.T rel_l2=0 max_abs=0 different=0/4160
  y      rel_l2=0 max_abs=0 different=0/2080
  dx     rel_l2=0 max_abs=0 different=0/2080
  dw1    rel_l2=0 max_abs=0 different=0/2048
  dw2    rel_l2=0 max_abs=0 different=0/2048
  dw1.chunk rel_l2=0 max_abs=0 different=0/2048
  dw2.chunk rel_l2=0 max_abs=0 different=0/2048
production specialization after reset:
  raw    rel_l2=0 max_abs=0 different=0/4160
  post   rel_l2=0 max_abs=0 different=0/4160
  dpre   rel_l2=0 max_abs=0 different=0/4160
  post.T rel_l2=0 max_abs=0 different=0/4160
  dpre.T rel_l2=0 max_abs=0 different=0/4160
  y      rel_l2=0 max_abs=0 different=0/2080
  dx     rel_l2=0 max_abs=0 different=0/2080
  dw1    rel_l2=0 max_abs=0 different=0/2048
  dw2    rel_l2=0 max_abs=0 different=0/2048
shape M=256 C=128 H=256 workers=7 seed=1337 zeros=0 gradient_chunk=4096
audit: every task executed once; gradient_tasks_before_all_roots=3
  post   rel_l2=0 max_abs=0 different=0/65536
  dpre   rel_l2=0 max_abs=0 different=0/65536
  post.T rel_l2=0 max_abs=0 different=0/65536
  dpre.T rel_l2=0 max_abs=0 different=0/65536
  y      rel_l2=0 max_abs=0 different=0/32768
  dx     rel_l2=0 max_abs=0 different=0/32768
  dw1    rel_l2=0 max_abs=0 different=0/32768
  dw2    rel_l2=0 max_abs=0 different=0/32768
  dw1.chunk rel_l2=0 max_abs=0 different=0/32768
  dw2.chunk rel_l2=0 max_abs=0 different=0/32768
production specialization after reset:
  post   rel_l2=0 max_abs=0 different=0/65536
  dpre   rel_l2=0 max_abs=0 different=0/65536
  post.T rel_l2=0 max_abs=0 different=0/65536
  dpre.T rel_l2=0 max_abs=0 different=0/65536
  y      rel_l2=0 max_abs=0 different=0/32768
  dx     rel_l2=0 max_abs=0 different=0/32768
  dw1    rel_l2=0 max_abs=0 different=0/32768
  dw2    rel_l2=0 max_abs=0 different=0/32768
shape M=7 C=17 H=33 workers=132 seed=42 zeros=0 gradient_chunk=64
audit: every task executed once; gradient_tasks_before_all_roots=0
  raw    rel_l2=0 max_abs=0 different=0/231
  raw    rel_l2=0 max_abs=0 different=0/231
  post   rel_l2=0 max_abs=0 different=0/231
  dpre   rel_l2=0 max_abs=0 different=0/231
  post.T rel_l2=0 max_abs=0 different=0/231
  dpre.T rel_l2=0 max_abs=0 different=0/231
  y      rel_l2=0 max_abs=0 different=0/119
  dx     rel_l2=0 max_abs=0 different=0/119
  dw1    rel_l2=0 max_abs=0 different=0/561
  dw2    rel_l2=0 max_abs=0 different=0/561
  dw1.chunk rel_l2=0 max_abs=0 different=0/561
  dw2.chunk rel_l2=0 max_abs=0 different=0/561
production specialization after reset:
  raw    rel_l2=0 max_abs=0 different=0/231
  post   rel_l2=0 max_abs=0 different=0/231
  dpre   rel_l2=0 max_abs=0 different=0/231
  post.T rel_l2=0 max_abs=0 different=0/231
  dpre.T rel_l2=0 max_abs=0 different=0/231
  y      rel_l2=0 max_abs=0 different=0/119
  dx     rel_l2=0 max_abs=0 different=0/119
  dw1    rel_l2=0 max_abs=0 different=0/561
  dw2    rel_l2=0 max_abs=0 different=0/561
shape M=129 C=96 H=160 workers=132 seed=1337 zeros=0 gradient_chunk=64
audit: every task executed once; gradient_tasks_before_all_roots=2
  raw    rel_l2=0 max_abs=0 different=0/20640
  raw    rel_l2=0 max_abs=0 different=0/20640
  post   rel_l2=0 max_abs=0 different=0/20640
  dpre   rel_l2=0 max_abs=0 different=0/20640
  post.T rel_l2=0 max_abs=0 different=0/20640
  dpre.T rel_l2=0 max_abs=0 different=0/20640
  y      rel_l2=0 max_abs=0 different=0/12384
  dx     rel_l2=0 max_abs=0 different=0/12384
  dw1    rel_l2=0 max_abs=0 different=0/15360
  dw2    rel_l2=0 max_abs=0 different=0/15360
  dw1.chunk rel_l2=0 max_abs=0 different=0/15360
  dw2.chunk rel_l2=0 max_abs=0 different=0/15360
production specialization after reset:
  raw    rel_l2=0 max_abs=0 different=0/20640
  post   rel_l2=0 max_abs=0 different=0/20640
  dpre   rel_l2=0 max_abs=0 different=0/20640
  post.T rel_l2=0 max_abs=0 different=0/20640
  dpre.T rel_l2=0 max_abs=0 different=0/20640
  y      rel_l2=0 max_abs=0 different=0/12384
  dx     rel_l2=0 max_abs=0 different=0/12384
  dw1    rel_l2=0 max_abs=0 different=0/15360
  dw2    rel_l2=0 max_abs=0 different=0/15360
shape M=65 C=32 H=64 workers=132 seed=2 zeros=1 gradient_chunk=64
audit: every task executed once; gradient_tasks_before_all_roots=0
  raw    rel_l2=0 max_abs=0 different=0/4160
  raw    rel_l2=0 max_abs=0 different=0/4160
  post   rel_l2=0 max_abs=0 different=0/4160
  dpre   rel_l2=0 max_abs=0 different=0/4160
  post.T rel_l2=0 max_abs=0 different=0/4160
  dpre.T rel_l2=0 max_abs=0 different=0/4160
  y      rel_l2=0 max_abs=0 different=0/2080
  dx     rel_l2=0 max_abs=0 different=0/2080
  dw1    rel_l2=0 max_abs=0 different=0/2048
  dw2    rel_l2=0 max_abs=0 different=0/2048
  dw1.chunk rel_l2=0 max_abs=0 different=0/2048
  dw2.chunk rel_l2=0 max_abs=0 different=0/2048
production specialization after reset:
  raw    rel_l2=0 max_abs=0 different=0/4160
  post   rel_l2=0 max_abs=0 different=0/4160
  dpre   rel_l2=0 max_abs=0 different=0/4160
  post.T rel_l2=0 max_abs=0 different=0/4160
  dpre.T rel_l2=0 max_abs=0 different=0/4160
  y      rel_l2=0 max_abs=0 different=0/2080
  dx     rel_l2=0 max_abs=0 different=0/2080
  dw1    rel_l2=0 max_abs=0 different=0/2048
  dw2    rel_l2=0 max_abs=0 different=0/2048
shape M=256 C=128 H=256 workers=132 seed=1337 zeros=0 gradient_chunk=4096
audit: every task executed once; gradient_tasks_before_all_roots=0
  post   rel_l2=0 max_abs=0 different=0/65536
  dpre   rel_l2=0 max_abs=0 different=0/65536
  post.T rel_l2=0 max_abs=0 different=0/65536
  dpre.T rel_l2=0 max_abs=0 different=0/65536
  y      rel_l2=0 max_abs=0 different=0/32768
  dx     rel_l2=0 max_abs=0 different=0/32768
  dw1    rel_l2=0 max_abs=0 different=0/32768
  dw2    rel_l2=0 max_abs=0 different=0/32768
  dw1.chunk rel_l2=0 max_abs=0 different=0/32768
  dw2.chunk rel_l2=0 max_abs=0 different=0/32768
production specialization after reset:
  post   rel_l2=0 max_abs=0 different=0/65536
  dpre   rel_l2=0 max_abs=0 different=0/65536
  post.T rel_l2=0 max_abs=0 different=0/65536
  dpre.T rel_l2=0 max_abs=0 different=0/65536
  y      rel_l2=0 max_abs=0 different=0/32768
  dx     rel_l2=0 max_abs=0 different=0/32768
  dw1    rel_l2=0 max_abs=0 different=0/32768
  dw2    rel_l2=0 max_abs=0 different=0/32768
shape M=7 C=17 H=33 workers=660 seed=42 zeros=0 gradient_chunk=64
audit: every task executed once; gradient_tasks_before_all_roots=0
  raw    rel_l2=0 max_abs=0 different=0/231
  raw    rel_l2=0 max_abs=0 different=0/231
  post   rel_l2=0 max_abs=0 different=0/231
  dpre   rel_l2=0 max_abs=0 different=0/231
  post.T rel_l2=0 max_abs=0 different=0/231
  dpre.T rel_l2=0 max_abs=0 different=0/231
  y      rel_l2=0 max_abs=0 different=0/119
  dx     rel_l2=0 max_abs=0 different=0/119
  dw1    rel_l2=0 max_abs=0 different=0/561
  dw2    rel_l2=0 max_abs=0 different=0/561
  dw1.chunk rel_l2=0 max_abs=0 different=0/561
  dw2.chunk rel_l2=0 max_abs=0 different=0/561
production specialization after reset:
  raw    rel_l2=0 max_abs=0 different=0/231
  post   rel_l2=0 max_abs=0 different=0/231
  dpre   rel_l2=0 max_abs=0 different=0/231
  post.T rel_l2=0 max_abs=0 different=0/231
  dpre.T rel_l2=0 max_abs=0 different=0/231
  y      rel_l2=0 max_abs=0 different=0/119
  dx     rel_l2=0 max_abs=0 different=0/119
  dw1    rel_l2=0 max_abs=0 different=0/561
  dw2    rel_l2=0 max_abs=0 different=0/561
shape M=129 C=96 H=160 workers=660 seed=1337 zeros=0 gradient_chunk=64
audit: every task executed once; gradient_tasks_before_all_roots=0
  raw    rel_l2=0 max_abs=0 different=0/20640
  raw    rel_l2=0 max_abs=0 different=0/20640
  post   rel_l2=0 max_abs=0 different=0/20640
  dpre   rel_l2=0 max_abs=0 different=0/20640
  post.T rel_l2=0 max_abs=0 different=0/20640
  dpre.T rel_l2=0 max_abs=0 different=0/20640
  y      rel_l2=0 max_abs=0 different=0/12384
  dx     rel_l2=0 max_abs=0 different=0/12384
  dw1    rel_l2=0 max_abs=0 different=0/15360
  dw2    rel_l2=0 max_abs=0 different=0/15360
  dw1.chunk rel_l2=0 max_abs=0 different=0/15360
  dw2.chunk rel_l2=0 max_abs=0 different=0/15360
production specialization after reset:
  raw    rel_l2=0 max_abs=0 different=0/20640
  post   rel_l2=0 max_abs=0 different=0/20640
  dpre   rel_l2=0 max_abs=0 different=0/20640
  post.T rel_l2=0 max_abs=0 different=0/20640
  dpre.T rel_l2=0 max_abs=0 different=0/20640
  y      rel_l2=0 max_abs=0 different=0/12384
  dx     rel_l2=0 max_abs=0 different=0/12384
  dw1    rel_l2=0 max_abs=0 different=0/15360
  dw2    rel_l2=0 max_abs=0 different=0/15360
shape M=65 C=32 H=64 workers=660 seed=2 zeros=1 gradient_chunk=64
audit: every task executed once; gradient_tasks_before_all_roots=0
  raw    rel_l2=0 max_abs=0 different=0/4160
  raw    rel_l2=0 max_abs=0 different=0/4160
  post   rel_l2=0 max_abs=0 different=0/4160
  dpre   rel_l2=0 max_abs=0 different=0/4160
  post.T rel_l2=0 max_abs=0 different=0/4160
  dpre.T rel_l2=0 max_abs=0 different=0/4160
  y      rel_l2=0 max_abs=0 different=0/2080
  dx     rel_l2=0 max_abs=0 different=0/2080
  dw1    rel_l2=0 max_abs=0 different=0/2048
  dw2    rel_l2=0 max_abs=0 different=0/2048
  dw1.chunk rel_l2=0 max_abs=0 different=0/2048
  dw2.chunk rel_l2=0 max_abs=0 different=0/2048
production specialization after reset:
  raw    rel_l2=0 max_abs=0 different=0/4160
  post   rel_l2=0 max_abs=0 different=0/4160
  dpre   rel_l2=0 max_abs=0 different=0/4160
  post.T rel_l2=0 max_abs=0 different=0/4160
  dpre.T rel_l2=0 max_abs=0 different=0/4160
  y      rel_l2=0 max_abs=0 different=0/2080
  dx     rel_l2=0 max_abs=0 different=0/2080
  dw1    rel_l2=0 max_abs=0 different=0/2048
  dw2    rel_l2=0 max_abs=0 different=0/2048
shape M=256 C=128 H=256 workers=660 seed=1337 zeros=0 gradient_chunk=4096
audit: every task executed once; gradient_tasks_before_all_roots=0
  post   rel_l2=0 max_abs=0 different=0/65536
  dpre   rel_l2=0 max_abs=0 different=0/65536
  post.T rel_l2=0 max_abs=0 different=0/65536
  dpre.T rel_l2=0 max_abs=0 different=0/65536
  y      rel_l2=0 max_abs=0 different=0/32768
  dx     rel_l2=0 max_abs=0 different=0/32768
  dw1    rel_l2=0 max_abs=0 different=0/32768
  dw2    rel_l2=0 max_abs=0 different=0/32768
  dw1.chunk rel_l2=0 max_abs=0 different=0/32768
  dw2.chunk rel_l2=0 max_abs=0 different=0/32768
production specialization after reset:
  post   rel_l2=0 max_abs=0 different=0/65536
  dpre   rel_l2=0 max_abs=0 different=0/65536
  post.T rel_l2=0 max_abs=0 different=0/65536
  dpre.T rel_l2=0 max_abs=0 different=0/65536
  y      rel_l2=0 max_abs=0 different=0/32768
  dx     rel_l2=0 max_abs=0 different=0/32768
  dw1    rel_l2=0 max_abs=0 different=0/32768
  dw2    rel_l2=0 max_abs=0 different=0/32768
shape M=8209 C=96 H=160 workers=7 seed=1337 zeros=0 gradient_chunk=4096
audit: every task executed once; gradient_tasks_before_all_roots=27
  post   rel_l2=0 max_abs=0 different=0/1313440
  dpre   rel_l2=0 max_abs=0 different=0/1313440
  post.T rel_l2=0 max_abs=0 different=0/1313440
  dpre.T rel_l2=0 max_abs=0 different=0/1313440
  y      rel_l2=0 max_abs=0 different=0/788064
  dx     rel_l2=0 max_abs=0 different=0/788064
  dw1    rel_l2=0 max_abs=0 different=0/15360
  dw2    rel_l2=0 max_abs=0 different=0/15360
  dw1.chunk rel_l2=0 max_abs=0 different=0/15360
  dw2.chunk rel_l2=0 max_abs=0 different=0/15360
production specialization after reset:
  post   rel_l2=0 max_abs=0 different=0/1313440
  dpre   rel_l2=0 max_abs=0 different=0/1313440
  post.T rel_l2=0 max_abs=0 different=0/1313440
  dpre.T rel_l2=0 max_abs=0 different=0/1313440
  y      rel_l2=0 max_abs=0 different=0/788064
  dx     rel_l2=0 max_abs=0 different=0/788064
  dw1    rel_l2=0 max_abs=0 different=0/15360
  dw2    rel_l2=0 max_abs=0 different=0/15360
shape M=8192 C=128 H=256 workers=7 seed=1337 zeros=0 gradient_chunk=4096
audit: every task executed once; gradient_tasks_before_all_roots=16
  post   rel_l2=0 max_abs=0 different=0/2097152
  dpre   rel_l2=0 max_abs=0 different=0/2097152
  post.T rel_l2=0 max_abs=0 different=0/2097152
  dpre.T rel_l2=0 max_abs=0 different=0/2097152
  y      rel_l2=0 max_abs=0 different=0/1048576
  dx     rel_l2=0 max_abs=0 different=0/1048576
  dw1    rel_l2=0 max_abs=0 different=0/32768
  dw2    rel_l2=0 max_abs=0 different=0/32768
  dw1.chunk rel_l2=0 max_abs=0 different=0/32768
  dw2.chunk rel_l2=0 max_abs=0 different=0/32768
production specialization after reset:
  post   rel_l2=0 max_abs=0 different=0/2097152
  dpre   rel_l2=0 max_abs=0 different=0/2097152
  post.T rel_l2=0 max_abs=0 different=0/2097152
  dpre.T rel_l2=0 max_abs=0 different=0/2097152
  y      rel_l2=0 max_abs=0 different=0/1048576
  dx     rel_l2=0 max_abs=0 different=0/1048576
  dw1    rel_l2=0 max_abs=0 different=0/32768
  dw2    rel_l2=0 max_abs=0 different=0/32768
PASS: FP8 six-GEMM MLP graph, all outputs and gradients; not full-model training.
========= ERROR SUMMARY: 0 errors
compute-sanitizer --tool initcheck --error-exitcode 1 ./validate --quick --gradient-chunk=4096
========= COMPUTE-SANITIZER
GPU=NVIDIA H100 80GB HBM3 SMs=132 CUDA_runtime=12080
megakernel registers=128 static_shared=32776 local_bytes=8
resident_blocks_per_SM=4
operand_K=128
scheduler=ready_first
operand_stages=2
shape M=7 C=17 H=33 workers=1 seed=42 zeros=0 gradient_chunk=64
audit: every task executed once; gradient_tasks_before_all_roots=0
  raw    rel_l2=0 max_abs=0 different=0/231
  raw    rel_l2=0 max_abs=0 different=0/231
  post   rel_l2=0 max_abs=0 different=0/231
  dpre   rel_l2=0 max_abs=0 different=0/231
  post.T rel_l2=0 max_abs=0 different=0/231
  dpre.T rel_l2=0 max_abs=0 different=0/231
  y      rel_l2=0 max_abs=0 different=0/119
  dx     rel_l2=0 max_abs=0 different=0/119
  dw1    rel_l2=0 max_abs=0 different=0/561
  dw2    rel_l2=0 max_abs=0 different=0/561
  dw1.chunk rel_l2=0 max_abs=0 different=0/561
  dw2.chunk rel_l2=0 max_abs=0 different=0/561
production specialization after reset:
  raw    rel_l2=0 max_abs=0 different=0/231
  post   rel_l2=0 max_abs=0 different=0/231
  dpre   rel_l2=0 max_abs=0 different=0/231
  post.T rel_l2=0 max_abs=0 different=0/231
  dpre.T rel_l2=0 max_abs=0 different=0/231
  y      rel_l2=0 max_abs=0 different=0/119
  dx     rel_l2=0 max_abs=0 different=0/119
  dw1    rel_l2=0 max_abs=0 different=0/561
  dw2    rel_l2=0 max_abs=0 different=0/561
shape M=129 C=96 H=160 workers=1 seed=1337 zeros=0 gradient_chunk=64
audit: every task executed once; gradient_tasks_before_all_roots=28
  raw    rel_l2=0 max_abs=0 different=0/20640
  raw    rel_l2=0 max_abs=0 different=0/20640
  post   rel_l2=0 max_abs=0 different=0/20640
  dpre   rel_l2=0 max_abs=0 different=0/20640
  post.T rel_l2=0 max_abs=0 different=0/20640
  dpre.T rel_l2=0 max_abs=0 different=0/20640
  y      rel_l2=0 max_abs=0 different=0/12384
  dx     rel_l2=0 max_abs=0 different=0/12384
  dw1    rel_l2=0 max_abs=0 different=0/15360
  dw2    rel_l2=0 max_abs=0 different=0/15360
  dw1.chunk rel_l2=0 max_abs=0 different=0/15360
  dw2.chunk rel_l2=0 max_abs=0 different=0/15360
production specialization after reset:
  raw    rel_l2=0 max_abs=0 different=0/20640
  post   rel_l2=0 max_abs=0 different=0/20640
  dpre   rel_l2=0 max_abs=0 different=0/20640
  post.T rel_l2=0 max_abs=0 different=0/20640
  dpre.T rel_l2=0 max_abs=0 different=0/20640
  y      rel_l2=0 max_abs=0 different=0/12384
  dx     rel_l2=0 max_abs=0 different=0/12384
  dw1    rel_l2=0 max_abs=0 different=0/15360
  dw2    rel_l2=0 max_abs=0 different=0/15360
shape M=65 C=32 H=64 workers=1 seed=2 zeros=1 gradient_chunk=64
audit: every task executed once; gradient_tasks_before_all_roots=0
  raw    rel_l2=0 max_abs=0 different=0/4160
  raw    rel_l2=0 max_abs=0 different=0/4160
  post   rel_l2=0 max_abs=0 different=0/4160
  dpre   rel_l2=0 max_abs=0 different=0/4160
  post.T rel_l2=0 max_abs=0 different=0/4160
  dpre.T rel_l2=0 max_abs=0 different=0/4160
  y      rel_l2=0 max_abs=0 different=0/2080
  dx     rel_l2=0 max_abs=0 different=0/2080
  dw1    rel_l2=0 max_abs=0 different=0/2048
  dw2    rel_l2=0 max_abs=0 different=0/2048
  dw1.chunk rel_l2=0 max_abs=0 different=0/2048
  dw2.chunk rel_l2=0 max_abs=0 different=0/2048
production specialization after reset:
  raw    rel_l2=0 max_abs=0 different=0/4160
  post   rel_l2=0 max_abs=0 different=0/4160
  dpre   rel_l2=0 max_abs=0 different=0/4160
  post.T rel_l2=0 max_abs=0 different=0/4160
  dpre.T rel_l2=0 max_abs=0 different=0/4160
  y      rel_l2=0 max_abs=0 different=0/2080
  dx     rel_l2=0 max_abs=0 different=0/2080
  dw1    rel_l2=0 max_abs=0 different=0/2048
  dw2    rel_l2=0 max_abs=0 different=0/2048
shape M=256 C=128 H=256 workers=1 seed=1337 zeros=0 gradient_chunk=4096
audit: every task executed once; gradient_tasks_before_all_roots=6
  post   rel_l2=0 max_abs=0 different=0/65536
  dpre   rel_l2=0 max_abs=0 different=0/65536
  post.T rel_l2=0 max_abs=0 different=0/65536
  dpre.T rel_l2=0 max_abs=0 different=0/65536
  y      rel_l2=0 max_abs=0 different=0/32768
  dx     rel_l2=0 max_abs=0 different=0/32768
  dw1    rel_l2=0 max_abs=0 different=0/32768
  dw2    rel_l2=0 max_abs=0 different=0/32768
  dw1.chunk rel_l2=0 max_abs=0 different=0/32768
  dw2.chunk rel_l2=0 max_abs=0 different=0/32768
production specialization after reset:
  post   rel_l2=0 max_abs=0 different=0/65536
  dpre   rel_l2=0 max_abs=0 different=0/65536
  post.T rel_l2=0 max_abs=0 different=0/65536
  dpre.T rel_l2=0 max_abs=0 different=0/65536
  y      rel_l2=0 max_abs=0 different=0/32768
  dx     rel_l2=0 max_abs=0 different=0/32768
  dw1    rel_l2=0 max_abs=0 different=0/32768
  dw2    rel_l2=0 max_abs=0 different=0/32768
shape M=7 C=17 H=33 workers=7 seed=42 zeros=0 gradient_chunk=64
audit: every task executed once; gradient_tasks_before_all_roots=0
  raw    rel_l2=0 max_abs=0 different=0/231
  raw    rel_l2=0 max_abs=0 different=0/231
  post   rel_l2=0 max_abs=0 different=0/231
  dpre   rel_l2=0 max_abs=0 different=0/231
  post.T rel_l2=0 max_abs=0 different=0/231
  dpre.T rel_l2=0 max_abs=0 different=0/231
  y      rel_l2=0 max_abs=0 different=0/119
  dx     rel_l2=0 max_abs=0 different=0/119
  dw1    rel_l2=0 max_abs=0 different=0/561
  dw2    rel_l2=0 max_abs=0 different=0/561
  dw1.chunk rel_l2=0 max_abs=0 different=0/561
  dw2.chunk rel_l2=0 max_abs=0 different=0/561
production specialization after reset:
  raw    rel_l2=0 max_abs=0 different=0/231
  post   rel_l2=0 max_abs=0 different=0/231
  dpre   rel_l2=0 max_abs=0 different=0/231
  post.T rel_l2=0 max_abs=0 different=0/231
  dpre.T rel_l2=0 max_abs=0 different=0/231
  y      rel_l2=0 max_abs=0 different=0/119
  dx     rel_l2=0 max_abs=0 different=0/119
  dw1    rel_l2=0 max_abs=0 different=0/561
  dw2    rel_l2=0 max_abs=0 different=0/561
shape M=129 C=96 H=160 workers=7 seed=1337 zeros=0 gradient_chunk=64
audit: every task executed once; gradient_tasks_before_all_roots=1
  raw    rel_l2=0 max_abs=0 different=0/20640
  raw    rel_l2=0 max_abs=0 different=0/20640
  post   rel_l2=0 max_abs=0 different=0/20640
  dpre   rel_l2=0 max_abs=0 different=0/20640
  post.T rel_l2=0 max_abs=0 different=0/20640
  dpre.T rel_l2=0 max_abs=0 different=0/20640
  y      rel_l2=0 max_abs=0 different=0/12384
  dx     rel_l2=0 max_abs=0 different=0/12384
  dw1    rel_l2=0 max_abs=0 different=0/15360
  dw2    rel_l2=0 max_abs=0 different=0/15360
  dw1.chunk rel_l2=0 max_abs=0 different=0/15360
  dw2.chunk rel_l2=0 max_abs=0 different=0/15360
production specialization after reset:
  raw    rel_l2=0 max_abs=0 different=0/20640
  post   rel_l2=0 max_abs=0 different=0/20640
  dpre   rel_l2=0 max_abs=0 different=0/20640
  post.T rel_l2=0 max_abs=0 different=0/20640
  dpre.T rel_l2=0 max_abs=0 different=0/20640
  y      rel_l2=0 max_abs=0 different=0/12384
  dx     rel_l2=0 max_abs=0 different=0/12384
  dw1    rel_l2=0 max_abs=0 different=0/15360
  dw2    rel_l2=0 max_abs=0 different=0/15360
shape M=65 C=32 H=64 workers=7 seed=2 zeros=1 gradient_chunk=64
audit: every task executed once; gradient_tasks_before_all_roots=0
  raw    rel_l2=0 max_abs=0 different=0/4160
  raw    rel_l2=0 max_abs=0 different=0/4160
  post   rel_l2=0 max_abs=0 different=0/4160
  dpre   rel_l2=0 max_abs=0 different=0/4160
  post.T rel_l2=0 max_abs=0 different=0/4160
  dpre.T rel_l2=0 max_abs=0 different=0/4160
  y      rel_l2=0 max_abs=0 different=0/2080
  dx     rel_l2=0 max_abs=0 different=0/2080
  dw1    rel_l2=0 max_abs=0 different=0/2048
  dw2    rel_l2=0 max_abs=0 different=0/2048
  dw1.chunk rel_l2=0 max_abs=0 different=0/2048
  dw2.chunk rel_l2=0 max_abs=0 different=0/2048
production specialization after reset:
  raw    rel_l2=0 max_abs=0 different=0/4160
  post   rel_l2=0 max_abs=0 different=0/4160
  dpre   rel_l2=0 max_abs=0 different=0/4160
  post.T rel_l2=0 max_abs=0 different=0/4160
  dpre.T rel_l2=0 max_abs=0 different=0/4160
  y      rel_l2=0 max_abs=0 different=0/2080
  dx     rel_l2=0 max_abs=0 different=0/2080
  dw1    rel_l2=0 max_abs=0 different=0/2048
  dw2    rel_l2=0 max_abs=0 different=0/2048
shape M=256 C=128 H=256 workers=7 seed=1337 zeros=0 gradient_chunk=4096
audit: every task executed once; gradient_tasks_before_all_roots=4
  post   rel_l2=0 max_abs=0 different=0/65536
  dpre   rel_l2=0 max_abs=0 different=0/65536
  post.T rel_l2=0 max_abs=0 different=0/65536
  dpre.T rel_l2=0 max_abs=0 different=0/65536
  y      rel_l2=0 max_abs=0 different=0/32768
  dx     rel_l2=0 max_abs=0 different=0/32768
  dw1    rel_l2=0 max_abs=0 different=0/32768
  dw2    rel_l2=0 max_abs=0 different=0/32768
  dw1.chunk rel_l2=0 max_abs=0 different=0/32768
  dw2.chunk rel_l2=0 max_abs=0 different=0/32768
production specialization after reset:
  post   rel_l2=0 max_abs=0 different=0/65536
  dpre   rel_l2=0 max_abs=0 different=0/65536
  post.T rel_l2=0 max_abs=0 different=0/65536
  dpre.T rel_l2=0 max_abs=0 different=0/65536
  y      rel_l2=0 max_abs=0 different=0/32768
  dx     rel_l2=0 max_abs=0 different=0/32768
  dw1    rel_l2=0 max_abs=0 different=0/32768
  dw2    rel_l2=0 max_abs=0 different=0/32768
shape M=7 C=17 H=33 workers=132 seed=42 zeros=0 gradient_chunk=64
audit: every task executed once; gradient_tasks_before_all_roots=0
  raw    rel_l2=0 max_abs=0 different=0/231
  raw    rel_l2=0 max_abs=0 different=0/231
  post   rel_l2=0 max_abs=0 different=0/231
  dpre   rel_l2=0 max_abs=0 different=0/231
  post.T rel_l2=0 max_abs=0 different=0/231
  dpre.T rel_l2=0 max_abs=0 different=0/231
  y      rel_l2=0 max_abs=0 different=0/119
  dx     rel_l2=0 max_abs=0 different=0/119
  dw1    rel_l2=0 max_abs=0 different=0/561
  dw2    rel_l2=0 max_abs=0 different=0/561
  dw1.chunk rel_l2=0 max_abs=0 different=0/561
  dw2.chunk rel_l2=0 max_abs=0 different=0/561
production specialization after reset:
  raw    rel_l2=0 max_abs=0 different=0/231
  post   rel_l2=0 max_abs=0 different=0/231
  dpre   rel_l2=0 max_abs=0 different=0/231
  post.T rel_l2=0 max_abs=0 different=0/231
  dpre.T rel_l2=0 max_abs=0 different=0/231
  y      rel_l2=0 max_abs=0 different=0/119
  dx     rel_l2=0 max_abs=0 different=0/119
  dw1    rel_l2=0 max_abs=0 different=0/561
  dw2    rel_l2=0 max_abs=0 different=0/561
shape M=129 C=96 H=160 workers=132 seed=1337 zeros=0 gradient_chunk=64
audit: every task executed once; gradient_tasks_before_all_roots=2
  raw    rel_l2=0 max_abs=0 different=0/20640
  raw    rel_l2=0 max_abs=0 different=0/20640
  post   rel_l2=0 max_abs=0 different=0/20640
  dpre   rel_l2=0 max_abs=0 different=0/20640
  post.T rel_l2=0 max_abs=0 different=0/20640
  dpre.T rel_l2=0 max_abs=0 different=0/20640
  y      rel_l2=0 max_abs=0 different=0/12384
  dx     rel_l2=0 max_abs=0 different=0/12384
  dw1    rel_l2=0 max_abs=0 different=0/15360
  dw2    rel_l2=0 max_abs=0 different=0/15360
  dw1.chunk rel_l2=0 max_abs=0 different=0/15360
  dw2.chunk rel_l2=0 max_abs=0 different=0/15360
production specialization after reset:
  raw    rel_l2=0 max_abs=0 different=0/20640
  post   rel_l2=0 max_abs=0 different=0/20640
  dpre   rel_l2=0 max_abs=0 different=0/20640
  post.T rel_l2=0 max_abs=0 different=0/20640
  dpre.T rel_l2=0 max_abs=0 different=0/20640
  y      rel_l2=0 max_abs=0 different=0/12384
  dx     rel_l2=0 max_abs=0 different=0/12384
  dw1    rel_l2=0 max_abs=0 different=0/15360
  dw2    rel_l2=0 max_abs=0 different=0/15360
shape M=65 C=32 H=64 workers=132 seed=2 zeros=1 gradient_chunk=64
audit: every task executed once; gradient_tasks_before_all_roots=0
  raw    rel_l2=0 max_abs=0 different=0/4160
  raw    rel_l2=0 max_abs=0 different=0/4160
  post   rel_l2=0 max_abs=0 different=0/4160
  dpre   rel_l2=0 max_abs=0 different=0/4160
  post.T rel_l2=0 max_abs=0 different=0/4160
  dpre.T rel_l2=0 max_abs=0 different=0/4160
  y      rel_l2=0 max_abs=0 different=0/2080
  dx     rel_l2=0 max_abs=0 different=0/2080
  dw1    rel_l2=0 max_abs=0 different=0/2048
  dw2    rel_l2=0 max_abs=0 different=0/2048
  dw1.chunk rel_l2=0 max_abs=0 different=0/2048
  dw2.chunk rel_l2=0 max_abs=0 different=0/2048
production specialization after reset:
  raw    rel_l2=0 max_abs=0 different=0/4160
  post   rel_l2=0 max_abs=0 different=0/4160
  dpre   rel_l2=0 max_abs=0 different=0/4160
  post.T rel_l2=0 max_abs=0 different=0/4160
  dpre.T rel_l2=0 max_abs=0 different=0/4160
  y      rel_l2=0 max_abs=0 different=0/2080
  dx     rel_l2=0 max_abs=0 different=0/2080
  dw1    rel_l2=0 max_abs=0 different=0/2048
  dw2    rel_l2=0 max_abs=0 different=0/2048
shape M=256 C=128 H=256 workers=132 seed=1337 zeros=0 gradient_chunk=4096
audit: every task executed once; gradient_tasks_before_all_roots=0
  post   rel_l2=0 max_abs=0 different=0/65536
  dpre   rel_l2=0 max_abs=0 different=0/65536
  post.T rel_l2=0 max_abs=0 different=0/65536
  dpre.T rel_l2=0 max_abs=0 different=0/65536
  y      rel_l2=0 max_abs=0 different=0/32768
  dx     rel_l2=0 max_abs=0 different=0/32768
  dw1    rel_l2=0 max_abs=0 different=0/32768
  dw2    rel_l2=0 max_abs=0 different=0/32768
  dw1.chunk rel_l2=0 max_abs=0 different=0/32768
  dw2.chunk rel_l2=0 max_abs=0 different=0/32768
production specialization after reset:
  post   rel_l2=0 max_abs=0 different=0/65536
  dpre   rel_l2=0 max_abs=0 different=0/65536
  post.T rel_l2=0 max_abs=0 different=0/65536
  dpre.T rel_l2=0 max_abs=0 different=0/65536
  y      rel_l2=0 max_abs=0 different=0/32768
  dx     rel_l2=0 max_abs=0 different=0/32768
  dw1    rel_l2=0 max_abs=0 different=0/32768
  dw2    rel_l2=0 max_abs=0 different=0/32768
shape M=7 C=17 H=33 workers=660 seed=42 zeros=0 gradient_chunk=64
audit: every task executed once; gradient_tasks_before_all_roots=0
  raw    rel_l2=0 max_abs=0 different=0/231
  raw    rel_l2=0 max_abs=0 different=0/231
  post   rel_l2=0 max_abs=0 different=0/231
  dpre   rel_l2=0 max_abs=0 different=0/231
  post.T rel_l2=0 max_abs=0 different=0/231
  dpre.T rel_l2=0 max_abs=0 different=0/231
  y      rel_l2=0 max_abs=0 different=0/119
  dx     rel_l2=0 max_abs=0 different=0/119
  dw1    rel_l2=0 max_abs=0 different=0/561
  dw2    rel_l2=0 max_abs=0 different=0/561
  dw1.chunk rel_l2=0 max_abs=0 different=0/561
  dw2.chunk rel_l2=0 max_abs=0 different=0/561
production specialization after reset:
  raw    rel_l2=0 max_abs=0 different=0/231
  post   rel_l2=0 max_abs=0 different=0/231
  dpre   rel_l2=0 max_abs=0 different=0/231
  post.T rel_l2=0 max_abs=0 different=0/231
  dpre.T rel_l2=0 max_abs=0 different=0/231
  y      rel_l2=0 max_abs=0 different=0/119
  dx     rel_l2=0 max_abs=0 different=0/119
  dw1    rel_l2=0 max_abs=0 different=0/561
  dw2    rel_l2=0 max_abs=0 different=0/561
shape M=129 C=96 H=160 workers=660 seed=1337 zeros=0 gradient_chunk=64
audit: every task executed once; gradient_tasks_before_all_roots=1
  raw    rel_l2=0 max_abs=0 different=0/20640
  raw    rel_l2=0 max_abs=0 different=0/20640
  post   rel_l2=0 max_abs=0 different=0/20640
  dpre   rel_l2=0 max_abs=0 different=0/20640
  post.T rel_l2=0 max_abs=0 different=0/20640
  dpre.T rel_l2=0 max_abs=0 different=0/20640
  y      rel_l2=0 max_abs=0 different=0/12384
  dx     rel_l2=0 max_abs=0 different=0/12384
  dw1    rel_l2=0 max_abs=0 different=0/15360
  dw2    rel_l2=0 max_abs=0 different=0/15360
  dw1.chunk rel_l2=0 max_abs=0 different=0/15360
  dw2.chunk rel_l2=0 max_abs=0 different=0/15360
production specialization after reset:
  raw    rel_l2=0 max_abs=0 different=0/20640
  post   rel_l2=0 max_abs=0 different=0/20640
  dpre   rel_l2=0 max_abs=0 different=0/20640
  post.T rel_l2=0 max_abs=0 different=0/20640
  dpre.T rel_l2=0 max_abs=0 different=0/20640
  y      rel_l2=0 max_abs=0 different=0/12384
  dx     rel_l2=0 max_abs=0 different=0/12384
  dw1    rel_l2=0 max_abs=0 different=0/15360
  dw2    rel_l2=0 max_abs=0 different=0/15360
shape M=65 C=32 H=64 workers=660 seed=2 zeros=1 gradient_chunk=64
audit: every task executed once; gradient_tasks_before_all_roots=0
  raw    rel_l2=0 max_abs=0 different=0/4160
  raw    rel_l2=0 max_abs=0 different=0/4160
  post   rel_l2=0 max_abs=0 different=0/4160
  dpre   rel_l2=0 max_abs=0 different=0/4160
  post.T rel_l2=0 max_abs=0 different=0/4160
  dpre.T rel_l2=0 max_abs=0 different=0/4160
  y      rel_l2=0 max_abs=0 different=0/2080
  dx     rel_l2=0 max_abs=0 different=0/2080
  dw1    rel_l2=0 max_abs=0 different=0/2048
  dw2    rel_l2=0 max_abs=0 different=0/2048
  dw1.chunk rel_l2=0 max_abs=0 different=0/2048
  dw2.chunk rel_l2=0 max_abs=0 different=0/2048
production specialization after reset:
  raw    rel_l2=0 max_abs=0 different=0/4160
  post   rel_l2=0 max_abs=0 different=0/4160
  dpre   rel_l2=0 max_abs=0 different=0/4160
  post.T rel_l2=0 max_abs=0 different=0/4160
  dpre.T rel_l2=0 max_abs=0 different=0/4160
  y      rel_l2=0 max_abs=0 different=0/2080
  dx     rel_l2=0 max_abs=0 different=0/2080
  dw1    rel_l2=0 max_abs=0 different=0/2048
  dw2    rel_l2=0 max_abs=0 different=0/2048
shape M=256 C=128 H=256 workers=660 seed=1337 zeros=0 gradient_chunk=4096
audit: every task executed once; gradient_tasks_before_all_roots=0
  post   rel_l2=0 max_abs=0 different=0/65536
  dpre   rel_l2=0 max_abs=0 different=0/65536
  post.T rel_l2=0 max_abs=0 different=0/65536
  dpre.T rel_l2=0 max_abs=0 different=0/65536
  y      rel_l2=0 max_abs=0 different=0/32768
  dx     rel_l2=0 max_abs=0 different=0/32768
  dw1    rel_l2=0 max_abs=0 different=0/32768
  dw2    rel_l2=0 max_abs=0 different=0/32768
  dw1.chunk rel_l2=0 max_abs=0 different=0/32768
  dw2.chunk rel_l2=0 max_abs=0 different=0/32768
production specialization after reset:
  post   rel_l2=0 max_abs=0 different=0/65536
  dpre   rel_l2=0 max_abs=0 different=0/65536
  post.T rel_l2=0 max_abs=0 different=0/65536
  dpre.T rel_l2=0 max_abs=0 different=0/65536
  y      rel_l2=0 max_abs=0 different=0/32768
  dx     rel_l2=0 max_abs=0 different=0/32768
  dw1    rel_l2=0 max_abs=0 different=0/32768
  dw2    rel_l2=0 max_abs=0 different=0/32768
shape M=8209 C=96 H=160 workers=7 seed=1337 zeros=0 gradient_chunk=4096
audit: every task executed once; gradient_tasks_before_all_roots=28
  post   rel_l2=0 max_abs=0 different=0/1313440
  dpre   rel_l2=0 max_abs=0 different=0/1313440
  post.T rel_l2=0 max_abs=0 different=0/1313440
  dpre.T rel_l2=0 max_abs=0 different=0/1313440
  y      rel_l2=0 max_abs=0 different=0/788064
  dx     rel_l2=0 max_abs=0 different=0/788064
  dw1    rel_l2=0 max_abs=0 different=0/15360
  dw2    rel_l2=0 max_abs=0 different=0/15360
  dw1.chunk rel_l2=0 max_abs=0 different=0/15360
  dw2.chunk rel_l2=0 max_abs=0 different=0/15360
production specialization after reset:
  post   rel_l2=0 max_abs=0 different=0/1313440
  dpre   rel_l2=0 max_abs=0 different=0/1313440
  post.T rel_l2=0 max_abs=0 different=0/1313440
  dpre.T rel_l2=0 max_abs=0 different=0/1313440
  y      rel_l2=0 max_abs=0 different=0/788064
  dx     rel_l2=0 max_abs=0 different=0/788064
  dw1    rel_l2=0 max_abs=0 different=0/15360
  dw2    rel_l2=0 max_abs=0 different=0/15360
shape M=8192 C=128 H=256 workers=7 seed=1337 zeros=0 gradient_chunk=4096
audit: every task executed once; gradient_tasks_before_all_roots=18
  post   rel_l2=0 max_abs=0 different=0/2097152
  dpre   rel_l2=0 max_abs=0 different=0/2097152
  post.T rel_l2=0 max_abs=0 different=0/2097152
  dpre.T rel_l2=0 max_abs=0 different=0/2097152
  y      rel_l2=0 max_abs=0 different=0/1048576
  dx     rel_l2=0 max_abs=0 different=0/1048576
  dw1    rel_l2=0 max_abs=0 different=0/32768
  dw2    rel_l2=0 max_abs=0 different=0/32768
  dw1.chunk rel_l2=0 max_abs=0 different=0/32768
  dw2.chunk rel_l2=0 max_abs=0 different=0/32768
production specialization after reset:
  post   rel_l2=0 max_abs=0 different=0/2097152
  dpre   rel_l2=0 max_abs=0 different=0/2097152
  post.T rel_l2=0 max_abs=0 different=0/2097152
  dpre.T rel_l2=0 max_abs=0 different=0/2097152
  y      rel_l2=0 max_abs=0 different=0/1048576
  dx     rel_l2=0 max_abs=0 different=0/1048576
  dw1    rel_l2=0 max_abs=0 different=0/32768
  dw2    rel_l2=0 max_abs=0 different=0/32768
PASS: FP8 six-GEMM MLP graph, all outputs and gradients; not full-model training.
========= ERROR SUMMARY: 0 errors
compute-sanitizer --tool racecheck --error-exitcode 1 ./validate --quick --gradient-chunk=4096
========= COMPUTE-SANITIZER
GPU=NVIDIA H100 80GB HBM3 SMs=132 CUDA_runtime=12080
megakernel registers=128 static_shared=32776 local_bytes=8
resident_blocks_per_SM=4
operand_K=128
scheduler=ready_first
operand_stages=2
shape M=7 C=17 H=33 workers=1 seed=42 zeros=0 gradient_chunk=64
audit: every task executed once; gradient_tasks_before_all_roots=0
  raw    rel_l2=0 max_abs=0 different=0/231
  raw    rel_l2=0 max_abs=0 different=0/231
  post   rel_l2=0 max_abs=0 different=0/231
  dpre   rel_l2=0 max_abs=0 different=0/231
  post.T rel_l2=0 max_abs=0 different=0/231
  dpre.T rel_l2=0 max_abs=0 different=0/231
  y      rel_l2=0 max_abs=0 different=0/119
  dx     rel_l2=0 max_abs=0 different=0/119
  dw1    rel_l2=0 max_abs=0 different=0/561
  dw2    rel_l2=0 max_abs=0 different=0/561
  dw1.chunk rel_l2=0 max_abs=0 different=0/561
  dw2.chunk rel_l2=0 max_abs=0 different=0/561
production specialization after reset:
  raw    rel_l2=0 max_abs=0 different=0/231
  post   rel_l2=0 max_abs=0 different=0/231
  dpre   rel_l2=0 max_abs=0 different=0/231
  post.T rel_l2=0 max_abs=0 different=0/231
  dpre.T rel_l2=0 max_abs=0 different=0/231
  y      rel_l2=0 max_abs=0 different=0/119
  dx     rel_l2=0 max_abs=0 different=0/119
  dw1    rel_l2=0 max_abs=0 different=0/561
  dw2    rel_l2=0 max_abs=0 different=0/561
shape M=129 C=96 H=160 workers=1 seed=1337 zeros=0 gradient_chunk=64
audit: every task executed once; gradient_tasks_before_all_roots=28
  raw    rel_l2=0 max_abs=0 different=0/20640
  raw    rel_l2=0 max_abs=0 different=0/20640
  post   rel_l2=0 max_abs=0 different=0/20640
  dpre   rel_l2=0 max_abs=0 different=0/20640
  post.T rel_l2=0 max_abs=0 different=0/20640
  dpre.T rel_l2=0 max_abs=0 different=0/20640
  y      rel_l2=0 max_abs=0 different=0/12384
  dx     rel_l2=0 max_abs=0 different=0/12384
  dw1    rel_l2=0 max_abs=0 different=0/15360
  dw2    rel_l2=0 max_abs=0 different=0/15360
  dw1.chunk rel_l2=0 max_abs=0 different=0/15360
  dw2.chunk rel_l2=0 max_abs=0 different=0/15360
production specialization after reset:
  raw    rel_l2=0 max_abs=0 different=0/20640
  post   rel_l2=0 max_abs=0 different=0/20640
  dpre   rel_l2=0 max_abs=0 different=0/20640
  post.T rel_l2=0 max_abs=0 different=0/20640
  dpre.T rel_l2=0 max_abs=0 different=0/20640
  y      rel_l2=0 max_abs=0 different=0/12384
  dx     rel_l2=0 max_abs=0 different=0/12384
  dw1    rel_l2=0 max_abs=0 different=0/15360
  dw2    rel_l2=0 max_abs=0 different=0/15360
shape M=65 C=32 H=64 workers=1 seed=2 zeros=1 gradient_chunk=64
audit: every task executed once; gradient_tasks_before_all_roots=0
  raw    rel_l2=0 max_abs=0 different=0/4160
  raw    rel_l2=0 max_abs=0 different=0/4160
  post   rel_l2=0 max_abs=0 different=0/4160
  dpre   rel_l2=0 max_abs=0 different=0/4160
  post.T rel_l2=0 max_abs=0 different=0/4160
  dpre.T rel_l2=0 max_abs=0 different=0/4160
  y      rel_l2=0 max_abs=0 different=0/2080
  dx     rel_l2=0 max_abs=0 different=0/2080
  dw1    rel_l2=0 max_abs=0 different=0/2048
  dw2    rel_l2=0 max_abs=0 different=0/2048
  dw1.chunk rel_l2=0 max_abs=0 different=0/2048
  dw2.chunk rel_l2=0 max_abs=0 different=0/2048
production specialization after reset:
  raw    rel_l2=0 max_abs=0 different=0/4160
  post   rel_l2=0 max_abs=0 different=0/4160
  dpre   rel_l2=0 max_abs=0 different=0/4160
  post.T rel_l2=0 max_abs=0 different=0/4160
  dpre.T rel_l2=0 max_abs=0 different=0/4160
  y      rel_l2=0 max_abs=0 different=0/2080
  dx     rel_l2=0 max_abs=0 different=0/2080
  dw1    rel_l2=0 max_abs=0 different=0/2048
  dw2    rel_l2=0 max_abs=0 different=0/2048
shape M=256 C=128 H=256 workers=1 seed=1337 zeros=0 gradient_chunk=4096
audit: every task executed once; gradient_tasks_before_all_roots=6
  post   rel_l2=0 max_abs=0 different=0/65536
  dpre   rel_l2=0 max_abs=0 different=0/65536
  post.T rel_l2=0 max_abs=0 different=0/65536
  dpre.T rel_l2=0 max_abs=0 different=0/65536
  y      rel_l2=0 max_abs=0 different=0/32768
  dx     rel_l2=0 max_abs=0 different=0/32768
  dw1    rel_l2=0 max_abs=0 different=0/32768
  dw2    rel_l2=0 max_abs=0 different=0/32768
  dw1.chunk rel_l2=0 max_abs=0 different=0/32768
  dw2.chunk rel_l2=0 max_abs=0 different=0/32768
production specialization after reset:
  post   rel_l2=0 max_abs=0 different=0/65536
  dpre   rel_l2=0 max_abs=0 different=0/65536
  post.T rel_l2=0 max_abs=0 different=0/65536
  dpre.T rel_l2=0 max_abs=0 different=0/65536
  y      rel_l2=0 max_abs=0 different=0/32768
  dx     rel_l2=0 max_abs=0 different=0/32768
  dw1    rel_l2=0 max_abs=0 different=0/32768
  dw2    rel_l2=0 max_abs=0 different=0/32768
shape M=7 C=17 H=33 workers=7 seed=42 zeros=0 gradient_chunk=64
audit: every task executed once; gradient_tasks_before_all_roots=0
  raw    rel_l2=0 max_abs=0 different=0/231
  raw    rel_l2=0 max_abs=0 different=0/231
  post   rel_l2=0 max_abs=0 different=0/231
  dpre   rel_l2=0 max_abs=0 different=0/231
  post.T rel_l2=0 max_abs=0 different=0/231
  dpre.T rel_l2=0 max_abs=0 different=0/231
  y      rel_l2=0 max_abs=0 different=0/119
  dx     rel_l2=0 max_abs=0 different=0/119
  dw1    rel_l2=0 max_abs=0 different=0/561
  dw2    rel_l2=0 max_abs=0 different=0/561
  dw1.chunk rel_l2=0 max_abs=0 different=0/561
  dw2.chunk rel_l2=0 max_abs=0 different=0/561
production specialization after reset:
  raw    rel_l2=0 max_abs=0 different=0/231
  post   rel_l2=0 max_abs=0 different=0/231
  dpre   rel_l2=0 max_abs=0 different=0/231
  post.T rel_l2=0 max_abs=0 different=0/231
  dpre.T rel_l2=0 max_abs=0 different=0/231
  y      rel_l2=0 max_abs=0 different=0/119
  dx     rel_l2=0 max_abs=0 different=0/119
  dw1    rel_l2=0 max_abs=0 different=0/561
  dw2    rel_l2=0 max_abs=0 different=0/561
shape M=129 C=96 H=160 workers=7 seed=1337 zeros=0 gradient_chunk=64
audit: every task executed once; gradient_tasks_before_all_roots=3
  raw    rel_l2=0 max_abs=0 different=0/20640
  raw    rel_l2=0 max_abs=0 different=0/20640
  post   rel_l2=0 max_abs=0 different=0/20640
  dpre   rel_l2=0 max_abs=0 different=0/20640
  post.T rel_l2=0 max_abs=0 different=0/20640
  dpre.T rel_l2=0 max_abs=0 different=0/20640
  y      rel_l2=0 max_abs=0 different=0/12384
  dx     rel_l2=0 max_abs=0 different=0/12384
  dw1    rel_l2=0 max_abs=0 different=0/15360
  dw2    rel_l2=0 max_abs=0 different=0/15360
  dw1.chunk rel_l2=0 max_abs=0 different=0/15360
  dw2.chunk rel_l2=0 max_abs=0 different=0/15360
production specialization after reset:
  raw    rel_l2=0 max_abs=0 different=0/20640
  post   rel_l2=0 max_abs=0 different=0/20640
  dpre   rel_l2=0 max_abs=0 different=0/20640
  post.T rel_l2=0 max_abs=0 different=0/20640
  dpre.T rel_l2=0 max_abs=0 different=0/20640
  y      rel_l2=0 max_abs=0 different=0/12384
  dx     rel_l2=0 max_abs=0 different=0/12384
  dw1    rel_l2=0 max_abs=0 different=0/15360
  dw2    rel_l2=0 max_abs=0 different=0/15360
shape M=65 C=32 H=64 workers=7 seed=2 zeros=1 gradient_chunk=64
audit: every task executed once; gradient_tasks_before_all_roots=0
  raw    rel_l2=0 max_abs=0 different=0/4160
  raw    rel_l2=0 max_abs=0 different=0/4160
  post   rel_l2=0 max_abs=0 different=0/4160
  dpre   rel_l2=0 max_abs=0 different=0/4160
  post.T rel_l2=0 max_abs=0 different=0/4160
  dpre.T rel_l2=0 max_abs=0 different=0/4160
  y      rel_l2=0 max_abs=0 different=0/2080
  dx     rel_l2=0 max_abs=0 different=0/2080
  dw1    rel_l2=0 max_abs=0 different=0/2048
  dw2    rel_l2=0 max_abs=0 different=0/2048
  dw1.chunk rel_l2=0 max_abs=0 different=0/2048
  dw2.chunk rel_l2=0 max_abs=0 different=0/2048
production specialization after reset:
  raw    rel_l2=0 max_abs=0 different=0/4160
  post   rel_l2=0 max_abs=0 different=0/4160
  dpre   rel_l2=0 max_abs=0 different=0/4160
  post.T rel_l2=0 max_abs=0 different=0/4160
  dpre.T rel_l2=0 max_abs=0 different=0/4160
  y      rel_l2=0 max_abs=0 different=0/2080
  dx     rel_l2=0 max_abs=0 different=0/2080
  dw1    rel_l2=0 max_abs=0 different=0/2048
  dw2    rel_l2=0 max_abs=0 different=0/2048
shape M=256 C=128 H=256 workers=7 seed=1337 zeros=0 gradient_chunk=4096
audit: every task executed once; gradient_tasks_before_all_roots=1
  post   rel_l2=0 max_abs=0 different=0/65536
  dpre   rel_l2=0 max_abs=0 different=0/65536
  post.T rel_l2=0 max_abs=0 different=0/65536
  dpre.T rel_l2=0 max_abs=0 different=0/65536
  y      rel_l2=0 max_abs=0 different=0/32768
  dx     rel_l2=0 max_abs=0 different=0/32768
  dw1    rel_l2=0 max_abs=0 different=0/32768
  dw2    rel_l2=0 max_abs=0 different=0/32768
  dw1.chunk rel_l2=0 max_abs=0 different=0/32768
  dw2.chunk rel_l2=0 max_abs=0 different=0/32768
production specialization after reset:
  post   rel_l2=0 max_abs=0 different=0/65536
  dpre   rel_l2=0 max_abs=0 different=0/65536
  post.T rel_l2=0 max_abs=0 different=0/65536
  dpre.T rel_l2=0 max_abs=0 different=0/65536
  y      rel_l2=0 max_abs=0 different=0/32768
  dx     rel_l2=0 max_abs=0 different=0/32768
  dw1    rel_l2=0 max_abs=0 different=0/32768
  dw2    rel_l2=0 max_abs=0 different=0/32768
shape M=7 C=17 H=33 workers=132 seed=42 zeros=0 gradient_chunk=64
audit: every task executed once; gradient_tasks_before_all_roots=0
  raw    rel_l2=0 max_abs=0 different=0/231
  raw    rel_l2=0 max_abs=0 different=0/231
  post   rel_l2=0 max_abs=0 different=0/231
  dpre   rel_l2=0 max_abs=0 different=0/231
  post.T rel_l2=0 max_abs=0 different=0/231
  dpre.T rel_l2=0 max_abs=0 different=0/231
  y      rel_l2=0 max_abs=0 different=0/119
  dx     rel_l2=0 max_abs=0 different=0/119
  dw1    rel_l2=0 max_abs=0 different=0/561
  dw2    rel_l2=0 max_abs=0 different=0/561
  dw1.chunk rel_l2=0 max_abs=0 different=0/561
  dw2.chunk rel_l2=0 max_abs=0 different=0/561
production specialization after reset:
  raw    rel_l2=0 max_abs=0 different=0/231
  post   rel_l2=0 max_abs=0 different=0/231
  dpre   rel_l2=0 max_abs=0 different=0/231
  post.T rel_l2=0 max_abs=0 different=0/231
  dpre.T rel_l2=0 max_abs=0 different=0/231
  y      rel_l2=0 max_abs=0 different=0/119
  dx     rel_l2=0 max_abs=0 different=0/119
  dw1    rel_l2=0 max_abs=0 different=0/561
  dw2    rel_l2=0 max_abs=0 different=0/561
shape M=129 C=96 H=160 workers=132 seed=1337 zeros=0 gradient_chunk=64
audit: every task executed once; gradient_tasks_before_all_roots=3
  raw    rel_l2=0 max_abs=0 different=0/20640
  raw    rel_l2=0 max_abs=0 different=0/20640
  post   rel_l2=0 max_abs=0 different=0/20640
  dpre   rel_l2=0 max_abs=0 different=0/20640
  post.T rel_l2=0 max_abs=0 different=0/20640
  dpre.T rel_l2=0 max_abs=0 different=0/20640
  y      rel_l2=0 max_abs=0 different=0/12384
  dx     rel_l2=0 max_abs=0 different=0/12384
  dw1    rel_l2=0 max_abs=0 different=0/15360
  dw2    rel_l2=0 max_abs=0 different=0/15360
  dw1.chunk rel_l2=0 max_abs=0 different=0/15360
  dw2.chunk rel_l2=0 max_abs=0 different=0/15360
production specialization after reset:
  raw    rel_l2=0 max_abs=0 different=0/20640
  post   rel_l2=0 max_abs=0 different=0/20640
  dpre   rel_l2=0 max_abs=0 different=0/20640
  post.T rel_l2=0 max_abs=0 different=0/20640
  dpre.T rel_l2=0 max_abs=0 different=0/20640
  y      rel_l2=0 max_abs=0 different=0/12384
  dx     rel_l2=0 max_abs=0 different=0/12384
  dw1    rel_l2=0 max_abs=0 different=0/15360
  dw2    rel_l2=0 max_abs=0 different=0/15360
shape M=65 C=32 H=64 workers=132 seed=2 zeros=1 gradient_chunk=64
audit: every task executed once; gradient_tasks_before_all_roots=0
  raw    rel_l2=0 max_abs=0 different=0/4160
  raw    rel_l2=0 max_abs=0 different=0/4160
  post   rel_l2=0 max_abs=0 different=0/4160
  dpre   rel_l2=0 max_abs=0 different=0/4160
  post.T rel_l2=0 max_abs=0 different=0/4160
  dpre.T rel_l2=0 max_abs=0 different=0/4160
  y      rel_l2=0 max_abs=0 different=0/2080
  dx     rel_l2=0 max_abs=0 different=0/2080
  dw1    rel_l2=0 max_abs=0 different=0/2048
  dw2    rel_l2=0 max_abs=0 different=0/2048
  dw1.chunk rel_l2=0 max_abs=0 different=0/2048
  dw2.chunk rel_l2=0 max_abs=0 different=0/2048
production specialization after reset:
  raw    rel_l2=0 max_abs=0 different=0/4160
  post   rel_l2=0 max_abs=0 different=0/4160
  dpre   rel_l2=0 max_abs=0 different=0/4160
  post.T rel_l2=0 max_abs=0 different=0/4160
  dpre.T rel_l2=0 max_abs=0 different=0/4160
  y      rel_l2=0 max_abs=0 different=0/2080
  dx     rel_l2=0 max_abs=0 different=0/2080
  dw1    rel_l2=0 max_abs=0 different=0/2048
  dw2    rel_l2=0 max_abs=0 different=0/2048
shape M=256 C=128 H=256 workers=132 seed=1337 zeros=0 gradient_chunk=4096
audit: every task executed once; gradient_tasks_before_all_roots=1
  post   rel_l2=0 max_abs=0 different=0/65536
  dpre   rel_l2=0 max_abs=0 different=0/65536
  post.T rel_l2=0 max_abs=0 different=0/65536
  dpre.T rel_l2=0 max_abs=0 different=0/65536
  y      rel_l2=0 max_abs=0 different=0/32768
  dx     rel_l2=0 max_abs=0 different=0/32768
  dw1    rel_l2=0 max_abs=0 different=0/32768
  dw2    rel_l2=0 max_abs=0 different=0/32768
  dw1.chunk rel_l2=0 max_abs=0 different=0/32768
  dw2.chunk rel_l2=0 max_abs=0 different=0/32768
production specialization after reset:
  post   rel_l2=0 max_abs=0 different=0/65536
  dpre   rel_l2=0 max_abs=0 different=0/65536
  post.T rel_l2=0 max_abs=0 different=0/65536
  dpre.T rel_l2=0 max_abs=0 different=0/65536
  y      rel_l2=0 max_abs=0 different=0/32768
  dx     rel_l2=0 max_abs=0 different=0/32768
  dw1    rel_l2=0 max_abs=0 different=0/32768
  dw2    rel_l2=0 max_abs=0 different=0/32768
shape M=7 C=17 H=33 workers=660 seed=42 zeros=0 gradient_chunk=64
audit: every task executed once; gradient_tasks_before_all_roots=0
  raw    rel_l2=0 max_abs=0 different=0/231
  raw    rel_l2=0 max_abs=0 different=0/231
  post   rel_l2=0 max_abs=0 different=0/231
  dpre   rel_l2=0 max_abs=0 different=0/231
  post.T rel_l2=0 max_abs=0 different=0/231
  dpre.T rel_l2=0 max_abs=0 different=0/231
  y      rel_l2=0 max_abs=0 different=0/119
  dx     rel_l2=0 max_abs=0 different=0/119
  dw1    rel_l2=0 max_abs=0 different=0/561
  dw2    rel_l2=0 max_abs=0 different=0/561
  dw1.chunk rel_l2=0 max_abs=0 different=0/561
  dw2.chunk rel_l2=0 max_abs=0 different=0/561
production specialization after reset:
  raw    rel_l2=0 max_abs=0 different=0/231
  post   rel_l2=0 max_abs=0 different=0/231
  dpre   rel_l2=0 max_abs=0 different=0/231
  post.T rel_l2=0 max_abs=0 different=0/231
  dpre.T rel_l2=0 max_abs=0 different=0/231
  y      rel_l2=0 max_abs=0 different=0/119
  dx     rel_l2=0 max_abs=0 different=0/119
  dw1    rel_l2=0 max_abs=0 different=0/561
  dw2    rel_l2=0 max_abs=0 different=0/561
shape M=129 C=96 H=160 workers=660 seed=1337 zeros=0 gradient_chunk=64
audit: every task executed once; gradient_tasks_before_all_roots=3
  raw    rel_l2=0 max_abs=0 different=0/20640
  raw    rel_l2=0 max_abs=0 different=0/20640
  post   rel_l2=0 max_abs=0 different=0/20640
  dpre   rel_l2=0 max_abs=0 different=0/20640
  post.T rel_l2=0 max_abs=0 different=0/20640
  dpre.T rel_l2=0 max_abs=0 different=0/20640
  y      rel_l2=0 max_abs=0 different=0/12384
  dx     rel_l2=0 max_abs=0 different=0/12384
  dw1    rel_l2=0 max_abs=0 different=0/15360
  dw2    rel_l2=0 max_abs=0 different=0/15360
  dw1.chunk rel_l2=0 max_abs=0 different=0/15360
  dw2.chunk rel_l2=0 max_abs=0 different=0/15360
production specialization after reset:
  raw    rel_l2=0 max_abs=0 different=0/20640
  post   rel_l2=0 max_abs=0 different=0/20640
  dpre   rel_l2=0 max_abs=0 different=0/20640
  post.T rel_l2=0 max_abs=0 different=0/20640
  dpre.T rel_l2=0 max_abs=0 different=0/20640
  y      rel_l2=0 max_abs=0 different=0/12384
  dx     rel_l2=0 max_abs=0 different=0/12384
  dw1    rel_l2=0 max_abs=0 different=0/15360
  dw2    rel_l2=0 max_abs=0 different=0/15360
shape M=65 C=32 H=64 workers=660 seed=2 zeros=1 gradient_chunk=64
audit: every task executed once; gradient_tasks_before_all_roots=0
  raw    rel_l2=0 max_abs=0 different=0/4160
  raw    rel_l2=0 max_abs=0 different=0/4160
  post   rel_l2=0 max_abs=0 different=0/4160
  dpre   rel_l2=0 max_abs=0 different=0/4160
  post.T rel_l2=0 max_abs=0 different=0/4160
  dpre.T rel_l2=0 max_abs=0 different=0/4160
  y      rel_l2=0 max_abs=0 different=0/2080
  dx     rel_l2=0 max_abs=0 different=0/2080
  dw1    rel_l2=0 max_abs=0 different=0/2048
  dw2    rel_l2=0 max_abs=0 different=0/2048
  dw1.chunk rel_l2=0 max_abs=0 different=0/2048
  dw2.chunk rel_l2=0 max_abs=0 different=0/2048
production specialization after reset:
  raw    rel_l2=0 max_abs=0 different=0/4160
  post   rel_l2=0 max_abs=0 different=0/4160
  dpre   rel_l2=0 max_abs=0 different=0/4160
  post.T rel_l2=0 max_abs=0 different=0/4160
  dpre.T rel_l2=0 max_abs=0 different=0/4160
  y      rel_l2=0 max_abs=0 different=0/2080
  dx     rel_l2=0 max_abs=0 different=0/2080
  dw1    rel_l2=0 max_abs=0 different=0/2048
  dw2    rel_l2=0 max_abs=0 different=0/2048
shape M=256 C=128 H=256 workers=660 seed=1337 zeros=0 gradient_chunk=4096
audit: every task executed once; gradient_tasks_before_all_roots=5
  post   rel_l2=0 max_abs=0 different=0/65536
  dpre   rel_l2=0 max_abs=0 different=0/65536
  post.T rel_l2=0 max_abs=0 different=0/65536
  dpre.T rel_l2=0 max_abs=0 different=0/65536
  y      rel_l2=0 max_abs=0 different=0/32768
  dx     rel_l2=0 max_abs=0 different=0/32768
  dw1    rel_l2=0 max_abs=0 different=0/32768
  dw2    rel_l2=0 max_abs=0 different=0/32768
  dw1.chunk rel_l2=0 max_abs=0 different=0/32768
  dw2.chunk rel_l2=0 max_abs=0 different=0/32768
production specialization after reset:
  post   rel_l2=0 max_abs=0 different=0/65536
  dpre   rel_l2=0 max_abs=0 different=0/65536
  post.T rel_l2=0 max_abs=0 different=0/65536
  dpre.T rel_l2=0 max_abs=0 different=0/65536
  y      rel_l2=0 max_abs=0 different=0/32768
  dx     rel_l2=0 max_abs=0 different=0/32768
  dw1    rel_l2=0 max_abs=0 different=0/32768
  dw2    rel_l2=0 max_abs=0 different=0/32768
shape M=8209 C=96 H=160 workers=7 seed=1337 zeros=0 gradient_chunk=4096
audit: every task executed once; gradient_tasks_before_all_roots=14
  post   rel_l2=0 max_abs=0 different=0/1313440
  dpre   rel_l2=0 max_abs=0 different=0/1313440
  post.T rel_l2=0 max_abs=0 different=0/1313440
  dpre.T rel_l2=0 max_abs=0 different=0/1313440
  y      rel_l2=0 max_abs=0 different=0/788064
  dx     rel_l2=0 max_abs=0 different=0/788064
  dw1    rel_l2=0 max_abs=0 different=0/15360
  dw2    rel_l2=0 max_abs=0 different=0/15360
  dw1.chunk rel_l2=0 max_abs=0 different=0/15360
  dw2.chunk rel_l2=0 max_abs=0 different=0/15360
production specialization after reset:
  post   rel_l2=0 max_abs=0 different=0/1313440
  dpre   rel_l2=0 max_abs=0 different=0/1313440
  post.T rel_l2=0 max_abs=0 different=0/1313440
  dpre.T rel_l2=0 max_abs=0 different=0/1313440
  y      rel_l2=0 max_abs=0 different=0/788064
  dx     rel_l2=0 max_abs=0 different=0/788064
  dw1    rel_l2=0 max_abs=0 different=0/15360
  dw2    rel_l2=0 max_abs=0 different=0/15360
shape M=8192 C=128 H=256 workers=7 seed=1337 zeros=0 gradient_chunk=4096
audit: every task executed once; gradient_tasks_before_all_roots=18
  post   rel_l2=0 max_abs=0 different=0/2097152
  dpre   rel_l2=0 max_abs=0 different=0/2097152
  post.T rel_l2=0 max_abs=0 different=0/2097152
  dpre.T rel_l2=0 max_abs=0 different=0/2097152
  y      rel_l2=0 max_abs=0 different=0/1048576
  dx     rel_l2=0 max_abs=0 different=0/1048576
  dw1    rel_l2=0 max_abs=0 different=0/32768
  dw2    rel_l2=0 max_abs=0 different=0/32768
  dw1.chunk rel_l2=0 max_abs=0 different=0/32768
  dw2.chunk rel_l2=0 max_abs=0 different=0/32768
production specialization after reset:
  post   rel_l2=0 max_abs=0 different=0/2097152
  dpre   rel_l2=0 max_abs=0 different=0/2097152
  post.T rel_l2=0 max_abs=0 different=0/2097152
  dpre.T rel_l2=0 max_abs=0 different=0/2097152
  y      rel_l2=0 max_abs=0 different=0/1048576
  dx     rel_l2=0 max_abs=0 different=0/1048576
  dw1    rel_l2=0 max_abs=0 different=0/32768
  dw2    rel_l2=0 max_abs=0 different=0/32768
PASS: FP8 six-GEMM MLP graph, all outputs and gradients; not full-model training.
========= RACECHECK SUMMARY: 0 hazards displayed (0 errors, 0 warnings)
compute-sanitizer --tool synccheck --error-exitcode 1 ./validate --quick --gradient-chunk=4096
========= COMPUTE-SANITIZER
GPU=NVIDIA H100 80GB HBM3 SMs=132 CUDA_runtime=12080
megakernel registers=128 static_shared=32776 local_bytes=8
resident_blocks_per_SM=4
operand_K=128
scheduler=ready_first
operand_stages=2
shape M=7 C=17 H=33 workers=1 seed=42 zeros=0 gradient_chunk=64
audit: every task executed once; gradient_tasks_before_all_roots=0
  raw    rel_l2=0 max_abs=0 different=0/231
  raw    rel_l2=0 max_abs=0 different=0/231
  post   rel_l2=0 max_abs=0 different=0/231
  dpre   rel_l2=0 max_abs=0 different=0/231
  post.T rel_l2=0 max_abs=0 different=0/231
  dpre.T rel_l2=0 max_abs=0 different=0/231
  y      rel_l2=0 max_abs=0 different=0/119
  dx     rel_l2=0 max_abs=0 different=0/119
  dw1    rel_l2=0 max_abs=0 different=0/561
  dw2    rel_l2=0 max_abs=0 different=0/561
  dw1.chunk rel_l2=0 max_abs=0 different=0/561
  dw2.chunk rel_l2=0 max_abs=0 different=0/561
production specialization after reset:
  raw    rel_l2=0 max_abs=0 different=0/231
  post   rel_l2=0 max_abs=0 different=0/231
  dpre   rel_l2=0 max_abs=0 different=0/231
  post.T rel_l2=0 max_abs=0 different=0/231
  dpre.T rel_l2=0 max_abs=0 different=0/231
  y      rel_l2=0 max_abs=0 different=0/119
  dx     rel_l2=0 max_abs=0 different=0/119
  dw1    rel_l2=0 max_abs=0 different=0/561
  dw2    rel_l2=0 max_abs=0 different=0/561
shape M=129 C=96 H=160 workers=1 seed=1337 zeros=0 gradient_chunk=64
audit: every task executed once; gradient_tasks_before_all_roots=28
  raw    rel_l2=0 max_abs=0 different=0/20640
  raw    rel_l2=0 max_abs=0 different=0/20640
  post   rel_l2=0 max_abs=0 different=0/20640
  dpre   rel_l2=0 max_abs=0 different=0/20640
  post.T rel_l2=0 max_abs=0 different=0/20640
  dpre.T rel_l2=0 max_abs=0 different=0/20640
  y      rel_l2=0 max_abs=0 different=0/12384
  dx     rel_l2=0 max_abs=0 different=0/12384
  dw1    rel_l2=0 max_abs=0 different=0/15360
  dw2    rel_l2=0 max_abs=0 different=0/15360
  dw1.chunk rel_l2=0 max_abs=0 different=0/15360
  dw2.chunk rel_l2=0 max_abs=0 different=0/15360
production specialization after reset:
  raw    rel_l2=0 max_abs=0 different=0/20640
  post   rel_l2=0 max_abs=0 different=0/20640
  dpre   rel_l2=0 max_abs=0 different=0/20640
  post.T rel_l2=0 max_abs=0 different=0/20640
  dpre.T rel_l2=0 max_abs=0 different=0/20640
  y      rel_l2=0 max_abs=0 different=0/12384
  dx     rel_l2=0 max_abs=0 different=0/12384
  dw1    rel_l2=0 max_abs=0 different=0/15360
  dw2    rel_l2=0 max_abs=0 different=0/15360
shape M=65 C=32 H=64 workers=1 seed=2 zeros=1 gradient_chunk=64
audit: every task executed once; gradient_tasks_before_all_roots=0
  raw    rel_l2=0 max_abs=0 different=0/4160
  raw    rel_l2=0 max_abs=0 different=0/4160
  post   rel_l2=0 max_abs=0 different=0/4160
  dpre   rel_l2=0 max_abs=0 different=0/4160
  post.T rel_l2=0 max_abs=0 different=0/4160
  dpre.T rel_l2=0 max_abs=0 different=0/4160
  y      rel_l2=0 max_abs=0 different=0/2080
  dx     rel_l2=0 max_abs=0 different=0/2080
  dw1    rel_l2=0 max_abs=0 different=0/2048
  dw2    rel_l2=0 max_abs=0 different=0/2048
  dw1.chunk rel_l2=0 max_abs=0 different=0/2048
  dw2.chunk rel_l2=0 max_abs=0 different=0/2048
production specialization after reset:
  raw    rel_l2=0 max_abs=0 different=0/4160
  post   rel_l2=0 max_abs=0 different=0/4160
  dpre   rel_l2=0 max_abs=0 different=0/4160
  post.T rel_l2=0 max_abs=0 different=0/4160
  dpre.T rel_l2=0 max_abs=0 different=0/4160
  y      rel_l2=0 max_abs=0 different=0/2080
  dx     rel_l2=0 max_abs=0 different=0/2080
  dw1    rel_l2=0 max_abs=0 different=0/2048
  dw2    rel_l2=0 max_abs=0 different=0/2048
shape M=256 C=128 H=256 workers=1 seed=1337 zeros=0 gradient_chunk=4096
audit: every task executed once; gradient_tasks_before_all_roots=6
  post   rel_l2=0 max_abs=0 different=0/65536
  dpre   rel_l2=0 max_abs=0 different=0/65536
  post.T rel_l2=0 max_abs=0 different=0/65536
  dpre.T rel_l2=0 max_abs=0 different=0/65536
  y      rel_l2=0 max_abs=0 different=0/32768
  dx     rel_l2=0 max_abs=0 different=0/32768
  dw1    rel_l2=0 max_abs=0 different=0/32768
  dw2    rel_l2=0 max_abs=0 different=0/32768
  dw1.chunk rel_l2=0 max_abs=0 different=0/32768
  dw2.chunk rel_l2=0 max_abs=0 different=0/32768
production specialization after reset:
  post   rel_l2=0 max_abs=0 different=0/65536
  dpre   rel_l2=0 max_abs=0 different=0/65536
  post.T rel_l2=0 max_abs=0 different=0/65536
  dpre.T rel_l2=0 max_abs=0 different=0/65536
  y      rel_l2=0 max_abs=0 different=0/32768
  dx     rel_l2=0 max_abs=0 different=0/32768
  dw1    rel_l2=0 max_abs=0 different=0/32768
  dw2    rel_l2=0 max_abs=0 different=0/32768
shape M=7 C=17 H=33 workers=7 seed=42 zeros=0 gradient_chunk=64
audit: every task executed once; gradient_tasks_before_all_roots=0
  raw    rel_l2=0 max_abs=0 different=0/231
  raw    rel_l2=0 max_abs=0 different=0/231
  post   rel_l2=0 max_abs=0 different=0/231
  dpre   rel_l2=0 max_abs=0 different=0/231
  post.T rel_l2=0 max_abs=0 different=0/231
  dpre.T rel_l2=0 max_abs=0 different=0/231
  y      rel_l2=0 max_abs=0 different=0/119
  dx     rel_l2=0 max_abs=0 different=0/119
  dw1    rel_l2=0 max_abs=0 different=0/561
  dw2    rel_l2=0 max_abs=0 different=0/561
  dw1.chunk rel_l2=0 max_abs=0 different=0/561
  dw2.chunk rel_l2=0 max_abs=0 different=0/561
production specialization after reset:
  raw    rel_l2=0 max_abs=0 different=0/231
  post   rel_l2=0 max_abs=0 different=0/231
  dpre   rel_l2=0 max_abs=0 different=0/231
  post.T rel_l2=0 max_abs=0 different=0/231
  dpre.T rel_l2=0 max_abs=0 different=0/231
  y      rel_l2=0 max_abs=0 different=0/119
  dx     rel_l2=0 max_abs=0 different=0/119
  dw1    rel_l2=0 max_abs=0 different=0/561
  dw2    rel_l2=0 max_abs=0 different=0/561
shape M=129 C=96 H=160 workers=7 seed=1337 zeros=0 gradient_chunk=64
audit: every task executed once; gradient_tasks_before_all_roots=4
  raw    rel_l2=0 max_abs=0 different=0/20640
  raw    rel_l2=0 max_abs=0 different=0/20640
  post   rel_l2=0 max_abs=0 different=0/20640
  dpre   rel_l2=0 max_abs=0 different=0/20640
  post.T rel_l2=0 max_abs=0 different=0/20640
  dpre.T rel_l2=0 max_abs=0 different=0/20640
  y      rel_l2=0 max_abs=0 different=0/12384
  dx     rel_l2=0 max_abs=0 different=0/12384
  dw1    rel_l2=0 max_abs=0 different=0/15360
  dw2    rel_l2=0 max_abs=0 different=0/15360
  dw1.chunk rel_l2=0 max_abs=0 different=0/15360
  dw2.chunk rel_l2=0 max_abs=0 different=0/15360
production specialization after reset:
  raw    rel_l2=0 max_abs=0 different=0/20640
  post   rel_l2=0 max_abs=0 different=0/20640
  dpre   rel_l2=0 max_abs=0 different=0/20640
  post.T rel_l2=0 max_abs=0 different=0/20640
  dpre.T rel_l2=0 max_abs=0 different=0/20640
  y      rel_l2=0 max_abs=0 different=0/12384
  dx     rel_l2=0 max_abs=0 different=0/12384
  dw1    rel_l2=0 max_abs=0 different=0/15360
  dw2    rel_l2=0 max_abs=0 different=0/15360
shape M=65 C=32 H=64 workers=7 seed=2 zeros=1 gradient_chunk=64
audit: every task executed once; gradient_tasks_before_all_roots=0
  raw    rel_l2=0 max_abs=0 different=0/4160
  raw    rel_l2=0 max_abs=0 different=0/4160
  post   rel_l2=0 max_abs=0 different=0/4160
  dpre   rel_l2=0 max_abs=0 different=0/4160
  post.T rel_l2=0 max_abs=0 different=0/4160
  dpre.T rel_l2=0 max_abs=0 different=0/4160
  y      rel_l2=0 max_abs=0 different=0/2080
  dx     rel_l2=0 max_abs=0 different=0/2080
  dw1    rel_l2=0 max_abs=0 different=0/2048
  dw2    rel_l2=0 max_abs=0 different=0/2048
  dw1.chunk rel_l2=0 max_abs=0 different=0/2048
  dw2.chunk rel_l2=0 max_abs=0 different=0/2048
production specialization after reset:
  raw    rel_l2=0 max_abs=0 different=0/4160
  post   rel_l2=0 max_abs=0 different=0/4160
  dpre   rel_l2=0 max_abs=0 different=0/4160
  post.T rel_l2=0 max_abs=0 different=0/4160
  dpre.T rel_l2=0 max_abs=0 different=0/4160
  y      rel_l2=0 max_abs=0 different=0/2080
  dx     rel_l2=0 max_abs=0 different=0/2080
  dw1    rel_l2=0 max_abs=0 different=0/2048
  dw2    rel_l2=0 max_abs=0 different=0/2048
shape M=256 C=128 H=256 workers=7 seed=1337 zeros=0 gradient_chunk=4096
audit: every task executed once; gradient_tasks_before_all_roots=0
  post   rel_l2=0 max_abs=0 different=0/65536
  dpre   rel_l2=0 max_abs=0 different=0/65536
  post.T rel_l2=0 max_abs=0 different=0/65536
  dpre.T rel_l2=0 max_abs=0 different=0/65536
  y      rel_l2=0 max_abs=0 different=0/32768
  dx     rel_l2=0 max_abs=0 different=0/32768
  dw1    rel_l2=0 max_abs=0 different=0/32768
  dw2    rel_l2=0 max_abs=0 different=0/32768
  dw1.chunk rel_l2=0 max_abs=0 different=0/32768
  dw2.chunk rel_l2=0 max_abs=0 different=0/32768
production specialization after reset:
  post   rel_l2=0 max_abs=0 different=0/65536
  dpre   rel_l2=0 max_abs=0 different=0/65536
  post.T rel_l2=0 max_abs=0 different=0/65536
  dpre.T rel_l2=0 max_abs=0 different=0/65536
  y      rel_l2=0 max_abs=0 different=0/32768
  dx     rel_l2=0 max_abs=0 different=0/32768
  dw1    rel_l2=0 max_abs=0 different=0/32768
  dw2    rel_l2=0 max_abs=0 different=0/32768
shape M=7 C=17 H=33 workers=132 seed=42 zeros=0 gradient_chunk=64
audit: every task executed once; gradient_tasks_before_all_roots=0
  raw    rel_l2=0 max_abs=0 different=0/231
  raw    rel_l2=0 max_abs=0 different=0/231
  post   rel_l2=0 max_abs=0 different=0/231
  dpre   rel_l2=0 max_abs=0 different=0/231
  post.T rel_l2=0 max_abs=0 different=0/231
  dpre.T rel_l2=0 max_abs=0 different=0/231
  y      rel_l2=0 max_abs=0 different=0/119
  dx     rel_l2=0 max_abs=0 different=0/119
  dw1    rel_l2=0 max_abs=0 different=0/561
  dw2    rel_l2=0 max_abs=0 different=0/561
  dw1.chunk rel_l2=0 max_abs=0 different=0/561
  dw2.chunk rel_l2=0 max_abs=0 different=0/561
production specialization after reset:
  raw    rel_l2=0 max_abs=0 different=0/231
  post   rel_l2=0 max_abs=0 different=0/231
  dpre   rel_l2=0 max_abs=0 different=0/231
  post.T rel_l2=0 max_abs=0 different=0/231
  dpre.T rel_l2=0 max_abs=0 different=0/231
  y      rel_l2=0 max_abs=0 different=0/119
  dx     rel_l2=0 max_abs=0 different=0/119
  dw1    rel_l2=0 max_abs=0 different=0/561
  dw2    rel_l2=0 max_abs=0 different=0/561
shape M=129 C=96 H=160 workers=132 seed=1337 zeros=0 gradient_chunk=64
audit: every task executed once; gradient_tasks_before_all_roots=0
  raw    rel_l2=0 max_abs=0 different=0/20640
  raw    rel_l2=0 max_abs=0 different=0/20640
  post   rel_l2=0 max_abs=0 different=0/20640
  dpre   rel_l2=0 max_abs=0 different=0/20640
  post.T rel_l2=0 max_abs=0 different=0/20640
  dpre.T rel_l2=0 max_abs=0 different=0/20640
  y      rel_l2=0 max_abs=0 different=0/12384
  dx     rel_l2=0 max_abs=0 different=0/12384
  dw1    rel_l2=0 max_abs=0 different=0/15360
  dw2    rel_l2=0 max_abs=0 different=0/15360
  dw1.chunk rel_l2=0 max_abs=0 different=0/15360
  dw2.chunk rel_l2=0 max_abs=0 different=0/15360
production specialization after reset:
  raw    rel_l2=0 max_abs=0 different=0/20640
  post   rel_l2=0 max_abs=0 different=0/20640
  dpre   rel_l2=0 max_abs=0 different=0/20640
  post.T rel_l2=0 max_abs=0 different=0/20640
  dpre.T rel_l2=0 max_abs=0 different=0/20640
  y      rel_l2=0 max_abs=0 different=0/12384
  dx     rel_l2=0 max_abs=0 different=0/12384
  dw1    rel_l2=0 max_abs=0 different=0/15360
  dw2    rel_l2=0 max_abs=0 different=0/15360
shape M=65 C=32 H=64 workers=132 seed=2 zeros=1 gradient_chunk=64
audit: every task executed once; gradient_tasks_before_all_roots=0
  raw    rel_l2=0 max_abs=0 different=0/4160
  raw    rel_l2=0 max_abs=0 different=0/4160
  post   rel_l2=0 max_abs=0 different=0/4160
  dpre   rel_l2=0 max_abs=0 different=0/4160
  post.T rel_l2=0 max_abs=0 different=0/4160
  dpre.T rel_l2=0 max_abs=0 different=0/4160
  y      rel_l2=0 max_abs=0 different=0/2080
  dx     rel_l2=0 max_abs=0 different=0/2080
  dw1    rel_l2=0 max_abs=0 different=0/2048
  dw2    rel_l2=0 max_abs=0 different=0/2048
  dw1.chunk rel_l2=0 max_abs=0 different=0/2048
  dw2.chunk rel_l2=0 max_abs=0 different=0/2048
production specialization after reset:
  raw    rel_l2=0 max_abs=0 different=0/4160
  post   rel_l2=0 max_abs=0 different=0/4160
  dpre   rel_l2=0 max_abs=0 different=0/4160
  post.T rel_l2=0 max_abs=0 different=0/4160
  dpre.T rel_l2=0 max_abs=0 different=0/4160
  y      rel_l2=0 max_abs=0 different=0/2080
  dx     rel_l2=0 max_abs=0 different=0/2080
  dw1    rel_l2=0 max_abs=0 different=0/2048
  dw2    rel_l2=0 max_abs=0 different=0/2048
shape M=256 C=128 H=256 workers=132 seed=1337 zeros=0 gradient_chunk=4096
audit: every task executed once; gradient_tasks_before_all_roots=0
  post   rel_l2=0 max_abs=0 different=0/65536
  dpre   rel_l2=0 max_abs=0 different=0/65536
  post.T rel_l2=0 max_abs=0 different=0/65536
  dpre.T rel_l2=0 max_abs=0 different=0/65536
  y      rel_l2=0 max_abs=0 different=0/32768
  dx     rel_l2=0 max_abs=0 different=0/32768
  dw1    rel_l2=0 max_abs=0 different=0/32768
  dw2    rel_l2=0 max_abs=0 different=0/32768
  dw1.chunk rel_l2=0 max_abs=0 different=0/32768
  dw2.chunk rel_l2=0 max_abs=0 different=0/32768
production specialization after reset:
  post   rel_l2=0 max_abs=0 different=0/65536
  dpre   rel_l2=0 max_abs=0 different=0/65536
  post.T rel_l2=0 max_abs=0 different=0/65536
  dpre.T rel_l2=0 max_abs=0 different=0/65536
  y      rel_l2=0 max_abs=0 different=0/32768
  dx     rel_l2=0 max_abs=0 different=0/32768
  dw1    rel_l2=0 max_abs=0 different=0/32768
  dw2    rel_l2=0 max_abs=0 different=0/32768
shape M=7 C=17 H=33 workers=660 seed=42 zeros=0 gradient_chunk=64
audit: every task executed once; gradient_tasks_before_all_roots=0
  raw    rel_l2=0 max_abs=0 different=0/231
  raw    rel_l2=0 max_abs=0 different=0/231
  post   rel_l2=0 max_abs=0 different=0/231
  dpre   rel_l2=0 max_abs=0 different=0/231
  post.T rel_l2=0 max_abs=0 different=0/231
  dpre.T rel_l2=0 max_abs=0 different=0/231
  y      rel_l2=0 max_abs=0 different=0/119
  dx     rel_l2=0 max_abs=0 different=0/119
  dw1    rel_l2=0 max_abs=0 different=0/561
  dw2    rel_l2=0 max_abs=0 different=0/561
  dw1.chunk rel_l2=0 max_abs=0 different=0/561
  dw2.chunk rel_l2=0 max_abs=0 different=0/561
production specialization after reset:
  raw    rel_l2=0 max_abs=0 different=0/231
  post   rel_l2=0 max_abs=0 different=0/231
  dpre   rel_l2=0 max_abs=0 different=0/231
  post.T rel_l2=0 max_abs=0 different=0/231
  dpre.T rel_l2=0 max_abs=0 different=0/231
  y      rel_l2=0 max_abs=0 different=0/119
  dx     rel_l2=0 max_abs=0 different=0/119
  dw1    rel_l2=0 max_abs=0 different=0/561
  dw2    rel_l2=0 max_abs=0 different=0/561
shape M=129 C=96 H=160 workers=660 seed=1337 zeros=0 gradient_chunk=64
audit: every task executed once; gradient_tasks_before_all_roots=2
  raw    rel_l2=0 max_abs=0 different=0/20640
  raw    rel_l2=0 max_abs=0 different=0/20640
  post   rel_l2=0 max_abs=0 different=0/20640
  dpre   rel_l2=0 max_abs=0 different=0/20640
  post.T rel_l2=0 max_abs=0 different=0/20640
  dpre.T rel_l2=0 max_abs=0 different=0/20640
  y      rel_l2=0 max_abs=0 different=0/12384
  dx     rel_l2=0 max_abs=0 different=0/12384
  dw1    rel_l2=0 max_abs=0 different=0/15360
  dw2    rel_l2=0 max_abs=0 different=0/15360
  dw1.chunk rel_l2=0 max_abs=0 different=0/15360
  dw2.chunk rel_l2=0 max_abs=0 different=0/15360
production specialization after reset:
  raw    rel_l2=0 max_abs=0 different=0/20640
  post   rel_l2=0 max_abs=0 different=0/20640
  dpre   rel_l2=0 max_abs=0 different=0/20640
  post.T rel_l2=0 max_abs=0 different=0/20640
  dpre.T rel_l2=0 max_abs=0 different=0/20640
  y      rel_l2=0 max_abs=0 different=0/12384
  dx     rel_l2=0 max_abs=0 different=0/12384
  dw1    rel_l2=0 max_abs=0 different=0/15360
  dw2    rel_l2=0 max_abs=0 different=0/15360
shape M=65 C=32 H=64 workers=660 seed=2 zeros=1 gradient_chunk=64
audit: every task executed once; gradient_tasks_before_all_roots=0
  raw    rel_l2=0 max_abs=0 different=0/4160
  raw    rel_l2=0 max_abs=0 different=0/4160
  post   rel_l2=0 max_abs=0 different=0/4160
  dpre   rel_l2=0 max_abs=0 different=0/4160
  post.T rel_l2=0 max_abs=0 different=0/4160
  dpre.T rel_l2=0 max_abs=0 different=0/4160
  y      rel_l2=0 max_abs=0 different=0/2080
  dx     rel_l2=0 max_abs=0 different=0/2080
  dw1    rel_l2=0 max_abs=0 different=0/2048
  dw2    rel_l2=0 max_abs=0 different=0/2048
  dw1.chunk rel_l2=0 max_abs=0 different=0/2048
  dw2.chunk rel_l2=0 max_abs=0 different=0/2048
production specialization after reset:
  raw    rel_l2=0 max_abs=0 different=0/4160
  post   rel_l2=0 max_abs=0 different=0/4160
  dpre   rel_l2=0 max_abs=0 different=0/4160
  post.T rel_l2=0 max_abs=0 different=0/4160
  dpre.T rel_l2=0 max_abs=0 different=0/4160
  y      rel_l2=0 max_abs=0 different=0/2080
  dx     rel_l2=0 max_abs=0 different=0/2080
  dw1    rel_l2=0 max_abs=0 different=0/2048
  dw2    rel_l2=0 max_abs=0 different=0/2048
shape M=256 C=128 H=256 workers=660 seed=1337 zeros=0 gradient_chunk=4096
audit: every task executed once; gradient_tasks_before_all_roots=0
  post   rel_l2=0 max_abs=0 different=0/65536
  dpre   rel_l2=0 max_abs=0 different=0/65536
  post.T rel_l2=0 max_abs=0 different=0/65536
  dpre.T rel_l2=0 max_abs=0 different=0/65536
  y      rel_l2=0 max_abs=0 different=0/32768
  dx     rel_l2=0 max_abs=0 different=0/32768
  dw1    rel_l2=0 max_abs=0 different=0/32768
  dw2    rel_l2=0 max_abs=0 different=0/32768
  dw1.chunk rel_l2=0 max_abs=0 different=0/32768
  dw2.chunk rel_l2=0 max_abs=0 different=0/32768
production specialization after reset:
  post   rel_l2=0 max_abs=0 different=0/65536
  dpre   rel_l2=0 max_abs=0 different=0/65536
  post.T rel_l2=0 max_abs=0 different=0/65536
  dpre.T rel_l2=0 max_abs=0 different=0/65536
  y      rel_l2=0 max_abs=0 different=0/32768
  dx     rel_l2=0 max_abs=0 different=0/32768
  dw1    rel_l2=0 max_abs=0 different=0/32768
  dw2    rel_l2=0 max_abs=0 different=0/32768
shape M=8209 C=96 H=160 workers=7 seed=1337 zeros=0 gradient_chunk=4096
audit: every task executed once; gradient_tasks_before_all_roots=28
  post   rel_l2=0 max_abs=0 different=0/1313440
  dpre   rel_l2=0 max_abs=0 different=0/1313440
  post.T rel_l2=0 max_abs=0 different=0/1313440
  dpre.T rel_l2=0 max_abs=0 different=0/1313440
  y      rel_l2=0 max_abs=0 different=0/788064
  dx     rel_l2=0 max_abs=0 different=0/788064
  dw1    rel_l2=0 max_abs=0 different=0/15360
  dw2    rel_l2=0 max_abs=0 different=0/15360
  dw1.chunk rel_l2=0 max_abs=0 different=0/15360
  dw2.chunk rel_l2=0 max_abs=0 different=0/15360
production specialization after reset:
  post   rel_l2=0 max_abs=0 different=0/1313440
  dpre   rel_l2=0 max_abs=0 different=0/1313440
  post.T rel_l2=0 max_abs=0 different=0/1313440
  dpre.T rel_l2=0 max_abs=0 different=0/1313440
  y      rel_l2=0 max_abs=0 different=0/788064
  dx     rel_l2=0 max_abs=0 different=0/788064
  dw1    rel_l2=0 max_abs=0 different=0/15360
  dw2    rel_l2=0 max_abs=0 different=0/15360
shape M=8192 C=128 H=256 workers=7 seed=1337 zeros=0 gradient_chunk=4096
audit: every task executed once; gradient_tasks_before_all_roots=18
  post   rel_l2=0 max_abs=0 different=0/2097152
  dpre   rel_l2=0 max_abs=0 different=0/2097152
  post.T rel_l2=0 max_abs=0 different=0/2097152
  dpre.T rel_l2=0 max_abs=0 different=0/2097152
  y      rel_l2=0 max_abs=0 different=0/1048576
  dx     rel_l2=0 max_abs=0 different=0/1048576
  dw1    rel_l2=0 max_abs=0 different=0/32768
  dw2    rel_l2=0 max_abs=0 different=0/32768
  dw1.chunk rel_l2=0 max_abs=0 different=0/32768
  dw2.chunk rel_l2=0 max_abs=0 different=0/32768
production specialization after reset:
  post   rel_l2=0 max_abs=0 different=0/2097152
  dpre   rel_l2=0 max_abs=0 different=0/2097152
  post.T rel_l2=0 max_abs=0 different=0/2097152
  dpre.T rel_l2=0 max_abs=0 different=0/2097152
  y      rel_l2=0 max_abs=0 different=0/1048576
  dx     rel_l2=0 max_abs=0 different=0/1048576
  dw1    rel_l2=0 max_abs=0 different=0/32768
  dw2    rel_l2=0 max_abs=0 different=0/32768
PASS: FP8 six-GEMM MLP graph, all outputs and gradients; not full-model training.
========= ERROR SUMMARY: 0 errors
make: Leaving directory '/workspace/cuda'

Static SASS instruction counts for _ZN4nano10megakernelILb0ELb1EEEvNS_5GraphE: {'HMMA': 16, 'HGMMA': 0, 'LDGSTS': 28, 'LDL': 2, 'STL': 2}
Static SASS instruction counts for _ZN4nano10megakernelILb0ELb0EEEvNS_5GraphE: {'HMMA': 16, 'HGMMA': 0, 'LDGSTS': 28, 'LDL': 2, 'STL': 2}