sha256 094d090365f5726cde3fe0d415f30f26fb4fc17754292fff6d73f4c69de0499b Makefile
sha256 489a50ab144cd30e1e42d2029754c92de2ef09a2051f1a6034f9fe840fc8d2c2 anvil.cu
sha256 1dc9217e8b64c5b061aff94ec81e26279bf1a64c9d3cc8386cc97568adc41936 anvil.cuh
sha256 96d97e1fdc6596c83415a4d0ceff7138686ea3c1aecf1c99b8d8f28d38690409 anvil_graph.cuh
sha256 5a55ce388ca131f3fcac75df07010da61a2899a0889e3f04028c49b655639607 attention.cu
sha256 59446cf5d2ba99651922cab6fee6678320553b2292daaba7a3376bdd4a52f03a attention.cuh
sha256 a8a2155c83ae275021b9cb0626865ae047eb205e067b710a6671d97ddc53633b attention_layer.cu
sha256 5e23df96de295a12c6770293bb3724e58ffee06f6310f0dbf43293c5c377ffac attention_layer.cuh
sha256 e43b134f524130c5fcc5b7ea3dfca072fed7dfcb72ff0957dbb0bd2e7d4f7733 attention_layer_reference.cuh
sha256 e8c9d493882f43781cb0cf48e1ae59a39c3d87f2901a33c07d3b52c30e092220 attention_post.cuh
sha256 7bae7cc6d4defc9026d5882b9e970dc184b2ff492d6735c7f67f40403dcfc239 attention_reference.cuh
sha256 a3be2ab6c64f030ca01f7d30c6a6bb7604b3bbe62257ba0aad9bb72bca232c76 bench.cuh
sha256 9dddb4cda1b99b427d6a5726c8a69513deb50cb06a97e36cdeac0893a600ac26 bf16.cu
sha256 6e99a879dfa2957f3ef9ba1bab8065f3a66191b157b6129b191b86265fd962f6 bf16_gemm.cuh
sha256 b6013fa23a801d8e288bf261029957d6931556cc18d7e7fc2de9974ad7887d6d embeddings.cuh
sha256 dd38c6d6039e09b954f14669ec4cd0877700ba1011719e8d784a5629f1a728d1 evaluation_head.cuh
sha256 ec94fd114bd2b8b97e2e890697973afe316a7ce5e2535476815f9db9e12a4778 evaluation_head_check.cuh
sha256 d4b3c092f09347b8d6cefd89d84d64bc7bea040a24b64c0dd8614fbfe7c8b621 frontier.cuh
sha256 75c4137f95d8b352fb02671ea4995ab6d8857390eb27d11479f7d6e628f02ce5 gates.cuh
sha256 acb42b1055ea9b02dc5e738c6f83b14a442784287dbd42d3e8a17a1b47aa33c8 head.cu
sha256 6c7816f88d3635a7a72d3db3eb5fb7b09dd04f5350db0b76e7769ec0b570e361 hopper.cuh
sha256 2b5e51d0612d34780b53c7033528f27d3463ee423a66444408bc5a388f04ef57 loss.cu
sha256 f002890f7f8db3daeab6646d8c1d69aefae2e92535491a63892a7ab1ffe76511 megakernel.cuh
sha256 650935fbe0799cec650ebe91331f83e58b23a3461c0a9df0f01a27a6dcebaec7 mlp_evaluation.cuh
sha256 abc976abdeaa14db113f1e1c880af4aa6b3399bb04b70e1f3718ac8abbc3d888 mlp_evaluation_check.cuh
sha256 960256e6097b5eb5a2a3e5505c14fabf62213b218441a16405ed0adceaa9ea9f model_evaluation.cuh
sha256 eafe6723a2b8a770528517590aa92e014ae315d4d9cbd9dea25bdd3139db22c4 model_evaluation_check.cuh
sha256 2cfe05bf690ca0783fddd52ff5337f292baff00fd328c5d851d55264aadddf36 qkv.cuh
sha256 cef57ceb07ba44e55effc962c75d7f96485a7f1b80a5555438c99016553708d9 quantize.cu
sha256 9075da55b9c101c83b3683c723f318808b2655b7b2b7219976b812520dc6deb2 routing.cu
sha256 ca484b3e8d99319779949171f011f533443b6cd387ad8d5459fdb676e072f33a routing.cuh
sha256 05a8268267db507f2316265a36455ffbb095889cc5ba67764063623801772ce4 tail.cu
sha256 0d560717a19a59e5505d3567890ca1e93d0fe3b4aeec191cbd711e3d28988e4c tail_backward.cuh
sha256 0621799b3cb02485e39460b3fef825966fe42cf436ebcf76275a8cad3919dd79 tail_reference.cpp
sha256 0ebd41279767d6a31a504734fa15929f9502c2558209aac93e31b8444c498221 tail_reference.h
sha256 f2bff3dccf7c4d0f34cf0013fecc638bf73931d93eb069f5791551950ad2a43b tokenizer.cpp
sha256 5de4df83cf0040e94b7189fdc2752e58710298b69a71d7cb160ed09b0b471154 training_loss.cuh
sha256 15b680ed94a53c4bfe715d9a1a763a5bff7f9b071581ee54c5d76bfbe636a685 training_loss_reference.cu
sha256 6162af3343d30737858843abf1b3e930bee0e4af510aa75df73a810816d39da9 transport.cu
sha256 4c74b0dba9a3a754d4fff90f9cab402ed715067484f50079efdc703ddb8ef6fe validate.cu
$ nvidia-smi
Sat Sep 19 08:46:16 2026       
+-----------------------------------------------------------------------------------------+
| NVIDIA-SMI 580.95.05              Driver Version: 580.95.05      CUDA Version: 13.0     |
+-----------------------------------------+------------------------+----------------------+
| GPU  Name                 Persistence-M | Bus-Id          Disp.A | Volatile Uncorr. ECC |
| Fan  Temp   Perf          Pwr:Usage/Cap |           Memory-Usage | GPU-Util  Compute M. |
|                                         |                        |               MIG M. |
|=========================================+========================+======================|
|   0  NVIDIA H100 80GB HBM3          On  |   00000000:87:00.0 Off |                    0 |
| N/A   32C    P0             71W /  700W |       4MiB /  81559MiB |      0%      Default |
|                                         |                        |             Disabled |
+-----------------------------------------+------------------------+----------------------+

+-----------------------------------------------------------------------------------------+
| Processes:                                                                              |
|  GPU   GI   CI              PID   Type   Process name                        GPU Memory |
|        ID   ID                                                               Usage      |
|=========================================================================================|
|  No running processes found                                                             |
+-----------------------------------------------------------------------------------------+

$ nvcc --version
nvcc: NVIDIA (R) Cuda compiler driver
Copyright (c) 2005-2025 NVIDIA Corporation
Built on Fri_Feb_21_20:23:50_PST_2025
Cuda compilation tools, release 12.8, V12.8.93
Build cuda_12.8.r12.8/compiler.35583870_0

$ make -C /workspace/cuda tail_reference_probe
make: Entering directory '/workspace/cuda'
g++ -std=c++17 -O2 -DNANO_TAIL_ATEN_PROBE -D_GLIBCXX_USE_CXX11_ABI=1 -I/usr/local/lib/python3.12/site-packages/torch/include -I/usr/local/lib/python3.12/site-packages/torch/include/torch/csrc/api/include tail_reference.cpp -L/usr/local/lib/python3.12/site-packages/torch/lib -Xlinker -rpath -Xlinker /usr/local/lib/python3.12/site-packages/torch/lib -ltorch -ltorch_cpu -ltorch_cuda -lc10 -lc10_cuda -o tail_reference_probe
make: Leaving directory '/workspace/cuda'

$ /workspace/cuda/tail_reference_probe
ATen-only probe: no native megakernel, forward linear/GELU and autograd
PASS: ATen-only probe

$ /usr/local/cuda-13.1/bin/compute-sanitizer --version
NVIDIA (R) Compute Sanitizer
Copyright (c) 2020-2025 NVIDIA Corporation
Version 2025.4.1.0 (build 37093031) (public-release)

$ /usr/local/cuda-13.1/bin/compute-sanitizer --tool memcheck --error-exitcode 1 /workspace/cuda/tail_reference_probe --quick
========= COMPUTE-SANITIZER
ATen-only probe: no native megakernel, forward linear/GELU and autograd
PASS: ATen-only probe
========= ERROR SUMMARY: 0 errors

$ /usr/local/cuda-13.1/bin/compute-sanitizer --tool initcheck --error-exitcode 1 /workspace/cuda/tail_reference_probe --quick
========= COMPUTE-SANITIZER
ATen-only probe: no native megakernel, forward linear/GELU and autograd
========= Uninitialized __global__ memory read of size 16 bytes
=========     at void at::native::vectorized_elementwise_kernel<(int)8, at::native::GeluCUDAKernelImpl(at::TensorIteratorBase &, at::native::GeluType)::[lambda() (instance 2)]::operator ()() const::[lambda() (instance 4)]::operator ()() const::[lambda(c10::BFloat16) (instance 1)], std::array<char *, (unsigned long)2>>(int, T2, T3)+0xc0
=========     by thread (96,0,0) in block (0,0,0)
=========     Address 0x2b9efd41e600
=========     Saved host backtrace up to driver entry point at kernel launch time
=========         Host Frame: cuLaunchKernel [0x39d6c4] in libcuda.so.1
=========         Host Frame:  [0x13e88] in libcudart.so.12
=========         Host Frame: cudaLaunchKernel [0x79f87] in libcudart.so.12
=========         Host Frame: void at::native::gpu_kernel_impl<__nv_hdl_wrapper_t<false, true, false, __nv_dl_tag<void (*)(at::TensorIteratorBase&, at::native::GeluType), &at::native::GeluCUDAKernelImpl, 8u>, c10::BFloat16 (c10::BFloat16)> >(at::TensorIteratorBase&, __nv_hdl_wrapper_t<false, true, false, __nv_dl_tag<void (*)(at::TensorIteratorBase&, at::native::GeluType), &at::native::GeluCUDAKernelImpl, 8u>, c10::BFloat16 (c10::BFloat16)> const&) [clone .isra.0] [0x149a222] in libtorch_cuda.so
=========         Host Frame: at::(anonymous namespace)::wrapper_CUDA_gelu(at::Tensor const&, std::basic_string_view<char, std::char_traits<char> >) [0x389d25e] in libtorch_cuda.so
=========         Host Frame: c10::impl::wrap_kernel_functor_unboxed_<c10::impl::detail::WrapFunctionIntoFunctor_<c10::CompileTimeFunctionPointer<at::Tensor (at::Tensor const&, std::basic_string_view<char, std::char_traits<char> >), &at::(anonymous namespace)::wrapper_CUDA_gelu>, at::Tensor, c10::guts::typelist::typelist<at::Tensor const&, std::basic_string_view<char, std::char_traits<char> > > >, at::Tensor (at::Tensor const&, std::basic_string_view<char, std::char_traits<char> >)>::call(c10::OperatorKernel*, c10::DispatchKeySet, at::Tensor const&, std::basic_string_view<char, std::char_traits<char> >) [0x389d301] in libtorch_cuda.so
=========         Host Frame: at::_ops::gelu::redispatch(c10::DispatchKeySet, at::Tensor const&, std::basic_string_view<char, std::char_traits<char> >) [0x28d4193] in libtorch_cpu.so
=========         Host Frame: torch::autograd::VariableType::(anonymous namespace)::gelu(c10::DispatchKeySet, at::Tensor const&, std::basic_string_view<char, std::char_traits<char> >) [0x533cd3b] in libtorch_cpu.so
=========         Host Frame: c10::impl::wrap_kernel_functor_unboxed_<c10::impl::detail::WrapFunctionIntoFunctor_<c10::CompileTimeFunctionPointer<at::Tensor (c10::DispatchKeySet, at::Tensor const&, std::basic_string_view<char, std::char_traits<char> >), &torch::autograd::VariableType::(anonymous namespace)::gelu>, at::Tensor, c10::guts::typelist::typelist<c10::DispatchKeySet, at::Tensor const&, std::basic_string_view<char, std::char_traits<char> > > >, at::Tensor (c10::DispatchKeySet, at::Tensor const&, std::basic_string_view<char, std::char_traits<char> >)>::call(c10::OperatorKernel*, c10::DispatchKeySet, at::Tensor const&, std::basic_string_view<char, std::char_traits<char> >) [0x533d404] in libtorch_cpu.so
=========         Host Frame: at::_ops::gelu::call(at::Tensor const&, std::basic_string_view<char, std::char_traits<char> >) [0x298862f] in libtorch_cpu.so
=========         Host Frame: main [0x5500] in tail_reference_probe
========= 
========= Uninitialized __global__ memory read of size 16 bytes
=========     at void at::native::vectorized_elementwise_kernel<(int)8, at::native::GeluCUDAKernelImpl(at::TensorIteratorBase &, at::native::GeluType)::[lambda() (instance 2)]::operator ()() const::[lambda() (instance 4)]::operator ()() const::[lambda(c10::BFloat16) (instance 1)], std::array<char *, (unsigned long)2>>(int, T2, T3)+0xc0
=========     by thread (97,0,0) in block (0,0,0)
=========     Address 0x2b9efd41e610
=========     Saved host backtrace up to driver entry point at kernel launch time
=========         Host Frame: cuLaunchKernel [0x39d6c4] in libcuda.so.1
=========         Host Frame:  [0x13e88] in libcudart.so.12
=========         Host Frame: cudaLaunchKernel [0x79f87] in libcudart.so.12
=========         Host Frame: void at::native::gpu_kernel_impl<__nv_hdl_wrapper_t<false, true, false, __nv_dl_tag<void (*)(at::TensorIteratorBase&, at::native::GeluType), &at::native::GeluCUDAKernelImpl, 8u>, c10::BFloat16 (c10::BFloat16)> >(at::TensorIteratorBase&, __nv_hdl_wrapper_t<false, true, false, __nv_dl_tag<void (*)(at::TensorIteratorBase&, at::native::GeluType), &at::native::GeluCUDAKernelImpl, 8u>, c10::BFloat16 (c10::BFloat16)> const&) [clone .isra.0] [0x149a222] in libtorch_cuda.so
=========         Host Frame: at::(anonymous namespace)::wrapper_CUDA_gelu(at::Tensor const&, std::basic_string_view<char, std::char_traits<char> >) [0x389d25e] in libtorch_cuda.so
=========         Host Frame: c10::impl::wrap_kernel_functor_unboxed_<c10::impl::detail::WrapFunctionIntoFunctor_<c10::CompileTimeFunctionPointer<at::Tensor (at::Tensor const&, std::basic_string_view<char, std::char_traits<char> >), &at::(anonymous namespace)::wrapper_CUDA_gelu>, at::Tensor, c10::guts::typelist::typelist<at::Tensor const&, std::basic_string_view<char, std::char_traits<char> > > >, at::Tensor (at::Tensor const&, std::basic_string_view<char, std::char_traits<char> >)>::call(c10::OperatorKernel*, c10::DispatchKeySet, at::Tensor const&, std::basic_string_view<char, std::char_traits<char> >) [0x389d301] in libtorch_cuda.so
=========         Host Frame: at::_ops::gelu::redispatch(c10::DispatchKeySet, at::Tensor const&, std::basic_string_view<char, std::char_traits<char> >) [0x28d4193] in libtorch_cpu.so
=========         Host Frame: torch::autograd::VariableType::(anonymous namespace)::gelu(c10::DispatchKeySet, at::Tensor const&, std::basic_string_view<char, std::char_traits<char> >) [0x533cd3b] in libtorch_cpu.so
=========         Host Frame: c10::impl::wrap_kernel_functor_unboxed_<c10::impl::detail::WrapFunctionIntoFunctor_<c10::CompileTimeFunctionPointer<at::Tensor (c10::DispatchKeySet, at::Tensor const&, std::basic_string_view<char, std::char_traits<char> >), &torch::autograd::VariableType::(anonymous namespace)::gelu>, at::Tensor, c10::guts::typelist::typelist<c10::DispatchKeySet, at::Tensor const&, std::basic_string_view<char, std::char_traits<char> > > >, at::Tensor (c10::DispatchKeySet, at::Tensor const&, std::basic_string_view<char, std::char_traits<char> >)>::call(c10::OperatorKernel*, c10::DispatchKeySet, at::Tensor const&, std::basic_string_view<char, std::char_traits<char> >) [0x533d404] in libtorch_cpu.so
=========         Host Frame: at::_ops::gelu::call(at::Tensor const&, std::basic_string_view<char, std::char_traits<char> >) [0x298862f] in libtorch_cpu.so
=========         Host Frame: main [0x5500] in tail_reference_probe
========= 
========= Uninitialized __global__ memory read of size 16 bytes
=========     at void at::native::vectorized_elementwise_kernel<(int)8, at::native::GeluCUDAKernelImpl(at::TensorIteratorBase &, at::native::GeluType)::[lambda() (instance 2)]::operator ()() const::[lambda() (instance 4)]::operator ()() const::[lambda(c10::BFloat16) (instance 1)], std::array<char *, (unsigned long)2>>(int, T2, T3)+0xc0
=========     by thread (98,0,0) in block (0,0,0)
=========     Address 0x2b9efd41e620
=========     Saved host backtrace up to driver entry point at kernel launch time
=========         Host Frame: cuLaunchKernel [0x39d6c4] in libcuda.so.1
=========         Host Frame:  [0x13e88] in libcudart.so.12
=========         Host Frame: cudaLaunchKernel [0x79f87] in libcudart.so.12
=========         Host Frame: void at::native::gpu_kernel_impl<__nv_hdl_wrapper_t<false, true, false, __nv_dl_tag<void (*)(at::TensorIteratorBase&, at::native::GeluType), &at::native::GeluCUDAKernelImpl, 8u>, c10::BFloat16 (c10::BFloat16)> >(at::TensorIteratorBase&, __nv_hdl_wrapper_t<false, true, false, __nv_dl_tag<void (*)(at::TensorIteratorBase&, at::native::GeluType), &at::native::GeluCUDAKernelImpl, 8u>, c10::BFloat16 (c10::BFloat16)> const&) [clone .isra.0] [0x149a222] in libtorch_cuda.so
=========         Host Frame: at::(anonymous namespace)::wrapper_CUDA_gelu(at::Tensor const&, std::basic_string_view<char, std::char_traits<char> >) [0x389d25e] in libtorch_cuda.so
=========         Host Frame: c10::impl::wrap_kernel_functor_unboxed_<c10::impl::detail::WrapFunctionIntoFunctor_<c10::CompileTimeFunctionPointer<at::Tensor (at::Tensor const&, std::basic_string_view<char, std::char_traits<char> >), &at::(anonymous namespace)::wrapper_CUDA_gelu>, at::Tensor, c10::guts::typelist::typelist<at::Tensor const&, std::basic_string_view<char, std::char_traits<char> > > >, at::Tensor (at::Tensor const&, std::basic_string_view<char, std::char_traits<char> >)>::call(c10::OperatorKernel*, c10::DispatchKeySet, at::Tensor const&, std::basic_string_view<char, std::char_traits<char> >) [0x389d301] in libtorch_cuda.so
=========         Host Frame: at::_ops::gelu::redispatch(c10::DispatchKeySet, at::Tensor const&, std::basic_string_view<char, std::char_traits<char> >) [0x28d4193] in libtorch_cpu.so
=========         Host Frame: torch::autograd::VariableType::(anonymous namespace)::gelu(c10::DispatchKeySet, at::Tensor const&, std::basic_string_view<char, std::char_traits<char> >) [0x533cd3b] in libtorch_cpu.so
=========         Host Frame: c10::impl::wrap_kernel_functor_unboxed_<c10::impl::detail::WrapFunctionIntoFunctor_<c10::CompileTimeFunctionPointer<at::Tensor (c10::DispatchKeySet, at::Tensor const&, std::basic_string_view<char, std::char_traits<char> >), &torch::autograd::VariableType::(anonymous namespace)::gelu>, at::Tensor, c10::guts::typelist::typelist<c10::DispatchKeySet, at::Tensor const&, std::basic_string_view<char, std::char_traits<char> > > >, at::Tensor (c10::DispatchKeySet, at::Tensor const&, std::basic_string_view<char, std::char_traits<char> >)>::call(c10::OperatorKernel*, c10::DispatchKeySet, at::Tensor const&, std::basic_string_view<char, std::char_traits<char> >) [0x533d404] in libtorch_cpu.so
=========         Host Frame: at::_ops::gelu::call(at::Tensor const&, std::basic_string_view<char, std::char_traits<char> >) [0x298862f] in libtorch_cpu.so
=========         Host Frame: main [0x5500] in tail_reference_probe
========= 
========= Uninitialized __global__ memory read of size 16 bytes
=========     at void at::native::vectorized_elementwise_kernel<(int)8, at::native::GeluCUDAKernelImpl(at::TensorIteratorBase &, at::native::GeluType)::[lambda() (instance 2)]::operator ()() const::[lambda() (instance 4)]::operator ()() const::[lambda(c10::BFloat16) (instance 1)], std::array<char *, (unsigned long)2>>(int, T2, T3)+0xc0
=========     by thread (99,0,0) in block (0,0,0)
=========     Address 0x2b9efd41e630
=========     Saved host backtrace up to driver entry point at kernel launch time
=========         Host Frame: cuLaunchKernel [0x39d6c4] in libcuda.so.1
=========         Host Frame:  [0x13e88] in libcudart.so.12
=========         Host Frame: cudaLaunchKernel [0x79f87] in libcudart.so.12
=========         Host Frame: void at::native::gpu_kernel_impl<__nv_hdl_wrapper_t<false, true, false, __nv_dl_tag<void (*)(at::TensorIteratorBase&, at::native::GeluType), &at::native::GeluCUDAKernelImpl, 8u>, c10::BFloat16 (c10::BFloat16)> >(at::TensorIteratorBase&, __nv_hdl_wrapper_t<false, true, false, __nv_dl_tag<void (*)(at::TensorIteratorBase&, at::native::GeluType), &at::native::GeluCUDAKernelImpl, 8u>, c10::BFloat16 (c10::BFloat16)> const&) [clone .isra.0] [0x149a222] in libtorch_cuda.so
=========         Host Frame: at::(anonymous namespace)::wrapper_CUDA_gelu(at::Tensor const&, std::basic_string_view<char, std::char_traits<char> >) [0x389d25e] in libtorch_cuda.so
=========         Host Frame: c10::impl::wrap_kernel_functor_unboxed_<c10::impl::detail::WrapFunctionIntoFunctor_<c10::CompileTimeFunctionPointer<at::Tensor (at::Tensor const&, std::basic_string_view<char, std::char_traits<char> >), &at::(anonymous namespace)::wrapper_CUDA_gelu>, at::Tensor, c10::guts::typelist::typelist<at::Tensor const&, std::basic_string_view<char, std::char_traits<char> > > >, at::Tensor (at::Tensor const&, std::basic_string_view<char, std::char_traits<char> >)>::call(c10::OperatorKernel*, c10::DispatchKeySet, at::Tensor const&, std::basic_string_view<char, std::char_traits<char> >) [0x389d301] in libtorch_cuda.so
=========         Host Frame: at::_ops::gelu::redispatch(c10::DispatchKeySet, at::Tensor const&, std::basic_string_view<char, std::char_traits<char> >) [0x28d4193] in libtorch_cpu.so
=========         Host Frame: torch::autograd::VariableType::(anonymous namespace)::gelu(c10::DispatchKeySet, at::Tensor const&, std::basic_string_view<char, std::char_traits<char> >) [0x533cd3b] in libtorch_cpu.so
=========         Host Frame: c10::impl::wrap_kernel_functor_unboxed_<c10::impl::detail::WrapFunctionIntoFunctor_<c10::CompileTimeFunctionPointer<at::Tensor (c10::DispatchKeySet, at::Tensor const&, std::basic_string_view<char, std::char_traits<char> >), &torch::autograd::VariableType::(anonymous namespace)::gelu>, at::Tensor, c10::guts::typelist::typelist<c10::DispatchKeySet, at::Tensor const&, std::basic_string_view<char, std::char_traits<char> > > >, at::Tensor (c10::DispatchKeySet, at::Tensor const&, std::basic_string_view<char, std::char_traits<char> >)>::call(c10::OperatorKernel*, c10::DispatchKeySet, at::Tensor const&, std::basic_string_view<char, std::char_traits<char> >) [0x533d404] in libtorch_cpu.so
=========         Host Frame: at::_ops::gelu::call(at::Tensor const&, std::basic_string_view<char, std::char_traits<char> >) [0x298862f] in libtorch_cpu.so
=========         Host Frame: main [0x5500] in tail_reference_probe
========= 
========= Uninitialized __global__ memory read of size 16 bytes
=========     at void at::native::vectorized_elementwise_kernel<(int)8, at::native::GeluCUDAKernelImpl(at::TensorIteratorBase &, at::native::GeluType)::[lambda() (instance 2)]::operator ()() const::[lambda() (instance 4)]::operator ()() const::[lambda(c10::BFloat16) (instance 1)], std::array<char *, (unsigned long)2>>(int, T2, T3)+0xc0
=========     by thread (100,0,0) in block (0,0,0)
=========     Address 0x2b9efd41e640
=========     Saved host backtrace up to driver entry point at kernel launch time
=========         Host Frame: cuLaunchKernel [0x39d6c4] in libcuda.so.1
=========         Host Frame:  [0x13e88] in libcudart.so.12
=========         Host Frame: cudaLaunchKernel [0x79f87] in libcudart.so.12
=========         Host Frame: void at::native::gpu_kernel_impl<__nv_hdl_wrapper_t<false, true, false, __nv_dl_tag<void (*)(at::TensorIteratorBase&, at::native::GeluType), &at::native::GeluCUDAKernelImpl, 8u>, c10::BFloat16 (c10::BFloat16)> >(at::TensorIteratorBase&, __nv_hdl_wrapper_t<false, true, false, __nv_dl_tag<void (*)(at::TensorIteratorBase&, at::native::GeluType), &at::native::GeluCUDAKernelImpl, 8u>, c10::BFloat16 (c10::BFloat16)> const&) [clone .isra.0] [0x149a222] in libtorch_cuda.so
=========         Host Frame: at::(anonymous namespace)::wrapper_CUDA_gelu(at::Tensor const&, std::basic_string_view<char, std::char_traits<char> >) [0x389d25e] in libtorch_cuda.so
=========         Host Frame: c10::impl::wrap_kernel_functor_unboxed_<c10::impl::detail::WrapFunctionIntoFunctor_<c10::CompileTimeFunctionPointer<at::Tensor (at::Tensor const&, std::basic_string_view<char, std::char_traits<char> >), &at::(anonymous namespace)::wrapper_CUDA_gelu>, at::Tensor, c10::guts::typelist::typelist<at::Tensor const&, std::basic_string_view<char, std::char_traits<char> > > >, at::Tensor (at::Tensor const&, std::basic_string_view<char, std::char_traits<char> >)>::call(c10::OperatorKernel*, c10::DispatchKeySet, at::Tensor const&, std::basic_string_view<char, std::char_traits<char> >) [0x389d301] in libtorch_cuda.so
=========         Host Frame: at::_ops::gelu::redispatch(c10::DispatchKeySet, at::Tensor const&, std::basic_string_view<char, std::char_traits<char> >) [0x28d4193] in libtorch_cpu.so
=========         Host Frame: torch::autograd::VariableType::(anonymous namespace)::gelu(c10::DispatchKeySet, at::Tensor const&, std::basic_string_view<char, std::char_traits<char> >) [0x533cd3b] in libtorch_cpu.so
=========         Host Frame: c10::impl::wrap_kernel_functor_unboxed_<c10::impl::detail::WrapFunctionIntoFunctor_<c10::CompileTimeFunctionPointer<at::Tensor (c10::DispatchKeySet, at::Tensor const&, std::basic_string_view<char, std::char_traits<char> >), &torch::autograd::VariableType::(anonymous namespace)::gelu>, at::Tensor, c10::guts::typelist::typelist<c10::DispatchKeySet, at::Tensor const&, std::basic_string_view<char, std::char_traits<char> > > >, at::Tensor (c10::DispatchKeySet, at::Tensor const&, std::basic_string_view<char, std::char_traits<char> >)>::call(c10::OperatorKernel*, c10::DispatchKeySet, at::Tensor const&, std::basic_string_view<char, std::char_traits<char> >) [0x533d404] in libtorch_cpu.so
=========         Host Frame: at::_ops::gelu::call(at::Tensor const&, std::basic_string_view<char, std::char_traits<char> >) [0x298862f] in libtorch_cpu.so
=========         Host Frame: main [0x5500] in tail_reference_probe
========= 
========= Uninitialized __global__ memory read of size 16 bytes
=========     at void at::native::vectorized_elementwise_kernel<(int)8, at::native::GeluCUDAKernelImpl(at::TensorIteratorBase &, at::native::GeluType)::[lambda() (instance 2)]::operator ()() const::[lambda() (instance 4)]::operator ()() const::[lambda(c10::BFloat16) (instance 1)], std::array<char *, (unsigned long)2>>(int, T2, T3)+0xc0
=========     by thread (101,0,0) in block (0,0,0)
=========     Address 0x2b9efd41e650
=========     Saved host backtrace up to driver entry point at kernel launch time
=========         Host Frame: cuLaunchKernel [0x39d6c4] in libcuda.so.1
=========         Host Frame:  [0x13e88] in libcudart.so.12
=========         Host Frame: cudaLaunchKernel [0x79f87] in libcudart.so.12
=========         Host Frame: void at::native::gpu_kernel_impl<__nv_hdl_wrapper_t<false, true, false, __nv_dl_tag<void (*)(at::TensorIteratorBase&, at::native::GeluType), &at::native::GeluCUDAKernelImpl, 8u>, c10::BFloat16 (c10::BFloat16)> >(at::TensorIteratorBase&, __nv_hdl_wrapper_t<false, true, false, __nv_dl_tag<void (*)(at::TensorIteratorBase&, at::native::GeluType), &at::native::GeluCUDAKernelImpl, 8u>, c10::BFloat16 (c10::BFloat16)> const&) [clone .isra.0] [0x149a222] in libtorch_cuda.so
=========         Host Frame: at::(anonymous namespace)::wrapper_CUDA_gelu(at::Tensor const&, std::basic_string_view<char, std::char_traits<char> >) [0x389d25e] in libtorch_cuda.so
=========         Host Frame: c10::impl::wrap_kernel_functor_unboxed_<c10::impl::detail::WrapFunctionIntoFunctor_<c10::CompileTimeFunctionPointer<at::Tensor (at::Tensor const&, std::basic_string_view<char, std::char_traits<char> >), &at::(anonymous namespace)::wrapper_CUDA_gelu>, at::Tensor, c10::guts::typelist::typelist<at::Tensor const&, std::basic_string_view<char, std::char_traits<char> > > >, at::Tensor (at::Tensor const&, std::basic_string_view<char, std::char_traits<char> >)>::call(c10::OperatorKernel*, c10::DispatchKeySet, at::Tensor const&, std::basic_string_view<char, std::char_traits<char> >) [0x389d301] in libtorch_cuda.so
=========         Host Frame: at::_ops::gelu::redispatch(c10::DispatchKeySet, at::Tensor const&, std::basic_string_view<char, std::char_traits<char> >) [0x28d4193] in libtorch_cpu.so
=========         Host Frame: torch::autograd::VariableType::(anonymous namespace)::gelu(c10::DispatchKeySet, at::Tensor const&, std::basic_string_view<char, std::char_traits<char> >) [0x533cd3b] in libtorch_cpu.so
=========         Host Frame: c10::impl::wrap_kernel_functor_unboxed_<c10::impl::detail::WrapFunctionIntoFunctor_<c10::CompileTimeFunctionPointer<at::Tensor (c10::DispatchKeySet, at::Tensor const&, std::basic_string_view<char, std::char_traits<char> >), &torch::autograd::VariableType::(anonymous namespace)::gelu>, at::Tensor, c10::guts::typelist::typelist<c10::DispatchKeySet, at::Tensor const&, std::basic_string_view<char, std::char_traits<char> > > >, at::Tensor (c10::DispatchKeySet, at::Tensor const&, std::basic_string_view<char, std::char_traits<char> >)>::call(c10::OperatorKernel*, c10::DispatchKeySet, at::Tensor const&, std::basic_string_view<char, std::char_traits<char> >) [0x533d404] in libtorch_cpu.so
=========         Host Frame: at::_ops::gelu::call(at::Tensor const&, std::basic_string_view<char, std::char_traits<char> >) [0x298862f] in libtorch_cpu.so
=========         Host Frame: main [0x5500] in tail_reference_probe
========= 
========= Uninitialized __global__ memory read of size 16 bytes
=========     at void at::native::vectorized_elementwise_kernel<(int)8, at::native::GeluCUDAKernelImpl(at::TensorIteratorBase &, at::native::GeluType)::[lambda() (instance 2)]::operator ()() const::[lambda() (instance 4)]::operator ()() const::[lambda(c10::BFloat16) (instance 1)], std::array<char *, (unsigned long)2>>(int, T2, T3)+0xc0
=========     by thread (102,0,0) in block (0,0,0)
=========     Address 0x2b9efd41e660
=========     Saved host backtrace up to driver entry point at kernel launch time
=========         Host Frame: cuLaunchKernel [0x39d6c4] in libcuda.so.1
=========         Host Frame:  [0x13e88] in libcudart.so.12
=========         Host Frame: cudaLaunchKernel [0x79f87] in libcudart.so.12
=========         Host Frame: void at::native::gpu_kernel_impl<__nv_hdl_wrapper_t<false, true, false, __nv_dl_tag<void (*)(at::TensorIteratorBase&, at::native::GeluType), &at::native::GeluCUDAKernelImpl, 8u>, c10::BFloat16 (c10::BFloat16)> >(at::TensorIteratorBase&, __nv_hdl_wrapper_t<false, true, false, __nv_dl_tag<void (*)(at::TensorIteratorBase&, at::native::GeluType), &at::native::GeluCUDAKernelImpl, 8u>, c10::BFloat16 (c10::BFloat16)> const&) [clone .isra.0] [0x149a222] in libtorch_cuda.so
=========         Host Frame: at::(anonymous namespace)::wrapper_CUDA_gelu(at::Tensor const&, std::basic_string_view<char, std::char_traits<char> >) [0x389d25e] in libtorch_cuda.so
=========         Host Frame: c10::impl::wrap_kernel_functor_unboxed_<c10::impl::detail::WrapFunctionIntoFunctor_<c10::CompileTimeFunctionPointer<at::Tensor (at::Tensor const&, std::basic_string_view<char, std::char_traits<char> >), &at::(anonymous namespace)::wrapper_CUDA_gelu>, at::Tensor, c10::guts::typelist::typelist<at::Tensor const&, std::basic_string_view<char, std::char_traits<char> > > >, at::Tensor (at::Tensor const&, std::basic_string_view<char, std::char_traits<char> >)>::call(c10::OperatorKernel*, c10::DispatchKeySet, at::Tensor const&, std::basic_string_view<char, std::char_traits<char> >) [0x389d301] in libtorch_cuda.so
=========         Host Frame: at::_ops::gelu::redispatch(c10::DispatchKeySet, at::Tensor const&, std::basic_string_view<char, std::char_traits<char> >) [0x28d4193] in libtorch_cpu.so
=========         Host Frame: torch::autograd::VariableType::(anonymous namespace)::gelu(c10::DispatchKeySet, at::Tensor const&, std::basic_string_view<char, std::char_traits<char> >) [0x533cd3b] in libtorch_cpu.so
=========         Host Frame: c10::impl::wrap_kernel_functor_unboxed_<c10::impl::detail::WrapFunctionIntoFunctor_<c10::CompileTimeFunctionPointer<at::Tensor (c10::DispatchKeySet, at::Tensor const&, std::basic_string_view<char, std::char_traits<char> >), &torch::autograd::VariableType::(anonymous namespace)::gelu>, at::Tensor, c10::guts::typelist::typelist<c10::DispatchKeySet, at::Tensor const&, std::basic_string_view<char, std::char_traits<char> > > >, at::Tensor (c10::DispatchKeySet, at::Tensor const&, std::basic_string_view<char, std::char_traits<char> >)>::call(c10::OperatorKernel*, c10::DispatchKeySet, at::Tensor const&, std::basic_string_view<char, std::char_traits<char> >) [0x533d404] in libtorch_cpu.so
=========         Host Frame: at::_ops::gelu::call(at::Tensor const&, std::basic_string_view<char, std::char_traits<char> >) [0x298862f] in libtorch_cpu.so
=========         Host Frame: main [0x5500] in tail_reference_probe
========= 
========= Uninitialized __global__ memory read of size 16 bytes
=========     at void at::native::vectorized_elementwise_kernel<(int)8, at::native::GeluCUDAKernelImpl(at::TensorIteratorBase &, at::native::GeluType)::[lambda() (instance 2)]::operator ()() const::[lambda() (instance 4)]::operator ()() const::[lambda(c10::BFloat16) (instance 1)], std::array<char *, (unsigned long)2>>(int, T2, T3)+0xc0
=========     by thread (103,0,0) in block (0,0,0)
=========     Address 0x2b9efd41e670
=========     Saved host backtrace up to driver entry point at kernel launch time
=========         Host Frame: cuLaunchKernel [0x39d6c4] in libcuda.so.1
=========         Host Frame:  [0x13e88] in libcudart.so.12
=========         Host Frame: cudaLaunchKernel [0x79f87] in libcudart.so.12
=========         Host Frame: void at::native::gpu_kernel_impl<__nv_hdl_wrapper_t<false, true, false, __nv_dl_tag<void (*)(at::TensorIteratorBase&, at::native::GeluType), &at::native::GeluCUDAKernelImpl, 8u>, c10::BFloat16 (c10::BFloat16)> >(at::TensorIteratorBase&, __nv_hdl_wrapper_t<false, true, false, __nv_dl_tag<void (*)(at::TensorIteratorBase&, at::native::GeluType), &at::native::GeluCUDAKernelImpl, 8u>, c10::BFloat16 (c10::BFloat16)> const&) [clone .isra.0] [0x149a222] in libtorch_cuda.so
=========         Host Frame: at::(anonymous namespace)::wrapper_CUDA_gelu(at::Tensor const&, std::basic_string_view<char, std::char_traits<char> >) [0x389d25e] in libtorch_cuda.so
=========         Host Frame: c10::impl::wrap_kernel_functor_unboxed_<c10::impl::detail::WrapFunctionIntoFunctor_<c10::CompileTimeFunctionPointer<at::Tensor (at::Tensor const&, std::basic_string_view<char, std::char_traits<char> >), &at::(anonymous namespace)::wrapper_CUDA_gelu>, at::Tensor, c10::guts::typelist::typelist<at::Tensor const&, std::basic_string_view<char, std::char_traits<char> > > >, at::Tensor (at::Tensor const&, std::basic_string_view<char, std::char_traits<char> >)>::call(c10::OperatorKernel*, c10::DispatchKeySet, at::Tensor const&, std::basic_string_view<char, std::char_traits<char> >) [0x389d301] in libtorch_cuda.so
=========         Host Frame: at::_ops::gelu::redispatch(c10::DispatchKeySet, at::Tensor const&, std::basic_string_view<char, std::char_traits<char> >) [0x28d4193] in libtorch_cpu.so
=========         Host Frame: torch::autograd::VariableType::(anonymous namespace)::gelu(c10::DispatchKeySet, at::Tensor const&, std::basic_string_view<char, std::char_traits<char> >) [0x533cd3b] in libtorch_cpu.so
=========         Host Frame: c10::impl::wrap_kernel_functor_unboxed_<c10::impl::detail::WrapFunctionIntoFunctor_<c10::CompileTimeFunctionPointer<at::Tensor (c10::DispatchKeySet, at::Tensor const&, std::basic_string_view<char, std::char_traits<char> >), &torch::autograd::VariableType::(anonymous namespace)::gelu>, at::Tensor, c10::guts::typelist::typelist<c10::DispatchKeySet, at::Tensor const&, std::basic_string_view<char, std::char_traits<char> > > >, at::Tensor (c10::DispatchKeySet, at::Tensor const&, std::basic_string_view<char, std::char_traits<char> >)>::call(c10::OperatorKernel*, c10::DispatchKeySet, at::Tensor const&, std::basic_string_view<char, std::char_traits<char> >) [0x533d404] in libtorch_cpu.so
=========         Host Frame: at::_ops::gelu::call(at::Tensor const&, std::basic_string_view<char, std::char_traits<char> >) [0x298862f] in libtorch_cpu.so
=========         Host Frame: main [0x5500] in tail_reference_probe
========= 
========= Uninitialized __global__ memory read of size 16 bytes
=========     at void at::native::vectorized_elementwise_kernel<(int)8, at::native::GeluCUDAKernelImpl(at::TensorIteratorBase &, at::native::GeluType)::[lambda() (instance 2)]::operator ()() const::[lambda() (instance 4)]::operator ()() const::[lambda(c10::BFloat16) (instance 1)], std::array<char *, (unsigned long)2>>(int, T2, T3)+0xc0
=========     by thread (104,0,0) in block (0,0,0)
=========     Address 0x2b9efd41e680
=========     Saved host backtrace up to driver entry point at kernel launch time
=========         Host Frame: cuLaunchKernel [0x39d6c4] in libcuda.so.1
=========         Host Frame:  [0x13e88] in libcudart.so.12
=========         Host Frame: cudaLaunchKernel [0x79f87] in libcudart.so.12
=========         Host Frame: void at::native::gpu_kernel_impl<__nv_hdl_wrapper_t<false, true, false, __nv_dl_tag<void (*)(at::TensorIteratorBase&, at::native::GeluType), &at::native::GeluCUDAKernelImpl, 8u>, c10::BFloat16 (c10::BFloat16)> >(at::TensorIteratorBase&, __nv_hdl_wrapper_t<false, true, false, __nv_dl_tag<void (*)(at::TensorIteratorBase&, at::native::GeluType), &at::native::GeluCUDAKernelImpl, 8u>, c10::BFloat16 (c10::BFloat16)> const&) [clone .isra.0] [0x149a222] in libtorch_cuda.so
=========         Host Frame: at::(anonymous namespace)::wrapper_CUDA_gelu(at::Tensor const&, std::basic_string_view<char, std::char_traits<char> >) [0x389d25e] in libtorch_cuda.so
=========         Host Frame: c10::impl::wrap_kernel_functor_unboxed_<c10::impl::detail::WrapFunctionIntoFunctor_<c10::CompileTimeFunctionPointer<at::Tensor (at::Tensor const&, std::basic_string_view<char, std::char_traits<char> >), &at::(anonymous namespace)::wrapper_CUDA_gelu>, at::Tensor, c10::guts::typelist::typelist<at::Tensor const&, std::basic_string_view<char, std::char_traits<char> > > >, at::Tensor (at::Tensor const&, std::basic_string_view<char, std::char_traits<char> >)>::call(c10::OperatorKernel*, c10::DispatchKeySet, at::Tensor const&, std::basic_string_view<char, std::char_traits<char> >) [0x389d301] in libtorch_cuda.so
=========         Host Frame: at::_ops::gelu::redispatch(c10::DispatchKeySet, at::Tensor const&, std::basic_string_view<char, std::char_traits<char> >) [0x28d4193] in libtorch_cpu.so
=========         Host Frame: torch::autograd::VariableType::(anonymous namespace)::gelu(c10::DispatchKeySet, at::Tensor const&, std::basic_string_view<char, std::char_traits<char> >) [0x533cd3b] in libtorch_cpu.so
=========         Host Frame: c10::impl::wrap_kernel_functor_unboxed_<c10::impl::detail::WrapFunctionIntoFunctor_<c10::CompileTimeFunctionPointer<at::Tensor (c10::DispatchKeySet, at::Tensor const&, std::basic_string_view<char, std::char_traits<char> >), &torch::autograd::VariableType::(anonymous namespace)::gelu>, at::Tensor, c10::guts::typelist::typelist<c10::DispatchKeySet, at::Tensor const&, std::basic_string_view<char, std::char_traits<char> > > >, at::Tensor (c10::DispatchKeySet, at::Tensor const&, std::basic_string_view<char, std::char_traits<char> >)>::call(c10::OperatorKernel*, c10::DispatchKeySet, at::Tensor const&, std::basic_string_view<char, std::char_traits<char> >) [0x533d404] in libtorch_cpu.so
=========         Host Frame: at::_ops::gelu::call(at::Tensor const&, std::basic_string_view<char, std::char_traits<char> >) [0x298862f] in libtorch_cpu.so
=========         Host Frame: main [0x5500] in tail_reference_probe
========= 
========= Uninitialized __global__ memory read of size 16 bytes
=========     at void at::native::vectorized_elementwise_kernel<(int)8, at::native::GeluCUDAKernelImpl(at::TensorIteratorBase &, at::native::GeluType)::[lambda() (instance 2)]::operator ()() const::[lambda() (instance 4)]::operator ()() const::[lambda(c10::BFloat16) (instance 1)], std::array<char *, (unsigned long)2>>(int, T2, T3)+0xc0
=========     by thread (105,0,0) in block (0,0,0)
=========     Address 0x2b9efd41e690
=========     Saved host backtrace up to driver entry point at kernel launch time
=========         Host Frame: cuLaunchKernel [0x39d6c4] in libcuda.so.1
=========         Host Frame:  [0x13e88] in libcudart.so.12
=========         Host Frame: cudaLaunchKernel [0x79f87] in libcudart.so.12
=========         Host Frame: void at::native::gpu_kernel_impl<__nv_hdl_wrapper_t<false, true, false, __nv_dl_tag<void (*)(at::TensorIteratorBase&, at::native::GeluType), &at::native::GeluCUDAKernelImpl, 8u>, c10::BFloat16 (c10::BFloat16)> >(at::TensorIteratorBase&, __nv_hdl_wrapper_t<false, true, false, __nv_dl_tag<void (*)(at::TensorIteratorBase&, at::native::GeluType), &at::native::GeluCUDAKernelImpl, 8u>, c10::BFloat16 (c10::BFloat16)> const&) [clone .isra.0] [0x149a222] in libtorch_cuda.so
=========         Host Frame: at::(anonymous namespace)::wrapper_CUDA_gelu(at::Tensor const&, std::basic_string_view<char, std::char_traits<char> >) [0x389d25e] in libtorch_cuda.so
=========         Host Frame: c10::impl::wrap_kernel_functor_unboxed_<c10::impl::detail::WrapFunctionIntoFunctor_<c10::CompileTimeFunctionPointer<at::Tensor (at::Tensor const&, std::basic_string_view<char, std::char_traits<char> >), &at::(anonymous namespace)::wrapper_CUDA_gelu>, at::Tensor, c10::guts::typelist::typelist<at::Tensor const&, std::basic_string_view<char, std::char_traits<char> > > >, at::Tensor (at::Tensor const&, std::basic_string_view<char, std::char_traits<char> >)>::call(c10::OperatorKernel*, c10::DispatchKeySet, at::Tensor const&, std::basic_string_view<char, std::char_traits<char> >) [0x389d301] in libtorch_cuda.so
=========         Host Frame: at::_ops::gelu::redispatch(c10::DispatchKeySet, at::Tensor const&, std::basic_string_view<char, std::char_traits<char> >) [0x28d4193] in libtorch_cpu.so
=========         Host Frame: torch::autograd::VariableType::(anonymous namespace)::gelu(c10::DispatchKeySet, at::Tensor const&, std::basic_string_view<char, std::char_traits<char> >) [0x533cd3b] in libtorch_cpu.so
=========         Host Frame: c10::impl::wrap_kernel_functor_unboxed_<c10::impl::detail::WrapFunctionIntoFunctor_<c10::CompileTimeFunctionPointer<at::Tensor (c10::DispatchKeySet, at::Tensor const&, std::basic_string_view<char, std::char_traits<char> >), &torch::autograd::VariableType::(anonymous namespace)::gelu>, at::Tensor, c10::guts::typelist::typelist<c10::DispatchKeySet, at::Tensor const&, std::basic_string_view<char, std::char_traits<char> > > >, at::Tensor (c10::DispatchKeySet, at::Tensor const&, std::basic_string_view<char, std::char_traits<char> >)>::call(c10::OperatorKernel*, c10::DispatchKeySet, at::Tensor const&, std::basic_string_view<char, std::char_traits<char> >) [0x533d404] in libtorch_cpu.so
=========         Host Frame: at::_ops::gelu::call(at::Tensor const&, std::basic_string_view<char, std::char_traits<char> >) [0x298862f] in libtorch_cpu.so
=========         Host Frame: main [0x5500] in tail_reference_probe
========= 
========= Uninitialized __global__ memory read of size 16 bytes
=========     at void at::native::vectorized_elementwise_kernel<(int)8, at::native::GeluCUDAKernelImpl(at::TensorIteratorBase &, at::native::GeluType)::[lambda() (instance 2)]::operator ()() const::[lambda() (instance 4)]::operator ()() const::[lambda(c10::BFloat16) (instance 1)], std::array<char *, (unsigned long)2>>(int, T2, T3)+0xc0
=========     by thread (106,0,0) in block (0,0,0)
=========     Address 0x2b9efd41e6a0
=========     Saved host backtrace up to driver entry point at kernel launch time
=========         Host Frame: cuLaunchKernel [0x39d6c4] in libcuda.so.1
=========         Host Frame:  [0x13e88] in libcudart.so.12
=========         Host Frame: cudaLaunchKernel [0x79f87] in libcudart.so.12
=========         Host Frame: void at::native::gpu_kernel_impl<__nv_hdl_wrapper_t<false, true, false, __nv_dl_tag<void (*)(at::TensorIteratorBase&, at::native::GeluType), &at::native::GeluCUDAKernelImpl, 8u>, c10::BFloat16 (c10::BFloat16)> >(at::TensorIteratorBase&, __nv_hdl_wrapper_t<false, true, false, __nv_dl_tag<void (*)(at::TensorIteratorBase&, at::native::GeluType), &at::native::GeluCUDAKernelImpl, 8u>, c10::BFloat16 (c10::BFloat16)> const&) [clone .isra.0] [0x149a222] in libtorch_cuda.so
=========         Host Frame: at::(anonymous namespace)::wrapper_CUDA_gelu(at::Tensor const&, std::basic_string_view<char, std::char_traits<char> >) [0x389d25e] in libtorch_cuda.so
=========         Host Frame: c10::impl::wrap_kernel_functor_unboxed_<c10::impl::detail::WrapFunctionIntoFunctor_<c10::CompileTimeFunctionPointer<at::Tensor (at::Tensor const&, std::basic_string_view<char, std::char_traits<char> >), &at::(anonymous namespace)::wrapper_CUDA_gelu>, at::Tensor, c10::guts::typelist::typelist<at::Tensor const&, std::basic_string_view<char, std::char_traits<char> > > >, at::Tensor (at::Tensor const&, std::basic_string_view<char, std::char_traits<char> >)>::call(c10::OperatorKernel*, c10::DispatchKeySet, at::Tensor const&, std::basic_string_view<char, std::char_traits<char> >) [0x389d301] in libtorch_cuda.so
=========         Host Frame: at::_ops::gelu::redispatch(c10::DispatchKeySet, at::Tensor const&, std::basic_string_view<char, std::char_traits<char> >) [0x28d4193] in libtorch_cpu.so
=========         Host Frame: torch::autograd::VariableType::(anonymous namespace)::gelu(c10::DispatchKeySet, at::Tensor const&, std::basic_string_view<char, std::char_traits<char> >) [0x533cd3b] in libtorch_cpu.so
=========         Host Frame: c10::impl::wrap_kernel_functor_unboxed_<c10::impl::detail::WrapFunctionIntoFunctor_<c10::CompileTimeFunctionPointer<at::Tensor (c10::DispatchKeySet, at::Tensor const&, std::basic_string_view<char, std::char_traits<char> >), &torch::autograd::VariableType::(anonymous namespace)::gelu>, at::Tensor, c10::guts::typelist::typelist<c10::DispatchKeySet, at::Tensor const&, std::basic_string_view<char, std::char_traits<char> > > >, at::Tensor (c10::DispatchKeySet, at::Tensor const&, std::basic_string_view<char, std::char_traits<char> >)>::call(c10::OperatorKernel*, c10::DispatchKeySet, at::Tensor const&, std::basic_string_view<char, std::char_traits<char> >) [0x533d404] in libtorch_cpu.so
=========         Host Frame: at::_ops::gelu::call(at::Tensor const&, std::basic_string_view<char, std::char_traits<char> >) [0x298862f] in libtorch_cpu.so
=========         Host Frame: main [0x5500] in tail_reference_probe
========= 
========= Uninitialized __global__ memory read of size 16 bytes
=========     at void at::native::vectorized_elementwise_kernel<(int)8, at::native::GeluCUDAKernelImpl(at::TensorIteratorBase &, at::native::GeluType)::[lambda() (instance 2)]::operator ()() const::[lambda() (instance 4)]::operator ()() const::[lambda(c10::BFloat16) (instance 1)], std::array<char *, (unsigned long)2>>(int, T2, T3)+0xc0
=========     by thread (107,0,0) in block (0,0,0)
=========     Address 0x2b9efd41e6b0
=========     Saved host backtrace up to driver entry point at kernel launch time
=========         Host Frame: cuLaunchKernel [0x39d6c4] in libcuda.so.1
=========         Host Frame:  [0x13e88] in libcudart.so.12
=========         Host Frame: cudaLaunchKernel [0x79f87] in libcudart.so.12
=========         Host Frame: void at::native::gpu_kernel_impl<__nv_hdl_wrapper_t<false, true, false, __nv_dl_tag<void (*)(at::TensorIteratorBase&, at::native::GeluType), &at::native::GeluCUDAKernelImpl, 8u>, c10::BFloat16 (c10::BFloat16)> >(at::TensorIteratorBase&, __nv_hdl_wrapper_t<false, true, false, __nv_dl_tag<void (*)(at::TensorIteratorBase&, at::native::GeluType), &at::native::GeluCUDAKernelImpl, 8u>, c10::BFloat16 (c10::BFloat16)> const&) [clone .isra.0] [0x149a222] in libtorch_cuda.so
=========         Host Frame: at::(anonymous namespace)::wrapper_CUDA_gelu(at::Tensor const&, std::basic_string_view<char, std::char_traits<char> >) [0x389d25e] in libtorch_cuda.so
=========         Host Frame: c10::impl::wrap_kernel_functor_unboxed_<c10::impl::detail::WrapFunctionIntoFunctor_<c10::CompileTimeFunctionPointer<at::Tensor (at::Tensor const&, std::basic_string_view<char, std::char_traits<char> >), &at::(anonymous namespace)::wrapper_CUDA_gelu>, at::Tensor, c10::guts::typelist::typelist<at::Tensor const&, std::basic_string_view<char, std::char_traits<char> > > >, at::Tensor (at::Tensor const&, std::basic_string_view<char, std::char_traits<char> >)>::call(c10::OperatorKernel*, c10::DispatchKeySet, at::Tensor const&, std::basic_string_view<char, std::char_traits<char> >) [0x389d301] in libtorch_cuda.so
=========         Host Frame: at::_ops::gelu::redispatch(c10::DispatchKeySet, at::Tensor const&, std::basic_string_view<char, std::char_traits<char> >) [0x28d4193] in libtorch_cpu.so
=========         Host Frame: torch::autograd::VariableType::(anonymous namespace)::gelu(c10::DispatchKeySet, at::Tensor const&, std::basic_string_view<char, std::char_traits<char> >) [0x533cd3b] in libtorch_cpu.so
=========         Host Frame: c10::impl::wrap_kernel_functor_unboxed_<c10::impl::detail::WrapFunctionIntoFunctor_<c10::CompileTimeFunctionPointer<at::Tensor (c10::DispatchKeySet, at::Tensor const&, std::basic_string_view<char, std::char_traits<char> >), &torch::autograd::VariableType::(anonymous namespace)::gelu>, at::Tensor, c10::guts::typelist::typelist<c10::DispatchKeySet, at::Tensor const&, std::basic_string_view<char, std::char_traits<char> > > >, at::Tensor (c10::DispatchKeySet, at::Tensor const&, std::basic_string_view<char, std::char_traits<char> >)>::call(c10::OperatorKernel*, c10::DispatchKeySet, at::Tensor const&, std::basic_string_view<char, std::char_traits<char> >) [0x533d404] in libtorch_cpu.so
=========         Host Frame: at::_ops::gelu::call(at::Tensor const&, std::basic_string_view<char, std::char_traits<char> >) [0x298862f] in libtorch_cpu.so
=========         Host Frame: main [0x5500] in tail_reference_probe
========= 
========= Uninitialized __global__ memory read of size 16 bytes
=========     at void at::native::vectorized_elementwise_kernel<(int)8, at::native::GeluCUDAKernelImpl(at::TensorIteratorBase &, at::native::GeluType)::[lambda() (instance 2)]::operator ()() const::[lambda() (instance 4)]::operator ()() const::[lambda(c10::BFloat16) (instance 1)], std::array<char *, (unsigned long)2>>(int, T2, T3)+0xc0
=========     by thread (108,0,0) in block (0,0,0)
=========     Address 0x2b9efd41e6c0
=========     Saved host backtrace up to driver entry point at kernel launch time
=========         Host Frame: cuLaunchKernel [0x39d6c4] in libcuda.so.1
=========         Host Frame:  [0x13e88] in libcudart.so.12
=========         Host Frame: cudaLaunchKernel [0x79f87] in libcudart.so.12
=========         Host Frame: void at::native::gpu_kernel_impl<__nv_hdl_wrapper_t<false, true, false, __nv_dl_tag<void (*)(at::TensorIteratorBase&, at::native::GeluType), &at::native::GeluCUDAKernelImpl, 8u>, c10::BFloat16 (c10::BFloat16)> >(at::TensorIteratorBase&, __nv_hdl_wrapper_t<false, true, false, __nv_dl_tag<void (*)(at::TensorIteratorBase&, at::native::GeluType), &at::native::GeluCUDAKernelImpl, 8u>, c10::BFloat16 (c10::BFloat16)> const&) [clone .isra.0] [0x149a222] in libtorch_cuda.so
=========         Host Frame: at::(anonymous namespace)::wrapper_CUDA_gelu(at::Tensor const&, std::basic_string_view<char, std::char_traits<char> >) [0x389d25e] in libtorch_cuda.so
=========         Host Frame: c10::impl::wrap_kernel_functor_unboxed_<c10::impl::detail::WrapFunctionIntoFunctor_<c10::CompileTimeFunctionPointer<at::Tensor (at::Tensor const&, std::basic_string_view<char, std::char_traits<char> >), &at::(anonymous namespace)::wrapper_CUDA_gelu>, at::Tensor, c10::guts::typelist::typelist<at::Tensor const&, std::basic_string_view<char, std::char_traits<char> > > >, at::Tensor (at::Tensor const&, std::basic_string_view<char, std::char_traits<char> >)>::call(c10::OperatorKernel*, c10::DispatchKeySet, at::Tensor const&, std::basic_string_view<char, std::char_traits<char> >) [0x389d301] in libtorch_cuda.so
=========         Host Frame: at::_ops::gelu::redispatch(c10::DispatchKeySet, at::Tensor const&, std::basic_string_view<char, std::char_traits<char> >) [0x28d4193] in libtorch_cpu.so
=========         Host Frame: torch::autograd::VariableType::(anonymous namespace)::gelu(c10::DispatchKeySet, at::Tensor const&, std::basic_string_view<char, std::char_traits<char> >) [0x533cd3b] in libtorch_cpu.so
=========         Host Frame: c10::impl::wrap_kernel_functor_unboxed_<c10::impl::detail::WrapFunctionIntoFunctor_<c10::CompileTimeFunctionPointer<at::Tensor (c10::DispatchKeySet, at::Tensor const&, std::basic_string_view<char, std::char_traits<char> >), &torch::autograd::VariableType::(anonymous namespace)::gelu>, at::Tensor, c10::guts::typelist::typelist<c10::DispatchKeySet, at::Tensor const&, std::basic_string_view<char, std::char_traits<char> > > >, at::Tensor (c10::DispatchKeySet, at::Tensor const&, std::basic_string_view<char, std::char_traits<char> >)>::call(c10::OperatorKernel*, c10::DispatchKeySet, at::Tensor const&, std::basic_string_view<char, std::char_traits<char> >) [0x533d404] in libtorch_cpu.so
=========         Host Frame: at::_ops::gelu::call(at::Tensor const&, std::basic_string_view<char, std::char_traits<char> >) [0x298862f] in libtorch_cpu.so
=========         Host Frame: main [0x5500] in tail_reference_probe
========= 
========= Uninitialized __global__ memory read of size 16 bytes
=========     at void at::native::vectorized_elementwise_kernel<(int)8, at::native::GeluCUDAKernelImpl(at::TensorIteratorBase &, at::native::GeluType)::[lambda() (instance 2)]::operator ()() const::[lambda() (instance 4)]::operator ()() const::[lambda(c10::BFloat16) (instance 1)], std::array<char *, (unsigned long)2>>(int, T2, T3)+0xc0
=========     by thread (109,0,0) in block (0,0,0)
=========     Address 0x2b9efd41e6d0
=========     Saved host backtrace up to driver entry point at kernel launch time
=========         Host Frame: cuLaunchKernel [0x39d6c4] in libcuda.so.1
=========         Host Frame:  [0x13e88] in libcudart.so.12
=========         Host Frame: cudaLaunchKernel [0x79f87] in libcudart.so.12
=========         Host Frame: void at::native::gpu_kernel_impl<__nv_hdl_wrapper_t<false, true, false, __nv_dl_tag<void (*)(at::TensorIteratorBase&, at::native::GeluType), &at::native::GeluCUDAKernelImpl, 8u>, c10::BFloat16 (c10::BFloat16)> >(at::TensorIteratorBase&, __nv_hdl_wrapper_t<false, true, false, __nv_dl_tag<void (*)(at::TensorIteratorBase&, at::native::GeluType), &at::native::GeluCUDAKernelImpl, 8u>, c10::BFloat16 (c10::BFloat16)> const&) [clone .isra.0] [0x149a222] in libtorch_cuda.so
=========         Host Frame: at::(anonymous namespace)::wrapper_CUDA_gelu(at::Tensor const&, std::basic_string_view<char, std::char_traits<char> >) [0x389d25e] in libtorch_cuda.so
=========         Host Frame: c10::impl::wrap_kernel_functor_unboxed_<c10::impl::detail::WrapFunctionIntoFunctor_<c10::CompileTimeFunctionPointer<at::Tensor (at::Tensor const&, std::basic_string_view<char, std::char_traits<char> >), &at::(anonymous namespace)::wrapper_CUDA_gelu>, at::Tensor, c10::guts::typelist::typelist<at::Tensor const&, std::basic_string_view<char, std::char_traits<char> > > >, at::Tensor (at::Tensor const&, std::basic_string_view<char, std::char_traits<char> >)>::call(c10::OperatorKernel*, c10::DispatchKeySet, at::Tensor const&, std::basic_string_view<char, std::char_traits<char> >) [0x389d301] in libtorch_cuda.so
=========         Host Frame: at::_ops::gelu::redispatch(c10::DispatchKeySet, at::Tensor const&, std::basic_string_view<char, std::char_traits<char> >) [0x28d4193] in libtorch_cpu.so
=========         Host Frame: torch::autograd::VariableType::(anonymous namespace)::gelu(c10::DispatchKeySet, at::Tensor const&, std::basic_string_view<char, std::char_traits<char> >) [0x533cd3b] in libtorch_cpu.so
=========         Host Frame: c10::impl::wrap_kernel_functor_unboxed_<c10::impl::detail::WrapFunctionIntoFunctor_<c10::CompileTimeFunctionPointer<at::Tensor (c10::DispatchKeySet, at::Tensor const&, std::basic_string_view<char, std::char_traits<char> >), &torch::autograd::VariableType::(anonymous namespace)::gelu>, at::Tensor, c10::guts::typelist::typelist<c10::DispatchKeySet, at::Tensor const&, std::basic_string_view<char, std::char_traits<char> > > >, at::Tensor (c10::DispatchKeySet, at::Tensor const&, std::basic_string_view<char, std::char_traits<char> >)>::call(c10::OperatorKernel*, c10::DispatchKeySet, at::Tensor const&, std::basic_string_view<char, std::char_traits<char> >) [0x533d404] in libtorch_cpu.so
=========         Host Frame: at::_ops::gelu::call(at::Tensor const&, std::basic_string_view<char, std::char_traits<char> >) [0x298862f] in libtorch_cpu.so
=========         Host Frame: main [0x5500] in tail_reference_probe
========= 
========= Uninitialized __global__ memory read of size 16 bytes
=========     at void at::native::vectorized_elementwise_kernel<(int)8, at::native::GeluCUDAKernelImpl(at::TensorIteratorBase &, at::native::GeluType)::[lambda() (instance 2)]::operator ()() const::[lambda() (instance 4)]::operator ()() const::[lambda(c10::BFloat16) (instance 1)], std::array<char *, (unsigned long)2>>(int, T2, T3)+0xc0
=========     by thread (110,0,0) in block (0,0,0)
=========     Address 0x2b9efd41e6e0
=========     Saved host backtrace up to driver entry point at kernel launch time
=========         Host Frame: cuLaunchKernel [0x39d6c4] in libcuda.so.1
=========         Host Frame:  [0x13e88] in libcudart.so.12
=========         Host Frame: cudaLaunchKernel [0x79f87] in libcudart.so.12
=========         Host Frame: void at::native::gpu_kernel_impl<__nv_hdl_wrapper_t<false, true, false, __nv_dl_tag<void (*)(at::TensorIteratorBase&, at::native::GeluType), &at::native::GeluCUDAKernelImpl, 8u>, c10::BFloat16 (c10::BFloat16)> >(at::TensorIteratorBase&, __nv_hdl_wrapper_t<false, true, false, __nv_dl_tag<void (*)(at::TensorIteratorBase&, at::native::GeluType), &at::native::GeluCUDAKernelImpl, 8u>, c10::BFloat16 (c10::BFloat16)> const&) [clone .isra.0] [0x149a222] in libtorch_cuda.so
=========         Host Frame: at::(anonymous namespace)::wrapper_CUDA_gelu(at::Tensor const&, std::basic_string_view<char, std::char_traits<char> >) [0x389d25e] in libtorch_cuda.so
=========         Host Frame: c10::impl::wrap_kernel_functor_unboxed_<c10::impl::detail::WrapFunctionIntoFunctor_<c10::CompileTimeFunctionPointer<at::Tensor (at::Tensor const&, std::basic_string_view<char, std::char_traits<char> >), &at::(anonymous namespace)::wrapper_CUDA_gelu>, at::Tensor, c10::guts::typelist::typelist<at::Tensor const&, std::basic_string_view<char, std::char_traits<char> > > >, at::Tensor (at::Tensor const&, std::basic_string_view<char, std::char_traits<char> >)>::call(c10::OperatorKernel*, c10::DispatchKeySet, at::Tensor const&, std::basic_string_view<char, std::char_traits<char> >) [0x389d301] in libtorch_cuda.so
=========         Host Frame: at::_ops::gelu::redispatch(c10::DispatchKeySet, at::Tensor const&, std::basic_string_view<char, std::char_traits<char> >) [0x28d4193] in libtorch_cpu.so
=========         Host Frame: torch::autograd::VariableType::(anonymous namespace)::gelu(c10::DispatchKeySet, at::Tensor const&, std::basic_string_view<char, std::char_traits<char> >) [0x533cd3b] in libtorch_cpu.so
=========         Host Frame: c10::impl::wrap_kernel_functor_unboxed_<c10::impl::detail::WrapFunctionIntoFunctor_<c10::CompileTimeFunctionPointer<at::Tensor (c10::DispatchKeySet, at::Tensor const&, std::basic_string_view<char, std::char_traits<char> >), &torch::autograd::VariableType::(anonymous namespace)::gelu>, at::Tensor, c10::guts::typelist::typelist<c10::DispatchKeySet, at::Tensor const&, std::basic_string_view<char, std::char_traits<char> > > >, at::Tensor (c10::DispatchKeySet, at::Tensor const&, std::basic_string_view<char, std::char_traits<char> >)>::call(c10::OperatorKernel*, c10::DispatchKeySet, at::Tensor const&, std::basic_string_view<char, std::char_traits<char> >) [0x533d404] in libtorch_cpu.so
=========         Host Frame: at::_ops::gelu::call(at::Tensor const&, std::basic_string_view<char, std::char_traits<char> >) [0x298862f] in libtorch_cpu.so
=========         Host Frame: main [0x5500] in tail_reference_probe
========= 
========= Uninitialized __global__ memory read of size 16 bytes
=========     at void at::native::vectorized_elementwise_kernel<(int)8, at::native::GeluCUDAKernelImpl(at::TensorIteratorBase &, at::native::GeluType)::[lambda() (instance 2)]::operator ()() const::[lambda() (instance 4)]::operator ()() const::[lambda(c10::BFloat16) (instance 1)], std::array<char *, (unsigned long)2>>(int, T2, T3)+0xc0
=========     by thread (111,0,0) in block (0,0,0)
=========     Address 0x2b9efd41e6f0
=========     Saved host backtrace up to driver entry point at kernel launch time
=========         Host Frame: cuLaunchKernel [0x39d6c4] in libcuda.so.1
=========         Host Frame:  [0x13e88] in libcudart.so.12
=========         Host Frame: cudaLaunchKernel [0x79f87] in libcudart.so.12
=========         Host Frame: void at::native::gpu_kernel_impl<__nv_hdl_wrapper_t<false, true, false, __nv_dl_tag<void (*)(at::TensorIteratorBase&, at::native::GeluType), &at::native::GeluCUDAKernelImpl, 8u>, c10::BFloat16 (c10::BFloat16)> >(at::TensorIteratorBase&, __nv_hdl_wrapper_t<false, true, false, __nv_dl_tag<void (*)(at::TensorIteratorBase&, at::native::GeluType), &at::native::GeluCUDAKernelImpl, 8u>, c10::BFloat16 (c10::BFloat16)> const&) [clone .isra.0] [0x149a222] in libtorch_cuda.so
=========         Host Frame: at::(anonymous namespace)::wrapper_CUDA_gelu(at::Tensor const&, std::basic_string_view<char, std::char_traits<char> >) [0x389d25e] in libtorch_cuda.so
=========         Host Frame: c10::impl::wrap_kernel_functor_unboxed_<c10::impl::detail::WrapFunctionIntoFunctor_<c10::CompileTimeFunctionPointer<at::Tensor (at::Tensor const&, std::basic_string_view<char, std::char_traits<char> >), &at::(anonymous namespace)::wrapper_CUDA_gelu>, at::Tensor, c10::guts::typelist::typelist<at::Tensor const&, std::basic_string_view<char, std::char_traits<char> > > >, at::Tensor (at::Tensor const&, std::basic_string_view<char, std::char_traits<char> >)>::call(c10::OperatorKernel*, c10::DispatchKeySet, at::Tensor const&, std::basic_string_view<char, std::char_traits<char> >) [0x389d301] in libtorch_cuda.so
=========         Host Frame: at::_ops::gelu::redispatch(c10::DispatchKeySet, at::Tensor const&, std::basic_string_view<char, std::char_traits<char> >) [0x28d4193] in libtorch_cpu.so
=========         Host Frame: torch::autograd::VariableType::(anonymous namespace)::gelu(c10::DispatchKeySet, at::Tensor const&, std::basic_string_view<char, std::char_traits<char> >) [0x533cd3b] in libtorch_cpu.so
=========         Host Frame: c10::impl::wrap_kernel_functor_unboxed_<c10::impl::detail::WrapFunctionIntoFunctor_<c10::CompileTimeFunctionPointer<at::Tensor (c10::DispatchKeySet, at::Tensor const&, std::basic_string_view<char, std::char_traits<char> >), &torch::autograd::VariableType::(anonymous namespace)::gelu>, at::Tensor, c10::guts::typelist::typelist<c10::DispatchKeySet, at::Tensor const&, std::basic_string_view<char, std::char_traits<char> > > >, at::Tensor (c10::DispatchKeySet, at::Tensor const&, std::basic_string_view<char, std::char_traits<char> >)>::call(c10::OperatorKernel*, c10::DispatchKeySet, at::Tensor const&, std::basic_string_view<char, std::char_traits<char> >) [0x533d404] in libtorch_cpu.so
=========         Host Frame: at::_ops::gelu::call(at::Tensor const&, std::basic_string_view<char, std::char_traits<char> >) [0x298862f] in libtorch_cpu.so
=========         Host Frame: main [0x5500] in tail_reference_probe
========= 
========= Uninitialized __global__ memory read of size 16 bytes
=========     at void at::native::vectorized_elementwise_kernel<(int)8, at::native::GeluCUDAKernelImpl(at::TensorIteratorBase &, at::native::GeluType)::[lambda() (instance 2)]::operator ()() const::[lambda() (instance 4)]::operator ()() const::[lambda(c10::BFloat16) (instance 1)], std::array<char *, (unsigned long)2>>(int, T2, T3)+0xc0
=========     by thread (112,0,0) in block (0,0,0)
=========     Address 0x2b9efd41e700
=========     Saved host backtrace up to driver entry point at kernel launch time
=========         Host Frame: cuLaunchKernel [0x39d6c4] in libcuda.so.1
=========         Host Frame:  [0x13e88] in libcudart.so.12
=========         Host Frame: cudaLaunchKernel [0x79f87] in libcudart.so.12
=========         Host Frame: void at::native::gpu_kernel_impl<__nv_hdl_wrapper_t<false, true, false, __nv_dl_tag<void (*)(at::TensorIteratorBase&, at::native::GeluType), &at::native::GeluCUDAKernelImpl, 8u>, c10::BFloat16 (c10::BFloat16)> >(at::TensorIteratorBase&, __nv_hdl_wrapper_t<false, true, false, __nv_dl_tag<void (*)(at::TensorIteratorBase&, at::native::GeluType), &at::native::GeluCUDAKernelImpl, 8u>, c10::BFloat16 (c10::BFloat16)> const&) [clone .isra.0] [0x149a222] in libtorch_cuda.so
=========         Host Frame: at::(anonymous namespace)::wrapper_CUDA_gelu(at::Tensor const&, std::basic_string_view<char, std::char_traits<char> >) [0x389d25e] in libtorch_cuda.so
=========         Host Frame: c10::impl::wrap_kernel_functor_unboxed_<c10::impl::detail::WrapFunctionIntoFunctor_<c10::CompileTimeFunctionPointer<at::Tensor (at::Tensor const&, std::basic_string_view<char, std::char_traits<char> >), &at::(anonymous namespace)::wrapper_CUDA_gelu>, at::Tensor, c10::guts::typelist::typelist<at::Tensor const&, std::basic_string_view<char, std::char_traits<char> > > >, at::Tensor (at::Tensor const&, std::basic_string_view<char, std::char_traits<char> >)>::call(c10::OperatorKernel*, c10::DispatchKeySet, at::Tensor const&, std::basic_string_view<char, std::char_traits<char> >) [0x389d301] in libtorch_cuda.so
=========         Host Frame: at::_ops::gelu::redispatch(c10::DispatchKeySet, at::Tensor const&, std::basic_string_view<char, std::char_traits<char> >) [0x28d4193] in libtorch_cpu.so
=========         Host Frame: torch::autograd::VariableType::(anonymous namespace)::gelu(c10::DispatchKeySet, at::Tensor const&, std::basic_string_view<char, std::char_traits<char> >) [0x533cd3b] in libtorch_cpu.so
=========         Host Frame: c10::impl::wrap_kernel_functor_unboxed_<c10::impl::detail::WrapFunctionIntoFunctor_<c10::CompileTimeFunctionPointer<at::Tensor (c10::DispatchKeySet, at::Tensor const&, std::basic_string_view<char, std::char_traits<char> >), &torch::autograd::VariableType::(anonymous namespace)::gelu>, at::Tensor, c10::guts::typelist::typelist<c10::DispatchKeySet, at::Tensor const&, std::basic_string_view<char, std::char_traits<char> > > >, at::Tensor (c10::DispatchKeySet, at::Tensor const&, std::basic_string_view<char, std::char_traits<char> >)>::call(c10::OperatorKernel*, c10::DispatchKeySet, at::Tensor const&, std::basic_string_view<char, std::char_traits<char> >) [0x533d404] in libtorch_cpu.so
=========         Host Frame: at::_ops::gelu::call(at::Tensor const&, std::basic_string_view<char, std::char_traits<char> >) [0x298862f] in libtorch_cpu.so
=========         Host Frame: main [0x5500] in tail_reference_probe
========= 
========= Uninitialized __global__ memory read of size 16 bytes
=========     at void at::native::vectorized_elementwise_kernel<(int)8, at::native::GeluCUDAKernelImpl(at::TensorIteratorBase &, at::native::GeluType)::[lambda() (instance 2)]::operator ()() const::[lambda() (instance 4)]::operator ()() const::[lambda(c10::BFloat16) (instance 1)], std::array<char *, (unsigned long)2>>(int, T2, T3)+0xc0
=========     by thread (113,0,0) in block (0,0,0)
=========     Address 0x2b9efd41e710
=========     Saved host backtrace up to driver entry point at kernel launch time
=========         Host Frame: cuLaunchKernel [0x39d6c4] in libcuda.so.1
=========         Host Frame:  [0x13e88] in libcudart.so.12
=========         Host Frame: cudaLaunchKernel [0x79f87] in libcudart.so.12
=========         Host Frame: void at::native::gpu_kernel_impl<__nv_hdl_wrapper_t<false, true, false, __nv_dl_tag<void (*)(at::TensorIteratorBase&, at::native::GeluType), &at::native::GeluCUDAKernelImpl, 8u>, c10::BFloat16 (c10::BFloat16)> >(at::TensorIteratorBase&, __nv_hdl_wrapper_t<false, true, false, __nv_dl_tag<void (*)(at::TensorIteratorBase&, at::native::GeluType), &at::native::GeluCUDAKernelImpl, 8u>, c10::BFloat16 (c10::BFloat16)> const&) [clone .isra.0] [0x149a222] in libtorch_cuda.so
=========         Host Frame: at::(anonymous namespace)::wrapper_CUDA_gelu(at::Tensor const&, std::basic_string_view<char, std::char_traits<char> >) [0x389d25e] in libtorch_cuda.so
=========         Host Frame: c10::impl::wrap_kernel_functor_unboxed_<c10::impl::detail::WrapFunctionIntoFunctor_<c10::CompileTimeFunctionPointer<at::Tensor (at::Tensor const&, std::basic_string_view<char, std::char_traits<char> >), &at::(anonymous namespace)::wrapper_CUDA_gelu>, at::Tensor, c10::guts::typelist::typelist<at::Tensor const&, std::basic_string_view<char, std::char_traits<char> > > >, at::Tensor (at::Tensor const&, std::basic_string_view<char, std::char_traits<char> >)>::call(c10::OperatorKernel*, c10::DispatchKeySet, at::Tensor const&, std::basic_string_view<char, std::char_traits<char> >) [0x389d301] in libtorch_cuda.so
=========         Host Frame: at::_ops::gelu::redispatch(c10::DispatchKeySet, at::Tensor const&, std::basic_string_view<char, std::char_traits<char> >) [0x28d4193] in libtorch_cpu.so
=========         Host Frame: torch::autograd::VariableType::(anonymous namespace)::gelu(c10::DispatchKeySet, at::Tensor const&, std::basic_string_view<char, std::char_traits<char> >) [0x533cd3b] in libtorch_cpu.so
=========         Host Frame: c10::impl::wrap_kernel_functor_unboxed_<c10::impl::detail::WrapFunctionIntoFunctor_<c10::CompileTimeFunctionPointer<at::Tensor (c10::DispatchKeySet, at::Tensor const&, std::basic_string_view<char, std::char_traits<char> >), &torch::autograd::VariableType::(anonymous namespace)::gelu>, at::Tensor, c10::guts::typelist::typelist<c10::DispatchKeySet, at::Tensor const&, std::basic_string_view<char, std::char_traits<char> > > >, at::Tensor (c10::DispatchKeySet, at::Tensor const&, std::basic_string_view<char, std::char_traits<char> >)>::call(c10::OperatorKernel*, c10::DispatchKeySet, at::Tensor const&, std::basic_string_view<char, std::char_traits<char> >) [0x533d404] in libtorch_cpu.so
=========         Host Frame: at::_ops::gelu::call(at::Tensor const&, std::basic_string_view<char, std::char_traits<char> >) [0x298862f] in libtorch_cpu.so
=========         Host Frame: main [0x5500] in tail_reference_probe
========= 
========= Uninitialized __global__ memory read of size 16 bytes
=========     at void at::native::vectorized_elementwise_kernel<(int)8, at::native::GeluCUDAKernelImpl(at::TensorIteratorBase &, at::native::GeluType)::[lambda() (instance 2)]::operator ()() const::[lambda() (instance 4)]::operator ()() const::[lambda(c10::BFloat16) (instance 1)], std::array<char *, (unsigned long)2>>(int, T2, T3)+0xc0
=========     by thread (114,0,0) in block (0,0,0)
=========     Address 0x2b9efd41e720
=========     Saved host backtrace up to driver entry point at kernel launch time
=========         Host Frame: cuLaunchKernel [0x39d6c4] in libcuda.so.1
=========         Host Frame:  [0x13e88] in libcudart.so.12
=========         Host Frame: cudaLaunchKernel [0x79f87] in libcudart.so.12
=========         Host Frame: void at::native::gpu_kernel_impl<__nv_hdl_wrapper_t<false, true, false, __nv_dl_tag<void (*)(at::TensorIteratorBase&, at::native::GeluType), &at::native::GeluCUDAKernelImpl, 8u>, c10::BFloat16 (c10::BFloat16)> >(at::TensorIteratorBase&, __nv_hdl_wrapper_t<false, true, false, __nv_dl_tag<void (*)(at::TensorIteratorBase&, at::native::GeluType), &at::native::GeluCUDAKernelImpl, 8u>, c10::BFloat16 (c10::BFloat16)> const&) [clone .isra.0] [0x149a222] in libtorch_cuda.so
=========         Host Frame: at::(anonymous namespace)::wrapper_CUDA_gelu(at::Tensor const&, std::basic_string_view<char, std::char_traits<char> >) [0x389d25e] in libtorch_cuda.so
=========         Host Frame: c10::impl::wrap_kernel_functor_unboxed_<c10::impl::detail::WrapFunctionIntoFunctor_<c10::CompileTimeFunctionPointer<at::Tensor (at::Tensor const&, std::basic_string_view<char, std::char_traits<char> >), &at::(anonymous namespace)::wrapper_CUDA_gelu>, at::Tensor, c10::guts::typelist::typelist<at::Tensor const&, std::basic_string_view<char, std::char_traits<char> > > >, at::Tensor (at::Tensor const&, std::basic_string_view<char, std::char_traits<char> >)>::call(c10::OperatorKernel*, c10::DispatchKeySet, at::Tensor const&, std::basic_string_view<char, std::char_traits<char> >) [0x389d301] in libtorch_cuda.so
=========         Host Frame: at::_ops::gelu::redispatch(c10::DispatchKeySet, at::Tensor const&, std::basic_string_view<char, std::char_traits<char> >) [0x28d4193] in libtorch_cpu.so
=========         Host Frame: torch::autograd::VariableType::(anonymous namespace)::gelu(c10::DispatchKeySet, at::Tensor const&, std::basic_string_view<char, std::char_traits<char> >) [0x533cd3b] in libtorch_cpu.so
=========         Host Frame: c10::impl::wrap_kernel_functor_unboxed_<c10::impl::detail::WrapFunctionIntoFunctor_<c10::CompileTimeFunctionPointer<at::Tensor (c10::DispatchKeySet, at::Tensor const&, std::basic_string_view<char, std::char_traits<char> >), &torch::autograd::VariableType::(anonymous namespace)::gelu>, at::Tensor, c10::guts::typelist::typelist<c10::DispatchKeySet, at::Tensor const&, std::basic_string_view<char, std::char_traits<char> > > >, at::Tensor (c10::DispatchKeySet, at::Tensor const&, std::basic_string_view<char, std::char_traits<char> >)>::call(c10::OperatorKernel*, c10::DispatchKeySet, at::Tensor const&, std::basic_string_view<char, std::char_traits<char> >) [0x533d404] in libtorch_cpu.so
=========         Host Frame: at::_ops::gelu::call(at::Tensor const&, std::basic_string_view<char, std::char_traits<char> >) [0x298862f] in libtorch_cpu.so
=========         Host Frame: main [0x5500] in tail_reference_probe
========= 
========= Uninitialized __global__ memory read of size 16 bytes
=========     at void at::native::vectorized_elementwise_kernel<(int)8, at::native::GeluCUDAKernelImpl(at::TensorIteratorBase &, at::native::GeluType)::[lambda() (instance 2)]::operator ()() const::[lambda() (instance 4)]::operator ()() const::[lambda(c10::BFloat16) (instance 1)], std::array<char *, (unsigned long)2>>(int, T2, T3)+0xc0
=========     by thread (115,0,0) in block (0,0,0)
=========     Address 0x2b9efd41e730
=========     Saved host backtrace up to driver entry point at kernel launch time
=========         Host Frame: cuLaunchKernel [0x39d6c4] in libcuda.so.1
=========         Host Frame:  [0x13e88] in libcudart.so.12
=========         Host Frame: cudaLaunchKernel [0x79f87] in libcudart.so.12
=========         Host Frame: void at::native::gpu_kernel_impl<__nv_hdl_wrapper_t<false, true, false, __nv_dl_tag<void (*)(at::TensorIteratorBase&, at::native::GeluType), &at::native::GeluCUDAKernelImpl, 8u>, c10::BFloat16 (c10::BFloat16)> >(at::TensorIteratorBase&, __nv_hdl_wrapper_t<false, true, false, __nv_dl_tag<void (*)(at::TensorIteratorBase&, at::native::GeluType), &at::native::GeluCUDAKernelImpl, 8u>, c10::BFloat16 (c10::BFloat16)> const&) [clone .isra.0] [0x149a222] in libtorch_cuda.so
=========         Host Frame: at::(anonymous namespace)::wrapper_CUDA_gelu(at::Tensor const&, std::basic_string_view<char, std::char_traits<char> >) [0x389d25e] in libtorch_cuda.so
=========         Host Frame: c10::impl::wrap_kernel_functor_unboxed_<c10::impl::detail::WrapFunctionIntoFunctor_<c10::CompileTimeFunctionPointer<at::Tensor (at::Tensor const&, std::basic_string_view<char, std::char_traits<char> >), &at::(anonymous namespace)::wrapper_CUDA_gelu>, at::Tensor, c10::guts::typelist::typelist<at::Tensor const&, std::basic_string_view<char, std::char_traits<char> > > >, at::Tensor (at::Tensor const&, std::basic_string_view<char, std::char_traits<char> >)>::call(c10::OperatorKernel*, c10::DispatchKeySet, at::Tensor const&, std::basic_string_view<char, std::char_traits<char> >) [0x389d301] in libtorch_cuda.so
=========         Host Frame: at::_ops::gelu::redispatch(c10::DispatchKeySet, at::Tensor const&, std::basic_string_view<char, std::char_traits<char> >) [0x28d4193] in libtorch_cpu.so
=========         Host Frame: torch::autograd::VariableType::(anonymous namespace)::gelu(c10::DispatchKeySet, at::Tensor const&, std::basic_string_view<char, std::char_traits<char> >) [0x533cd3b] in libtorch_cpu.so
=========         Host Frame: c10::impl::wrap_kernel_functor_unboxed_<c10::impl::detail::WrapFunctionIntoFunctor_<c10::CompileTimeFunctionPointer<at::Tensor (c10::DispatchKeySet, at::Tensor const&, std::basic_string_view<char, std::char_traits<char> >), &torch::autograd::VariableType::(anonymous namespace)::gelu>, at::Tensor, c10::guts::typelist::typelist<c10::DispatchKeySet, at::Tensor const&, std::basic_string_view<char, std::char_traits<char> > > >, at::Tensor (c10::DispatchKeySet, at::Tensor const&, std::basic_string_view<char, std::char_traits<char> >)>::call(c10::OperatorKernel*, c10::DispatchKeySet, at::Tensor const&, std::basic_string_view<char, std::char_traits<char> >) [0x533d404] in libtorch_cpu.so
=========         Host Frame: at::_ops::gelu::call(at::Tensor const&, std::basic_string_view<char, std::char_traits<char> >) [0x298862f] in libtorch_cpu.so
=========         Host Frame: main [0x5500] in tail_reference_probe
========= 
========= Uninitialized __global__ memory read of size 16 bytes
=========     at void at::native::vectorized_elementwise_kernel<(int)8, at::native::GeluCUDAKernelImpl(at::TensorIteratorBase &, at::native::GeluType)::[lambda() (instance 2)]::operator ()() const::[lambda() (instance 4)]::operator ()() const::[lambda(c10::BFloat16) (instance 1)], std::array<char *, (unsigned long)2>>(int, T2, T3)+0xc0
=========     by thread (116,0,0) in block (0,0,0)
=========     Address 0x2b9efd41e740
=========     Saved host backtrace up to driver entry point at kernel launch time
=========         Host Frame: cuLaunchKernel [0x39d6c4] in libcuda.so.1
=========         Host Frame:  [0x13e88] in libcudart.so.12
=========         Host Frame: cudaLaunchKernel [0x79f87] in libcudart.so.12
=========         Host Frame: void at::native::gpu_kernel_impl<__nv_hdl_wrapper_t<false, true, false, __nv_dl_tag<void (*)(at::TensorIteratorBase&, at::native::GeluType), &at::native::GeluCUDAKernelImpl, 8u>, c10::BFloat16 (c10::BFloat16)> >(at::TensorIteratorBase&, __nv_hdl_wrapper_t<false, true, false, __nv_dl_tag<void (*)(at::TensorIteratorBase&, at::native::GeluType), &at::native::GeluCUDAKernelImpl, 8u>, c10::BFloat16 (c10::BFloat16)> const&) [clone .isra.0] [0x149a222] in libtorch_cuda.so
=========         Host Frame: at::(anonymous namespace)::wrapper_CUDA_gelu(at::Tensor const&, std::basic_string_view<char, std::char_traits<char> >) [0x389d25e] in libtorch_cuda.so
=========         Host Frame: c10::impl::wrap_kernel_functor_unboxed_<c10::impl::detail::WrapFunctionIntoFunctor_<c10::CompileTimeFunctionPointer<at::Tensor (at::Tensor const&, std::basic_string_view<char, std::char_traits<char> >), &at::(anonymous namespace)::wrapper_CUDA_gelu>, at::Tensor, c10::guts::typelist::typelist<at::Tensor const&, std::basic_string_view<char, std::char_traits<char> > > >, at::Tensor (at::Tensor const&, std::basic_string_view<char, std::char_traits<char> >)>::call(c10::OperatorKernel*, c10::DispatchKeySet, at::Tensor const&, std::basic_string_view<char, std::char_traits<char> >) [0x389d301] in libtorch_cuda.so
=========         Host Frame: at::_ops::gelu::redispatch(c10::DispatchKeySet, at::Tensor const&, std::basic_string_view<char, std::char_traits<char> >) [0x28d4193] in libtorch_cpu.so
=========         Host Frame: torch::autograd::VariableType::(anonymous namespace)::gelu(c10::DispatchKeySet, at::Tensor const&, std::basic_string_view<char, std::char_traits<char> >) [0x533cd3b] in libtorch_cpu.so
=========         Host Frame: c10::impl::wrap_kernel_functor_unboxed_<c10::impl::detail::WrapFunctionIntoFunctor_<c10::CompileTimeFunctionPointer<at::Tensor (c10::DispatchKeySet, at::Tensor const&, std::basic_string_view<char, std::char_traits<char> >), &torch::autograd::VariableType::(anonymous namespace)::gelu>, at::Tensor, c10::guts::typelist::typelist<c10::DispatchKeySet, at::Tensor const&, std::basic_string_view<char, std::char_traits<char> > > >, at::Tensor (c10::DispatchKeySet, at::Tensor const&, std::basic_string_view<char, std::char_traits<char> >)>::call(c10::OperatorKernel*, c10::DispatchKeySet, at::Tensor const&, std::basic_string_view<char, std::char_traits<char> >) [0x533d404] in libtorch_cpu.so
=========         Host Frame: at::_ops::gelu::call(at::Tensor const&, std::basic_string_view<char, std::char_traits<char> >) [0x298862f] in libtorch_cpu.so
=========         Host Frame: main [0x5500] in tail_reference_probe
========= 
========= Uninitialized __global__ memory read of size 16 bytes
=========     at void at::native::vectorized_elementwise_kernel<(int)8, at::native::GeluCUDAKernelImpl(at::TensorIteratorBase &, at::native::GeluType)::[lambda() (instance 2)]::operator ()() const::[lambda() (instance 4)]::operator ()() const::[lambda(c10::BFloat16) (instance 1)], std::array<char *, (unsigned long)2>>(int, T2, T3)+0xc0
=========     by thread (117,0,0) in block (0,0,0)
=========     Address 0x2b9efd41e750
=========     Saved host backtrace up to driver entry point at kernel launch time
=========         Host Frame: cuLaunchKernel [0x39d6c4] in libcuda.so.1
=========         Host Frame:  [0x13e88] in libcudart.so.12
=========         Host Frame: cudaLaunchKernel [0x79f87] in libcudart.so.12
=========         Host Frame: void at::native::gpu_kernel_impl<__nv_hdl_wrapper_t<false, true, false, __nv_dl_tag<void (*)(at::TensorIteratorBase&, at::native::GeluType), &at::native::GeluCUDAKernelImpl, 8u>, c10::BFloat16 (c10::BFloat16)> >(at::TensorIteratorBase&, __nv_hdl_wrapper_t<false, true, false, __nv_dl_tag<void (*)(at::TensorIteratorBase&, at::native::GeluType), &at::native::GeluCUDAKernelImpl, 8u>, c10::BFloat16 (c10::BFloat16)> const&) [clone .isra.0] [0x149a222] in libtorch_cuda.so
=========         Host Frame: at::(anonymous namespace)::wrapper_CUDA_gelu(at::Tensor const&, std::basic_string_view<char, std::char_traits<char> >) [0x389d25e] in libtorch_cuda.so
=========         Host Frame: c10::impl::wrap_kernel_functor_unboxed_<c10::impl::detail::WrapFunctionIntoFunctor_<c10::CompileTimeFunctionPointer<at::Tensor (at::Tensor const&, std::basic_string_view<char, std::char_traits<char> >), &at::(anonymous namespace)::wrapper_CUDA_gelu>, at::Tensor, c10::guts::typelist::typelist<at::Tensor const&, std::basic_string_view<char, std::char_traits<char> > > >, at::Tensor (at::Tensor const&, std::basic_string_view<char, std::char_traits<char> >)>::call(c10::OperatorKernel*, c10::DispatchKeySet, at::Tensor const&, std::basic_string_view<char, std::char_traits<char> >) [0x389d301] in libtorch_cuda.so
=========         Host Frame: at::_ops::gelu::redispatch(c10::DispatchKeySet, at::Tensor const&, std::basic_string_view<char, std::char_traits<char> >) [0x28d4193] in libtorch_cpu.so
=========         Host Frame: torch::autograd::VariableType::(anonymous namespace)::gelu(c10::DispatchKeySet, at::Tensor const&, std::basic_string_view<char, std::char_traits<char> >) [0x533cd3b] in libtorch_cpu.so
=========         Host Frame: c10::impl::wrap_kernel_functor_unboxed_<c10::impl::detail::WrapFunctionIntoFunctor_<c10::CompileTimeFunctionPointer<at::Tensor (c10::DispatchKeySet, at::Tensor const&, std::basic_string_view<char, std::char_traits<char> >), &torch::autograd::VariableType::(anonymous namespace)::gelu>, at::Tensor, c10::guts::typelist::typelist<c10::DispatchKeySet, at::Tensor const&, std::basic_string_view<char, std::char_traits<char> > > >, at::Tensor (c10::DispatchKeySet, at::Tensor const&, std::basic_string_view<char, std::char_traits<char> >)>::call(c10::OperatorKernel*, c10::DispatchKeySet, at::Tensor const&, std::basic_string_view<char, std::char_traits<char> >) [0x533d404] in libtorch_cpu.so
=========         Host Frame: at::_ops::gelu::call(at::Tensor const&, std::basic_string_view<char, std::char_traits<char> >) [0x298862f] in libtorch_cpu.so
=========         Host Frame: main [0x5500] in tail_reference_probe
========= 
========= Uninitialized __global__ memory read of size 16 bytes
=========     at void at::native::vectorized_elementwise_kernel<(int)8, at::native::GeluCUDAKernelImpl(at::TensorIteratorBase &, at::native::GeluType)::[lambda() (instance 2)]::operator ()() const::[lambda() (instance 4)]::operator ()() const::[lambda(c10::BFloat16) (instance 1)], std::array<char *, (unsigned long)2>>(int, T2, T3)+0xc0
=========     by thread (118,0,0) in block (0,0,0)
=========     Address 0x2b9efd41e760
=========     Saved host backtrace up to driver entry point at kernel launch time
=========         Host Frame: cuLaunchKernel [0x39d6c4] in libcuda.so.1
=========         Host Frame:  [0x13e88] in libcudart.so.12
=========         Host Frame: cudaLaunchKernel [0x79f87] in libcudart.so.12
=========         Host Frame: void at::native::gpu_kernel_impl<__nv_hdl_wrapper_t<false, true, false, __nv_dl_tag<void (*)(at::TensorIteratorBase&, at::native::GeluType), &at::native::GeluCUDAKernelImpl, 8u>, c10::BFloat16 (c10::BFloat16)> >(at::TensorIteratorBase&, __nv_hdl_wrapper_t<false, true, false, __nv_dl_tag<void (*)(at::TensorIteratorBase&, at::native::GeluType), &at::native::GeluCUDAKernelImpl, 8u>, c10::BFloat16 (c10::BFloat16)> const&) [clone .isra.0] [0x149a222] in libtorch_cuda.so
=========         Host Frame: at::(anonymous namespace)::wrapper_CUDA_gelu(at::Tensor const&, std::basic_string_view<char, std::char_traits<char> >) [0x389d25e] in libtorch_cuda.so
=========         Host Frame: c10::impl::wrap_kernel_functor_unboxed_<c10::impl::detail::WrapFunctionIntoFunctor_<c10::CompileTimeFunctionPointer<at::Tensor (at::Tensor const&, std::basic_string_view<char, std::char_traits<char> >), &at::(anonymous namespace)::wrapper_CUDA_gelu>, at::Tensor, c10::guts::typelist::typelist<at::Tensor const&, std::basic_string_view<char, std::char_traits<char> > > >, at::Tensor (at::Tensor const&, std::basic_string_view<char, std::char_traits<char> >)>::call(c10::OperatorKernel*, c10::DispatchKeySet, at::Tensor const&, std::basic_string_view<char, std::char_traits<char> >) [0x389d301] in libtorch_cuda.so
=========         Host Frame: at::_ops::gelu::redispatch(c10::DispatchKeySet, at::Tensor const&, std::basic_string_view<char, std::char_traits<char> >) [0x28d4193] in libtorch_cpu.so
=========         Host Frame: torch::autograd::VariableType::(anonymous namespace)::gelu(c10::DispatchKeySet, at::Tensor const&, std::basic_string_view<char, std::char_traits<char> >) [0x533cd3b] in libtorch_cpu.so
=========         Host Frame: c10::impl::wrap_kernel_functor_unboxed_<c10::impl::detail::WrapFunctionIntoFunctor_<c10::CompileTimeFunctionPointer<at::Tensor (c10::DispatchKeySet, at::Tensor const&, std::basic_string_view<char, std::char_traits<char> >), &torch::autograd::VariableType::(anonymous namespace)::gelu>, at::Tensor, c10::guts::typelist::typelist<c10::DispatchKeySet, at::Tensor const&, std::basic_string_view<char, std::char_traits<char> > > >, at::Tensor (c10::DispatchKeySet, at::Tensor const&, std::basic_string_view<char, std::char_traits<char> >)>::call(c10::OperatorKernel*, c10::DispatchKeySet, at::Tensor const&, std::basic_string_view<char, std::char_traits<char> >) [0x533d404] in libtorch_cpu.so
=========         Host Frame: at::_ops::gelu::call(at::Tensor const&, std::basic_string_view<char, std::char_traits<char> >) [0x298862f] in libtorch_cpu.so
=========         Host Frame: main [0x5500] in tail_reference_probe
========= 
========= Uninitialized __global__ memory read of size 16 bytes
=========     at void at::native::vectorized_elementwise_kernel<(int)8, at::native::GeluCUDAKernelImpl(at::TensorIteratorBase &, at::native::GeluType)::[lambda() (instance 2)]::operator ()() const::[lambda() (instance 4)]::operator ()() const::[lambda(c10::BFloat16) (instance 1)], std::array<char *, (unsigned long)2>>(int, T2, T3)+0xc0
=========     by thread (119,0,0) in block (0,0,0)
=========     Address 0x2b9efd41e770
=========     Saved host backtrace up to driver entry point at kernel launch time
=========         Host Frame: cuLaunchKernel [0x39d6c4] in libcuda.so.1
=========         Host Frame:  [0x13e88] in libcudart.so.12
=========         Host Frame: cudaLaunchKernel [0x79f87] in libcudart.so.12
=========         Host Frame: void at::native::gpu_kernel_impl<__nv_hdl_wrapper_t<false, true, false, __nv_dl_tag<void (*)(at::TensorIteratorBase&, at::native::GeluType), &at::native::GeluCUDAKernelImpl, 8u>, c10::BFloat16 (c10::BFloat16)> >(at::TensorIteratorBase&, __nv_hdl_wrapper_t<false, true, false, __nv_dl_tag<void (*)(at::TensorIteratorBase&, at::native::GeluType), &at::native::GeluCUDAKernelImpl, 8u>, c10::BFloat16 (c10::BFloat16)> const&) [clone .isra.0] [0x149a222] in libtorch_cuda.so
=========         Host Frame: at::(anonymous namespace)::wrapper_CUDA_gelu(at::Tensor const&, std::basic_string_view<char, std::char_traits<char> >) [0x389d25e] in libtorch_cuda.so
=========         Host Frame: c10::impl::wrap_kernel_functor_unboxed_<c10::impl::detail::WrapFunctionIntoFunctor_<c10::CompileTimeFunctionPointer<at::Tensor (at::Tensor const&, std::basic_string_view<char, std::char_traits<char> >), &at::(anonymous namespace)::wrapper_CUDA_gelu>, at::Tensor, c10::guts::typelist::typelist<at::Tensor const&, std::basic_string_view<char, std::char_traits<char> > > >, at::Tensor (at::Tensor const&, std::basic_string_view<char, std::char_traits<char> >)>::call(c10::OperatorKernel*, c10::DispatchKeySet, at::Tensor const&, std::basic_string_view<char, std::char_traits<char> >) [0x389d301] in libtorch_cuda.so
=========         Host Frame: at::_ops::gelu::redispatch(c10::DispatchKeySet, at::Tensor const&, std::basic_string_view<char, std::char_traits<char> >) [0x28d4193] in libtorch_cpu.so
=========         Host Frame: torch::autograd::VariableType::(anonymous namespace)::gelu(c10::DispatchKeySet, at::Tensor const&, std::basic_string_view<char, std::char_traits<char> >) [0x533cd3b] in libtorch_cpu.so
=========         Host Frame: c10::impl::wrap_kernel_functor_unboxed_<c10::impl::detail::WrapFunctionIntoFunctor_<c10::CompileTimeFunctionPointer<at::Tensor (c10::DispatchKeySet, at::Tensor const&, std::basic_string_view<char, std::char_traits<char> >), &torch::autograd::VariableType::(anonymous namespace)::gelu>, at::Tensor, c10::guts::typelist::typelist<c10::DispatchKeySet, at::Tensor const&, std::basic_string_view<char, std::char_traits<char> > > >, at::Tensor (c10::DispatchKeySet, at::Tensor const&, std::basic_string_view<char, std::char_traits<char> >)>::call(c10::OperatorKernel*, c10::DispatchKeySet, at::Tensor const&, std::basic_string_view<char, std::char_traits<char> >) [0x533d404] in libtorch_cpu.so
=========         Host Frame: at::_ops::gelu::call(at::Tensor const&, std::basic_string_view<char, std::char_traits<char> >) [0x298862f] in libtorch_cpu.so
=========         Host Frame: main [0x5500] in tail_reference_probe
========= 
========= Uninitialized __global__ memory read of size 16 bytes
=========     at void at::native::vectorized_elementwise_kernel<(int)8, at::native::GeluCUDAKernelImpl(at::TensorIteratorBase &, at::native::GeluType)::[lambda() (instance 2)]::operator ()() const::[lambda() (instance 4)]::operator ()() const::[lambda(c10::BFloat16) (instance 1)], std::array<char *, (unsigned long)2>>(int, T2, T3)+0xc0
=========     by thread (120,0,0) in block (0,0,0)
=========     Address 0x2b9efd41e780
=========     Saved host backtrace up to driver entry point at kernel launch time
=========         Host Frame: cuLaunchKernel [0x39d6c4] in libcuda.so.1
=========         Host Frame:  [0x13e88] in libcudart.so.12
=========         Host Frame: cudaLaunchKernel [0x79f87] in libcudart.so.12
=========         Host Frame: void at::native::gpu_kernel_impl<__nv_hdl_wrapper_t<false, true, false, __nv_dl_tag<void (*)(at::TensorIteratorBase&, at::native::GeluType), &at::native::GeluCUDAKernelImpl, 8u>, c10::BFloat16 (c10::BFloat16)> >(at::TensorIteratorBase&, __nv_hdl_wrapper_t<false, true, false, __nv_dl_tag<void (*)(at::TensorIteratorBase&, at::native::GeluType), &at::native::GeluCUDAKernelImpl, 8u>, c10::BFloat16 (c10::BFloat16)> const&) [clone .isra.0] [0x149a222] in libtorch_cuda.so
=========         Host Frame: at::(anonymous namespace)::wrapper_CUDA_gelu(at::Tensor const&, std::basic_string_view<char, std::char_traits<char> >) [0x389d25e] in libtorch_cuda.so
=========         Host Frame: c10::impl::wrap_kernel_functor_unboxed_<c10::impl::detail::WrapFunctionIntoFunctor_<c10::CompileTimeFunctionPointer<at::Tensor (at::Tensor const&, std::basic_string_view<char, std::char_traits<char> >), &at::(anonymous namespace)::wrapper_CUDA_gelu>, at::Tensor, c10::guts::typelist::typelist<at::Tensor const&, std::basic_string_view<char, std::char_traits<char> > > >, at::Tensor (at::Tensor const&, std::basic_string_view<char, std::char_traits<char> >)>::call(c10::OperatorKernel*, c10::DispatchKeySet, at::Tensor const&, std::basic_string_view<char, std::char_traits<char> >) [0x389d301] in libtorch_cuda.so
=========         Host Frame: at::_ops::gelu::redispatch(c10::DispatchKeySet, at::Tensor const&, std::basic_string_view<char, std::char_traits<char> >) [0x28d4193] in libtorch_cpu.so
=========         Host Frame: torch::autograd::VariableType::(anonymous namespace)::gelu(c10::DispatchKeySet, at::Tensor const&, std::basic_string_view<char, std::char_traits<char> >) [0x533cd3b] in libtorch_cpu.so
=========         Host Frame: c10::impl::wrap_kernel_functor_unboxed_<c10::impl::detail::WrapFunctionIntoFunctor_<c10::CompileTimeFunctionPointer<at::Tensor (c10::DispatchKeySet, at::Tensor const&, std::basic_string_view<char, std::char_traits<char> >), &torch::autograd::VariableType::(anonymous namespace)::gelu>, at::Tensor, c10::guts::typelist::typelist<c10::DispatchKeySet, at::Tensor const&, std::basic_string_view<char, std::char_traits<char> > > >, at::Tensor (c10::DispatchKeySet, at::Tensor const&, std::basic_string_view<char, std::char_traits<char> >)>::call(c10::OperatorKernel*, c10::DispatchKeySet, at::Tensor const&, std::basic_string_view<char, std::char_traits<char> >) [0x533d404] in libtorch_cpu.so
=========         Host Frame: at::_ops::gelu::call(at::Tensor const&, std::basic_string_view<char, std::char_traits<char> >) [0x298862f] in libtorch_cpu.so
=========         Host Frame: main [0x5500] in tail_reference_probe
========= 
========= Uninitialized __global__ memory read of size 16 bytes
=========     at void at::native::vectorized_elementwise_kernel<(int)8, at::native::GeluCUDAKernelImpl(at::TensorIteratorBase &, at::native::GeluType)::[lambda() (instance 2)]::operator ()() const::[lambda() (instance 4)]::operator ()() const::[lambda(c10::BFloat16) (instance 1)], std::array<char *, (unsigned long)2>>(int, T2, T3)+0xc0
=========     by thread (121,0,0) in block (0,0,0)
=========     Address 0x2b9efd41e790
=========     Saved host backtrace up to driver entry point at kernel launch time
=========         Host Frame: cuLaunchKernel [0x39d6c4] in libcuda.so.1
=========         Host Frame:  [0x13e88] in libcudart.so.12
=========         Host Frame: cudaLaunchKernel [0x79f87] in libcudart.so.12
=========         Host Frame: void at::native::gpu_kernel_impl<__nv_hdl_wrapper_t<false, true, false, __nv_dl_tag<void (*)(at::TensorIteratorBase&, at::native::GeluType), &at::native::GeluCUDAKernelImpl, 8u>, c10::BFloat16 (c10::BFloat16)> >(at::TensorIteratorBase&, __nv_hdl_wrapper_t<false, true, false, __nv_dl_tag<void (*)(at::TensorIteratorBase&, at::native::GeluType), &at::native::GeluCUDAKernelImpl, 8u>, c10::BFloat16 (c10::BFloat16)> const&) [clone .isra.0] [0x149a222] in libtorch_cuda.so
=========         Host Frame: at::(anonymous namespace)::wrapper_CUDA_gelu(at::Tensor const&, std::basic_string_view<char, std::char_traits<char> >) [0x389d25e] in libtorch_cuda.so
=========         Host Frame: c10::impl::wrap_kernel_functor_unboxed_<c10::impl::detail::WrapFunctionIntoFunctor_<c10::CompileTimeFunctionPointer<at::Tensor (at::Tensor const&, std::basic_string_view<char, std::char_traits<char> >), &at::(anonymous namespace)::wrapper_CUDA_gelu>, at::Tensor, c10::guts::typelist::typelist<at::Tensor const&, std::basic_string_view<char, std::char_traits<char> > > >, at::Tensor (at::Tensor const&, std::basic_string_view<char, std::char_traits<char> >)>::call(c10::OperatorKernel*, c10::DispatchKeySet, at::Tensor const&, std::basic_string_view<char, std::char_traits<char> >) [0x389d301] in libtorch_cuda.so
=========         Host Frame: at::_ops::gelu::redispatch(c10::DispatchKeySet, at::Tensor const&, std::basic_string_view<char, std::char_traits<char> >) [0x28d4193] in libtorch_cpu.so
=========         Host Frame: torch::autograd::VariableType::(anonymous namespace)::gelu(c10::DispatchKeySet, at::Tensor const&, std::basic_string_view<char, std::char_traits<char> >) [0x533cd3b] in libtorch_cpu.so
=========         Host Frame: c10::impl::wrap_kernel_functor_unboxed_<c10::impl::detail::WrapFunctionIntoFunctor_<c10::CompileTimeFunctionPointer<at::Tensor (c10::DispatchKeySet, at::Tensor const&, std::basic_string_view<char, std::char_traits<char> >), &torch::autograd::VariableType::(anonymous namespace)::gelu>, at::Tensor, c10::guts::typelist::typelist<c10::DispatchKeySet, at::Tensor const&, std::basic_string_view<char, std::char_traits<char> > > >, at::Tensor (c10::DispatchKeySet, at::Tensor const&, std::basic_string_view<char, std::char_traits<char> >)>::call(c10::OperatorKernel*, c10::DispatchKeySet, at::Tensor const&, std::basic_string_view<char, std::char_traits<char> >) [0x533d404] in libtorch_cpu.so
=========         Host Frame: at::_ops::gelu::call(at::Tensor const&, std::basic_string_view<char, std::char_traits<char> >) [0x298862f] in libtorch_cpu.so
=========         Host Frame: main [0x5500] in tail_reference_probe
========= 
========= Uninitialized __global__ memory read of size 16 bytes
=========     at void at::native::vectorized_elementwise_kernel<(int)8, at::native::GeluCUDAKernelImpl(at::TensorIteratorBase &, at::native::GeluType)::[lambda() (instance 2)]::operator ()() const::[lambda() (instance 4)]::operator ()() const::[lambda(c10::BFloat16) (instance 1)], std::array<char *, (unsigned long)2>>(int, T2, T3)+0xc0
=========     by thread (122,0,0) in block (0,0,0)
=========     Address 0x2b9efd41e7a0
=========     Saved host backtrace up to driver entry point at kernel launch time
=========         Host Frame: cuLaunchKernel [0x39d6c4] in libcuda.so.1
=========         Host Frame:  [0x13e88] in libcudart.so.12
=========         Host Frame: cudaLaunchKernel [0x79f87] in libcudart.so.12
=========         Host Frame: void at::native::gpu_kernel_impl<__nv_hdl_wrapper_t<false, true, false, __nv_dl_tag<void (*)(at::TensorIteratorBase&, at::native::GeluType), &at::native::GeluCUDAKernelImpl, 8u>, c10::BFloat16 (c10::BFloat16)> >(at::TensorIteratorBase&, __nv_hdl_wrapper_t<false, true, false, __nv_dl_tag<void (*)(at::TensorIteratorBase&, at::native::GeluType), &at::native::GeluCUDAKernelImpl, 8u>, c10::BFloat16 (c10::BFloat16)> const&) [clone .isra.0] [0x149a222] in libtorch_cuda.so
=========         Host Frame: at::(anonymous namespace)::wrapper_CUDA_gelu(at::Tensor const&, std::basic_string_view<char, std::char_traits<char> >) [0x389d25e] in libtorch_cuda.so
=========         Host Frame: c10::impl::wrap_kernel_functor_unboxed_<c10::impl::detail::WrapFunctionIntoFunctor_<c10::CompileTimeFunctionPointer<at::Tensor (at::Tensor const&, std::basic_string_view<char, std::char_traits<char> >), &at::(anonymous namespace)::wrapper_CUDA_gelu>, at::Tensor, c10::guts::typelist::typelist<at::Tensor const&, std::basic_string_view<char, std::char_traits<char> > > >, at::Tensor (at::Tensor const&, std::basic_string_view<char, std::char_traits<char> >)>::call(c10::OperatorKernel*, c10::DispatchKeySet, at::Tensor const&, std::basic_string_view<char, std::char_traits<char> >) [0x389d301] in libtorch_cuda.so
=========         Host Frame: at::_ops::gelu::redispatch(c10::DispatchKeySet, at::Tensor const&, std::basic_string_view<char, std::char_traits<char> >) [0x28d4193] in libtorch_cpu.so
=========         Host Frame: torch::autograd::VariableType::(anonymous namespace)::gelu(c10::DispatchKeySet, at::Tensor const&, std::basic_string_view<char, std::char_traits<char> >) [0x533cd3b] in libtorch_cpu.so
=========         Host Frame: c10::impl::wrap_kernel_functor_unboxed_<c10::impl::detail::WrapFunctionIntoFunctor_<c10::CompileTimeFunctionPointer<at::Tensor (c10::DispatchKeySet, at::Tensor const&, std::basic_string_view<char, std::char_traits<char> >), &torch::autograd::VariableType::(anonymous namespace)::gelu>, at::Tensor, c10::guts::typelist::typelist<c10::DispatchKeySet, at::Tensor const&, std::basic_string_view<char, std::char_traits<char> > > >, at::Tensor (c10::DispatchKeySet, at::Tensor const&, std::basic_string_view<char, std::char_traits<char> >)>::call(c10::OperatorKernel*, c10::DispatchKeySet, at::Tensor const&, std::basic_string_view<char, std::char_traits<char> >) [0x533d404] in libtorch_cpu.so
=========         Host Frame: at::_ops::gelu::call(at::Tensor const&, std::basic_string_view<char, std::char_traits<char> >) [0x298862f] in libtorch_cpu.so
=========         Host Frame: main [0x5500] in tail_reference_probe
========= 
========= Uninitialized __global__ memory read of size 16 bytes
=========     at void at::native::vectorized_elementwise_kernel<(int)8, at::native::GeluCUDAKernelImpl(at::TensorIteratorBase &, at::native::GeluType)::[lambda() (instance 2)]::operator ()() const::[lambda() (instance 4)]::operator ()() const::[lambda(c10::BFloat16) (instance 1)], std::array<char *, (unsigned long)2>>(int, T2, T3)+0xc0
=========     by thread (123,0,0) in block (0,0,0)
=========     Address 0x2b9efd41e7b0
=========     Saved host backtrace up to driver entry point at kernel launch time
=========         Host Frame: cuLaunchKernel [0x39d6c4] in libcuda.so.1
=========         Host Frame:  [0x13e88] in libcudart.so.12
=========         Host Frame: cudaLaunchKernel [0x79f87] in libcudart.so.12
=========         Host Frame: void at::native::gpu_kernel_impl<__nv_hdl_wrapper_t<false, true, false, __nv_dl_tag<void (*)(at::TensorIteratorBase&, at::native::GeluType), &at::native::GeluCUDAKernelImpl, 8u>, c10::BFloat16 (c10::BFloat16)> >(at::TensorIteratorBase&, __nv_hdl_wrapper_t<false, true, false, __nv_dl_tag<void (*)(at::TensorIteratorBase&, at::native::GeluType), &at::native::GeluCUDAKernelImpl, 8u>, c10::BFloat16 (c10::BFloat16)> const&) [clone .isra.0] [0x149a222] in libtorch_cuda.so
=========         Host Frame: at::(anonymous namespace)::wrapper_CUDA_gelu(at::Tensor const&, std::basic_string_view<char, std::char_traits<char> >) [0x389d25e] in libtorch_cuda.so
=========         Host Frame: c10::impl::wrap_kernel_functor_unboxed_<c10::impl::detail::WrapFunctionIntoFunctor_<c10::CompileTimeFunctionPointer<at::Tensor (at::Tensor const&, std::basic_string_view<char, std::char_traits<char> >), &at::(anonymous namespace)::wrapper_CUDA_gelu>, at::Tensor, c10::guts::typelist::typelist<at::Tensor const&, std::basic_string_view<char, std::char_traits<char> > > >, at::Tensor (at::Tensor const&, std::basic_string_view<char, std::char_traits<char> >)>::call(c10::OperatorKernel*, c10::DispatchKeySet, at::Tensor const&, std::basic_string_view<char, std::char_traits<char> >) [0x389d301] in libtorch_cuda.so
=========         Host Frame: at::_ops::gelu::redispatch(c10::DispatchKeySet, at::Tensor const&, std::basic_string_view<char, std::char_traits<char> >) [0x28d4193] in libtorch_cpu.so
=========         Host Frame: torch::autograd::VariableType::(anonymous namespace)::gelu(c10::DispatchKeySet, at::Tensor const&, std::basic_string_view<char, std::char_traits<char> >) [0x533cd3b] in libtorch_cpu.so
=========         Host Frame: c10::impl::wrap_kernel_functor_unboxed_<c10::impl::detail::WrapFunctionIntoFunctor_<c10::CompileTimeFunctionPointer<at::Tensor (c10::DispatchKeySet, at::Tensor const&, std::basic_string_view<char, std::char_traits<char> >), &torch::autograd::VariableType::(anonymous namespace)::gelu>, at::Tensor, c10::guts::typelist::typelist<c10::DispatchKeySet, at::Tensor const&, std::basic_string_view<char, std::char_traits<char> > > >, at::Tensor (c10::DispatchKeySet, at::Tensor const&, std::basic_string_view<char, std::char_traits<char> >)>::call(c10::OperatorKernel*, c10::DispatchKeySet, at::Tensor const&, std::basic_string_view<char, std::char_traits<char> >) [0x533d404] in libtorch_cpu.so
=========         Host Frame: at::_ops::gelu::call(at::Tensor const&, std::basic_string_view<char, std::char_traits<char> >) [0x298862f] in libtorch_cpu.so
=========         Host Frame: main [0x5500] in tail_reference_probe
========= 
========= Uninitialized __global__ memory read of size 16 bytes
=========     at void at::native::vectorized_elementwise_kernel<(int)8, at::native::GeluCUDAKernelImpl(at::TensorIteratorBase &, at::native::GeluType)::[lambda() (instance 2)]::operator ()() const::[lambda() (instance 4)]::operator ()() const::[lambda(c10::BFloat16) (instance 1)], std::array<char *, (unsigned long)2>>(int, T2, T3)+0xc0
=========     by thread (124,0,0) in block (0,0,0)
=========     Address 0x2b9efd41e7c0
=========     Saved host backtrace up to driver entry point at kernel launch time
=========         Host Frame: cuLaunchKernel [0x39d6c4] in libcuda.so.1
=========         Host Frame:  [0x13e88] in libcudart.so.12
=========         Host Frame: cudaLaunchKernel [0x79f87] in libcudart.so.12
=========         Host Frame: void at::native::gpu_kernel_impl<__nv_hdl_wrapper_t<false, true, false, __nv_dl_tag<void (*)(at::TensorIteratorBase&, at::native::GeluType), &at::native::GeluCUDAKernelImpl, 8u>, c10::BFloat16 (c10::BFloat16)> >(at::TensorIteratorBase&, __nv_hdl_wrapper_t<false, true, false, __nv_dl_tag<void (*)(at::TensorIteratorBase&, at::native::GeluType), &at::native::GeluCUDAKernelImpl, 8u>, c10::BFloat16 (c10::BFloat16)> const&) [clone .isra.0] [0x149a222] in libtorch_cuda.so
=========         Host Frame: at::(anonymous namespace)::wrapper_CUDA_gelu(at::Tensor const&, std::basic_string_view<char, std::char_traits<char> >) [0x389d25e] in libtorch_cuda.so
=========         Host Frame: c10::impl::wrap_kernel_functor_unboxed_<c10::impl::detail::WrapFunctionIntoFunctor_<c10::CompileTimeFunctionPointer<at::Tensor (at::Tensor const&, std::basic_string_view<char, std::char_traits<char> >), &at::(anonymous namespace)::wrapper_CUDA_gelu>, at::Tensor, c10::guts::typelist::typelist<at::Tensor const&, std::basic_string_view<char, std::char_traits<char> > > >, at::Tensor (at::Tensor const&, std::basic_string_view<char, std::char_traits<char> >)>::call(c10::OperatorKernel*, c10::DispatchKeySet, at::Tensor const&, std::basic_string_view<char, std::char_traits<char> >) [0x389d301] in libtorch_cuda.so
=========         Host Frame: at::_ops::gelu::redispatch(c10::DispatchKeySet, at::Tensor const&, std::basic_string_view<char, std::char_traits<char> >) [0x28d4193] in libtorch_cpu.so
=========         Host Frame: torch::autograd::VariableType::(anonymous namespace)::gelu(c10::DispatchKeySet, at::Tensor const&, std::basic_string_view<char, std::char_traits<char> >) [0x533cd3b] in libtorch_cpu.so
=========         Host Frame: c10::impl::wrap_kernel_functor_unboxed_<c10::impl::detail::WrapFunctionIntoFunctor_<c10::CompileTimeFunctionPointer<at::Tensor (c10::DispatchKeySet, at::Tensor const&, std::basic_string_view<char, std::char_traits<char> >), &torch::autograd::VariableType::(anonymous namespace)::gelu>, at::Tensor, c10::guts::typelist::typelist<c10::DispatchKeySet, at::Tensor const&, std::basic_string_view<char, std::char_traits<char> > > >, at::Tensor (c10::DispatchKeySet, at::Tensor const&, std::basic_string_view<char, std::char_traits<char> >)>::call(c10::OperatorKernel*, c10::DispatchKeySet, at::Tensor const&, std::basic_string_view<char, std::char_traits<char> >) [0x533d404] in libtorch_cpu.so
=========         Host Frame: at::_ops::gelu::call(at::Tensor const&, std::basic_string_view<char, std::char_traits<char> >) [0x298862f] in libtorch_cpu.so
=========         Host Frame: main [0x5500] in tail_reference_probe
========= 
========= Uninitialized __global__ memory read of size 16 bytes
=========     at void at::native::vectorized_elementwise_kernel<(int)8, at::native::GeluCUDAKernelImpl(at::TensorIteratorBase &, at::native::GeluType)::[lambda() (instance 2)]::operator ()() const::[lambda() (instance 4)]::operator ()() const::[lambda(c10::BFloat16) (instance 1)], std::array<char *, (unsigned long)2>>(int, T2, T3)+0xc0
=========     by thread (125,0,0) in block (0,0,0)
=========     Address 0x2b9efd41e7d0
=========     Saved host backtrace up to driver entry point at kernel launch time
=========         Host Frame: cuLaunchKernel [0x39d6c4] in libcuda.so.1
=========         Host Frame:  [0x13e88] in libcudart.so.12
=========         Host Frame: cudaLaunchKernel [0x79f87] in libcudart.so.12
=========         Host Frame: void at::native::gpu_kernel_impl<__nv_hdl_wrapper_t<false, true, false, __nv_dl_tag<void (*)(at::TensorIteratorBase&, at::native::GeluType), &at::native::GeluCUDAKernelImpl, 8u>, c10::BFloat16 (c10::BFloat16)> >(at::TensorIteratorBase&, __nv_hdl_wrapper_t<false, true, false, __nv_dl_tag<void (*)(at::TensorIteratorBase&, at::native::GeluType), &at::native::GeluCUDAKernelImpl, 8u>, c10::BFloat16 (c10::BFloat16)> const&) [clone .isra.0] [0x149a222] in libtorch_cuda.so
=========         Host Frame: at::(anonymous namespace)::wrapper_CUDA_gelu(at::Tensor const&, std::basic_string_view<char, std::char_traits<char> >) [0x389d25e] in libtorch_cuda.so
=========         Host Frame: c10::impl::wrap_kernel_functor_unboxed_<c10::impl::detail::WrapFunctionIntoFunctor_<c10::CompileTimeFunctionPointer<at::Tensor (at::Tensor const&, std::basic_string_view<char, std::char_traits<char> >), &at::(anonymous namespace)::wrapper_CUDA_gelu>, at::Tensor, c10::guts::typelist::typelist<at::Tensor const&, std::basic_string_view<char, std::char_traits<char> > > >, at::Tensor (at::Tensor const&, std::basic_string_view<char, std::char_traits<char> >)>::call(c10::OperatorKernel*, c10::DispatchKeySet, at::Tensor const&, std::basic_string_view<char, std::char_traits<char> >) [0x389d301] in libtorch_cuda.so
=========         Host Frame: at::_ops::gelu::redispatch(c10::DispatchKeySet, at::Tensor const&, std::basic_string_view<char, std::char_traits<char> >) [0x28d4193] in libtorch_cpu.so
=========         Host Frame: torch::autograd::VariableType::(anonymous namespace)::gelu(c10::DispatchKeySet, at::Tensor const&, std::basic_string_view<char, std::char_traits<char> >) [0x533cd3b] in libtorch_cpu.so
=========         Host Frame: c10::impl::wrap_kernel_functor_unboxed_<c10::impl::detail::WrapFunctionIntoFunctor_<c10::CompileTimeFunctionPointer<at::Tensor (c10::DispatchKeySet, at::Tensor const&, std::basic_string_view<char, std::char_traits<char> >), &torch::autograd::VariableType::(anonymous namespace)::gelu>, at::Tensor, c10::guts::typelist::typelist<c10::DispatchKeySet, at::Tensor const&, std::basic_string_view<char, std::char_traits<char> > > >, at::Tensor (c10::DispatchKeySet, at::Tensor const&, std::basic_string_view<char, std::char_traits<char> >)>::call(c10::OperatorKernel*, c10::DispatchKeySet, at::Tensor const&, std::basic_string_view<char, std::char_traits<char> >) [0x533d404] in libtorch_cpu.so
=========         Host Frame: at::_ops::gelu::call(at::Tensor const&, std::basic_string_view<char, std::char_traits<char> >) [0x298862f] in libtorch_cpu.so
=========         Host Frame: main [0x5500] in tail_reference_probe
========= 
========= Uninitialized __global__ memory read of size 16 bytes
=========     at void at::native::vectorized_elementwise_kernel<(int)8, at::native::GeluCUDAKernelImpl(at::TensorIteratorBase &, at::native::GeluType)::[lambda() (instance 2)]::operator ()() const::[lambda() (instance 4)]::operator ()() const::[lambda(c10::BFloat16) (instance 1)], std::array<char *, (unsigned long)2>>(int, T2, T3)+0xc0
=========     by thread (126,0,0) in block (0,0,0)
=========     Address 0x2b9efd41e7e0
=========     Saved host backtrace up to driver entry point at kernel launch time
=========         Host Frame: cuLaunchKernel [0x39d6c4] in libcuda.so.1
=========         Host Frame:  [0x13e88] in libcudart.so.12
=========         Host Frame: cudaLaunchKernel [0x79f87] in libcudart.so.12
=========         Host Frame: void at::native::gpu_kernel_impl<__nv_hdl_wrapper_t<false, true, false, __nv_dl_tag<void (*)(at::TensorIteratorBase&, at::native::GeluType), &at::native::GeluCUDAKernelImpl, 8u>, c10::BFloat16 (c10::BFloat16)> >(at::TensorIteratorBase&, __nv_hdl_wrapper_t<false, true, false, __nv_dl_tag<void (*)(at::TensorIteratorBase&, at::native::GeluType), &at::native::GeluCUDAKernelImpl, 8u>, c10::BFloat16 (c10::BFloat16)> const&) [clone .isra.0] [0x149a222] in libtorch_cuda.so
=========         Host Frame: at::(anonymous namespace)::wrapper_CUDA_gelu(at::Tensor const&, std::basic_string_view<char, std::char_traits<char> >) [0x389d25e] in libtorch_cuda.so
=========         Host Frame: c10::impl::wrap_kernel_functor_unboxed_<c10::impl::detail::WrapFunctionIntoFunctor_<c10::CompileTimeFunctionPointer<at::Tensor (at::Tensor const&, std::basic_string_view<char, std::char_traits<char> >), &at::(anonymous namespace)::wrapper_CUDA_gelu>, at::Tensor, c10::guts::typelist::typelist<at::Tensor const&, std::basic_string_view<char, std::char_traits<char> > > >, at::Tensor (at::Tensor const&, std::basic_string_view<char, std::char_traits<char> >)>::call(c10::OperatorKernel*, c10::DispatchKeySet, at::Tensor const&, std::basic_string_view<char, std::char_traits<char> >) [0x389d301] in libtorch_cuda.so
=========         Host Frame: at::_ops::gelu::redispatch(c10::DispatchKeySet, at::Tensor const&, std::basic_string_view<char, std::char_traits<char> >) [0x28d4193] in libtorch_cpu.so
=========         Host Frame: torch::autograd::VariableType::(anonymous namespace)::gelu(c10::DispatchKeySet, at::Tensor const&, std::basic_string_view<char, std::char_traits<char> >) [0x533cd3b] in libtorch_cpu.so
=========         Host Frame: c10::impl::wrap_kernel_functor_unboxed_<c10::impl::detail::WrapFunctionIntoFunctor_<c10::CompileTimeFunctionPointer<at::Tensor (c10::DispatchKeySet, at::Tensor const&, std::basic_string_view<char, std::char_traits<char> >), &torch::autograd::VariableType::(anonymous namespace)::gelu>, at::Tensor, c10::guts::typelist::typelist<c10::DispatchKeySet, at::Tensor const&, std::basic_string_view<char, std::char_traits<char> > > >, at::Tensor (c10::DispatchKeySet, at::Tensor const&, std::basic_string_view<char, std::char_traits<char> >)>::call(c10::OperatorKernel*, c10::DispatchKeySet, at::Tensor const&, std::basic_string_view<char, std::char_traits<char> >) [0x533d404] in libtorch_cpu.so
=========         Host Frame: at::_ops::gelu::call(at::Tensor const&, std::basic_string_view<char, std::char_traits<char> >) [0x298862f] in libtorch_cpu.so
=========         Host Frame: main [0x5500] in tail_reference_probe
========= 
========= Uninitialized __global__ memory read of size 16 bytes
=========     at void at::native::vectorized_elementwise_kernel<(int)8, at::native::GeluCUDAKernelImpl(at::TensorIteratorBase &, at::native::GeluType)::[lambda() (instance 2)]::operator ()() const::[lambda() (instance 4)]::operator ()() const::[lambda(c10::BFloat16) (instance 1)], std::array<char *, (unsigned long)2>>(int, T2, T3)+0xc0
=========     by thread (127,0,0) in block (0,0,0)
=========     Address 0x2b9efd41e7f0
=========     Saved host backtrace up to driver entry point at kernel launch time
=========         Host Frame: cuLaunchKernel [0x39d6c4] in libcuda.so.1
=========         Host Frame:  [0x13e88] in libcudart.so.12
=========         Host Frame: cudaLaunchKernel [0x79f87] in libcudart.so.12
=========         Host Frame: void at::native::gpu_kernel_impl<__nv_hdl_wrapper_t<false, true, false, __nv_dl_tag<void (*)(at::TensorIteratorBase&, at::native::GeluType), &at::native::GeluCUDAKernelImpl, 8u>, c10::BFloat16 (c10::BFloat16)> >(at::TensorIteratorBase&, __nv_hdl_wrapper_t<false, true, false, __nv_dl_tag<void (*)(at::TensorIteratorBase&, at::native::GeluType), &at::native::GeluCUDAKernelImpl, 8u>, c10::BFloat16 (c10::BFloat16)> const&) [clone .isra.0] [0x149a222] in libtorch_cuda.so
=========         Host Frame: at::(anonymous namespace)::wrapper_CUDA_gelu(at::Tensor const&, std::basic_string_view<char, std::char_traits<char> >) [0x389d25e] in libtorch_cuda.so
=========         Host Frame: c10::impl::wrap_kernel_functor_unboxed_<c10::impl::detail::WrapFunctionIntoFunctor_<c10::CompileTimeFunctionPointer<at::Tensor (at::Tensor const&, std::basic_string_view<char, std::char_traits<char> >), &at::(anonymous namespace)::wrapper_CUDA_gelu>, at::Tensor, c10::guts::typelist::typelist<at::Tensor const&, std::basic_string_view<char, std::char_traits<char> > > >, at::Tensor (at::Tensor const&, std::basic_string_view<char, std::char_traits<char> >)>::call(c10::OperatorKernel*, c10::DispatchKeySet, at::Tensor const&, std::basic_string_view<char, std::char_traits<char> >) [0x389d301] in libtorch_cuda.so
=========         Host Frame: at::_ops::gelu::redispatch(c10::DispatchKeySet, at::Tensor const&, std::basic_string_view<char, std::char_traits<char> >) [0x28d4193] in libtorch_cpu.so
=========         Host Frame: torch::autograd::VariableType::(anonymous namespace)::gelu(c10::DispatchKeySet, at::Tensor const&, std::basic_string_view<char, std::char_traits<char> >) [0x533cd3b] in libtorch_cpu.so
=========         Host Frame: c10::impl::wrap_kernel_functor_unboxed_<c10::impl::detail::WrapFunctionIntoFunctor_<c10::CompileTimeFunctionPointer<at::Tensor (c10::DispatchKeySet, at::Tensor const&, std::basic_string_view<char, std::char_traits<char> >), &torch::autograd::VariableType::(anonymous namespace)::gelu>, at::Tensor, c10::guts::typelist::typelist<c10::DispatchKeySet, at::Tensor const&, std::basic_string_view<char, std::char_traits<char> > > >, at::Tensor (c10::DispatchKeySet, at::Tensor const&, std::basic_string_view<char, std::char_traits<char> >)>::call(c10::OperatorKernel*, c10::DispatchKeySet, at::Tensor const&, std::basic_string_view<char, std::char_traits<char> >) [0x533d404] in libtorch_cpu.so
=========         Host Frame: at::_ops::gelu::call(at::Tensor const&, std::basic_string_view<char, std::char_traits<char> >) [0x298862f] in libtorch_cpu.so
=========         Host Frame: main [0x5500] in tail_reference_probe
========= 
========= Uninitialized __global__ memory read of size 16 bytes
=========     at void at::native::vectorized_elementwise_kernel<(int)8, at::native::GeluCUDAKernelImpl(at::TensorIteratorBase &, at::native::GeluType)::[lambda() (instance 2)]::operator ()() const::[lambda() (instance 4)]::operator ()() const::[lambda(c10::BFloat16) (instance 1)], std::array<char *, (unsigned long)2>>(int, T2, T3)+0xc0
=========     by thread (0,0,0) in block (0,0,0)
=========     Address 0x2b9efd41e000
=========     Saved host backtrace up to driver entry point at kernel launch time
=========         Host Frame: cuLaunchKernel [0x39d6c4] in libcuda.so.1
=========         Host Frame:  [0x13e88] in libcudart.so.12
=========         Host Frame: cudaLaunchKernel [0x79f87] in libcudart.so.12
=========         Host Frame: void at::native::gpu_kernel_impl<__nv_hdl_wrapper_t<false, true, false, __nv_dl_tag<void (*)(at::TensorIteratorBase&, at::native::GeluType), &at::native::GeluCUDAKernelImpl, 8u>, c10::BFloat16 (c10::BFloat16)> >(at::TensorIteratorBase&, __nv_hdl_wrapper_t<false, true, false, __nv_dl_tag<void (*)(at::TensorIteratorBase&, at::native::GeluType), &at::native::GeluCUDAKernelImpl, 8u>, c10::BFloat16 (c10::BFloat16)> const&) [clone .isra.0] [0x149a222] in libtorch_cuda.so
=========         Host Frame: at::(anonymous namespace)::wrapper_CUDA_gelu(at::Tensor const&, std::basic_string_view<char, std::char_traits<char> >) [0x389d25e] in libtorch_cuda.so
=========         Host Frame: c10::impl::wrap_kernel_functor_unboxed_<c10::impl::detail::WrapFunctionIntoFunctor_<c10::CompileTimeFunctionPointer<at::Tensor (at::Tensor const&, std::basic_string_view<char, std::char_traits<char> >), &at::(anonymous namespace)::wrapper_CUDA_gelu>, at::Tensor, c10::guts::typelist::typelist<at::Tensor const&, std::basic_string_view<char, std::char_traits<char> > > >, at::Tensor (at::Tensor const&, std::basic_string_view<char, std::char_traits<char> >)>::call(c10::OperatorKernel*, c10::DispatchKeySet, at::Tensor const&, std::basic_string_view<char, std::char_traits<char> >) [0x389d301] in libtorch_cuda.so
=========         Host Frame: at::_ops::gelu::redispatch(c10::DispatchKeySet, at::Tensor const&, std::basic_string_view<char, std::char_traits<char> >) [0x28d4193] in libtorch_cpu.so
=========         Host Frame: torch::autograd::VariableType::(anonymous namespace)::gelu(c10::DispatchKeySet, at::Tensor const&, std::basic_string_view<char, std::char_traits<char> >) [0x533cd3b] in libtorch_cpu.so
=========         Host Frame: c10::impl::wrap_kernel_functor_unboxed_<c10::impl::detail::WrapFunctionIntoFunctor_<c10::CompileTimeFunctionPointer<at::Tensor (c10::DispatchKeySet, at::Tensor const&, std::basic_string_view<char, std::char_traits<char> >), &torch::autograd::VariableType::(anonymous namespace)::gelu>, at::Tensor, c10::guts::typelist::typelist<c10::DispatchKeySet, at::Tensor const&, std::basic_string_view<char, std::char_traits<char> > > >, at::Tensor (c10::DispatchKeySet, at::Tensor const&, std::basic_string_view<char, std::char_traits<char> >)>::call(c10::OperatorKernel*, c10::DispatchKeySet, at::Tensor const&, std::basic_string_view<char, std::char_traits<char> >) [0x533d404] in libtorch_cpu.so
=========         Host Frame: at::_ops::gelu::call(at::Tensor const&, std::basic_string_view<char, std::char_traits<char> >) [0x298862f] in libtorch_cpu.so
=========         Host Frame: main [0x5500] in tail_reference_probe
========= 
========= Uninitialized __global__ memory read of size 16 bytes
=========     at void at::native::vectorized_elementwise_kernel<(int)8, at::native::GeluCUDAKernelImpl(at::TensorIteratorBase &, at::native::GeluType)::[lambda() (instance 2)]::operator ()() const::[lambda() (instance 4)]::operator ()() const::[lambda(c10::BFloat16) (instance 1)], std::array<char *, (unsigned long)2>>(int, T2, T3)+0xc0
=========     by thread (1,0,0) in block (0,0,0)
=========     Address 0x2b9efd41e010
=========     Saved host backtrace up to driver entry point at kernel launch time
=========         Host Frame: cuLaunchKernel [0x39d6c4] in libcuda.so.1
=========         Host Frame:  [0x13e88] in libcudart.so.12
=========         Host Frame: cudaLaunchKernel [0x79f87] in libcudart.so.12
=========         Host Frame: void at::native::gpu_kernel_impl<__nv_hdl_wrapper_t<false, true, false, __nv_dl_tag<void (*)(at::TensorIteratorBase&, at::native::GeluType), &at::native::GeluCUDAKernelImpl, 8u>, c10::BFloat16 (c10::BFloat16)> >(at::TensorIteratorBase&, __nv_hdl_wrapper_t<false, true, false, __nv_dl_tag<void (*)(at::TensorIteratorBase&, at::native::GeluType), &at::native::GeluCUDAKernelImpl, 8u>, c10::BFloat16 (c10::BFloat16)> const&) [clone .isra.0] [0x149a222] in libtorch_cuda.so
=========         Host Frame: at::(anonymous namespace)::wrapper_CUDA_gelu(at::Tensor const&, std::basic_string_view<char, std::char_traits<char> >) [0x389d25e] in libtorch_cuda.so
=========         Host Frame: c10::impl::wrap_kernel_functor_unboxed_<c10::impl::detail::WrapFunctionIntoFunctor_<c10::CompileTimeFunctionPointer<at::Tensor (at::Tensor const&, std::basic_string_view<char, std::char_traits<char> >), &at::(anonymous namespace)::wrapper_CUDA_gelu>, at::Tensor, c10::guts::typelist::typelist<at::Tensor const&, std::basic_string_view<char, std::char_traits<char> > > >, at::Tensor (at::Tensor const&, std::basic_string_view<char, std::char_traits<char> >)>::call(c10::OperatorKernel*, c10::DispatchKeySet, at::Tensor const&, std::basic_string_view<char, std::char_traits<char> >) [0x389d301] in libtorch_cuda.so
=========         Host Frame: at::_ops::gelu::redispatch(c10::DispatchKeySet, at::Tensor const&, std::basic_string_view<char, std::char_traits<char> >) [0x28d4193] in libtorch_cpu.so
=========         Host Frame: torch::autograd::VariableType::(anonymous namespace)::gelu(c10::DispatchKeySet, at::Tensor const&, std::basic_string_view<char, std::char_traits<char> >) [0x533cd3b] in libtorch_cpu.so
=========         Host Frame: c10::impl::wrap_kernel_functor_unboxed_<c10::impl::detail::WrapFunctionIntoFunctor_<c10::CompileTimeFunctionPointer<at::Tensor (c10::DispatchKeySet, at::Tensor const&, std::basic_string_view<char, std::char_traits<char> >), &torch::autograd::VariableType::(anonymous namespace)::gelu>, at::Tensor, c10::guts::typelist::typelist<c10::DispatchKeySet, at::Tensor const&, std::basic_string_view<char, std::char_traits<char> > > >, at::Tensor (c10::DispatchKeySet, at::Tensor const&, std::basic_string_view<char, std::char_traits<char> >)>::call(c10::OperatorKernel*, c10::DispatchKeySet, at::Tensor const&, std::basic_string_view<char, std::char_traits<char> >) [0x533d404] in libtorch_cpu.so
=========         Host Frame: at::_ops::gelu::call(at::Tensor const&, std::basic_string_view<char, std::char_traits<char> >) [0x298862f] in libtorch_cpu.so
=========         Host Frame: main [0x5500] in tail_reference_probe
========= 
========= Uninitialized __global__ memory read of size 16 bytes
=========     at void at::native::vectorized_elementwise_kernel<(int)8, at::native::GeluCUDAKernelImpl(at::TensorIteratorBase &, at::native::GeluType)::[lambda() (instance 2)]::operator ()() const::[lambda() (instance 4)]::operator ()() const::[lambda(c10::BFloat16) (instance 1)], std::array<char *, (unsigned long)2>>(int, T2, T3)+0xc0
=========     by thread (2,0,0) in block (0,0,0)
=========     Address 0x2b9efd41e020
=========     Saved host backtrace up to driver entry point at kernel launch time
=========         Host Frame: cuLaunchKernel [0x39d6c4] in libcuda.so.1
=========         Host Frame:  [0x13e88] in libcudart.so.12
=========         Host Frame: cudaLaunchKernel [0x79f87] in libcudart.so.12
=========         Host Frame: void at::native::gpu_kernel_impl<__nv_hdl_wrapper_t<false, true, false, __nv_dl_tag<void (*)(at::TensorIteratorBase&, at::native::GeluType), &at::native::GeluCUDAKernelImpl, 8u>, c10::BFloat16 (c10::BFloat16)> >(at::TensorIteratorBase&, __nv_hdl_wrapper_t<false, true, false, __nv_dl_tag<void (*)(at::TensorIteratorBase&, at::native::GeluType), &at::native::GeluCUDAKernelImpl, 8u>, c10::BFloat16 (c10::BFloat16)> const&) [clone .isra.0] [0x149a222] in libtorch_cuda.so
=========         Host Frame: at::(anonymous namespace)::wrapper_CUDA_gelu(at::Tensor const&, std::basic_string_view<char, std::char_traits<char> >) [0x389d25e] in libtorch_cuda.so
=========         Host Frame: c10::impl::wrap_kernel_functor_unboxed_<c10::impl::detail::WrapFunctionIntoFunctor_<c10::CompileTimeFunctionPointer<at::Tensor (at::Tensor const&, std::basic_string_view<char, std::char_traits<char> >), &at::(anonymous namespace)::wrapper_CUDA_gelu>, at::Tensor, c10::guts::typelist::typelist<at::Tensor const&, std::basic_string_view<char, std::char_traits<char> > > >, at::Tensor (at::Tensor const&, std::basic_string_view<char, std::char_traits<char> >)>::call(c10::OperatorKernel*, c10::DispatchKeySet, at::Tensor const&, std::basic_string_view<char, std::char_traits<char> >) [0x389d301] in libtorch_cuda.so
=========         Host Frame: at::_ops::gelu::redispatch(c10::DispatchKeySet, at::Tensor const&, std::basic_string_view<char, std::char_traits<char> >) [0x28d4193] in libtorch_cpu.so
=========         Host Frame: torch::autograd::VariableType::(anonymous namespace)::gelu(c10::DispatchKeySet, at::Tensor const&, std::basic_string_view<char, std::char_traits<char> >) [0x533cd3b] in libtorch_cpu.so
=========         Host Frame: c10::impl::wrap_kernel_functor_unboxed_<c10::impl::detail::WrapFunctionIntoFunctor_<c10::CompileTimeFunctionPointer<at::Tensor (c10::DispatchKeySet, at::Tensor const&, std::basic_string_view<char, std::char_traits<char> >), &torch::autograd::VariableType::(anonymous namespace)::gelu>, at::Tensor, c10::guts::typelist::typelist<c10::DispatchKeySet, at::Tensor const&, std::basic_string_view<char, std::char_traits<char> > > >, at::Tensor (c10::DispatchKeySet, at::Tensor const&, std::basic_string_view<char, std::char_traits<char> >)>::call(c10::OperatorKernel*, c10::DispatchKeySet, at::Tensor const&, std::basic_string_view<char, std::char_traits<char> >) [0x533d404] in libtorch_cpu.so
=========         Host Frame: at::_ops::gelu::call(at::Tensor const&, std::basic_string_view<char, std::char_traits<char> >) [0x298862f] in libtorch_cpu.so
=========         Host Frame: main [0x5500] in tail_reference_probe
========= 
========= Uninitialized __global__ memory read of size 16 bytes
=========     at void at::native::vectorized_elementwise_kernel<(int)8, at::native::GeluCUDAKernelImpl(at::TensorIteratorBase &, at::native::GeluType)::[lambda() (instance 2)]::operator ()() const::[lambda() (instance 4)]::operator ()() const::[lambda(c10::BFloat16) (instance 1)], std::array<char *, (unsigned long)2>>(int, T2, T3)+0xc0
=========     by thread (3,0,0) in block (0,0,0)
=========     Address 0x2b9efd41e030
=========     Saved host backtrace up to driver entry point at kernel launch time
=========         Host Frame: cuLaunchKernel [0x39d6c4] in libcuda.so.1
=========         Host Frame:  [0x13e88] in libcudart.so.12
=========         Host Frame: cudaLaunchKernel [0x79f87] in libcudart.so.12
=========         Host Frame: void at::native::gpu_kernel_impl<__nv_hdl_wrapper_t<false, true, false, __nv_dl_tag<void (*)(at::TensorIteratorBase&, at::native::GeluType), &at::native::GeluCUDAKernelImpl, 8u>, c10::BFloat16 (c10::BFloat16)> >(at::TensorIteratorBase&, __nv_hdl_wrapper_t<false, true, false, __nv_dl_tag<void (*)(at::TensorIteratorBase&, at::native::GeluType), &at::native::GeluCUDAKernelImpl, 8u>, c10::BFloat16 (c10::BFloat16)> const&) [clone .isra.0] [0x149a222] in libtorch_cuda.so
=========         Host Frame: at::(anonymous namespace)::wrapper_CUDA_gelu(at::Tensor const&, std::basic_string_view<char, std::char_traits<char> >) [0x389d25e] in libtorch_cuda.so
=========         Host Frame: c10::impl::wrap_kernel_functor_unboxed_<c10::impl::detail::WrapFunctionIntoFunctor_<c10::CompileTimeFunctionPointer<at::Tensor (at::Tensor const&, std::basic_string_view<char, std::char_traits<char> >), &at::(anonymous namespace)::wrapper_CUDA_gelu>, at::Tensor, c10::guts::typelist::typelist<at::Tensor const&, std::basic_string_view<char, std::char_traits<char> > > >, at::Tensor (at::Tensor const&, std::basic_string_view<char, std::char_traits<char> >)>::call(c10::OperatorKernel*, c10::DispatchKeySet, at::Tensor const&, std::basic_string_view<char, std::char_traits<char> >) [0x389d301] in libtorch_cuda.so
=========         Host Frame: at::_ops::gelu::redispatch(c10::DispatchKeySet, at::Tensor const&, std::basic_string_view<char, std::char_traits<char> >) [0x28d4193] in libtorch_cpu.so
=========         Host Frame: torch::autograd::VariableType::(anonymous namespace)::gelu(c10::DispatchKeySet, at::Tensor const&, std::basic_string_view<char, std::char_traits<char> >) [0x533cd3b] in libtorch_cpu.so
=========         Host Frame: c10::impl::wrap_kernel_functor_unboxed_<c10::impl::detail::WrapFunctionIntoFunctor_<c10::CompileTimeFunctionPointer<at::Tensor (c10::DispatchKeySet, at::Tensor const&, std::basic_string_view<char, std::char_traits<char> >), &torch::autograd::VariableType::(anonymous namespace)::gelu>, at::Tensor, c10::guts::typelist::typelist<c10::DispatchKeySet, at::Tensor const&, std::basic_string_view<char, std::char_traits<char> > > >, at::Tensor (c10::DispatchKeySet, at::Tensor const&, std::basic_string_view<char, std::char_traits<char> >)>::call(c10::OperatorKernel*, c10::DispatchKeySet, at::Tensor const&, std::basic_string_view<char, std::char_traits<char> >) [0x533d404] in libtorch_cpu.so
=========         Host Frame: at::_ops::gelu::call(at::Tensor const&, std::basic_string_view<char, std::char_traits<char> >) [0x298862f] in libtorch_cpu.so
=========         Host Frame: main [0x5500] in tail_reference_probe
========= 
========= Uninitialized __global__ memory read of size 16 bytes
=========     at void at::native::vectorized_elementwise_kernel<(int)8, at::native::GeluCUDAKernelImpl(at::TensorIteratorBase &, at::native::GeluType)::[lambda() (instance 2)]::operator ()() const::[lambda() (instance 4)]::operator ()() const::[lambda(c10::BFloat16) (instance 1)], std::array<char *, (unsigned long)2>>(int, T2, T3)+0xc0
=========     by thread (4,0,0) in block (0,0,0)
=========     Address 0x2b9efd41e040
=========     Saved host backtrace up to driver entry point at kernel launch time
=========         Host Frame: cuLaunchKernel [0x39d6c4] in libcuda.so.1
=========         Host Frame:  [0x13e88] in libcudart.so.12
=========         Host Frame: cudaLaunchKernel [0x79f87] in libcudart.so.12
=========         Host Frame: void at::native::gpu_kernel_impl<__nv_hdl_wrapper_t<false, true, false, __nv_dl_tag<void (*)(at::TensorIteratorBase&, at::native::GeluType), &at::native::GeluCUDAKernelImpl, 8u>, c10::BFloat16 (c10::BFloat16)> >(at::TensorIteratorBase&, __nv_hdl_wrapper_t<false, true, false, __nv_dl_tag<void (*)(at::TensorIteratorBase&, at::native::GeluType), &at::native::GeluCUDAKernelImpl, 8u>, c10::BFloat16 (c10::BFloat16)> const&) [clone .isra.0] [0x149a222] in libtorch_cuda.so
=========         Host Frame: at::(anonymous namespace)::wrapper_CUDA_gelu(at::Tensor const&, std::basic_string_view<char, std::char_traits<char> >) [0x389d25e] in libtorch_cuda.so
=========         Host Frame: c10::impl::wrap_kernel_functor_unboxed_<c10::impl::detail::WrapFunctionIntoFunctor_<c10::CompileTimeFunctionPointer<at::Tensor (at::Tensor const&, std::basic_string_view<char, std::char_traits<char> >), &at::(anonymous namespace)::wrapper_CUDA_gelu>, at::Tensor, c10::guts::typelist::typelist<at::Tensor const&, std::basic_string_view<char, std::char_traits<char> > > >, at::Tensor (at::Tensor const&, std::basic_string_view<char, std::char_traits<char> >)>::call(c10::OperatorKernel*, c10::DispatchKeySet, at::Tensor const&, std::basic_string_view<char, std::char_traits<char> >) [0x389d301] in libtorch_cuda.so
=========         Host Frame: at::_ops::gelu::redispatch(c10::DispatchKeySet, at::Tensor const&, std::basic_string_view<char, std::char_traits<char> >) [0x28d4193] in libtorch_cpu.so
=========         Host Frame: torch::autograd::VariableType::(anonymous namespace)::gelu(c10::DispatchKeySet, at::Tensor const&, std::basic_string_view<char, std::char_traits<char> >) [0x533cd3b] in libtorch_cpu.so
=========         Host Frame: c10::impl::wrap_kernel_functor_unboxed_<c10::impl::detail::WrapFunctionIntoFunctor_<c10::CompileTimeFunctionPointer<at::Tensor (c10::DispatchKeySet, at::Tensor const&, std::basic_string_view<char, std::char_traits<char> >), &torch::autograd::VariableType::(anonymous namespace)::gelu>, at::Tensor, c10::guts::typelist::typelist<c10::DispatchKeySet, at::Tensor const&, std::basic_string_view<char, std::char_traits<char> > > >, at::Tensor (c10::DispatchKeySet, at::Tensor const&, std::basic_string_view<char, std::char_traits<char> >)>::call(c10::OperatorKernel*, c10::DispatchKeySet, at::Tensor const&, std::basic_string_view<char, std::char_traits<char> >) [0x533d404] in libtorch_cpu.so
=========         Host Frame: at::_ops::gelu::call(at::Tensor const&, std::basic_string_view<char, std::char_traits<char> >) [0x298862f] in libtorch_cpu.so
=========         Host Frame: main [0x5500] in tail_reference_probe
========= 
========= Uninitialized __global__ memory read of size 16 bytes
=========     at void at::native::vectorized_elementwise_kernel<(int)8, at::native::GeluCUDAKernelImpl(at::TensorIteratorBase &, at::native::GeluType)::[lambda() (instance 2)]::operator ()() const::[lambda() (instance 4)]::operator ()() const::[lambda(c10::BFloat16) (instance 1)], std::array<char *, (unsigned long)2>>(int, T2, T3)+0xc0
=========     by thread (5,0,0) in block (0,0,0)
=========     Address 0x2b9efd41e050
=========     Saved host backtrace up to driver entry point at kernel launch time
=========         Host Frame: cuLaunchKernel [0x39d6c4] in libcuda.so.1
=========         Host Frame:  [0x13e88] in libcudart.so.12
=========         Host Frame: cudaLaunchKernel [0x79f87] in libcudart.so.12
=========         Host Frame: void at::native::gpu_kernel_impl<__nv_hdl_wrapper_t<false, true, false, __nv_dl_tag<void (*)(at::TensorIteratorBase&, at::native::GeluType), &at::native::GeluCUDAKernelImpl, 8u>, c10::BFloat16 (c10::BFloat16)> >(at::TensorIteratorBase&, __nv_hdl_wrapper_t<false, true, false, __nv_dl_tag<void (*)(at::TensorIteratorBase&, at::native::GeluType), &at::native::GeluCUDAKernelImpl, 8u>, c10::BFloat16 (c10::BFloat16)> const&) [clone .isra.0] [0x149a222] in libtorch_cuda.so
=========         Host Frame: at::(anonymous namespace)::wrapper_CUDA_gelu(at::Tensor const&, std::basic_string_view<char, std::char_traits<char> >) [0x389d25e] in libtorch_cuda.so
=========         Host Frame: c10::impl::wrap_kernel_functor_unboxed_<c10::impl::detail::WrapFunctionIntoFunctor_<c10::CompileTimeFunctionPointer<at::Tensor (at::Tensor const&, std::basic_string_view<char, std::char_traits<char> >), &at::(anonymous namespace)::wrapper_CUDA_gelu>, at::Tensor, c10::guts::typelist::typelist<at::Tensor const&, std::basic_string_view<char, std::char_traits<char> > > >, at::Tensor (at::Tensor const&, std::basic_string_view<char, std::char_traits<char> >)>::call(c10::OperatorKernel*, c10::DispatchKeySet, at::Tensor const&, std::basic_string_view<char, std::char_traits<char> >) [0x389d301] in libtorch_cuda.so
=========         Host Frame: at::_ops::gelu::redispatch(c10::DispatchKeySet, at::Tensor const&, std::basic_string_view<char, std::char_traits<char> >) [0x28d4193] in libtorch_cpu.so
=========         Host Frame: torch::autograd::VariableType::(anonymous namespace)::gelu(c10::DispatchKeySet, at::Tensor const&, std::basic_string_view<char, std::char_traits<char> >) [0x533cd3b] in libtorch_cpu.so
=========         Host Frame: c10::impl::wrap_kernel_functor_unboxed_<c10::impl::detail::WrapFunctionIntoFunctor_<c10::CompileTimeFunctionPointer<at::Tensor (c10::DispatchKeySet, at::Tensor const&, std::basic_string_view<char, std::char_traits<char> >), &torch::autograd::VariableType::(anonymous namespace)::gelu>, at::Tensor, c10::guts::typelist::typelist<c10::DispatchKeySet, at::Tensor const&, std::basic_string_view<char, std::char_traits<char> > > >, at::Tensor (c10::DispatchKeySet, at::Tensor const&, std::basic_string_view<char, std::char_traits<char> >)>::call(c10::OperatorKernel*, c10::DispatchKeySet, at::Tensor const&, std::basic_string_view<char, std::char_traits<char> >) [0x533d404] in libtorch_cpu.so
=========         Host Frame: at::_ops::gelu::call(at::Tensor const&, std::basic_string_view<char, std::char_traits<char> >) [0x298862f] in libtorch_cpu.so
=========         Host Frame: main [0x5500] in tail_reference_probe
========= 
========= Uninitialized __global__ memory read of size 16 bytes
=========     at void at::native::vectorized_elementwise_kernel<(int)8, at::native::GeluCUDAKernelImpl(at::TensorIteratorBase &, at::native::GeluType)::[lambda() (instance 2)]::operator ()() const::[lambda() (instance 4)]::operator ()() const::[lambda(c10::BFloat16) (instance 1)], std::array<char *, (unsigned long)2>>(int, T2, T3)+0xc0
=========     by thread (6,0,0) in block (0,0,0)
=========     Address 0x2b9efd41e060
=========     Saved host backtrace up to driver entry point at kernel launch time
=========         Host Frame: cuLaunchKernel [0x39d6c4] in libcuda.so.1
=========         Host Frame:  [0x13e88] in libcudart.so.12
=========         Host Frame: cudaLaunchKernel [0x79f87] in libcudart.so.12
=========         Host Frame: void at::native::gpu_kernel_impl<__nv_hdl_wrapper_t<false, true, false, __nv_dl_tag<void (*)(at::TensorIteratorBase&, at::native::GeluType), &at::native::GeluCUDAKernelImpl, 8u>, c10::BFloat16 (c10::BFloat16)> >(at::TensorIteratorBase&, __nv_hdl_wrapper_t<false, true, false, __nv_dl_tag<void (*)(at::TensorIteratorBase&, at::native::GeluType), &at::native::GeluCUDAKernelImpl, 8u>, c10::BFloat16 (c10::BFloat16)> const&) [clone .isra.0] [0x149a222] in libtorch_cuda.so
=========         Host Frame: at::(anonymous namespace)::wrapper_CUDA_gelu(at::Tensor const&, std::basic_string_view<char, std::char_traits<char> >) [0x389d25e] in libtorch_cuda.so
=========         Host Frame: c10::impl::wrap_kernel_functor_unboxed_<c10::impl::detail::WrapFunctionIntoFunctor_<c10::CompileTimeFunctionPointer<at::Tensor (at::Tensor const&, std::basic_string_view<char, std::char_traits<char> >), &at::(anonymous namespace)::wrapper_CUDA_gelu>, at::Tensor, c10::guts::typelist::typelist<at::Tensor const&, std::basic_string_view<char, std::char_traits<char> > > >, at::Tensor (at::Tensor const&, std::basic_string_view<char, std::char_traits<char> >)>::call(c10::OperatorKernel*, c10::DispatchKeySet, at::Tensor const&, std::basic_string_view<char, std::char_traits<char> >) [0x389d301] in libtorch_cuda.so
=========         Host Frame: at::_ops::gelu::redispatch(c10::DispatchKeySet, at::Tensor const&, std::basic_string_view<char, std::char_traits<char> >) [0x28d4193] in libtorch_cpu.so
=========         Host Frame: torch::autograd::VariableType::(anonymous namespace)::gelu(c10::DispatchKeySet, at::Tensor const&, std::basic_string_view<char, std::char_traits<char> >) [0x533cd3b] in libtorch_cpu.so
=========         Host Frame: c10::impl::wrap_kernel_functor_unboxed_<c10::impl::detail::WrapFunctionIntoFunctor_<c10::CompileTimeFunctionPointer<at::Tensor (c10::DispatchKeySet, at::Tensor const&, std::basic_string_view<char, std::char_traits<char> >), &torch::autograd::VariableType::(anonymous namespace)::gelu>, at::Tensor, c10::guts::typelist::typelist<c10::DispatchKeySet, at::Tensor const&, std::basic_string_view<char, std::char_traits<char> > > >, at::Tensor (c10::DispatchKeySet, at::Tensor const&, std::basic_string_view<char, std::char_traits<char> >)>::call(c10::OperatorKernel*, c10::DispatchKeySet, at::Tensor const&, std::basic_string_view<char, std::char_traits<char> >) [0x533d404] in libtorch_cpu.so
=========         Host Frame: at::_ops::gelu::call(at::Tensor const&, std::basic_string_view<char, std::char_traits<char> >) [0x298862f] in libtorch_cpu.so
=========         Host Frame: main [0x5500] in tail_reference_probe
========= 
========= Uninitialized __global__ memory read of size 16 bytes
=========     at void at::native::vectorized_elementwise_kernel<(int)8, at::native::GeluCUDAKernelImpl(at::TensorIteratorBase &, at::native::GeluType)::[lambda() (instance 2)]::operator ()() const::[lambda() (instance 4)]::operator ()() const::[lambda(c10::BFloat16) (instance 1)], std::array<char *, (unsigned long)2>>(int, T2, T3)+0xc0
=========     by thread (7,0,0) in block (0,0,0)
=========     Address 0x2b9efd41e070
=========     Saved host backtrace up to driver entry point at kernel launch time
=========         Host Frame: cuLaunchKernel [0x39d6c4] in libcuda.so.1
=========         Host Frame:  [0x13e88] in libcudart.so.12
=========         Host Frame: cudaLaunchKernel [0x79f87] in libcudart.so.12
=========         Host Frame: void at::native::gpu_kernel_impl<__nv_hdl_wrapper_t<false, true, false, __nv_dl_tag<void (*)(at::TensorIteratorBase&, at::native::GeluType), &at::native::GeluCUDAKernelImpl, 8u>, c10::BFloat16 (c10::BFloat16)> >(at::TensorIteratorBase&, __nv_hdl_wrapper_t<false, true, false, __nv_dl_tag<void (*)(at::TensorIteratorBase&, at::native::GeluType), &at::native::GeluCUDAKernelImpl, 8u>, c10::BFloat16 (c10::BFloat16)> const&) [clone .isra.0] [0x149a222] in libtorch_cuda.so
=========         Host Frame: at::(anonymous namespace)::wrapper_CUDA_gelu(at::Tensor const&, std::basic_string_view<char, std::char_traits<char> >) [0x389d25e] in libtorch_cuda.so
=========         Host Frame: c10::impl::wrap_kernel_functor_unboxed_<c10::impl::detail::WrapFunctionIntoFunctor_<c10::CompileTimeFunctionPointer<at::Tensor (at::Tensor const&, std::basic_string_view<char, std::char_traits<char> >), &at::(anonymous namespace)::wrapper_CUDA_gelu>, at::Tensor, c10::guts::typelist::typelist<at::Tensor const&, std::basic_string_view<char, std::char_traits<char> > > >, at::Tensor (at::Tensor const&, std::basic_string_view<char, std::char_traits<char> >)>::call(c10::OperatorKernel*, c10::DispatchKeySet, at::Tensor const&, std::basic_string_view<char, std::char_traits<char> >) [0x389d301] in libtorch_cuda.so
=========         Host Frame: at::_ops::gelu::redispatch(c10::DispatchKeySet, at::Tensor const&, std::basic_string_view<char, std::char_traits<char> >) [0x28d4193] in libtorch_cpu.so
=========         Host Frame: torch::autograd::VariableType::(anonymous namespace)::gelu(c10::DispatchKeySet, at::Tensor const&, std::basic_string_view<char, std::char_traits<char> >) [0x533cd3b] in libtorch_cpu.so
=========         Host Frame: c10::impl::wrap_kernel_functor_unboxed_<c10::impl::detail::WrapFunctionIntoFunctor_<c10::CompileTimeFunctionPointer<at::Tensor (c10::DispatchKeySet, at::Tensor const&, std::basic_string_view<char, std::char_traits<char> >), &torch::autograd::VariableType::(anonymous namespace)::gelu>, at::Tensor, c10::guts::typelist::typelist<c10::DispatchKeySet, at::Tensor const&, std::basic_string_view<char, std::char_traits<char> > > >, at::Tensor (c10::DispatchKeySet, at::Tensor const&, std::basic_string_view<char, std::char_traits<char> >)>::call(c10::OperatorKernel*, c10::DispatchKeySet, at::Tensor const&, std::basic_string_view<char, std::char_traits<char> >) [0x533d404] in libtorch_cpu.so
=========         Host Frame: at::_ops::gelu::call(at::Tensor const&, std::basic_string_view<char, std::char_traits<char> >) [0x298862f] in libtorch_cpu.so
=========         Host Frame: main [0x5500] in tail_reference_probe
========= 
========= Uninitialized __global__ memory read of size 16 bytes
=========     at void at::native::vectorized_elementwise_kernel<(int)8, at::native::GeluCUDAKernelImpl(at::TensorIteratorBase &, at::native::GeluType)::[lambda() (instance 2)]::operator ()() const::[lambda() (instance 4)]::operator ()() const::[lambda(c10::BFloat16) (instance 1)], std::array<char *, (unsigned long)2>>(int, T2, T3)+0xc0
=========     by thread (8,0,0) in block (0,0,0)
=========     Address 0x2b9efd41e080
=========     Saved host backtrace up to driver entry point at kernel launch time
=========         Host Frame: cuLaunchKernel [0x39d6c4] in libcuda.so.1
=========         Host Frame:  [0x13e88] in libcudart.so.12
=========         Host Frame: cudaLaunchKernel [0x79f87] in libcudart.so.12
=========         Host Frame: void at::native::gpu_kernel_impl<__nv_hdl_wrapper_t<false, true, false, __nv_dl_tag<void (*)(at::TensorIteratorBase&, at::native::GeluType), &at::native::GeluCUDAKernelImpl, 8u>, c10::BFloat16 (c10::BFloat16)> >(at::TensorIteratorBase&, __nv_hdl_wrapper_t<false, true, false, __nv_dl_tag<void (*)(at::TensorIteratorBase&, at::native::GeluType), &at::native::GeluCUDAKernelImpl, 8u>, c10::BFloat16 (c10::BFloat16)> const&) [clone .isra.0] [0x149a222] in libtorch_cuda.so
=========         Host Frame: at::(anonymous namespace)::wrapper_CUDA_gelu(at::Tensor const&, std::basic_string_view<char, std::char_traits<char> >) [0x389d25e] in libtorch_cuda.so
=========         Host Frame: c10::impl::wrap_kernel_functor_unboxed_<c10::impl::detail::WrapFunctionIntoFunctor_<c10::CompileTimeFunctionPointer<at::Tensor (at::Tensor const&, std::basic_string_view<char, std::char_traits<char> >), &at::(anonymous namespace)::wrapper_CUDA_gelu>, at::Tensor, c10::guts::typelist::typelist<at::Tensor const&, std::basic_string_view<char, std::char_traits<char> > > >, at::Tensor (at::Tensor const&, std::basic_string_view<char, std::char_traits<char> >)>::call(c10::OperatorKernel*, c10::DispatchKeySet, at::Tensor const&, std::basic_string_view<char, std::char_traits<char> >) [0x389d301] in libtorch_cuda.so
=========         Host Frame: at::_ops::gelu::redispatch(c10::DispatchKeySet, at::Tensor const&, std::basic_string_view<char, std::char_traits<char> >) [0x28d4193] in libtorch_cpu.so
=========         Host Frame: torch::autograd::VariableType::(anonymous namespace)::gelu(c10::DispatchKeySet, at::Tensor const&, std::basic_string_view<char, std::char_traits<char> >) [0x533cd3b] in libtorch_cpu.so
=========         Host Frame: c10::impl::wrap_kernel_functor_unboxed_<c10::impl::detail::WrapFunctionIntoFunctor_<c10::CompileTimeFunctionPointer<at::Tensor (c10::DispatchKeySet, at::Tensor const&, std::basic_string_view<char, std::char_traits<char> >), &torch::autograd::VariableType::(anonymous namespace)::gelu>, at::Tensor, c10::guts::typelist::typelist<c10::DispatchKeySet, at::Tensor const&, std::basic_string_view<char, std::char_traits<char> > > >, at::Tensor (c10::DispatchKeySet, at::Tensor const&, std::basic_string_view<char, std::char_traits<char> >)>::call(c10::OperatorKernel*, c10::DispatchKeySet, at::Tensor const&, std::basic_string_view<char, std::char_traits<char> >) [0x533d404] in libtorch_cpu.so
=========         Host Frame: at::_ops::gelu::call(at::Tensor const&, std::basic_string_view<char, std::char_traits<char> >) [0x298862f] in libtorch_cpu.so
=========         Host Frame: main [0x5500] in tail_reference_probe
========= 
========= Uninitialized __global__ memory read of size 16 bytes
=========     at void at::native::vectorized_elementwise_kernel<(int)8, at::native::GeluCUDAKernelImpl(at::TensorIteratorBase &, at::native::GeluType)::[lambda() (instance 2)]::operator ()() const::[lambda() (instance 4)]::operator ()() const::[lambda(c10::BFloat16) (instance 1)], std::array<char *, (unsigned long)2>>(int, T2, T3)+0xc0
=========     by thread (9,0,0) in block (0,0,0)
=========     Address 0x2b9efd41e090
=========     Saved host backtrace up to driver entry point at kernel launch time
=========         Host Frame: cuLaunchKernel [0x39d6c4] in libcuda.so.1
=========         Host Frame:  [0x13e88] in libcudart.so.12
=========         Host Frame: cudaLaunchKernel [0x79f87] in libcudart.so.12
=========         Host Frame: void at::native::gpu_kernel_impl<__nv_hdl_wrapper_t<false, true, false, __nv_dl_tag<void (*)(at::TensorIteratorBase&, at::native::GeluType), &at::native::GeluCUDAKernelImpl, 8u>, c10::BFloat16 (c10::BFloat16)> >(at::TensorIteratorBase&, __nv_hdl_wrapper_t<false, true, false, __nv_dl_tag<void (*)(at::TensorIteratorBase&, at::native::GeluType), &at::native::GeluCUDAKernelImpl, 8u>, c10::BFloat16 (c10::BFloat16)> const&) [clone .isra.0] [0x149a222] in libtorch_cuda.so
=========         Host Frame: at::(anonymous namespace)::wrapper_CUDA_gelu(at::Tensor const&, std::basic_string_view<char, std::char_traits<char> >) [0x389d25e] in libtorch_cuda.so
=========         Host Frame: c10::impl::wrap_kernel_functor_unboxed_<c10::impl::detail::WrapFunctionIntoFunctor_<c10::CompileTimeFunctionPointer<at::Tensor (at::Tensor const&, std::basic_string_view<char, std::char_traits<char> >), &at::(anonymous namespace)::wrapper_CUDA_gelu>, at::Tensor, c10::guts::typelist::typelist<at::Tensor const&, std::basic_string_view<char, std::char_traits<char> > > >, at::Tensor (at::Tensor const&, std::basic_string_view<char, std::char_traits<char> >)>::call(c10::OperatorKernel*, c10::DispatchKeySet, at::Tensor const&, std::basic_string_view<char, std::char_traits<char> >) [0x389d301] in libtorch_cuda.so
=========         Host Frame: at::_ops::gelu::redispatch(c10::DispatchKeySet, at::Tensor const&, std::basic_string_view<char, std::char_traits<char> >) [0x28d4193] in libtorch_cpu.so
=========         Host Frame: torch::autograd::VariableType::(anonymous namespace)::gelu(c10::DispatchKeySet, at::Tensor const&, std::basic_string_view<char, std::char_traits<char> >) [0x533cd3b] in libtorch_cpu.so
=========         Host Frame: c10::impl::wrap_kernel_functor_unboxed_<c10::impl::detail::WrapFunctionIntoFunctor_<c10::CompileTimeFunctionPointer<at::Tensor (c10::DispatchKeySet, at::Tensor const&, std::basic_string_view<char, std::char_traits<char> >), &torch::autograd::VariableType::(anonymous namespace)::gelu>, at::Tensor, c10::guts::typelist::typelist<c10::DispatchKeySet, at::Tensor const&, std::basic_string_view<char, std::char_traits<char> > > >, at::Tensor (c10::DispatchKeySet, at::Tensor const&, std::basic_string_view<char, std::char_traits<char> >)>::call(c10::OperatorKernel*, c10::DispatchKeySet, at::Tensor const&, std::basic_string_view<char, std::char_traits<char> >) [0x533d404] in libtorch_cpu.so
=========         Host Frame: at::_ops::gelu::call(at::Tensor const&, std::basic_string_view<char, std::char_traits<char> >) [0x298862f] in libtorch_cpu.so
=========         Host Frame: main [0x5500] in tail_reference_probe
========= 
========= Uninitialized __global__ memory read of size 16 bytes
=========     at void at::native::vectorized_elementwise_kernel<(int)8, at::native::GeluCUDAKernelImpl(at::TensorIteratorBase &, at::native::GeluType)::[lambda() (instance 2)]::operator ()() const::[lambda() (instance 4)]::operator ()() const::[lambda(c10::BFloat16) (instance 1)], std::array<char *, (unsigned long)2>>(int, T2, T3)+0xc0
=========     by thread (10,0,0) in block (0,0,0)
=========     Address 0x2b9efd41e0a0
=========     Saved host backtrace up to driver entry point at kernel launch time
=========         Host Frame: cuLaunchKernel [0x39d6c4] in libcuda.so.1
=========         Host Frame:  [0x13e88] in libcudart.so.12
=========         Host Frame: cudaLaunchKernel [0x79f87] in libcudart.so.12
=========         Host Frame: void at::native::gpu_kernel_impl<__nv_hdl_wrapper_t<false, true, false, __nv_dl_tag<void (*)(at::TensorIteratorBase&, at::native::GeluType), &at::native::GeluCUDAKernelImpl, 8u>, c10::BFloat16 (c10::BFloat16)> >(at::TensorIteratorBase&, __nv_hdl_wrapper_t<false, true, false, __nv_dl_tag<void (*)(at::TensorIteratorBase&, at::native::GeluType), &at::native::GeluCUDAKernelImpl, 8u>, c10::BFloat16 (c10::BFloat16)> const&) [clone .isra.0] [0x149a222] in libtorch_cuda.so
=========         Host Frame: at::(anonymous namespace)::wrapper_CUDA_gelu(at::Tensor const&, std::basic_string_view<char, std::char_traits<char> >) [0x389d25e] in libtorch_cuda.so
=========         Host Frame: c10::impl::wrap_kernel_functor_unboxed_<c10::impl::detail::WrapFunctionIntoFunctor_<c10::CompileTimeFunctionPointer<at::Tensor (at::Tensor const&, std::basic_string_view<char, std::char_traits<char> >), &at::(anonymous namespace)::wrapper_CUDA_gelu>, at::Tensor, c10::guts::typelist::typelist<at::Tensor const&, std::basic_string_view<char, std::char_traits<char> > > >, at::Tensor (at::Tensor const&, std::basic_string_view<char, std::char_traits<char> >)>::call(c10::OperatorKernel*, c10::DispatchKeySet, at::Tensor const&, std::basic_string_view<char, std::char_traits<char> >) [0x389d301] in libtorch_cuda.so
=========         Host Frame: at::_ops::gelu::redispatch(c10::DispatchKeySet, at::Tensor const&, std::basic_string_view<char, std::char_traits<char> >) [0x28d4193] in libtorch_cpu.so
=========         Host Frame: torch::autograd::VariableType::(anonymous namespace)::gelu(c10::DispatchKeySet, at::Tensor const&, std::basic_string_view<char, std::char_traits<char> >) [0x533cd3b] in libtorch_cpu.so
=========         Host Frame: c10::impl::wrap_kernel_functor_unboxed_<c10::impl::detail::WrapFunctionIntoFunctor_<c10::CompileTimeFunctionPointer<at::Tensor (c10::DispatchKeySet, at::Tensor const&, std::basic_string_view<char, std::char_traits<char> >), &torch::autograd::VariableType::(anonymous namespace)::gelu>, at::Tensor, c10::guts::typelist::typelist<c10::DispatchKeySet, at::Tensor const&, std::basic_string_view<char, std::char_traits<char> > > >, at::Tensor (c10::DispatchKeySet, at::Tensor const&, std::basic_string_view<char, std::char_traits<char> >)>::call(c10::OperatorKernel*, c10::DispatchKeySet, at::Tensor const&, std::basic_string_view<char, std::char_traits<char> >) [0x533d404] in libtorch_cpu.so
=========         Host Frame: at::_ops::gelu::call(at::Tensor const&, std::basic_string_view<char, std::char_traits<char> >) [0x298862f] in libtorch_cpu.so
=========         Host Frame: main [0x5500] in tail_reference_probe
========= 
========= Uninitialized __global__ memory read of size 16 bytes
=========     at void at::native::vectorized_elementwise_kernel<(int)8, at::native::GeluCUDAKernelImpl(at::TensorIteratorBase &, at::native::GeluType)::[lambda() (instance 2)]::operator ()() const::[lambda() (instance 4)]::operator ()() const::[lambda(c10::BFloat16) (instance 1)], std::array<char *, (unsigned long)2>>(int, T2, T3)+0xc0
=========     by thread (11,0,0) in block (0,0,0)
=========     Address 0x2b9efd41e0b0
=========     Saved host backtrace up to driver entry point at kernel launch time
=========         Host Frame: cuLaunchKernel [0x39d6c4] in libcuda.so.1
=========         Host Frame:  [0x13e88] in libcudart.so.12
=========         Host Frame: cudaLaunchKernel [0x79f87] in libcudart.so.12
=========         Host Frame: void at::native::gpu_kernel_impl<__nv_hdl_wrapper_t<false, true, false, __nv_dl_tag<void (*)(at::TensorIteratorBase&, at::native::GeluType), &at::native::GeluCUDAKernelImpl, 8u>, c10::BFloat16 (c10::BFloat16)> >(at::TensorIteratorBase&, __nv_hdl_wrapper_t<false, true, false, __nv_dl_tag<void (*)(at::TensorIteratorBase&, at::native::GeluType), &at::native::GeluCUDAKernelImpl, 8u>, c10::BFloat16 (c10::BFloat16)> const&) [clone .isra.0] [0x149a222] in libtorch_cuda.so
=========         Host Frame: at::(anonymous namespace)::wrapper_CUDA_gelu(at::Tensor const&, std::basic_string_view<char, std::char_traits<char> >) [0x389d25e] in libtorch_cuda.so
=========         Host Frame: c10::impl::wrap_kernel_functor_unboxed_<c10::impl::detail::WrapFunctionIntoFunctor_<c10::CompileTimeFunctionPointer<at::Tensor (at::Tensor const&, std::basic_string_view<char, std::char_traits<char> >), &at::(anonymous namespace)::wrapper_CUDA_gelu>, at::Tensor, c10::guts::typelist::typelist<at::Tensor const&, std::basic_string_view<char, std::char_traits<char> > > >, at::Tensor (at::Tensor const&, std::basic_string_view<char, std::char_traits<char> >)>::call(c10::OperatorKernel*, c10::DispatchKeySet, at::Tensor const&, std::basic_string_view<char, std::char_traits<char> >) [0x389d301] in libtorch_cuda.so
=========         Host Frame: at::_ops::gelu::redispatch(c10::DispatchKeySet, at::Tensor const&, std::basic_string_view<char, std::char_traits<char> >) [0x28d4193] in libtorch_cpu.so
=========         Host Frame: torch::autograd::VariableType::(anonymous namespace)::gelu(c10::DispatchKeySet, at::Tensor const&, std::basic_string_view<char, std::char_traits<char> >) [0x533cd3b] in libtorch_cpu.so
=========         Host Frame: c10::impl::wrap_kernel_functor_unboxed_<c10::impl::detail::WrapFunctionIntoFunctor_<c10::CompileTimeFunctionPointer<at::Tensor (c10::DispatchKeySet, at::Tensor const&, std::basic_string_view<char, std::char_traits<char> >), &torch::autograd::VariableType::(anonymous namespace)::gelu>, at::Tensor, c10::guts::typelist::typelist<c10::DispatchKeySet, at::Tensor const&, std::basic_string_view<char, std::char_traits<char> > > >, at::Tensor (c10::DispatchKeySet, at::Tensor const&, std::basic_string_view<char, std::char_traits<char> >)>::call(c10::OperatorKernel*, c10::DispatchKeySet, at::Tensor const&, std::basic_string_view<char, std::char_traits<char> >) [0x533d404] in libtorch_cpu.so
=========         Host Frame: at::_ops::gelu::call(at::Tensor const&, std::basic_string_view<char, std::char_traits<char> >) [0x298862f] in libtorch_cpu.so
=========         Host Frame: main [0x5500] in tail_reference_probe
========= 
========= Uninitialized __global__ memory read of size 16 bytes
=========     at void at::native::vectorized_elementwise_kernel<(int)8, at::native::GeluCUDAKernelImpl(at::TensorIteratorBase &, at::native::GeluType)::[lambda() (instance 2)]::operator ()() const::[lambda() (instance 4)]::operator ()() const::[lambda(c10::BFloat16) (instance 1)], std::array<char *, (unsigned long)2>>(int, T2, T3)+0xc0
=========     by thread (12,0,0) in block (0,0,0)
=========     Address 0x2b9efd41e0c0
=========     Saved host backtrace up to driver entry point at kernel launch time
=========         Host Frame: cuLaunchKernel [0x39d6c4] in libcuda.so.1
=========         Host Frame:  [0x13e88] in libcudart.so.12
=========         Host Frame: cudaLaunchKernel [0x79f87] in libcudart.so.12
=========         Host Frame: void at::native::gpu_kernel_impl<__nv_hdl_wrapper_t<false, true, false, __nv_dl_tag<void (*)(at::TensorIteratorBase&, at::native::GeluType), &at::native::GeluCUDAKernelImpl, 8u>, c10::BFloat16 (c10::BFloat16)> >(at::TensorIteratorBase&, __nv_hdl_wrapper_t<false, true, false, __nv_dl_tag<void (*)(at::TensorIteratorBase&, at::native::GeluType), &at::native::GeluCUDAKernelImpl, 8u>, c10::BFloat16 (c10::BFloat16)> const&) [clone .isra.0] [0x149a222] in libtorch_cuda.so
=========         Host Frame: at::(anonymous namespace)::wrapper_CUDA_gelu(at::Tensor const&, std::basic_string_view<char, std::char_traits<char> >) [0x389d25e] in libtorch_cuda.so
=========         Host Frame: c10::impl::wrap_kernel_functor_unboxed_<c10::impl::detail::WrapFunctionIntoFunctor_<c10::CompileTimeFunctionPointer<at::Tensor (at::Tensor const&, std::basic_string_view<char, std::char_traits<char> >), &at::(anonymous namespace)::wrapper_CUDA_gelu>, at::Tensor, c10::guts::typelist::typelist<at::Tensor const&, std::basic_string_view<char, std::char_traits<char> > > >, at::Tensor (at::Tensor const&, std::basic_string_view<char, std::char_traits<char> >)>::call(c10::OperatorKernel*, c10::DispatchKeySet, at::Tensor const&, std::basic_string_view<char, std::char_traits<char> >) [0x389d301] in libtorch_cuda.so
=========         Host Frame: at::_ops::gelu::redispatch(c10::DispatchKeySet, at::Tensor const&, std::basic_string_view<char, std::char_traits<char> >) [0x28d4193] in libtorch_cpu.so
=========         Host Frame: torch::autograd::VariableType::(anonymous namespace)::gelu(c10::DispatchKeySet, at::Tensor const&, std::basic_string_view<char, std::char_traits<char> >) [0x533cd3b] in libtorch_cpu.so
=========         Host Frame: c10::impl::wrap_kernel_functor_unboxed_<c10::impl::detail::WrapFunctionIntoFunctor_<c10::CompileTimeFunctionPointer<at::Tensor (c10::DispatchKeySet, at::Tensor const&, std::basic_string_view<char, std::char_traits<char> >), &torch::autograd::VariableType::(anonymous namespace)::gelu>, at::Tensor, c10::guts::typelist::typelist<c10::DispatchKeySet, at::Tensor const&, std::basic_string_view<char, std::char_traits<char> > > >, at::Tensor (c10::DispatchKeySet, at::Tensor const&, std::basic_string_view<char, std::char_traits<char> >)>::call(c10::OperatorKernel*, c10::DispatchKeySet, at::Tensor const&, std::basic_string_view<char, std::char_traits<char> >) [0x533d404] in libtorch_cpu.so
=========         Host Frame: at::_ops::gelu::call(at::Tensor const&, std::basic_string_view<char, std::char_traits<char> >) [0x298862f] in libtorch_cpu.so
=========         Host Frame: main [0x5500] in tail_reference_probe
========= 
========= Uninitialized __global__ memory read of size 16 bytes
=========     at void at::native::vectorized_elementwise_kernel<(int)8, at::native::GeluCUDAKernelImpl(at::TensorIteratorBase &, at::native::GeluType)::[lambda() (instance 2)]::operator ()() const::[lambda() (instance 4)]::operator ()() const::[lambda(c10::BFloat16) (instance 1)], std::array<char *, (unsigned long)2>>(int, T2, T3)+0xc0
=========     by thread (13,0,0) in block (0,0,0)
=========     Address 0x2b9efd41e0d0
=========     Saved host backtrace up to driver entry point at kernel launch time
=========         Host Frame: cuLaunchKernel [0x39d6c4] in libcuda.so.1
=========         Host Frame:  [0x13e88] in libcudart.so.12
=========         Host Frame: cudaLaunchKernel [0x79f87] in libcudart.so.12
=========         Host Frame: void at::native::gpu_kernel_impl<__nv_hdl_wrapper_t<false, true, false, __nv_dl_tag<void (*)(at::TensorIteratorBase&, at::native::GeluType), &at::native::GeluCUDAKernelImpl, 8u>, c10::BFloat16 (c10::BFloat16)> >(at::TensorIteratorBase&, __nv_hdl_wrapper_t<false, true, false, __nv_dl_tag<void (*)(at::TensorIteratorBase&, at::native::GeluType), &at::native::GeluCUDAKernelImpl, 8u>, c10::BFloat16 (c10::BFloat16)> const&) [clone .isra.0] [0x149a222] in libtorch_cuda.so
=========         Host Frame: at::(anonymous namespace)::wrapper_CUDA_gelu(at::Tensor const&, std::basic_string_view<char, std::char_traits<char> >) [0x389d25e] in libtorch_cuda.so
=========         Host Frame: c10::impl::wrap_kernel_functor_unboxed_<c10::impl::detail::WrapFunctionIntoFunctor_<c10::CompileTimeFunctionPointer<at::Tensor (at::Tensor const&, std::basic_string_view<char, std::char_traits<char> >), &at::(anonymous namespace)::wrapper_CUDA_gelu>, at::Tensor, c10::guts::typelist::typelist<at::Tensor const&, std::basic_string_view<char, std::char_traits<char> > > >, at::Tensor (at::Tensor const&, std::basic_string_view<char, std::char_traits<char> >)>::call(c10::OperatorKernel*, c10::DispatchKeySet, at::Tensor const&, std::basic_string_view<char, std::char_traits<char> >) [0x389d301] in libtorch_cuda.so
=========         Host Frame: at::_ops::gelu::redispatch(c10::DispatchKeySet, at::Tensor const&, std::basic_string_view<char, std::char_traits<char> >) [0x28d4193] in libtorch_cpu.so
=========         Host Frame: torch::autograd::VariableType::(anonymous namespace)::gelu(c10::DispatchKeySet, at::Tensor const&, std::basic_string_view<char, std::char_traits<char> >) [0x533cd3b] in libtorch_cpu.so
=========         Host Frame: c10::impl::wrap_kernel_functor_unboxed_<c10::impl::detail::WrapFunctionIntoFunctor_<c10::CompileTimeFunctionPointer<at::Tensor (c10::DispatchKeySet, at::Tensor const&, std::basic_string_view<char, std::char_traits<char> >), &torch::autograd::VariableType::(anonymous namespace)::gelu>, at::Tensor, c10::guts::typelist::typelist<c10::DispatchKeySet, at::Tensor const&, std::basic_string_view<char, std::char_traits<char> > > >, at::Tensor (c10::DispatchKeySet, at::Tensor const&, std::basic_string_view<char, std::char_traits<char> >)>::call(c10::OperatorKernel*, c10::DispatchKeySet, at::Tensor const&, std::basic_string_view<char, std::char_traits<char> >) [0x533d404] in libtorch_cpu.so
=========         Host Frame: at::_ops::gelu::call(at::Tensor const&, std::basic_string_view<char, std::char_traits<char> >) [0x298862f] in libtorch_cpu.so
=========         Host Frame: main [0x5500] in tail_reference_probe
========= 
========= Uninitialized __global__ memory read of size 16 bytes
=========     at void at::native::vectorized_elementwise_kernel<(int)8, at::native::GeluCUDAKernelImpl(at::TensorIteratorBase &, at::native::GeluType)::[lambda() (instance 2)]::operator ()() const::[lambda() (instance 4)]::operator ()() const::[lambda(c10::BFloat16) (instance 1)], std::array<char *, (unsigned long)2>>(int, T2, T3)+0xc0
=========     by thread (14,0,0) in block (0,0,0)
=========     Address 0x2b9efd41e0e0
=========     Saved host backtrace up to driver entry point at kernel launch time
=========         Host Frame: cuLaunchKernel [0x39d6c4] in libcuda.so.1
=========         Host Frame:  [0x13e88] in libcudart.so.12
=========         Host Frame: cudaLaunchKernel [0x79f87] in libcudart.so.12
=========         Host Frame: void at::native::gpu_kernel_impl<__nv_hdl_wrapper_t<false, true, false, __nv_dl_tag<void (*)(at::TensorIteratorBase&, at::native::GeluType), &at::native::GeluCUDAKernelImpl, 8u>, c10::BFloat16 (c10::BFloat16)> >(at::TensorIteratorBase&, __nv_hdl_wrapper_t<false, true, false, __nv_dl_tag<void (*)(at::TensorIteratorBase&, at::native::GeluType), &at::native::GeluCUDAKernelImpl, 8u>, c10::BFloat16 (c10::BFloat16)> const&) [clone .isra.0] [0x149a222] in libtorch_cuda.so
=========         Host Frame: at::(anonymous namespace)::wrapper_CUDA_gelu(at::Tensor const&, std::basic_string_view<char, std::char_traits<char> >) [0x389d25e] in libtorch_cuda.so
=========         Host Frame: c10::impl::wrap_kernel_functor_unboxed_<c10::impl::detail::WrapFunctionIntoFunctor_<c10::CompileTimeFunctionPointer<at::Tensor (at::Tensor const&, std::basic_string_view<char, std::char_traits<char> >), &at::(anonymous namespace)::wrapper_CUDA_gelu>, at::Tensor, c10::guts::typelist::typelist<at::Tensor const&, std::basic_string_view<char, std::char_traits<char> > > >, at::Tensor (at::Tensor const&, std::basic_string_view<char, std::char_traits<char> >)>::call(c10::OperatorKernel*, c10::DispatchKeySet, at::Tensor const&, std::basic_string_view<char, std::char_traits<char> >) [0x389d301] in libtorch_cuda.so
=========         Host Frame: at::_ops::gelu::redispatch(c10::DispatchKeySet, at::Tensor const&, std::basic_string_view<char, std::char_traits<char> >) [0x28d4193] in libtorch_cpu.so
=========         Host Frame: torch::autograd::VariableType::(anonymous namespace)::gelu(c10::DispatchKeySet, at::Tensor const&, std::basic_string_view<char, std::char_traits<char> >) [0x533cd3b] in libtorch_cpu.so
=========         Host Frame: c10::impl::wrap_kernel_functor_unboxed_<c10::impl::detail::WrapFunctionIntoFunctor_<c10::CompileTimeFunctionPointer<at::Tensor (c10::DispatchKeySet, at::Tensor const&, std::basic_string_view<char, std::char_traits<char> >), &torch::autograd::VariableType::(anonymous namespace)::gelu>, at::Tensor, c10::guts::typelist::typelist<c10::DispatchKeySet, at::Tensor const&, std::basic_string_view<char, std::char_traits<char> > > >, at::Tensor (c10::DispatchKeySet, at::Tensor const&, std::basic_string_view<char, std::char_traits<char> >)>::call(c10::OperatorKernel*, c10::DispatchKeySet, at::Tensor const&, std::basic_string_view<char, std::char_traits<char> >) [0x533d404] in libtorch_cpu.so
=========         Host Frame: at::_ops::gelu::call(at::Tensor const&, std::basic_string_view<char, std::char_traits<char> >) [0x298862f] in libtorch_cpu.so
=========         Host Frame: main [0x5500] in tail_reference_probe
========= 
========= Uninitialized __global__ memory read of size 16 bytes
=========     at void at::native::vectorized_elementwise_kernel<(int)8, at::native::GeluCUDAKernelImpl(at::TensorIteratorBase &, at::native::GeluType)::[lambda() (instance 2)]::operator ()() const::[lambda() (instance 4)]::operator ()() const::[lambda(c10::BFloat16) (instance 1)], std::array<char *, (unsigned long)2>>(int, T2, T3)+0xc0
=========     by thread (15,0,0) in block (0,0,0)
=========     Address 0x2b9efd41e0f0
=========     Saved host backtrace up to driver entry point at kernel launch time
=========         Host Frame: cuLaunchKernel [0x39d6c4] in libcuda.so.1
=========         Host Frame:  [0x13e88] in libcudart.so.12
=========         Host Frame: cudaLaunchKernel [0x79f87] in libcudart.so.12
=========         Host Frame: void at::native::gpu_kernel_impl<__nv_hdl_wrapper_t<false, true, false, __nv_dl_tag<void (*)(at::TensorIteratorBase&, at::native::GeluType), &at::native::GeluCUDAKernelImpl, 8u>, c10::BFloat16 (c10::BFloat16)> >(at::TensorIteratorBase&, __nv_hdl_wrapper_t<false, true, false, __nv_dl_tag<void (*)(at::TensorIteratorBase&, at::native::GeluType), &at::native::GeluCUDAKernelImpl, 8u>, c10::BFloat16 (c10::BFloat16)> const&) [clone .isra.0] [0x149a222] in libtorch_cuda.so
=========         Host Frame: at::(anonymous namespace)::wrapper_CUDA_gelu(at::Tensor const&, std::basic_string_view<char, std::char_traits<char> >) [0x389d25e] in libtorch_cuda.so
=========         Host Frame: c10::impl::wrap_kernel_functor_unboxed_<c10::impl::detail::WrapFunctionIntoFunctor_<c10::CompileTimeFunctionPointer<at::Tensor (at::Tensor const&, std::basic_string_view<char, std::char_traits<char> >), &at::(anonymous namespace)::wrapper_CUDA_gelu>, at::Tensor, c10::guts::typelist::typelist<at::Tensor const&, std::basic_string_view<char, std::char_traits<char> > > >, at::Tensor (at::Tensor const&, std::basic_string_view<char, std::char_traits<char> >)>::call(c10::OperatorKernel*, c10::DispatchKeySet, at::Tensor const&, std::basic_string_view<char, std::char_traits<char> >) [0x389d301] in libtorch_cuda.so
=========         Host Frame: at::_ops::gelu::redispatch(c10::DispatchKeySet, at::Tensor const&, std::basic_string_view<char, std::char_traits<char> >) [0x28d4193] in libtorch_cpu.so
=========         Host Frame: torch::autograd::VariableType::(anonymous namespace)::gelu(c10::DispatchKeySet, at::Tensor const&, std::basic_string_view<char, std::char_traits<char> >) [0x533cd3b] in libtorch_cpu.so
=========         Host Frame: c10::impl::wrap_kernel_functor_unboxed_<c10::impl::detail::WrapFunctionIntoFunctor_<c10::CompileTimeFunctionPointer<at::Tensor (c10::DispatchKeySet, at::Tensor const&, std::basic_string_view<char, std::char_traits<char> >), &torch::autograd::VariableType::(anonymous namespace)::gelu>, at::Tensor, c10::guts::typelist::typelist<c10::DispatchKeySet, at::Tensor const&, std::basic_string_view<char, std::char_traits<char> > > >, at::Tensor (c10::DispatchKeySet, at::Tensor const&, std::basic_string_view<char, std::char_traits<char> >)>::call(c10::OperatorKernel*, c10::DispatchKeySet, at::Tensor const&, std::basic_string_view<char, std::char_traits<char> >) [0x533d404] in libtorch_cpu.so
=========         Host Frame: at::_ops::gelu::call(at::Tensor const&, std::basic_string_view<char, std::char_traits<char> >) [0x298862f] in libtorch_cpu.so
=========         Host Frame: main [0x5500] in tail_reference_probe
========= 
========= Uninitialized __global__ memory read of size 16 bytes
=========     at void at::native::vectorized_elementwise_kernel<(int)8, at::native::GeluCUDAKernelImpl(at::TensorIteratorBase &, at::native::GeluType)::[lambda() (instance 2)]::operator ()() const::[lambda() (instance 4)]::operator ()() const::[lambda(c10::BFloat16) (instance 1)], std::array<char *, (unsigned long)2>>(int, T2, T3)+0xc0
=========     by thread (16,0,0) in block (0,0,0)
=========     Address 0x2b9efd41e100
=========     Saved host backtrace up to driver entry point at kernel launch time
=========         Host Frame: cuLaunchKernel [0x39d6c4] in libcuda.so.1
=========         Host Frame:  [0x13e88] in libcudart.so.12
=========         Host Frame: cudaLaunchKernel [0x79f87] in libcudart.so.12
=========         Host Frame: void at::native::gpu_kernel_impl<__nv_hdl_wrapper_t<false, true, false, __nv_dl_tag<void (*)(at::TensorIteratorBase&, at::native::GeluType), &at::native::GeluCUDAKernelImpl, 8u>, c10::BFloat16 (c10::BFloat16)> >(at::TensorIteratorBase&, __nv_hdl_wrapper_t<false, true, false, __nv_dl_tag<void (*)(at::TensorIteratorBase&, at::native::GeluType), &at::native::GeluCUDAKernelImpl, 8u>, c10::BFloat16 (c10::BFloat16)> const&) [clone .isra.0] [0x149a222] in libtorch_cuda.so
=========         Host Frame: at::(anonymous namespace)::wrapper_CUDA_gelu(at::Tensor const&, std::basic_string_view<char, std::char_traits<char> >) [0x389d25e] in libtorch_cuda.so
=========         Host Frame: c10::impl::wrap_kernel_functor_unboxed_<c10::impl::detail::WrapFunctionIntoFunctor_<c10::CompileTimeFunctionPointer<at::Tensor (at::Tensor const&, std::basic_string_view<char, std::char_traits<char> >), &at::(anonymous namespace)::wrapper_CUDA_gelu>, at::Tensor, c10::guts::typelist::typelist<at::Tensor const&, std::basic_string_view<char, std::char_traits<char> > > >, at::Tensor (at::Tensor const&, std::basic_string_view<char, std::char_traits<char> >)>::call(c10::OperatorKernel*, c10::DispatchKeySet, at::Tensor const&, std::basic_string_view<char, std::char_traits<char> >) [0x389d301] in libtorch_cuda.so
=========         Host Frame: at::_ops::gelu::redispatch(c10::DispatchKeySet, at::Tensor const&, std::basic_string_view<char, std::char_traits<char> >) [0x28d4193] in libtorch_cpu.so
=========         Host Frame: torch::autograd::VariableType::(anonymous namespace)::gelu(c10::DispatchKeySet, at::Tensor const&, std::basic_string_view<char, std::char_traits<char> >) [0x533cd3b] in libtorch_cpu.so
=========         Host Frame: c10::impl::wrap_kernel_functor_unboxed_<c10::impl::detail::WrapFunctionIntoFunctor_<c10::CompileTimeFunctionPointer<at::Tensor (c10::DispatchKeySet, at::Tensor const&, std::basic_string_view<char, std::char_traits<char> >), &torch::autograd::VariableType::(anonymous namespace)::gelu>, at::Tensor, c10::guts::typelist::typelist<c10::DispatchKeySet, at::Tensor const&, std::basic_string_view<char, std::char_traits<char> > > >, at::Tensor (c10::DispatchKeySet, at::Tensor const&, std::basic_string_view<char, std::char_traits<char> >)>::call(c10::OperatorKernel*, c10::DispatchKeySet, at::Tensor const&, std::basic_string_view<char, std::char_traits<char> >) [0x533d404] in libtorch_cpu.so
=========         Host Frame: at::_ops::gelu::call(at::Tensor const&, std::basic_string_view<char, std::char_traits<char> >) [0x298862f] in libtorch_cpu.so
=========         Host Frame: main [0x5500] in tail_reference_probe
========= 
========= Uninitialized __global__ memory read of size 16 bytes
=========     at void at::native::vectorized_elementwise_kernel<(int)8, at::native::GeluCUDAKernelImpl(at::TensorIteratorBase &, at::native::GeluType)::[lambda() (instance 2)]::operator ()() const::[lambda() (instance 4)]::operator ()() const::[lambda(c10::BFloat16) (instance 1)], std::array<char *, (unsigned long)2>>(int, T2, T3)+0xc0
=========     by thread (17,0,0) in block (0,0,0)
=========     Address 0x2b9efd41e110
=========     Saved host backtrace up to driver entry point at kernel launch time
=========         Host Frame: cuLaunchKernel [0x39d6c4] in libcuda.so.1
=========         Host Frame:  [0x13e88] in libcudart.so.12
=========         Host Frame: cudaLaunchKernel [0x79f87] in libcudart.so.12
=========         Host Frame: void at::native::gpu_kernel_impl<__nv_hdl_wrapper_t<false, true, false, __nv_dl_tag<void (*)(at::TensorIteratorBase&, at::native::GeluType), &at::native::GeluCUDAKernelImpl, 8u>, c10::BFloat16 (c10::BFloat16)> >(at::TensorIteratorBase&, __nv_hdl_wrapper_t<false, true, false, __nv_dl_tag<void (*)(at::TensorIteratorBase&, at::native::GeluType), &at::native::GeluCUDAKernelImpl, 8u>, c10::BFloat16 (c10::BFloat16)> const&) [clone .isra.0] [0x149a222] in libtorch_cuda.so
=========         Host Frame: at::(anonymous namespace)::wrapper_CUDA_gelu(at::Tensor const&, std::basic_string_view<char, std::char_traits<char> >) [0x389d25e] in libtorch_cuda.so
=========         Host Frame: c10::impl::wrap_kernel_functor_unboxed_<c10::impl::detail::WrapFunctionIntoFunctor_<c10::CompileTimeFunctionPointer<at::Tensor (at::Tensor const&, std::basic_string_view<char, std::char_traits<char> >), &at::(anonymous namespace)::wrapper_CUDA_gelu>, at::Tensor, c10::guts::typelist::typelist<at::Tensor const&, std::basic_string_view<char, std::char_traits<char> > > >, at::Tensor (at::Tensor const&, std::basic_string_view<char, std::char_traits<char> >)>::call(c10::OperatorKernel*, c10::DispatchKeySet, at::Tensor const&, std::basic_string_view<char, std::char_traits<char> >) [0x389d301] in libtorch_cuda.so
=========         Host Frame: at::_ops::gelu::redispatch(c10::DispatchKeySet, at::Tensor const&, std::basic_string_view<char, std::char_traits<char> >) [0x28d4193] in libtorch_cpu.so
=========         Host Frame: torch::autograd::VariableType::(anonymous namespace)::gelu(c10::DispatchKeySet, at::Tensor const&, std::basic_string_view<char, std::char_traits<char> >) [0x533cd3b] in libtorch_cpu.so
=========         Host Frame: c10::impl::wrap_kernel_functor_unboxed_<c10::impl::detail::WrapFunctionIntoFunctor_<c10::CompileTimeFunctionPointer<at::Tensor (c10::DispatchKeySet, at::Tensor const&, std::basic_string_view<char, std::char_traits<char> >), &torch::autograd::VariableType::(anonymous namespace)::gelu>, at::Tensor, c10::guts::typelist::typelist<c10::DispatchKeySet, at::Tensor const&, std::basic_string_view<char, std::char_traits<char> > > >, at::Tensor (c10::DispatchKeySet, at::Tensor const&, std::basic_string_view<char, std::char_traits<char> >)>::call(c10::OperatorKernel*, c10::DispatchKeySet, at::Tensor const&, std::basic_string_view<char, std::char_traits<char> >) [0x533d404] in libtorch_cpu.so
=========         Host Frame: at::_ops::gelu::call(at::Tensor const&, std::basic_string_view<char, std::char_traits<char> >) [0x298862f] in libtorch_cpu.so
=========         Host Frame: main [0x5500] in tail_reference_probe
========= 
========= Uninitialized __global__ memory read of size 16 bytes
=========     at void at::native::vectorized_elementwise_kernel<(int)8, at::native::GeluCUDAKernelImpl(at::TensorIteratorBase &, at::native::GeluType)::[lambda() (instance 2)]::operator ()() const::[lambda() (instance 4)]::operator ()() const::[lambda(c10::BFloat16) (instance 1)], std::array<char *, (unsigned long)2>>(int, T2, T3)+0xc0
=========     by thread (18,0,0) in block (0,0,0)
=========     Address 0x2b9efd41e120
=========     Saved host backtrace up to driver entry point at kernel launch time
=========         Host Frame: cuLaunchKernel [0x39d6c4] in libcuda.so.1
=========         Host Frame:  [0x13e88] in libcudart.so.12
=========         Host Frame: cudaLaunchKernel [0x79f87] in libcudart.so.12
=========         Host Frame: void at::native::gpu_kernel_impl<__nv_hdl_wrapper_t<false, true, false, __nv_dl_tag<void (*)(at::TensorIteratorBase&, at::native::GeluType), &at::native::GeluCUDAKernelImpl, 8u>, c10::BFloat16 (c10::BFloat16)> >(at::TensorIteratorBase&, __nv_hdl_wrapper_t<false, true, false, __nv_dl_tag<void (*)(at::TensorIteratorBase&, at::native::GeluType), &at::native::GeluCUDAKernelImpl, 8u>, c10::BFloat16 (c10::BFloat16)> const&) [clone .isra.0] [0x149a222] in libtorch_cuda.so
=========         Host Frame: at::(anonymous namespace)::wrapper_CUDA_gelu(at::Tensor const&, std::basic_string_view<char, std::char_traits<char> >) [0x389d25e] in libtorch_cuda.so
=========         Host Frame: c10::impl::wrap_kernel_functor_unboxed_<c10::impl::detail::WrapFunctionIntoFunctor_<c10::CompileTimeFunctionPointer<at::Tensor (at::Tensor const&, std::basic_string_view<char, std::char_traits<char> >), &at::(anonymous namespace)::wrapper_CUDA_gelu>, at::Tensor, c10::guts::typelist::typelist<at::Tensor const&, std::basic_string_view<char, std::char_traits<char> > > >, at::Tensor (at::Tensor const&, std::basic_string_view<char, std::char_traits<char> >)>::call(c10::OperatorKernel*, c10::DispatchKeySet, at::Tensor const&, std::basic_string_view<char, std::char_traits<char> >) [0x389d301] in libtorch_cuda.so
=========         Host Frame: at::_ops::gelu::redispatch(c10::DispatchKeySet, at::Tensor const&, std::basic_string_view<char, std::char_traits<char> >) [0x28d4193] in libtorch_cpu.so
=========         Host Frame: torch::autograd::VariableType::(anonymous namespace)::gelu(c10::DispatchKeySet, at::Tensor const&, std::basic_string_view<char, std::char_traits<char> >) [0x533cd3b] in libtorch_cpu.so
=========         Host Frame: c10::impl::wrap_kernel_functor_unboxed_<c10::impl::detail::WrapFunctionIntoFunctor_<c10::CompileTimeFunctionPointer<at::Tensor (c10::DispatchKeySet, at::Tensor const&, std::basic_string_view<char, std::char_traits<char> >), &torch::autograd::VariableType::(anonymous namespace)::gelu>, at::Tensor, c10::guts::typelist::typelist<c10::DispatchKeySet, at::Tensor const&, std::basic_string_view<char, std::char_traits<char> > > >, at::Tensor (c10::DispatchKeySet, at::Tensor const&, std::basic_string_view<char, std::char_traits<char> >)>::call(c10::OperatorKernel*, c10::DispatchKeySet, at::Tensor const&, std::basic_string_view<char, std::char_traits<char> >) [0x533d404] in libtorch_cpu.so
=========         Host Frame: at::_ops::gelu::call(at::Tensor const&, std::basic_string_view<char, std::char_traits<char> >) [0x298862f] in libtorch_cpu.so
=========         Host Frame: main [0x5500] in tail_reference_probe
========= 
========= Uninitialized __global__ memory read of size 16 bytes
=========     at void at::native::vectorized_elementwise_kernel<(int)8, at::native::GeluCUDAKernelImpl(at::TensorIteratorBase &, at::native::GeluType)::[lambda() (instance 2)]::operator ()() const::[lambda() (instance 4)]::operator ()() const::[lambda(c10::BFloat16) (instance 1)], std::array<char *, (unsigned long)2>>(int, T2, T3)+0xc0
=========     by thread (19,0,0) in block (0,0,0)
=========     Address 0x2b9efd41e130
=========     Saved host backtrace up to driver entry point at kernel launch time
=========         Host Frame: cuLaunchKernel [0x39d6c4] in libcuda.so.1
=========         Host Frame:  [0x13e88] in libcudart.so.12
=========         Host Frame: cudaLaunchKernel [0x79f87] in libcudart.so.12
=========         Host Frame: void at::native::gpu_kernel_impl<__nv_hdl_wrapper_t<false, true, false, __nv_dl_tag<void (*)(at::TensorIteratorBase&, at::native::GeluType), &at::native::GeluCUDAKernelImpl, 8u>, c10::BFloat16 (c10::BFloat16)> >(at::TensorIteratorBase&, __nv_hdl_wrapper_t<false, true, false, __nv_dl_tag<void (*)(at::TensorIteratorBase&, at::native::GeluType), &at::native::GeluCUDAKernelImpl, 8u>, c10::BFloat16 (c10::BFloat16)> const&) [clone .isra.0] [0x149a222] in libtorch_cuda.so
=========         Host Frame: at::(anonymous namespace)::wrapper_CUDA_gelu(at::Tensor const&, std::basic_string_view<char, std::char_traits<char> >) [0x389d25e] in libtorch_cuda.so
=========         Host Frame: c10::impl::wrap_kernel_functor_unboxed_<c10::impl::detail::WrapFunctionIntoFunctor_<c10::CompileTimeFunctionPointer<at::Tensor (at::Tensor const&, std::basic_string_view<char, std::char_traits<char> >), &at::(anonymous namespace)::wrapper_CUDA_gelu>, at::Tensor, c10::guts::typelist::typelist<at::Tensor const&, std::basic_string_view<char, std::char_traits<char> > > >, at::Tensor (at::Tensor const&, std::basic_string_view<char, std::char_traits<char> >)>::call(c10::OperatorKernel*, c10::DispatchKeySet, at::Tensor const&, std::basic_string_view<char, std::char_traits<char> >) [0x389d301] in libtorch_cuda.so
=========         Host Frame: at::_ops::gelu::redispatch(c10::DispatchKeySet, at::Tensor const&, std::basic_string_view<char, std::char_traits<char> >) [0x28d4193] in libtorch_cpu.so
=========         Host Frame: torch::autograd::VariableType::(anonymous namespace)::gelu(c10::DispatchKeySet, at::Tensor const&, std::basic_string_view<char, std::char_traits<char> >) [0x533cd3b] in libtorch_cpu.so
=========         Host Frame: c10::impl::wrap_kernel_functor_unboxed_<c10::impl::detail::WrapFunctionIntoFunctor_<c10::CompileTimeFunctionPointer<at::Tensor (c10::DispatchKeySet, at::Tensor const&, std::basic_string_view<char, std::char_traits<char> >), &torch::autograd::VariableType::(anonymous namespace)::gelu>, at::Tensor, c10::guts::typelist::typelist<c10::DispatchKeySet, at::Tensor const&, std::basic_string_view<char, std::char_traits<char> > > >, at::Tensor (c10::DispatchKeySet, at::Tensor const&, std::basic_string_view<char, std::char_traits<char> >)>::call(c10::OperatorKernel*, c10::DispatchKeySet, at::Tensor const&, std::basic_string_view<char, std::char_traits<char> >) [0x533d404] in libtorch_cpu.so
=========         Host Frame: at::_ops::gelu::call(at::Tensor const&, std::basic_string_view<char, std::char_traits<char> >) [0x298862f] in libtorch_cpu.so
=========         Host Frame: main [0x5500] in tail_reference_probe
========= 
========= Uninitialized __global__ memory read of size 16 bytes
=========     at void at::native::vectorized_elementwise_kernel<(int)8, at::native::GeluCUDAKernelImpl(at::TensorIteratorBase &, at::native::GeluType)::[lambda() (instance 2)]::operator ()() const::[lambda() (instance 4)]::operator ()() const::[lambda(c10::BFloat16) (instance 1)], std::array<char *, (unsigned long)2>>(int, T2, T3)+0xc0
=========     by thread (20,0,0) in block (0,0,0)
=========     Address 0x2b9efd41e140
=========     Saved host backtrace up to driver entry point at kernel launch time
=========         Host Frame: cuLaunchKernel [0x39d6c4] in libcuda.so.1
=========         Host Frame:  [0x13e88] in libcudart.so.12
=========         Host Frame: cudaLaunchKernel [0x79f87] in libcudart.so.12
=========         Host Frame: void at::native::gpu_kernel_impl<__nv_hdl_wrapper_t<false, true, false, __nv_dl_tag<void (*)(at::TensorIteratorBase&, at::native::GeluType), &at::native::GeluCUDAKernelImpl, 8u>, c10::BFloat16 (c10::BFloat16)> >(at::TensorIteratorBase&, __nv_hdl_wrapper_t<false, true, false, __nv_dl_tag<void (*)(at::TensorIteratorBase&, at::native::GeluType), &at::native::GeluCUDAKernelImpl, 8u>, c10::BFloat16 (c10::BFloat16)> const&) [clone .isra.0] [0x149a222] in libtorch_cuda.so
=========         Host Frame: at::(anonymous namespace)::wrapper_CUDA_gelu(at::Tensor const&, std::basic_string_view<char, std::char_traits<char> >) [0x389d25e] in libtorch_cuda.so
=========         Host Frame: c10::impl::wrap_kernel_functor_unboxed_<c10::impl::detail::WrapFunctionIntoFunctor_<c10::CompileTimeFunctionPointer<at::Tensor (at::Tensor const&, std::basic_string_view<char, std::char_traits<char> >), &at::(anonymous namespace)::wrapper_CUDA_gelu>, at::Tensor, c10::guts::typelist::typelist<at::Tensor const&, std::basic_string_view<char, std::char_traits<char> > > >, at::Tensor (at::Tensor const&, std::basic_string_view<char, std::char_traits<char> >)>::call(c10::OperatorKernel*, c10::DispatchKeySet, at::Tensor const&, std::basic_string_view<char, std::char_traits<char> >) [0x389d301] in libtorch_cuda.so
=========         Host Frame: at::_ops::gelu::redispatch(c10::DispatchKeySet, at::Tensor const&, std::basic_string_view<char, std::char_traits<char> >) [0x28d4193] in libtorch_cpu.so
=========         Host Frame: torch::autograd::VariableType::(anonymous namespace)::gelu(c10::DispatchKeySet, at::Tensor const&, std::basic_string_view<char, std::char_traits<char> >) [0x533cd3b] in libtorch_cpu.so
=========         Host Frame: c10::impl::wrap_kernel_functor_unboxed_<c10::impl::detail::WrapFunctionIntoFunctor_<c10::CompileTimeFunctionPointer<at::Tensor (c10::DispatchKeySet, at::Tensor const&, std::basic_string_view<char, std::char_traits<char> >), &torch::autograd::VariableType::(anonymous namespace)::gelu>, at::Tensor, c10::guts::typelist::typelist<c10::DispatchKeySet, at::Tensor const&, std::basic_string_view<char, std::char_traits<char> > > >, at::Tensor (c10::DispatchKeySet, at::Tensor const&, std::basic_string_view<char, std::char_traits<char> >)>::call(c10::OperatorKernel*, c10::DispatchKeySet, at::Tensor const&, std::basic_string_view<char, std::char_traits<char> >) [0x533d404] in libtorch_cpu.so
=========         Host Frame: at::_ops::gelu::call(at::Tensor const&, std::basic_string_view<char, std::char_traits<char> >) [0x298862f] in libtorch_cpu.so
=========         Host Frame: main [0x5500] in tail_reference_probe
========= 
========= Uninitialized __global__ memory read of size 16 bytes
=========     at void at::native::vectorized_elementwise_kernel<(int)8, at::native::GeluCUDAKernelImpl(at::TensorIteratorBase &, at::native::GeluType)::[lambda() (instance 2)]::operator ()() const::[lambda() (instance 4)]::operator ()() const::[lambda(c10::BFloat16) (instance 1)], std::array<char *, (unsigned long)2>>(int, T2, T3)+0xc0
=========     by thread (21,0,0) in block (0,0,0)
=========     Address 0x2b9efd41e150
=========     Saved host backtrace up to driver entry point at kernel launch time
=========         Host Frame: cuLaunchKernel [0x39d6c4] in libcuda.so.1
=========         Host Frame:  [0x13e88] in libcudart.so.12
=========         Host Frame: cudaLaunchKernel [0x79f87] in libcudart.so.12
=========         Host Frame: void at::native::gpu_kernel_impl<__nv_hdl_wrapper_t<false, true, false, __nv_dl_tag<void (*)(at::TensorIteratorBase&, at::native::GeluType), &at::native::GeluCUDAKernelImpl, 8u>, c10::BFloat16 (c10::BFloat16)> >(at::TensorIteratorBase&, __nv_hdl_wrapper_t<false, true, false, __nv_dl_tag<void (*)(at::TensorIteratorBase&, at::native::GeluType), &at::native::GeluCUDAKernelImpl, 8u>, c10::BFloat16 (c10::BFloat16)> const&) [clone .isra.0] [0x149a222] in libtorch_cuda.so
=========         Host Frame: at::(anonymous namespace)::wrapper_CUDA_gelu(at::Tensor const&, std::basic_string_view<char, std::char_traits<char> >) [0x389d25e] in libtorch_cuda.so
=========         Host Frame: c10::impl::wrap_kernel_functor_unboxed_<c10::impl::detail::WrapFunctionIntoFunctor_<c10::CompileTimeFunctionPointer<at::Tensor (at::Tensor const&, std::basic_string_view<char, std::char_traits<char> >), &at::(anonymous namespace)::wrapper_CUDA_gelu>, at::Tensor, c10::guts::typelist::typelist<at::Tensor const&, std::basic_string_view<char, std::char_traits<char> > > >, at::Tensor (at::Tensor const&, std::basic_string_view<char, std::char_traits<char> >)>::call(c10::OperatorKernel*, c10::DispatchKeySet, at::Tensor const&, std::basic_string_view<char, std::char_traits<char> >) [0x389d301] in libtorch_cuda.so
=========         Host Frame: at::_ops::gelu::redispatch(c10::DispatchKeySet, at::Tensor const&, std::basic_string_view<char, std::char_traits<char> >) [0x28d4193] in libtorch_cpu.so
=========         Host Frame: torch::autograd::VariableType::(anonymous namespace)::gelu(c10::DispatchKeySet, at::Tensor const&, std::basic_string_view<char, std::char_traits<char> >) [0x533cd3b] in libtorch_cpu.so
=========         Host Frame: c10::impl::wrap_kernel_functor_unboxed_<c10::impl::detail::WrapFunctionIntoFunctor_<c10::CompileTimeFunctionPointer<at::Tensor (c10::DispatchKeySet, at::Tensor const&, std::basic_string_view<char, std::char_traits<char> >), &torch::autograd::VariableType::(anonymous namespace)::gelu>, at::Tensor, c10::guts::typelist::typelist<c10::DispatchKeySet, at::Tensor const&, std::basic_string_view<char, std::char_traits<char> > > >, at::Tensor (c10::DispatchKeySet, at::Tensor const&, std::basic_string_view<char, std::char_traits<char> >)>::call(c10::OperatorKernel*, c10::DispatchKeySet, at::Tensor const&, std::basic_string_view<char, std::char_traits<char> >) [0x533d404] in libtorch_cpu.so
=========         Host Frame: at::_ops::gelu::call(at::Tensor const&, std::basic_string_view<char, std::char_traits<char> >) [0x298862f] in libtorch_cpu.so
=========         Host Frame: main [0x5500] in tail_reference_probe
========= 
========= Uninitialized __global__ memory read of size 16 bytes
=========     at void at::native::vectorized_elementwise_kernel<(int)8, at::native::GeluCUDAKernelImpl(at::TensorIteratorBase &, at::native::GeluType)::[lambda() (instance 2)]::operator ()() const::[lambda() (instance 4)]::operator ()() const::[lambda(c10::BFloat16) (instance 1)], std::array<char *, (unsigned long)2>>(int, T2, T3)+0xc0
=========     by thread (22,0,0) in block (0,0,0)
=========     Address 0x2b9efd41e160
=========     Saved host backtrace up to driver entry point at kernel launch time
=========         Host Frame: cuLaunchKernel [0x39d6c4] in libcuda.so.1
=========         Host Frame:  [0x13e88] in libcudart.so.12
=========         Host Frame: cudaLaunchKernel [0x79f87] in libcudart.so.12
=========         Host Frame: void at::native::gpu_kernel_impl<__nv_hdl_wrapper_t<false, true, false, __nv_dl_tag<void (*)(at::TensorIteratorBase&, at::native::GeluType), &at::native::GeluCUDAKernelImpl, 8u>, c10::BFloat16 (c10::BFloat16)> >(at::TensorIteratorBase&, __nv_hdl_wrapper_t<false, true, false, __nv_dl_tag<void (*)(at::TensorIteratorBase&, at::native::GeluType), &at::native::GeluCUDAKernelImpl, 8u>, c10::BFloat16 (c10::BFloat16)> const&) [clone .isra.0] [0x149a222] in libtorch_cuda.so
=========         Host Frame: at::(anonymous namespace)::wrapper_CUDA_gelu(at::Tensor const&, std::basic_string_view<char, std::char_traits<char> >) [0x389d25e] in libtorch_cuda.so
=========         Host Frame: c10::impl::wrap_kernel_functor_unboxed_<c10::impl::detail::WrapFunctionIntoFunctor_<c10::CompileTimeFunctionPointer<at::Tensor (at::Tensor const&, std::basic_string_view<char, std::char_traits<char> >), &at::(anonymous namespace)::wrapper_CUDA_gelu>, at::Tensor, c10::guts::typelist::typelist<at::Tensor const&, std::basic_string_view<char, std::char_traits<char> > > >, at::Tensor (at::Tensor const&, std::basic_string_view<char, std::char_traits<char> >)>::call(c10::OperatorKernel*, c10::DispatchKeySet, at::Tensor const&, std::basic_string_view<char, std::char_traits<char> >) [0x389d301] in libtorch_cuda.so
=========         Host Frame: at::_ops::gelu::redispatch(c10::DispatchKeySet, at::Tensor const&, std::basic_string_view<char, std::char_traits<char> >) [0x28d4193] in libtorch_cpu.so
=========         Host Frame: torch::autograd::VariableType::(anonymous namespace)::gelu(c10::DispatchKeySet, at::Tensor const&, std::basic_string_view<char, std::char_traits<char> >) [0x533cd3b] in libtorch_cpu.so
=========         Host Frame: c10::impl::wrap_kernel_functor_unboxed_<c10::impl::detail::WrapFunctionIntoFunctor_<c10::CompileTimeFunctionPointer<at::Tensor (c10::DispatchKeySet, at::Tensor const&, std::basic_string_view<char, std::char_traits<char> >), &torch::autograd::VariableType::(anonymous namespace)::gelu>, at::Tensor, c10::guts::typelist::typelist<c10::DispatchKeySet, at::Tensor const&, std::basic_string_view<char, std::char_traits<char> > > >, at::Tensor (c10::DispatchKeySet, at::Tensor const&, std::basic_string_view<char, std::char_traits<char> >)>::call(c10::OperatorKernel*, c10::DispatchKeySet, at::Tensor const&, std::basic_string_view<char, std::char_traits<char> >) [0x533d404] in libtorch_cpu.so
=========         Host Frame: at::_ops::gelu::call(at::Tensor const&, std::basic_string_view<char, std::char_traits<char> >) [0x298862f] in libtorch_cpu.so
=========         Host Frame: main [0x5500] in tail_reference_probe
========= 
========= Uninitialized __global__ memory read of size 16 bytes
=========     at void at::native::vectorized_elementwise_kernel<(int)8, at::native::GeluCUDAKernelImpl(at::TensorIteratorBase &, at::native::GeluType)::[lambda() (instance 2)]::operator ()() const::[lambda() (instance 4)]::operator ()() const::[lambda(c10::BFloat16) (instance 1)], std::array<char *, (unsigned long)2>>(int, T2, T3)+0xc0
=========     by thread (23,0,0) in block (0,0,0)
=========     Address 0x2b9efd41e170
=========     Saved host backtrace up to driver entry point at kernel launch time
=========         Host Frame: cuLaunchKernel [0x39d6c4] in libcuda.so.1
=========         Host Frame:  [0x13e88] in libcudart.so.12
=========         Host Frame: cudaLaunchKernel [0x79f87] in libcudart.so.12
=========         Host Frame: void at::native::gpu_kernel_impl<__nv_hdl_wrapper_t<false, true, false, __nv_dl_tag<void (*)(at::TensorIteratorBase&, at::native::GeluType), &at::native::GeluCUDAKernelImpl, 8u>, c10::BFloat16 (c10::BFloat16)> >(at::TensorIteratorBase&, __nv_hdl_wrapper_t<false, true, false, __nv_dl_tag<void (*)(at::TensorIteratorBase&, at::native::GeluType), &at::native::GeluCUDAKernelImpl, 8u>, c10::BFloat16 (c10::BFloat16)> const&) [clone .isra.0] [0x149a222] in libtorch_cuda.so
=========         Host Frame: at::(anonymous namespace)::wrapper_CUDA_gelu(at::Tensor const&, std::basic_string_view<char, std::char_traits<char> >) [0x389d25e] in libtorch_cuda.so
=========         Host Frame: c10::impl::wrap_kernel_functor_unboxed_<c10::impl::detail::WrapFunctionIntoFunctor_<c10::CompileTimeFunctionPointer<at::Tensor (at::Tensor const&, std::basic_string_view<char, std::char_traits<char> >), &at::(anonymous namespace)::wrapper_CUDA_gelu>, at::Tensor, c10::guts::typelist::typelist<at::Tensor const&, std::basic_string_view<char, std::char_traits<char> > > >, at::Tensor (at::Tensor const&, std::basic_string_view<char, std::char_traits<char> >)>::call(c10::OperatorKernel*, c10::DispatchKeySet, at::Tensor const&, std::basic_string_view<char, std::char_traits<char> >) [0x389d301] in libtorch_cuda.so
=========         Host Frame: at::_ops::gelu::redispatch(c10::DispatchKeySet, at::Tensor const&, std::basic_string_view<char, std::char_traits<char> >) [0x28d4193] in libtorch_cpu.so
=========         Host Frame: torch::autograd::VariableType::(anonymous namespace)::gelu(c10::DispatchKeySet, at::Tensor const&, std::basic_string_view<char, std::char_traits<char> >) [0x533cd3b] in libtorch_cpu.so
=========         Host Frame: c10::impl::wrap_kernel_functor_unboxed_<c10::impl::detail::WrapFunctionIntoFunctor_<c10::CompileTimeFunctionPointer<at::Tensor (c10::DispatchKeySet, at::Tensor const&, std::basic_string_view<char, std::char_traits<char> >), &torch::autograd::VariableType::(anonymous namespace)::gelu>, at::Tensor, c10::guts::typelist::typelist<c10::DispatchKeySet, at::Tensor const&, std::basic_string_view<char, std::char_traits<char> > > >, at::Tensor (c10::DispatchKeySet, at::Tensor const&, std::basic_string_view<char, std::char_traits<char> >)>::call(c10::OperatorKernel*, c10::DispatchKeySet, at::Tensor const&, std::basic_string_view<char, std::char_traits<char> >) [0x533d404] in libtorch_cpu.so
=========         Host Frame: at::_ops::gelu::call(at::Tensor const&, std::basic_string_view<char, std::char_traits<char> >) [0x298862f] in libtorch_cpu.so
=========         Host Frame: main [0x5500] in tail_reference_probe
========= 
========= Uninitialized __global__ memory read of size 16 bytes
=========     at void at::native::vectorized_elementwise_kernel<(int)8, at::native::GeluCUDAKernelImpl(at::TensorIteratorBase &, at::native::GeluType)::[lambda() (instance 2)]::operator ()() const::[lambda() (instance 4)]::operator ()() const::[lambda(c10::BFloat16) (instance 1)], std::array<char *, (unsigned long)2>>(int, T2, T3)+0xc0
=========     by thread (24,0,0) in block (0,0,0)
=========     Address 0x2b9efd41e180
=========     Saved host backtrace up to driver entry point at kernel launch time
=========         Host Frame: cuLaunchKernel [0x39d6c4] in libcuda.so.1
=========         Host Frame:  [0x13e88] in libcudart.so.12
=========         Host Frame: cudaLaunchKernel [0x79f87] in libcudart.so.12
=========         Host Frame: void at::native::gpu_kernel_impl<__nv_hdl_wrapper_t<false, true, false, __nv_dl_tag<void (*)(at::TensorIteratorBase&, at::native::GeluType), &at::native::GeluCUDAKernelImpl, 8u>, c10::BFloat16 (c10::BFloat16)> >(at::TensorIteratorBase&, __nv_hdl_wrapper_t<false, true, false, __nv_dl_tag<void (*)(at::TensorIteratorBase&, at::native::GeluType), &at::native::GeluCUDAKernelImpl, 8u>, c10::BFloat16 (c10::BFloat16)> const&) [clone .isra.0] [0x149a222] in libtorch_cuda.so
=========         Host Frame: at::(anonymous namespace)::wrapper_CUDA_gelu(at::Tensor const&, std::basic_string_view<char, std::char_traits<char> >) [0x389d25e] in libtorch_cuda.so
=========         Host Frame: c10::impl::wrap_kernel_functor_unboxed_<c10::impl::detail::WrapFunctionIntoFunctor_<c10::CompileTimeFunctionPointer<at::Tensor (at::Tensor const&, std::basic_string_view<char, std::char_traits<char> >), &at::(anonymous namespace)::wrapper_CUDA_gelu>, at::Tensor, c10::guts::typelist::typelist<at::Tensor const&, std::basic_string_view<char, std::char_traits<char> > > >, at::Tensor (at::Tensor const&, std::basic_string_view<char, std::char_traits<char> >)>::call(c10::OperatorKernel*, c10::DispatchKeySet, at::Tensor const&, std::basic_string_view<char, std::char_traits<char> >) [0x389d301] in libtorch_cuda.so
=========         Host Frame: at::_ops::gelu::redispatch(c10::DispatchKeySet, at::Tensor const&, std::basic_string_view<char, std::char_traits<char> >) [0x28d4193] in libtorch_cpu.so
=========         Host Frame: torch::autograd::VariableType::(anonymous namespace)::gelu(c10::DispatchKeySet, at::Tensor const&, std::basic_string_view<char, std::char_traits<char> >) [0x533cd3b] in libtorch_cpu.so
=========         Host Frame: c10::impl::wrap_kernel_functor_unboxed_<c10::impl::detail::WrapFunctionIntoFunctor_<c10::CompileTimeFunctionPointer<at::Tensor (c10::DispatchKeySet, at::Tensor const&, std::basic_string_view<char, std::char_traits<char> >), &torch::autograd::VariableType::(anonymous namespace)::gelu>, at::Tensor, c10::guts::typelist::typelist<c10::DispatchKeySet, at::Tensor const&, std::basic_string_view<char, std::char_traits<char> > > >, at::Tensor (c10::DispatchKeySet, at::Tensor const&, std::basic_string_view<char, std::char_traits<char> >)>::call(c10::OperatorKernel*, c10::DispatchKeySet, at::Tensor const&, std::basic_string_view<char, std::char_traits<char> >) [0x533d404] in libtorch_cpu.so
=========         Host Frame: at::_ops::gelu::call(at::Tensor const&, std::basic_string_view<char, std::char_traits<char> >) [0x298862f] in libtorch_cpu.so
=========         Host Frame: main [0x5500] in tail_reference_probe
========= 
========= Uninitialized __global__ memory read of size 16 bytes
=========     at void at::native::vectorized_elementwise_kernel<(int)8, at::native::GeluCUDAKernelImpl(at::TensorIteratorBase &, at::native::GeluType)::[lambda() (instance 2)]::operator ()() const::[lambda() (instance 4)]::operator ()() const::[lambda(c10::BFloat16) (instance 1)], std::array<char *, (unsigned long)2>>(int, T2, T3)+0xc0
=========     by thread (25,0,0) in block (0,0,0)
=========     Address 0x2b9efd41e190
=========     Saved host backtrace up to driver entry point at kernel launch time
=========         Host Frame: cuLaunchKernel [0x39d6c4] in libcuda.so.1
=========         Host Frame:  [0x13e88] in libcudart.so.12
=========         Host Frame: cudaLaunchKernel [0x79f87] in libcudart.so.12
=========         Host Frame: void at::native::gpu_kernel_impl<__nv_hdl_wrapper_t<false, true, false, __nv_dl_tag<void (*)(at::TensorIteratorBase&, at::native::GeluType), &at::native::GeluCUDAKernelImpl, 8u>, c10::BFloat16 (c10::BFloat16)> >(at::TensorIteratorBase&, __nv_hdl_wrapper_t<false, true, false, __nv_dl_tag<void (*)(at::TensorIteratorBase&, at::native::GeluType), &at::native::GeluCUDAKernelImpl, 8u>, c10::BFloat16 (c10::BFloat16)> const&) [clone .isra.0] [0x149a222] in libtorch_cuda.so
=========         Host Frame: at::(anonymous namespace)::wrapper_CUDA_gelu(at::Tensor const&, std::basic_string_view<char, std::char_traits<char> >) [0x389d25e] in libtorch_cuda.so
=========         Host Frame: c10::impl::wrap_kernel_functor_unboxed_<c10::impl::detail::WrapFunctionIntoFunctor_<c10::CompileTimeFunctionPointer<at::Tensor (at::Tensor const&, std::basic_string_view<char, std::char_traits<char> >), &at::(anonymous namespace)::wrapper_CUDA_gelu>, at::Tensor, c10::guts::typelist::typelist<at::Tensor const&, std::basic_string_view<char, std::char_traits<char> > > >, at::Tensor (at::Tensor const&, std::basic_string_view<char, std::char_traits<char> >)>::call(c10::OperatorKernel*, c10::DispatchKeySet, at::Tensor const&, std::basic_string_view<char, std::char_traits<char> >) [0x389d301] in libtorch_cuda.so
=========         Host Frame: at::_ops::gelu::redispatch(c10::DispatchKeySet, at::Tensor const&, std::basic_string_view<char, std::char_traits<char> >) [0x28d4193] in libtorch_cpu.so
=========         Host Frame: torch::autograd::VariableType::(anonymous namespace)::gelu(c10::DispatchKeySet, at::Tensor const&, std::basic_string_view<char, std::char_traits<char> >) [0x533cd3b] in libtorch_cpu.so
=========         Host Frame: c10::impl::wrap_kernel_functor_unboxed_<c10::impl::detail::WrapFunctionIntoFunctor_<c10::CompileTimeFunctionPointer<at::Tensor (c10::DispatchKeySet, at::Tensor const&, std::basic_string_view<char, std::char_traits<char> >), &torch::autograd::VariableType::(anonymous namespace)::gelu>, at::Tensor, c10::guts::typelist::typelist<c10::DispatchKeySet, at::Tensor const&, std::basic_string_view<char, std::char_traits<char> > > >, at::Tensor (c10::DispatchKeySet, at::Tensor const&, std::basic_string_view<char, std::char_traits<char> >)>::call(c10::OperatorKernel*, c10::DispatchKeySet, at::Tensor const&, std::basic_string_view<char, std::char_traits<char> >) [0x533d404] in libtorch_cpu.so
=========         Host Frame: at::_ops::gelu::call(at::Tensor const&, std::basic_string_view<char, std::char_traits<char> >) [0x298862f] in libtorch_cpu.so
=========         Host Frame: main [0x5500] in tail_reference_probe
========= 
========= Uninitialized __global__ memory read of size 16 bytes
=========     at void at::native::vectorized_elementwise_kernel<(int)8, at::native::GeluCUDAKernelImpl(at::TensorIteratorBase &, at::native::GeluType)::[lambda() (instance 2)]::operator ()() const::[lambda() (instance 4)]::operator ()() const::[lambda(c10::BFloat16) (instance 1)], std::array<char *, (unsigned long)2>>(int, T2, T3)+0xc0
=========     by thread (26,0,0) in block (0,0,0)
=========     Address 0x2b9efd41e1a0
=========     Saved host backtrace up to driver entry point at kernel launch time
=========         Host Frame: cuLaunchKernel [0x39d6c4] in libcuda.so.1
=========         Host Frame:  [0x13e88] in libcudart.so.12
=========         Host Frame: cudaLaunchKernel [0x79f87] in libcudart.so.12
=========         Host Frame: void at::native::gpu_kernel_impl<__nv_hdl_wrapper_t<false, true, false, __nv_dl_tag<void (*)(at::TensorIteratorBase&, at::native::GeluType), &at::native::GeluCUDAKernelImpl, 8u>, c10::BFloat16 (c10::BFloat16)> >(at::TensorIteratorBase&, __nv_hdl_wrapper_t<false, true, false, __nv_dl_tag<void (*)(at::TensorIteratorBase&, at::native::GeluType), &at::native::GeluCUDAKernelImpl, 8u>, c10::BFloat16 (c10::BFloat16)> const&) [clone .isra.0] [0x149a222] in libtorch_cuda.so
=========         Host Frame: at::(anonymous namespace)::wrapper_CUDA_gelu(at::Tensor const&, std::basic_string_view<char, std::char_traits<char> >) [0x389d25e] in libtorch_cuda.so
=========         Host Frame: c10::impl::wrap_kernel_functor_unboxed_<c10::impl::detail::WrapFunctionIntoFunctor_<c10::CompileTimeFunctionPointer<at::Tensor (at::Tensor const&, std::basic_string_view<char, std::char_traits<char> >), &at::(anonymous namespace)::wrapper_CUDA_gelu>, at::Tensor, c10::guts::typelist::typelist<at::Tensor const&, std::basic_string_view<char, std::char_traits<char> > > >, at::Tensor (at::Tensor const&, std::basic_string_view<char, std::char_traits<char> >)>::call(c10::OperatorKernel*, c10::DispatchKeySet, at::Tensor const&, std::basic_string_view<char, std::char_traits<char> >) [0x389d301] in libtorch_cuda.so
=========         Host Frame: at::_ops::gelu::redispatch(c10::DispatchKeySet, at::Tensor const&, std::basic_string_view<char, std::char_traits<char> >) [0x28d4193] in libtorch_cpu.so
=========         Host Frame: torch::autograd::VariableType::(anonymous namespace)::gelu(c10::DispatchKeySet, at::Tensor const&, std::basic_string_view<char, std::char_traits<char> >) [0x533cd3b] in libtorch_cpu.so
=========         Host Frame: c10::impl::wrap_kernel_functor_unboxed_<c10::impl::detail::WrapFunctionIntoFunctor_<c10::CompileTimeFunctionPointer<at::Tensor (c10::DispatchKeySet, at::Tensor const&, std::basic_string_view<char, std::char_traits<char> >), &torch::autograd::VariableType::(anonymous namespace)::gelu>, at::Tensor, c10::guts::typelist::typelist<c10::DispatchKeySet, at::Tensor const&, std::basic_string_view<char, std::char_traits<char> > > >, at::Tensor (c10::DispatchKeySet, at::Tensor const&, std::basic_string_view<char, std::char_traits<char> >)>::call(c10::OperatorKernel*, c10::DispatchKeySet, at::Tensor const&, std::basic_string_view<char, std::char_traits<char> >) [0x533d404] in libtorch_cpu.so
=========         Host Frame: at::_ops::gelu::call(at::Tensor const&, std::basic_string_view<char, std::char_traits<char> >) [0x298862f] in libtorch_cpu.so
=========         Host Frame: main [0x5500] in tail_reference_probe
========= 
========= Uninitialized __global__ memory read of size 16 bytes
=========     at void at::native::vectorized_elementwise_kernel<(int)8, at::native::GeluCUDAKernelImpl(at::TensorIteratorBase &, at::native::GeluType)::[lambda() (instance 2)]::operator ()() const::[lambda() (instance 4)]::operator ()() const::[lambda(c10::BFloat16) (instance 1)], std::array<char *, (unsigned long)2>>(int, T2, T3)+0xc0
=========     by thread (27,0,0) in block (0,0,0)
=========     Address 0x2b9efd41e1b0
=========     Saved host backtrace up to driver entry point at kernel launch time
=========         Host Frame: cuLaunchKernel [0x39d6c4] in libcuda.so.1
=========         Host Frame:  [0x13e88] in libcudart.so.12
=========         Host Frame: cudaLaunchKernel [0x79f87] in libcudart.so.12
=========         Host Frame: void at::native::gpu_kernel_impl<__nv_hdl_wrapper_t<false, true, false, __nv_dl_tag<void (*)(at::TensorIteratorBase&, at::native::GeluType), &at::native::GeluCUDAKernelImpl, 8u>, c10::BFloat16 (c10::BFloat16)> >(at::TensorIteratorBase&, __nv_hdl_wrapper_t<false, true, false, __nv_dl_tag<void (*)(at::TensorIteratorBase&, at::native::GeluType), &at::native::GeluCUDAKernelImpl, 8u>, c10::BFloat16 (c10::BFloat16)> const&) [clone .isra.0] [0x149a222] in libtorch_cuda.so
=========         Host Frame: at::(anonymous namespace)::wrapper_CUDA_gelu(at::Tensor const&, std::basic_string_view<char, std::char_traits<char> >) [0x389d25e] in libtorch_cuda.so
=========         Host Frame: c10::impl::wrap_kernel_functor_unboxed_<c10::impl::detail::WrapFunctionIntoFunctor_<c10::CompileTimeFunctionPointer<at::Tensor (at::Tensor const&, std::basic_string_view<char, std::char_traits<char> >), &at::(anonymous namespace)::wrapper_CUDA_gelu>, at::Tensor, c10::guts::typelist::typelist<at::Tensor const&, std::basic_string_view<char, std::char_traits<char> > > >, at::Tensor (at::Tensor const&, std::basic_string_view<char, std::char_traits<char> >)>::call(c10::OperatorKernel*, c10::DispatchKeySet, at::Tensor const&, std::basic_string_view<char, std::char_traits<char> >) [0x389d301] in libtorch_cuda.so
=========         Host Frame: at::_ops::gelu::redispatch(c10::DispatchKeySet, at::Tensor const&, std::basic_string_view<char, std::char_traits<char> >) [0x28d4193] in libtorch_cpu.so
=========         Host Frame: torch::autograd::VariableType::(anonymous namespace)::gelu(c10::DispatchKeySet, at::Tensor const&, std::basic_string_view<char, std::char_traits<char> >) [0x533cd3b] in libtorch_cpu.so
=========         Host Frame: c10::impl::wrap_kernel_functor_unboxed_<c10::impl::detail::WrapFunctionIntoFunctor_<c10::CompileTimeFunctionPointer<at::Tensor (c10::DispatchKeySet, at::Tensor const&, std::basic_string_view<char, std::char_traits<char> >), &torch::autograd::VariableType::(anonymous namespace)::gelu>, at::Tensor, c10::guts::typelist::typelist<c10::DispatchKeySet, at::Tensor const&, std::basic_string_view<char, std::char_traits<char> > > >, at::Tensor (c10::DispatchKeySet, at::Tensor const&, std::basic_string_view<char, std::char_traits<char> >)>::call(c10::OperatorKernel*, c10::DispatchKeySet, at::Tensor const&, std::basic_string_view<char, std::char_traits<char> >) [0x533d404] in libtorch_cpu.so
=========         Host Frame: at::_ops::gelu::call(at::Tensor const&, std::basic_string_view<char, std::char_traits<char> >) [0x298862f] in libtorch_cpu.so
=========         Host Frame: main [0x5500] in tail_reference_probe
========= 
========= Uninitialized __global__ memory read of size 16 bytes
=========     at void at::native::vectorized_elementwise_kernel<(int)8, at::native::GeluCUDAKernelImpl(at::TensorIteratorBase &, at::native::GeluType)::[lambda() (instance 2)]::operator ()() const::[lambda() (instance 4)]::operator ()() const::[lambda(c10::BFloat16) (instance 1)], std::array<char *, (unsigned long)2>>(int, T2, T3)+0xc0
=========     by thread (28,0,0) in block (0,0,0)
=========     Address 0x2b9efd41e1c0
=========     Saved host backtrace up to driver entry point at kernel launch time
=========         Host Frame: cuLaunchKernel [0x39d6c4] in libcuda.so.1
=========         Host Frame:  [0x13e88] in libcudart.so.12
=========         Host Frame: cudaLaunchKernel [0x79f87] in libcudart.so.12
=========         Host Frame: void at::native::gpu_kernel_impl<__nv_hdl_wrapper_t<false, true, false, __nv_dl_tag<void (*)(at::TensorIteratorBase&, at::native::GeluType), &at::native::GeluCUDAKernelImpl, 8u>, c10::BFloat16 (c10::BFloat16)> >(at::TensorIteratorBase&, __nv_hdl_wrapper_t<false, true, false, __nv_dl_tag<void (*)(at::TensorIteratorBase&, at::native::GeluType), &at::native::GeluCUDAKernelImpl, 8u>, c10::BFloat16 (c10::BFloat16)> const&) [clone .isra.0] [0x149a222] in libtorch_cuda.so
=========         Host Frame: at::(anonymous namespace)::wrapper_CUDA_gelu(at::Tensor const&, std::basic_string_view<char, std::char_traits<char> >) [0x389d25e] in libtorch_cuda.so
=========         Host Frame: c10::impl::wrap_kernel_functor_unboxed_<c10::impl::detail::WrapFunctionIntoFunctor_<c10::CompileTimeFunctionPointer<at::Tensor (at::Tensor const&, std::basic_string_view<char, std::char_traits<char> >), &at::(anonymous namespace)::wrapper_CUDA_gelu>, at::Tensor, c10::guts::typelist::typelist<at::Tensor const&, std::basic_string_view<char, std::char_traits<char> > > >, at::Tensor (at::Tensor const&, std::basic_string_view<char, std::char_traits<char> >)>::call(c10::OperatorKernel*, c10::DispatchKeySet, at::Tensor const&, std::basic_string_view<char, std::char_traits<char> >) [0x389d301] in libtorch_cuda.so
=========         Host Frame: at::_ops::gelu::redispatch(c10::DispatchKeySet, at::Tensor const&, std::basic_string_view<char, std::char_traits<char> >) [0x28d4193] in libtorch_cpu.so
=========         Host Frame: torch::autograd::VariableType::(anonymous namespace)::gelu(c10::DispatchKeySet, at::Tensor const&, std::basic_string_view<char, std::char_traits<char> >) [0x533cd3b] in libtorch_cpu.so
=========         Host Frame: c10::impl::wrap_kernel_functor_unboxed_<c10::impl::detail::WrapFunctionIntoFunctor_<c10::CompileTimeFunctionPointer<at::Tensor (c10::DispatchKeySet, at::Tensor const&, std::basic_string_view<char, std::char_traits<char> >), &torch::autograd::VariableType::(anonymous namespace)::gelu>, at::Tensor, c10::guts::typelist::typelist<c10::DispatchKeySet, at::Tensor const&, std::basic_string_view<char, std::char_traits<char> > > >, at::Tensor (c10::DispatchKeySet, at::Tensor const&, std::basic_string_view<char, std::char_traits<char> >)>::call(c10::OperatorKernel*, c10::DispatchKeySet, at::Tensor const&, std::basic_string_view<char, std::char_traits<char> >) [0x533d404] in libtorch_cpu.so
=========         Host Frame: at::_ops::gelu::call(at::Tensor const&, std::basic_string_view<char, std::char_traits<char> >) [0x298862f] in libtorch_cpu.so
=========         Host Frame: main [0x5500] in tail_reference_probe
========= 
========= Uninitialized __global__ memory read of size 16 bytes
=========     at void at::native::vectorized_elementwise_kernel<(int)8, at::native::GeluCUDAKernelImpl(at::TensorIteratorBase &, at::native::GeluType)::[lambda() (instance 2)]::operator ()() const::[lambda() (instance 4)]::operator ()() const::[lambda(c10::BFloat16) (instance 1)], std::array<char *, (unsigned long)2>>(int, T2, T3)+0xc0
=========     by thread (29,0,0) in block (0,0,0)
=========     Address 0x2b9efd41e1d0
=========     Saved host backtrace up to driver entry point at kernel launch time
=========         Host Frame: cuLaunchKernel [0x39d6c4] in libcuda.so.1
=========         Host Frame:  [0x13e88] in libcudart.so.12
=========         Host Frame: cudaLaunchKernel [0x79f87] in libcudart.so.12
=========         Host Frame: void at::native::gpu_kernel_impl<__nv_hdl_wrapper_t<false, true, false, __nv_dl_tag<void (*)(at::TensorIteratorBase&, at::native::GeluType), &at::native::GeluCUDAKernelImpl, 8u>, c10::BFloat16 (c10::BFloat16)> >(at::TensorIteratorBase&, __nv_hdl_wrapper_t<false, true, false, __nv_dl_tag<void (*)(at::TensorIteratorBase&, at::native::GeluType), &at::native::GeluCUDAKernelImpl, 8u>, c10::BFloat16 (c10::BFloat16)> const&) [clone .isra.0] [0x149a222] in libtorch_cuda.so
=========         Host Frame: at::(anonymous namespace)::wrapper_CUDA_gelu(at::Tensor const&, std::basic_string_view<char, std::char_traits<char> >) [0x389d25e] in libtorch_cuda.so
=========         Host Frame: c10::impl::wrap_kernel_functor_unboxed_<c10::impl::detail::WrapFunctionIntoFunctor_<c10::CompileTimeFunctionPointer<at::Tensor (at::Tensor const&, std::basic_string_view<char, std::char_traits<char> >), &at::(anonymous namespace)::wrapper_CUDA_gelu>, at::Tensor, c10::guts::typelist::typelist<at::Tensor const&, std::basic_string_view<char, std::char_traits<char> > > >, at::Tensor (at::Tensor const&, std::basic_string_view<char, std::char_traits<char> >)>::call(c10::OperatorKernel*, c10::DispatchKeySet, at::Tensor const&, std::basic_string_view<char, std::char_traits<char> >) [0x389d301] in libtorch_cuda.so
=========         Host Frame: at::_ops::gelu::redispatch(c10::DispatchKeySet, at::Tensor const&, std::basic_string_view<char, std::char_traits<char> >) [0x28d4193] in libtorch_cpu.so
=========         Host Frame: torch::autograd::VariableType::(anonymous namespace)::gelu(c10::DispatchKeySet, at::Tensor const&, std::basic_string_view<char, std::char_traits<char> >) [0x533cd3b] in libtorch_cpu.so
=========         Host Frame: c10::impl::wrap_kernel_functor_unboxed_<c10::impl::detail::WrapFunctionIntoFunctor_<c10::CompileTimeFunctionPointer<at::Tensor (c10::DispatchKeySet, at::Tensor const&, std::basic_string_view<char, std::char_traits<char> >), &torch::autograd::VariableType::(anonymous namespace)::gelu>, at::Tensor, c10::guts::typelist::typelist<c10::DispatchKeySet, at::Tensor const&, std::basic_string_view<char, std::char_traits<char> > > >, at::Tensor (c10::DispatchKeySet, at::Tensor const&, std::basic_string_view<char, std::char_traits<char> >)>::call(c10::OperatorKernel*, c10::DispatchKeySet, at::Tensor const&, std::basic_string_view<char, std::char_traits<char> >) [0x533d404] in libtorch_cpu.so
=========         Host Frame: at::_ops::gelu::call(at::Tensor const&, std::basic_string_view<char, std::char_traits<char> >) [0x298862f] in libtorch_cpu.so
=========         Host Frame: main [0x5500] in tail_reference_probe
========= 
========= Uninitialized __global__ memory read of size 16 bytes
=========     at void at::native::vectorized_elementwise_kernel<(int)8, at::native::GeluCUDAKernelImpl(at::TensorIteratorBase &, at::native::GeluType)::[lambda() (instance 2)]::operator ()() const::[lambda() (instance 4)]::operator ()() const::[lambda(c10::BFloat16) (instance 1)], std::array<char *, (unsigned long)2>>(int, T2, T3)+0xc0
=========     by thread (30,0,0) in block (0,0,0)
=========     Address 0x2b9efd41e1e0
=========     Saved host backtrace up to driver entry point at kernel launch time
=========         Host Frame: cuLaunchKernel [0x39d6c4] in libcuda.so.1
=========         Host Frame:  [0x13e88] in libcudart.so.12
=========         Host Frame: cudaLaunchKernel [0x79f87] in libcudart.so.12
=========         Host Frame: void at::native::gpu_kernel_impl<__nv_hdl_wrapper_t<false, true, false, __nv_dl_tag<void (*)(at::TensorIteratorBase&, at::native::GeluType), &at::native::GeluCUDAKernelImpl, 8u>, c10::BFloat16 (c10::BFloat16)> >(at::TensorIteratorBase&, __nv_hdl_wrapper_t<false, true, false, __nv_dl_tag<void (*)(at::TensorIteratorBase&, at::native::GeluType), &at::native::GeluCUDAKernelImpl, 8u>, c10::BFloat16 (c10::BFloat16)> const&) [clone .isra.0] [0x149a222] in libtorch_cuda.so
=========         Host Frame: at::(anonymous namespace)::wrapper_CUDA_gelu(at::Tensor const&, std::basic_string_view<char, std::char_traits<char> >) [0x389d25e] in libtorch_cuda.so
=========         Host Frame: c10::impl::wrap_kernel_functor_unboxed_<c10::impl::detail::WrapFunctionIntoFunctor_<c10::CompileTimeFunctionPointer<at::Tensor (at::Tensor const&, std::basic_string_view<char, std::char_traits<char> >), &at::(anonymous namespace)::wrapper_CUDA_gelu>, at::Tensor, c10::guts::typelist::typelist<at::Tensor const&, std::basic_string_view<char, std::char_traits<char> > > >, at::Tensor (at::Tensor const&, std::basic_string_view<char, std::char_traits<char> >)>::call(c10::OperatorKernel*, c10::DispatchKeySet, at::Tensor const&, std::basic_string_view<char, std::char_traits<char> >) [0x389d301] in libtorch_cuda.so
=========         Host Frame: at::_ops::gelu::redispatch(c10::DispatchKeySet, at::Tensor const&, std::basic_string_view<char, std::char_traits<char> >) [0x28d4193] in libtorch_cpu.so
=========         Host Frame: torch::autograd::VariableType::(anonymous namespace)::gelu(c10::DispatchKeySet, at::Tensor const&, std::basic_string_view<char, std::char_traits<char> >) [0x533cd3b] in libtorch_cpu.so
=========         Host Frame: c10::impl::wrap_kernel_functor_unboxed_<c10::impl::detail::WrapFunctionIntoFunctor_<c10::CompileTimeFunctionPointer<at::Tensor (c10::DispatchKeySet, at::Tensor const&, std::basic_string_view<char, std::char_traits<char> >), &torch::autograd::VariableType::(anonymous namespace)::gelu>, at::Tensor, c10::guts::typelist::typelist<c10::DispatchKeySet, at::Tensor const&, std::basic_string_view<char, std::char_traits<char> > > >, at::Tensor (c10::DispatchKeySet, at::Tensor const&, std::basic_string_view<char, std::char_traits<char> >)>::call(c10::OperatorKernel*, c10::DispatchKeySet, at::Tensor const&, std::basic_string_view<char, std::char_traits<char> >) [0x533d404] in libtorch_cpu.so
=========         Host Frame: at::_ops::gelu::call(at::Tensor const&, std::basic_string_view<char, std::char_traits<char> >) [0x298862f] in libtorch_cpu.so
=========         Host Frame: main [0x5500] in tail_reference_probe
========= 
========= Uninitialized __global__ memory read of size 16 bytes
=========     at void at::native::vectorized_elementwise_kernel<(int)8, at::native::GeluCUDAKernelImpl(at::TensorIteratorBase &, at::native::GeluType)::[lambda() (instance 2)]::operator ()() const::[lambda() (instance 4)]::operator ()() const::[lambda(c10::BFloat16) (instance 1)], std::array<char *, (unsigned long)2>>(int, T2, T3)+0xc0
=========     by thread (31,0,0) in block (0,0,0)
=========     Address 0x2b9efd41e1f0
=========     Saved host backtrace up to driver entry point at kernel launch time
=========         Host Frame: cuLaunchKernel [0x39d6c4] in libcuda.so.1
=========         Host Frame:  [0x13e88] in libcudart.so.12
=========         Host Frame: cudaLaunchKernel [0x79f87] in libcudart.so.12
=========         Host Frame: void at::native::gpu_kernel_impl<__nv_hdl_wrapper_t<false, true, false, __nv_dl_tag<void (*)(at::TensorIteratorBase&, at::native::GeluType), &at::native::GeluCUDAKernelImpl, 8u>, c10::BFloat16 (c10::BFloat16)> >(at::TensorIteratorBase&, __nv_hdl_wrapper_t<false, true, false, __nv_dl_tag<void (*)(at::TensorIteratorBase&, at::native::GeluType), &at::native::GeluCUDAKernelImpl, 8u>, c10::BFloat16 (c10::BFloat16)> const&) [clone .isra.0] [0x149a222] in libtorch_cuda.so
=========         Host Frame: at::(anonymous namespace)::wrapper_CUDA_gelu(at::Tensor const&, std::basic_string_view<char, std::char_traits<char> >) [0x389d25e] in libtorch_cuda.so
=========         Host Frame: c10::impl::wrap_kernel_functor_unboxed_<c10::impl::detail::WrapFunctionIntoFunctor_<c10::CompileTimeFunctionPointer<at::Tensor (at::Tensor const&, std::basic_string_view<char, std::char_traits<char> >), &at::(anonymous namespace)::wrapper_CUDA_gelu>, at::Tensor, c10::guts::typelist::typelist<at::Tensor const&, std::basic_string_view<char, std::char_traits<char> > > >, at::Tensor (at::Tensor const&, std::basic_string_view<char, std::char_traits<char> >)>::call(c10::OperatorKernel*, c10::DispatchKeySet, at::Tensor const&, std::basic_string_view<char, std::char_traits<char> >) [0x389d301] in libtorch_cuda.so
=========         Host Frame: at::_ops::gelu::redispatch(c10::DispatchKeySet, at::Tensor const&, std::basic_string_view<char, std::char_traits<char> >) [0x28d4193] in libtorch_cpu.so
=========         Host Frame: torch::autograd::VariableType::(anonymous namespace)::gelu(c10::DispatchKeySet, at::Tensor const&, std::basic_string_view<char, std::char_traits<char> >) [0x533cd3b] in libtorch_cpu.so
=========         Host Frame: c10::impl::wrap_kernel_functor_unboxed_<c10::impl::detail::WrapFunctionIntoFunctor_<c10::CompileTimeFunctionPointer<at::Tensor (c10::DispatchKeySet, at::Tensor const&, std::basic_string_view<char, std::char_traits<char> >), &torch::autograd::VariableType::(anonymous namespace)::gelu>, at::Tensor, c10::guts::typelist::typelist<c10::DispatchKeySet, at::Tensor const&, std::basic_string_view<char, std::char_traits<char> > > >, at::Tensor (c10::DispatchKeySet, at::Tensor const&, std::basic_string_view<char, std::char_traits<char> >)>::call(c10::OperatorKernel*, c10::DispatchKeySet, at::Tensor const&, std::basic_string_view<char, std::char_traits<char> >) [0x533d404] in libtorch_cpu.so
=========         Host Frame: at::_ops::gelu::call(at::Tensor const&, std::basic_string_view<char, std::char_traits<char> >) [0x298862f] in libtorch_cpu.so
=========         Host Frame: main [0x5500] in tail_reference_probe
========= 
========= Uninitialized __global__ memory read of size 16 bytes
=========     at void at::native::vectorized_elementwise_kernel<(int)8, at::native::GeluCUDAKernelImpl(at::TensorIteratorBase &, at::native::GeluType)::[lambda() (instance 2)]::operator ()() const::[lambda() (instance 4)]::operator ()() const::[lambda(c10::BFloat16) (instance 1)], std::array<char *, (unsigned long)2>>(int, T2, T3)+0xc0
=========     by thread (32,0,0) in block (0,0,0)
=========     Address 0x2b9efd41e200
=========     Saved host backtrace up to driver entry point at kernel launch time
=========         Host Frame: cuLaunchKernel [0x39d6c4] in libcuda.so.1
=========         Host Frame:  [0x13e88] in libcudart.so.12
=========         Host Frame: cudaLaunchKernel [0x79f87] in libcudart.so.12
=========         Host Frame: void at::native::gpu_kernel_impl<__nv_hdl_wrapper_t<false, true, false, __nv_dl_tag<void (*)(at::TensorIteratorBase&, at::native::GeluType), &at::native::GeluCUDAKernelImpl, 8u>, c10::BFloat16 (c10::BFloat16)> >(at::TensorIteratorBase&, __nv_hdl_wrapper_t<false, true, false, __nv_dl_tag<void (*)(at::TensorIteratorBase&, at::native::GeluType), &at::native::GeluCUDAKernelImpl, 8u>, c10::BFloat16 (c10::BFloat16)> const&) [clone .isra.0] [0x149a222] in libtorch_cuda.so
=========         Host Frame: at::(anonymous namespace)::wrapper_CUDA_gelu(at::Tensor const&, std::basic_string_view<char, std::char_traits<char> >) [0x389d25e] in libtorch_cuda.so
=========         Host Frame: c10::impl::wrap_kernel_functor_unboxed_<c10::impl::detail::WrapFunctionIntoFunctor_<c10::CompileTimeFunctionPointer<at::Tensor (at::Tensor const&, std::basic_string_view<char, std::char_traits<char> >), &at::(anonymous namespace)::wrapper_CUDA_gelu>, at::Tensor, c10::guts::typelist::typelist<at::Tensor const&, std::basic_string_view<char, std::char_traits<char> > > >, at::Tensor (at::Tensor const&, std::basic_string_view<char, std::char_traits<char> >)>::call(c10::OperatorKernel*, c10::DispatchKeySet, at::Tensor const&, std::basic_string_view<char, std::char_traits<char> >) [0x389d301] in libtorch_cuda.so
=========         Host Frame: at::_ops::gelu::redispatch(c10::DispatchKeySet, at::Tensor const&, std::basic_string_view<char, std::char_traits<char> >) [0x28d4193] in libtorch_cpu.so
=========         Host Frame: torch::autograd::VariableType::(anonymous namespace)::gelu(c10::DispatchKeySet, at::Tensor const&, std::basic_string_view<char, std::char_traits<char> >) [0x533cd3b] in libtorch_cpu.so
=========         Host Frame: c10::impl::wrap_kernel_functor_unboxed_<c10::impl::detail::WrapFunctionIntoFunctor_<c10::CompileTimeFunctionPointer<at::Tensor (c10::DispatchKeySet, at::Tensor const&, std::basic_string_view<char, std::char_traits<char> >), &torch::autograd::VariableType::(anonymous namespace)::gelu>, at::Tensor, c10::guts::typelist::typelist<c10::DispatchKeySet, at::Tensor const&, std::basic_string_view<char, std::char_traits<char> > > >, at::Tensor (c10::DispatchKeySet, at::Tensor const&, std::basic_string_view<char, std::char_traits<char> >)>::call(c10::OperatorKernel*, c10::DispatchKeySet, at::Tensor const&, std::basic_string_view<char, std::char_traits<char> >) [0x533d404] in libtorch_cpu.so
=========         Host Frame: at::_ops::gelu::call(at::Tensor const&, std::basic_string_view<char, std::char_traits<char> >) [0x298862f] in libtorch_cpu.so
=========         Host Frame: main [0x5500] in tail_reference_probe
========= 
========= Uninitialized __global__ memory read of size 16 bytes
=========     at void at::native::vectorized_elementwise_kernel<(int)8, at::native::GeluCUDAKernelImpl(at::TensorIteratorBase &, at::native::GeluType)::[lambda() (instance 2)]::operator ()() const::[lambda() (instance 4)]::operator ()() const::[lambda(c10::BFloat16) (instance 1)], std::array<char *, (unsigned long)2>>(int, T2, T3)+0xc0
=========     by thread (33,0,0) in block (0,0,0)
=========     Address 0x2b9efd41e210
=========     Saved host backtrace up to driver entry point at kernel launch time
=========         Host Frame: cuLaunchKernel [0x39d6c4] in libcuda.so.1
=========         Host Frame:  [0x13e88] in libcudart.so.12
=========         Host Frame: cudaLaunchKernel [0x79f87] in libcudart.so.12
=========         Host Frame: void at::native::gpu_kernel_impl<__nv_hdl_wrapper_t<false, true, false, __nv_dl_tag<void (*)(at::TensorIteratorBase&, at::native::GeluType), &at::native::GeluCUDAKernelImpl, 8u>, c10::BFloat16 (c10::BFloat16)> >(at::TensorIteratorBase&, __nv_hdl_wrapper_t<false, true, false, __nv_dl_tag<void (*)(at::TensorIteratorBase&, at::native::GeluType), &at::native::GeluCUDAKernelImpl, 8u>, c10::BFloat16 (c10::BFloat16)> const&) [clone .isra.0] [0x149a222] in libtorch_cuda.so
=========         Host Frame: at::(anonymous namespace)::wrapper_CUDA_gelu(at::Tensor const&, std::basic_string_view<char, std::char_traits<char> >) [0x389d25e] in libtorch_cuda.so
=========         Host Frame: c10::impl::wrap_kernel_functor_unboxed_<c10::impl::detail::WrapFunctionIntoFunctor_<c10::CompileTimeFunctionPointer<at::Tensor (at::Tensor const&, std::basic_string_view<char, std::char_traits<char> >), &at::(anonymous namespace)::wrapper_CUDA_gelu>, at::Tensor, c10::guts::typelist::typelist<at::Tensor const&, std::basic_string_view<char, std::char_traits<char> > > >, at::Tensor (at::Tensor const&, std::basic_string_view<char, std::char_traits<char> >)>::call(c10::OperatorKernel*, c10::DispatchKeySet, at::Tensor const&, std::basic_string_view<char, std::char_traits<char> >) [0x389d301] in libtorch_cuda.so
=========         Host Frame: at::_ops::gelu::redispatch(c10::DispatchKeySet, at::Tensor const&, std::basic_string_view<char, std::char_traits<char> >) [0x28d4193] in libtorch_cpu.so
=========         Host Frame: torch::autograd::VariableType::(anonymous namespace)::gelu(c10::DispatchKeySet, at::Tensor const&, std::basic_string_view<char, std::char_traits<char> >) [0x533cd3b] in libtorch_cpu.so
=========         Host Frame: c10::impl::wrap_kernel_functor_unboxed_<c10::impl::detail::WrapFunctionIntoFunctor_<c10::CompileTimeFunctionPointer<at::Tensor (c10::DispatchKeySet, at::Tensor const&, std::basic_string_view<char, std::char_traits<char> >), &torch::autograd::VariableType::(anonymous namespace)::gelu>, at::Tensor, c10::guts::typelist::typelist<c10::DispatchKeySet, at::Tensor const&, std::basic_string_view<char, std::char_traits<char> > > >, at::Tensor (c10::DispatchKeySet, at::Tensor const&, std::basic_string_view<char, std::char_traits<char> >)>::call(c10::OperatorKernel*, c10::DispatchKeySet, at::Tensor const&, std::basic_string_view<char, std::char_traits<char> >) [0x533d404] in libtorch_cpu.so
=========         Host Frame: at::_ops::gelu::call(at::Tensor const&, std::basic_string_view<char, std::char_traits<char> >) [0x298862f] in libtorch_cpu.so
=========         Host Frame: main [0x5500] in tail_reference_probe
========= 
========= Uninitialized __global__ memory read of size 16 bytes
=========     at void at::native::vectorized_elementwise_kernel<(int)8, at::native::GeluCUDAKernelImpl(at::TensorIteratorBase &, at::native::GeluType)::[lambda() (instance 2)]::operator ()() const::[lambda() (instance 4)]::operator ()() const::[lambda(c10::BFloat16) (instance 1)], std::array<char *, (unsigned long)2>>(int, T2, T3)+0xc0
=========     by thread (34,0,0) in block (0,0,0)
=========     Address 0x2b9efd41e220
=========     Saved host backtrace up to driver entry point at kernel launch time
=========         Host Frame: cuLaunchKernel [0x39d6c4] in libcuda.so.1
=========         Host Frame:  [0x13e88] in libcudart.so.12
=========         Host Frame: cudaLaunchKernel [0x79f87] in libcudart.so.12
=========         Host Frame: void at::native::gpu_kernel_impl<__nv_hdl_wrapper_t<false, true, false, __nv_dl_tag<void (*)(at::TensorIteratorBase&, at::native::GeluType), &at::native::GeluCUDAKernelImpl, 8u>, c10::BFloat16 (c10::BFloat16)> >(at::TensorIteratorBase&, __nv_hdl_wrapper_t<false, true, false, __nv_dl_tag<void (*)(at::TensorIteratorBase&, at::native::GeluType), &at::native::GeluCUDAKernelImpl, 8u>, c10::BFloat16 (c10::BFloat16)> const&) [clone .isra.0] [0x149a222] in libtorch_cuda.so
=========         Host Frame: at::(anonymous namespace)::wrapper_CUDA_gelu(at::Tensor const&, std::basic_string_view<char, std::char_traits<char> >) [0x389d25e] in libtorch_cuda.so
=========         Host Frame: c10::impl::wrap_kernel_functor_unboxed_<c10::impl::detail::WrapFunctionIntoFunctor_<c10::CompileTimeFunctionPointer<at::Tensor (at::Tensor const&, std::basic_string_view<char, std::char_traits<char> >), &at::(anonymous namespace)::wrapper_CUDA_gelu>, at::Tensor, c10::guts::typelist::typelist<at::Tensor const&, std::basic_string_view<char, std::char_traits<char> > > >, at::Tensor (at::Tensor const&, std::basic_string_view<char, std::char_traits<char> >)>::call(c10::OperatorKernel*, c10::DispatchKeySet, at::Tensor const&, std::basic_string_view<char, std::char_traits<char> >) [0x389d301] in libtorch_cuda.so
=========         Host Frame: at::_ops::gelu::redispatch(c10::DispatchKeySet, at::Tensor const&, std::basic_string_view<char, std::char_traits<char> >) [0x28d4193] in libtorch_cpu.so
=========         Host Frame: torch::autograd::VariableType::(anonymous namespace)::gelu(c10::DispatchKeySet, at::Tensor const&, std::basic_string_view<char, std::char_traits<char> >) [0x533cd3b] in libtorch_cpu.so
=========         Host Frame: c10::impl::wrap_kernel_functor_unboxed_<c10::impl::detail::WrapFunctionIntoFunctor_<c10::CompileTimeFunctionPointer<at::Tensor (c10::DispatchKeySet, at::Tensor const&, std::basic_string_view<char, std::char_traits<char> >), &torch::autograd::VariableType::(anonymous namespace)::gelu>, at::Tensor, c10::guts::typelist::typelist<c10::DispatchKeySet, at::Tensor const&, std::basic_string_view<char, std::char_traits<char> > > >, at::Tensor (c10::DispatchKeySet, at::Tensor const&, std::basic_string_view<char, std::char_traits<char> >)>::call(c10::OperatorKernel*, c10::DispatchKeySet, at::Tensor const&, std::basic_string_view<char, std::char_traits<char> >) [0x533d404] in libtorch_cpu.so
=========         Host Frame: at::_ops::gelu::call(at::Tensor const&, std::basic_string_view<char, std::char_traits<char> >) [0x298862f] in libtorch_cpu.so
=========         Host Frame: main [0x5500] in tail_reference_probe
========= 
========= Uninitialized __global__ memory read of size 16 bytes
=========     at void at::native::vectorized_elementwise_kernel<(int)8, at::native::GeluCUDAKernelImpl(at::TensorIteratorBase &, at::native::GeluType)::[lambda() (instance 2)]::operator ()() const::[lambda() (instance 4)]::operator ()() const::[lambda(c10::BFloat16) (instance 1)], std::array<char *, (unsigned long)2>>(int, T2, T3)+0xc0
=========     by thread (35,0,0) in block (0,0,0)
=========     Address 0x2b9efd41e230
=========     Saved host backtrace up to driver entry point at kernel launch time
=========         Host Frame: cuLaunchKernel [0x39d6c4] in libcuda.so.1
=========         Host Frame:  [0x13e88] in libcudart.so.12
=========         Host Frame: cudaLaunchKernel [0x79f87] in libcudart.so.12
=========         Host Frame: void at::native::gpu_kernel_impl<__nv_hdl_wrapper_t<false, true, false, __nv_dl_tag<void (*)(at::TensorIteratorBase&, at::native::GeluType), &at::native::GeluCUDAKernelImpl, 8u>, c10::BFloat16 (c10::BFloat16)> >(at::TensorIteratorBase&, __nv_hdl_wrapper_t<false, true, false, __nv_dl_tag<void (*)(at::TensorIteratorBase&, at::native::GeluType), &at::native::GeluCUDAKernelImpl, 8u>, c10::BFloat16 (c10::BFloat16)> const&) [clone .isra.0] [0x149a222] in libtorch_cuda.so
=========         Host Frame: at::(anonymous namespace)::wrapper_CUDA_gelu(at::Tensor const&, std::basic_string_view<char, std::char_traits<char> >) [0x389d25e] in libtorch_cuda.so
=========         Host Frame: c10::impl::wrap_kernel_functor_unboxed_<c10::impl::detail::WrapFunctionIntoFunctor_<c10::CompileTimeFunctionPointer<at::Tensor (at::Tensor const&, std::basic_string_view<char, std::char_traits<char> >), &at::(anonymous namespace)::wrapper_CUDA_gelu>, at::Tensor, c10::guts::typelist::typelist<at::Tensor const&, std::basic_string_view<char, std::char_traits<char> > > >, at::Tensor (at::Tensor const&, std::basic_string_view<char, std::char_traits<char> >)>::call(c10::OperatorKernel*, c10::DispatchKeySet, at::Tensor const&, std::basic_string_view<char, std::char_traits<char> >) [0x389d301] in libtorch_cuda.so
=========         Host Frame: at::_ops::gelu::redispatch(c10::DispatchKeySet, at::Tensor const&, std::basic_string_view<char, std::char_traits<char> >) [0x28d4193] in libtorch_cpu.so
=========         Host Frame: torch::autograd::VariableType::(anonymous namespace)::gelu(c10::DispatchKeySet, at::Tensor const&, std::basic_string_view<char, std::char_traits<char> >) [0x533cd3b] in libtorch_cpu.so
=========         Host Frame: c10::impl::wrap_kernel_functor_unboxed_<c10::impl::detail::WrapFunctionIntoFunctor_<c10::CompileTimeFunctionPointer<at::Tensor (c10::DispatchKeySet, at::Tensor const&, std::basic_string_view<char, std::char_traits<char> >), &torch::autograd::VariableType::(anonymous namespace)::gelu>, at::Tensor, c10::guts::typelist::typelist<c10::DispatchKeySet, at::Tensor const&, std::basic_string_view<char, std::char_traits<char> > > >, at::Tensor (c10::DispatchKeySet, at::Tensor const&, std::basic_string_view<char, std::char_traits<char> >)>::call(c10::OperatorKernel*, c10::DispatchKeySet, at::Tensor const&, std::basic_string_view<char, std::char_traits<char> >) [0x533d404] in libtorch_cpu.so
=========         Host Frame: at::_ops::gelu::call(at::Tensor const&, std::basic_string_view<char, std::char_traits<char> >) [0x298862f] in libtorch_cpu.so
=========         Host Frame: main [0x5500] in tail_reference_probe
========= 
========= Uninitialized __global__ memory read of size 16 bytes
=========     at void at::native::vectorized_elementwise_kernel<(int)8, at::native::GeluCUDAKernelImpl(at::TensorIteratorBase &, at::native::GeluType)::[lambda() (instance 2)]::operator ()() const::[lambda() (instance 4)]::operator ()() const::[lambda(c10::BFloat16) (instance 1)], std::array<char *, (unsigned long)2>>(int, T2, T3)+0xc0
=========     by thread (36,0,0) in block (0,0,0)
=========     Address 0x2b9efd41e240
=========     Saved host backtrace up to driver entry point at kernel launch time
=========         Host Frame: cuLaunchKernel [0x39d6c4] in libcuda.so.1
=========         Host Frame:  [0x13e88] in libcudart.so.12
=========         Host Frame: cudaLaunchKernel [0x79f87] in libcudart.so.12
=========         Host Frame: void at::native::gpu_kernel_impl<__nv_hdl_wrapper_t<false, true, false, __nv_dl_tag<void (*)(at::TensorIteratorBase&, at::native::GeluType), &at::native::GeluCUDAKernelImpl, 8u>, c10::BFloat16 (c10::BFloat16)> >(at::TensorIteratorBase&, __nv_hdl_wrapper_t<false, true, false, __nv_dl_tag<void (*)(at::TensorIteratorBase&, at::native::GeluType), &at::native::GeluCUDAKernelImpl, 8u>, c10::BFloat16 (c10::BFloat16)> const&) [clone .isra.0] [0x149a222] in libtorch_cuda.so
=========         Host Frame: at::(anonymous namespace)::wrapper_CUDA_gelu(at::Tensor const&, std::basic_string_view<char, std::char_traits<char> >) [0x389d25e] in libtorch_cuda.so
=========         Host Frame: c10::impl::wrap_kernel_functor_unboxed_<c10::impl::detail::WrapFunctionIntoFunctor_<c10::CompileTimeFunctionPointer<at::Tensor (at::Tensor const&, std::basic_string_view<char, std::char_traits<char> >), &at::(anonymous namespace)::wrapper_CUDA_gelu>, at::Tensor, c10::guts::typelist::typelist<at::Tensor const&, std::basic_string_view<char, std::char_traits<char> > > >, at::Tensor (at::Tensor const&, std::basic_string_view<char, std::char_traits<char> >)>::call(c10::OperatorKernel*, c10::DispatchKeySet, at::Tensor const&, std::basic_string_view<char, std::char_traits<char> >) [0x389d301] in libtorch_cuda.so
=========         Host Frame: at::_ops::gelu::redispatch(c10::DispatchKeySet, at::Tensor const&, std::basic_string_view<char, std::char_traits<char> >) [0x28d4193] in libtorch_cpu.so
=========         Host Frame: torch::autograd::VariableType::(anonymous namespace)::gelu(c10::DispatchKeySet, at::Tensor const&, std::basic_string_view<char, std::char_traits<char> >) [0x533cd3b] in libtorch_cpu.so
=========         Host Frame: c10::impl::wrap_kernel_functor_unboxed_<c10::impl::detail::WrapFunctionIntoFunctor_<c10::CompileTimeFunctionPointer<at::Tensor (c10::DispatchKeySet, at::Tensor const&, std::basic_string_view<char, std::char_traits<char> >), &torch::autograd::VariableType::(anonymous namespace)::gelu>, at::Tensor, c10::guts::typelist::typelist<c10::DispatchKeySet, at::Tensor const&, std::basic_string_view<char, std::char_traits<char> > > >, at::Tensor (c10::DispatchKeySet, at::Tensor const&, std::basic_string_view<char, std::char_traits<char> >)>::call(c10::OperatorKernel*, c10::DispatchKeySet, at::Tensor const&, std::basic_string_view<char, std::char_traits<char> >) [0x533d404] in libtorch_cpu.so
=========         Host Frame: at::_ops::gelu::call(at::Tensor const&, std::basic_string_view<char, std::char_traits<char> >) [0x298862f] in libtorch_cpu.so
=========         Host Frame: main [0x5500] in tail_reference_probe
========= 
========= Uninitialized __global__ memory read of size 16 bytes
=========     at void at::native::vectorized_elementwise_kernel<(int)8, at::native::GeluCUDAKernelImpl(at::TensorIteratorBase &, at::native::GeluType)::[lambda() (instance 2)]::operator ()() const::[lambda() (instance 4)]::operator ()() const::[lambda(c10::BFloat16) (instance 1)], std::array<char *, (unsigned long)2>>(int, T2, T3)+0xc0
=========     by thread (37,0,0) in block (0,0,0)
=========     Address 0x2b9efd41e250
=========     Saved host backtrace up to driver entry point at kernel launch time
=========         Host Frame: cuLaunchKernel [0x39d6c4] in libcuda.so.1
=========         Host Frame:  [0x13e88] in libcudart.so.12
=========         Host Frame: cudaLaunchKernel [0x79f87] in libcudart.so.12
=========         Host Frame: void at::native::gpu_kernel_impl<__nv_hdl_wrapper_t<false, true, false, __nv_dl_tag<void (*)(at::TensorIteratorBase&, at::native::GeluType), &at::native::GeluCUDAKernelImpl, 8u>, c10::BFloat16 (c10::BFloat16)> >(at::TensorIteratorBase&, __nv_hdl_wrapper_t<false, true, false, __nv_dl_tag<void (*)(at::TensorIteratorBase&, at::native::GeluType), &at::native::GeluCUDAKernelImpl, 8u>, c10::BFloat16 (c10::BFloat16)> const&) [clone .isra.0] [0x149a222] in libtorch_cuda.so
=========         Host Frame: at::(anonymous namespace)::wrapper_CUDA_gelu(at::Tensor const&, std::basic_string_view<char, std::char_traits<char> >) [0x389d25e] in libtorch_cuda.so
=========         Host Frame: c10::impl::wrap_kernel_functor_unboxed_<c10::impl::detail::WrapFunctionIntoFunctor_<c10::CompileTimeFunctionPointer<at::Tensor (at::Tensor const&, std::basic_string_view<char, std::char_traits<char> >), &at::(anonymous namespace)::wrapper_CUDA_gelu>, at::Tensor, c10::guts::typelist::typelist<at::Tensor const&, std::basic_string_view<char, std::char_traits<char> > > >, at::Tensor (at::Tensor const&, std::basic_string_view<char, std::char_traits<char> >)>::call(c10::OperatorKernel*, c10::DispatchKeySet, at::Tensor const&, std::basic_string_view<char, std::char_traits<char> >) [0x389d301] in libtorch_cuda.so
=========         Host Frame: at::_ops::gelu::redispatch(c10::DispatchKeySet, at::Tensor const&, std::basic_string_view<char, std::char_traits<char> >) [0x28d4193] in libtorch_cpu.so
=========         Host Frame: torch::autograd::VariableType::(anonymous namespace)::gelu(c10::DispatchKeySet, at::Tensor const&, std::basic_string_view<char, std::char_traits<char> >) [0x533cd3b] in libtorch_cpu.so
=========         Host Frame: c10::impl::wrap_kernel_functor_unboxed_<c10::impl::detail::WrapFunctionIntoFunctor_<c10::CompileTimeFunctionPointer<at::Tensor (c10::DispatchKeySet, at::Tensor const&, std::basic_string_view<char, std::char_traits<char> >), &torch::autograd::VariableType::(anonymous namespace)::gelu>, at::Tensor, c10::guts::typelist::typelist<c10::DispatchKeySet, at::Tensor const&, std::basic_string_view<char, std::char_traits<char> > > >, at::Tensor (c10::DispatchKeySet, at::Tensor const&, std::basic_string_view<char, std::char_traits<char> >)>::call(c10::OperatorKernel*, c10::DispatchKeySet, at::Tensor const&, std::basic_string_view<char, std::char_traits<char> >) [0x533d404] in libtorch_cpu.so
=========         Host Frame: at::_ops::gelu::call(at::Tensor const&, std::basic_string_view<char, std::char_traits<char> >) [0x298862f] in libtorch_cpu.so
=========         Host Frame: main [0x5500] in tail_reference_probe
========= 
========= Uninitialized __global__ memory read of size 16 bytes
=========     at void at::native::vectorized_elementwise_kernel<(int)8, at::native::GeluCUDAKernelImpl(at::TensorIteratorBase &, at::native::GeluType)::[lambda() (instance 2)]::operator ()() const::[lambda() (instance 4)]::operator ()() const::[lambda(c10::BFloat16) (instance 1)], std::array<char *, (unsigned long)2>>(int, T2, T3)+0xc0
=========     by thread (38,0,0) in block (0,0,0)
=========     Address 0x2b9efd41e260
=========     Saved host backtrace up to driver entry point at kernel launch time
=========         Host Frame: cuLaunchKernel [0x39d6c4] in libcuda.so.1
=========         Host Frame:  [0x13e88] in libcudart.so.12
=========         Host Frame: cudaLaunchKernel [0x79f87] in libcudart.so.12
=========         Host Frame: void at::native::gpu_kernel_impl<__nv_hdl_wrapper_t<false, true, false, __nv_dl_tag<void (*)(at::TensorIteratorBase&, at::native::GeluType), &at::native::GeluCUDAKernelImpl, 8u>, c10::BFloat16 (c10::BFloat16)> >(at::TensorIteratorBase&, __nv_hdl_wrapper_t<false, true, false, __nv_dl_tag<void (*)(at::TensorIteratorBase&, at::native::GeluType), &at::native::GeluCUDAKernelImpl, 8u>, c10::BFloat16 (c10::BFloat16)> const&) [clone .isra.0] [0x149a222] in libtorch_cuda.so
=========         Host Frame: at::(anonymous namespace)::wrapper_CUDA_gelu(at::Tensor const&, std::basic_string_view<char, std::char_traits<char> >) [0x389d25e] in libtorch_cuda.so
=========         Host Frame: c10::impl::wrap_kernel_functor_unboxed_<c10::impl::detail::WrapFunctionIntoFunctor_<c10::CompileTimeFunctionPointer<at::Tensor (at::Tensor const&, std::basic_string_view<char, std::char_traits<char> >), &at::(anonymous namespace)::wrapper_CUDA_gelu>, at::Tensor, c10::guts::typelist::typelist<at::Tensor const&, std::basic_string_view<char, std::char_traits<char> > > >, at::Tensor (at::Tensor const&, std::basic_string_view<char, std::char_traits<char> >)>::call(c10::OperatorKernel*, c10::DispatchKeySet, at::Tensor const&, std::basic_string_view<char, std::char_traits<char> >) [0x389d301] in libtorch_cuda.so
=========         Host Frame: at::_ops::gelu::redispatch(c10::DispatchKeySet, at::Tensor const&, std::basic_string_view<char, std::char_traits<char> >) [0x28d4193] in libtorch_cpu.so
=========         Host Frame: torch::autograd::VariableType::(anonymous namespace)::gelu(c10::DispatchKeySet, at::Tensor const&, std::basic_string_view<char, std::char_traits<char> >) [0x533cd3b] in libtorch_cpu.so
=========         Host Frame: c10::impl::wrap_kernel_functor_unboxed_<c10::impl::detail::WrapFunctionIntoFunctor_<c10::CompileTimeFunctionPointer<at::Tensor (c10::DispatchKeySet, at::Tensor const&, std::basic_string_view<char, std::char_traits<char> >), &torch::autograd::VariableType::(anonymous namespace)::gelu>, at::Tensor, c10::guts::typelist::typelist<c10::DispatchKeySet, at::Tensor const&, std::basic_string_view<char, std::char_traits<char> > > >, at::Tensor (c10::DispatchKeySet, at::Tensor const&, std::basic_string_view<char, std::char_traits<char> >)>::call(c10::OperatorKernel*, c10::DispatchKeySet, at::Tensor const&, std::basic_string_view<char, std::char_traits<char> >) [0x533d404] in libtorch_cpu.so
=========         Host Frame: at::_ops::gelu::call(at::Tensor const&, std::basic_string_view<char, std::char_traits<char> >) [0x298862f] in libtorch_cpu.so
=========         Host Frame: main [0x5500] in tail_reference_probe
========= 
========= Uninitialized __global__ memory read of size 16 bytes
=========     at void at::native::vectorized_elementwise_kernel<(int)8, at::native::GeluCUDAKernelImpl(at::TensorIteratorBase &, at::native::GeluType)::[lambda() (instance 2)]::operator ()() const::[lambda() (instance 4)]::operator ()() const::[lambda(c10::BFloat16) (instance 1)], std::array<char *, (unsigned long)2>>(int, T2, T3)+0xc0
=========     by thread (39,0,0) in block (0,0,0)
=========     Address 0x2b9efd41e270
=========     Saved host backtrace up to driver entry point at kernel launch time
=========         Host Frame: cuLaunchKernel [0x39d6c4] in libcuda.so.1
=========         Host Frame:  [0x13e88] in libcudart.so.12
=========         Host Frame: cudaLaunchKernel [0x79f87] in libcudart.so.12
=========         Host Frame: void at::native::gpu_kernel_impl<__nv_hdl_wrapper_t<false, true, false, __nv_dl_tag<void (*)(at::TensorIteratorBase&, at::native::GeluType), &at::native::GeluCUDAKernelImpl, 8u>, c10::BFloat16 (c10::BFloat16)> >(at::TensorIteratorBase&, __nv_hdl_wrapper_t<false, true, false, __nv_dl_tag<void (*)(at::TensorIteratorBase&, at::native::GeluType), &at::native::GeluCUDAKernelImpl, 8u>, c10::BFloat16 (c10::BFloat16)> const&) [clone .isra.0] [0x149a222] in libtorch_cuda.so
=========         Host Frame: at::(anonymous namespace)::wrapper_CUDA_gelu(at::Tensor const&, std::basic_string_view<char, std::char_traits<char> >) [0x389d25e] in libtorch_cuda.so
=========         Host Frame: c10::impl::wrap_kernel_functor_unboxed_<c10::impl::detail::WrapFunctionIntoFunctor_<c10::CompileTimeFunctionPointer<at::Tensor (at::Tensor const&, std::basic_string_view<char, std::char_traits<char> >), &at::(anonymous namespace)::wrapper_CUDA_gelu>, at::Tensor, c10::guts::typelist::typelist<at::Tensor const&, std::basic_string_view<char, std::char_traits<char> > > >, at::Tensor (at::Tensor const&, std::basic_string_view<char, std::char_traits<char> >)>::call(c10::OperatorKernel*, c10::DispatchKeySet, at::Tensor const&, std::basic_string_view<char, std::char_traits<char> >) [0x389d301] in libtorch_cuda.so
=========         Host Frame: at::_ops::gelu::redispatch(c10::DispatchKeySet, at::Tensor const&, std::basic_string_view<char, std::char_traits<char> >) [0x28d4193] in libtorch_cpu.so
=========         Host Frame: torch::autograd::VariableType::(anonymous namespace)::gelu(c10::DispatchKeySet, at::Tensor const&, std::basic_string_view<char, std::char_traits<char> >) [0x533cd3b] in libtorch_cpu.so
=========         Host Frame: c10::impl::wrap_kernel_functor_unboxed_<c10::impl::detail::WrapFunctionIntoFunctor_<c10::CompileTimeFunctionPointer<at::Tensor (c10::DispatchKeySet, at::Tensor const&, std::basic_string_view<char, std::char_traits<char> >), &torch::autograd::VariableType::(anonymous namespace)::gelu>, at::Tensor, c10::guts::typelist::typelist<c10::DispatchKeySet, at::Tensor const&, std::basic_string_view<char, std::char_traits<char> > > >, at::Tensor (c10::DispatchKeySet, at::Tensor const&, std::basic_string_view<char, std::char_traits<char> >)>::call(c10::OperatorKernel*, c10::DispatchKeySet, at::Tensor const&, std::basic_string_view<char, std::char_traits<char> >) [0x533d404] in libtorch_cpu.so
=========         Host Frame: at::_ops::gelu::call(at::Tensor const&, std::basic_string_view<char, std::char_traits<char> >) [0x298862f] in libtorch_cpu.so
=========         Host Frame: main [0x5500] in tail_reference_probe
========= 
========= Uninitialized __global__ memory read of size 16 bytes
=========     at void at::native::vectorized_elementwise_kernel<(int)8, at::native::GeluCUDAKernelImpl(at::TensorIteratorBase &, at::native::GeluType)::[lambda() (instance 2)]::operator ()() const::[lambda() (instance 4)]::operator ()() const::[lambda(c10::BFloat16) (instance 1)], std::array<char *, (unsigned long)2>>(int, T2, T3)+0xc0
=========     by thread (40,0,0) in block (0,0,0)
=========     Address 0x2b9efd41e280
=========     Saved host backtrace up to driver entry point at kernel launch time
=========         Host Frame: cuLaunchKernel [0x39d6c4] in libcuda.so.1
=========         Host Frame:  [0x13e88] in libcudart.so.12
=========         Host Frame: cudaLaunchKernel [0x79f87] in libcudart.so.12
=========         Host Frame: void at::native::gpu_kernel_impl<__nv_hdl_wrapper_t<false, true, false, __nv_dl_tag<void (*)(at::TensorIteratorBase&, at::native::GeluType), &at::native::GeluCUDAKernelImpl, 8u>, c10::BFloat16 (c10::BFloat16)> >(at::TensorIteratorBase&, __nv_hdl_wrapper_t<false, true, false, __nv_dl_tag<void (*)(at::TensorIteratorBase&, at::native::GeluType), &at::native::GeluCUDAKernelImpl, 8u>, c10::BFloat16 (c10::BFloat16)> const&) [clone .isra.0] [0x149a222] in libtorch_cuda.so
=========         Host Frame: at::(anonymous namespace)::wrapper_CUDA_gelu(at::Tensor const&, std::basic_string_view<char, std::char_traits<char> >) [0x389d25e] in libtorch_cuda.so
=========         Host Frame: c10::impl::wrap_kernel_functor_unboxed_<c10::impl::detail::WrapFunctionIntoFunctor_<c10::CompileTimeFunctionPointer<at::Tensor (at::Tensor const&, std::basic_string_view<char, std::char_traits<char> >), &at::(anonymous namespace)::wrapper_CUDA_gelu>, at::Tensor, c10::guts::typelist::typelist<at::Tensor const&, std::basic_string_view<char, std::char_traits<char> > > >, at::Tensor (at::Tensor const&, std::basic_string_view<char, std::char_traits<char> >)>::call(c10::OperatorKernel*, c10::DispatchKeySet, at::Tensor const&, std::basic_string_view<char, std::char_traits<char> >) [0x389d301] in libtorch_cuda.so
=========         Host Frame: at::_ops::gelu::redispatch(c10::DispatchKeySet, at::Tensor const&, std::basic_string_view<char, std::char_traits<char> >) [0x28d4193] in libtorch_cpu.so
=========         Host Frame: torch::autograd::VariableType::(anonymous namespace)::gelu(c10::DispatchKeySet, at::Tensor const&, std::basic_string_view<char, std::char_traits<char> >) [0x533cd3b] in libtorch_cpu.so
=========         Host Frame: c10::impl::wrap_kernel_functor_unboxed_<c10::impl::detail::WrapFunctionIntoFunctor_<c10::CompileTimeFunctionPointer<at::Tensor (c10::DispatchKeySet, at::Tensor const&, std::basic_string_view<char, std::char_traits<char> >), &torch::autograd::VariableType::(anonymous namespace)::gelu>, at::Tensor, c10::guts::typelist::typelist<c10::DispatchKeySet, at::Tensor const&, std::basic_string_view<char, std::char_traits<char> > > >, at::Tensor (c10::DispatchKeySet, at::Tensor const&, std::basic_string_view<char, std::char_traits<char> >)>::call(c10::OperatorKernel*, c10::DispatchKeySet, at::Tensor const&, std::basic_string_view<char, std::char_traits<char> >) [0x533d404] in libtorch_cpu.so
=========         Host Frame: at::_ops::gelu::call(at::Tensor const&, std::basic_string_view<char, std::char_traits<char> >) [0x298862f] in libtorch_cpu.so
=========         Host Frame: main [0x5500] in tail_reference_probe
========= 
========= Uninitialized __global__ memory read of size 16 bytes
=========     at void at::native::vectorized_elementwise_kernel<(int)8, at::native::GeluCUDAKernelImpl(at::TensorIteratorBase &, at::native::GeluType)::[lambda() (instance 2)]::operator ()() const::[lambda() (instance 4)]::operator ()() const::[lambda(c10::BFloat16) (instance 1)], std::array<char *, (unsigned long)2>>(int, T2, T3)+0xc0
=========     by thread (41,0,0) in block (0,0,0)
=========     Address 0x2b9efd41e290
=========     Saved host backtrace up to driver entry point at kernel launch time
=========         Host Frame: cuLaunchKernel [0x39d6c4] in libcuda.so.1
=========         Host Frame:  [0x13e88] in libcudart.so.12
=========         Host Frame: cudaLaunchKernel [0x79f87] in libcudart.so.12
=========         Host Frame: void at::native::gpu_kernel_impl<__nv_hdl_wrapper_t<false, true, false, __nv_dl_tag<void (*)(at::TensorIteratorBase&, at::native::GeluType), &at::native::GeluCUDAKernelImpl, 8u>, c10::BFloat16 (c10::BFloat16)> >(at::TensorIteratorBase&, __nv_hdl_wrapper_t<false, true, false, __nv_dl_tag<void (*)(at::TensorIteratorBase&, at::native::GeluType), &at::native::GeluCUDAKernelImpl, 8u>, c10::BFloat16 (c10::BFloat16)> const&) [clone .isra.0] [0x149a222] in libtorch_cuda.so
=========         Host Frame: at::(anonymous namespace)::wrapper_CUDA_gelu(at::Tensor const&, std::basic_string_view<char, std::char_traits<char> >) [0x389d25e] in libtorch_cuda.so
=========         Host Frame: c10::impl::wrap_kernel_functor_unboxed_<c10::impl::detail::WrapFunctionIntoFunctor_<c10::CompileTimeFunctionPointer<at::Tensor (at::Tensor const&, std::basic_string_view<char, std::char_traits<char> >), &at::(anonymous namespace)::wrapper_CUDA_gelu>, at::Tensor, c10::guts::typelist::typelist<at::Tensor const&, std::basic_string_view<char, std::char_traits<char> > > >, at::Tensor (at::Tensor const&, std::basic_string_view<char, std::char_traits<char> >)>::call(c10::OperatorKernel*, c10::DispatchKeySet, at::Tensor const&, std::basic_string_view<char, std::char_traits<char> >) [0x389d301] in libtorch_cuda.so
=========         Host Frame: at::_ops::gelu::redispatch(c10::DispatchKeySet, at::Tensor const&, std::basic_string_view<char, std::char_traits<char> >) [0x28d4193] in libtorch_cpu.so
=========         Host Frame: torch::autograd::VariableType::(anonymous namespace)::gelu(c10::DispatchKeySet, at::Tensor const&, std::basic_string_view<char, std::char_traits<char> >) [0x533cd3b] in libtorch_cpu.so
=========         Host Frame: c10::impl::wrap_kernel_functor_unboxed_<c10::impl::detail::WrapFunctionIntoFunctor_<c10::CompileTimeFunctionPointer<at::Tensor (c10::DispatchKeySet, at::Tensor const&, std::basic_string_view<char, std::char_traits<char> >), &torch::autograd::VariableType::(anonymous namespace)::gelu>, at::Tensor, c10::guts::typelist::typelist<c10::DispatchKeySet, at::Tensor const&, std::basic_string_view<char, std::char_traits<char> > > >, at::Tensor (c10::DispatchKeySet, at::Tensor const&, std::basic_string_view<char, std::char_traits<char> >)>::call(c10::OperatorKernel*, c10::DispatchKeySet, at::Tensor const&, std::basic_string_view<char, std::char_traits<char> >) [0x533d404] in libtorch_cpu.so
=========         Host Frame: at::_ops::gelu::call(at::Tensor const&, std::basic_string_view<char, std::char_traits<char> >) [0x298862f] in libtorch_cpu.so
=========         Host Frame: main [0x5500] in tail_reference_probe
========= 
========= Uninitialized __global__ memory read of size 16 bytes
=========     at void at::native::vectorized_elementwise_kernel<(int)8, at::native::GeluCUDAKernelImpl(at::TensorIteratorBase &, at::native::GeluType)::[lambda() (instance 2)]::operator ()() const::[lambda() (instance 4)]::operator ()() const::[lambda(c10::BFloat16) (instance 1)], std::array<char *, (unsigned long)2>>(int, T2, T3)+0xc0
=========     by thread (42,0,0) in block (0,0,0)
=========     Address 0x2b9efd41e2a0
=========     Saved host backtrace up to driver entry point at kernel launch time
=========         Host Frame: cuLaunchKernel [0x39d6c4] in libcuda.so.1
=========         Host Frame:  [0x13e88] in libcudart.so.12
=========         Host Frame: cudaLaunchKernel [0x79f87] in libcudart.so.12
=========         Host Frame: void at::native::gpu_kernel_impl<__nv_hdl_wrapper_t<false, true, false, __nv_dl_tag<void (*)(at::TensorIteratorBase&, at::native::GeluType), &at::native::GeluCUDAKernelImpl, 8u>, c10::BFloat16 (c10::BFloat16)> >(at::TensorIteratorBase&, __nv_hdl_wrapper_t<false, true, false, __nv_dl_tag<void (*)(at::TensorIteratorBase&, at::native::GeluType), &at::native::GeluCUDAKernelImpl, 8u>, c10::BFloat16 (c10::BFloat16)> const&) [clone .isra.0] [0x149a222] in libtorch_cuda.so
=========         Host Frame: at::(anonymous namespace)::wrapper_CUDA_gelu(at::Tensor const&, std::basic_string_view<char, std::char_traits<char> >) [0x389d25e] in libtorch_cuda.so
=========         Host Frame: c10::impl::wrap_kernel_functor_unboxed_<c10::impl::detail::WrapFunctionIntoFunctor_<c10::CompileTimeFunctionPointer<at::Tensor (at::Tensor const&, std::basic_string_view<char, std::char_traits<char> >), &at::(anonymous namespace)::wrapper_CUDA_gelu>, at::Tensor, c10::guts::typelist::typelist<at::Tensor const&, std::basic_string_view<char, std::char_traits<char> > > >, at::Tensor (at::Tensor const&, std::basic_string_view<char, std::char_traits<char> >)>::call(c10::OperatorKernel*, c10::DispatchKeySet, at::Tensor const&, std::basic_string_view<char, std::char_traits<char> >) [0x389d301] in libtorch_cuda.so
=========         Host Frame: at::_ops::gelu::redispatch(c10::DispatchKeySet, at::Tensor const&, std::basic_string_view<char, std::char_traits<char> >) [0x28d4193] in libtorch_cpu.so
=========         Host Frame: torch::autograd::VariableType::(anonymous namespace)::gelu(c10::DispatchKeySet, at::Tensor const&, std::basic_string_view<char, std::char_traits<char> >) [0x533cd3b] in libtorch_cpu.so
=========         Host Frame: c10::impl::wrap_kernel_functor_unboxed_<c10::impl::detail::WrapFunctionIntoFunctor_<c10::CompileTimeFunctionPointer<at::Tensor (c10::DispatchKeySet, at::Tensor const&, std::basic_string_view<char, std::char_traits<char> >), &torch::autograd::VariableType::(anonymous namespace)::gelu>, at::Tensor, c10::guts::typelist::typelist<c10::DispatchKeySet, at::Tensor const&, std::basic_string_view<char, std::char_traits<char> > > >, at::Tensor (c10::DispatchKeySet, at::Tensor const&, std::basic_string_view<char, std::char_traits<char> >)>::call(c10::OperatorKernel*, c10::DispatchKeySet, at::Tensor const&, std::basic_string_view<char, std::char_traits<char> >) [0x533d404] in libtorch_cpu.so
=========         Host Frame: at::_ops::gelu::call(at::Tensor const&, std::basic_string_view<char, std::char_traits<char> >) [0x298862f] in libtorch_cpu.so
=========         Host Frame: main [0x5500] in tail_reference_probe
========= 
========= Uninitialized __global__ memory read of size 16 bytes
=========     at void at::native::vectorized_elementwise_kernel<(int)8, at::native::GeluCUDAKernelImpl(at::TensorIteratorBase &, at::native::GeluType)::[lambda() (instance 2)]::operator ()() const::[lambda() (instance 4)]::operator ()() const::[lambda(c10::BFloat16) (instance 1)], std::array<char *, (unsigned long)2>>(int, T2, T3)+0xc0
=========     by thread (43,0,0) in block (0,0,0)
=========     Address 0x2b9efd41e2b0
=========     Saved host backtrace up to driver entry point at kernel launch time
=========         Host Frame: cuLaunchKernel [0x39d6c4] in libcuda.so.1
=========         Host Frame:  [0x13e88] in libcudart.so.12
=========         Host Frame: cudaLaunchKernel [0x79f87] in libcudart.so.12
=========         Host Frame: void at::native::gpu_kernel_impl<__nv_hdl_wrapper_t<false, true, false, __nv_dl_tag<void (*)(at::TensorIteratorBase&, at::native::GeluType), &at::native::GeluCUDAKernelImpl, 8u>, c10::BFloat16 (c10::BFloat16)> >(at::TensorIteratorBase&, __nv_hdl_wrapper_t<false, true, false, __nv_dl_tag<void (*)(at::TensorIteratorBase&, at::native::GeluType), &at::native::GeluCUDAKernelImpl, 8u>, c10::BFloat16 (c10::BFloat16)> const&) [clone .isra.0] [0x149a222] in libtorch_cuda.so
=========         Host Frame: at::(anonymous namespace)::wrapper_CUDA_gelu(at::Tensor const&, std::basic_string_view<char, std::char_traits<char> >) [0x389d25e] in libtorch_cuda.so
=========         Host Frame: c10::impl::wrap_kernel_functor_unboxed_<c10::impl::detail::WrapFunctionIntoFunctor_<c10::CompileTimeFunctionPointer<at::Tensor (at::Tensor const&, std::basic_string_view<char, std::char_traits<char> >), &at::(anonymous namespace)::wrapper_CUDA_gelu>, at::Tensor, c10::guts::typelist::typelist<at::Tensor const&, std::basic_string_view<char, std::char_traits<char> > > >, at::Tensor (at::Tensor const&, std::basic_string_view<char, std::char_traits<char> >)>::call(c10::OperatorKernel*, c10::DispatchKeySet, at::Tensor const&, std::basic_string_view<char, std::char_traits<char> >) [0x389d301] in libtorch_cuda.so
=========         Host Frame: at::_ops::gelu::redispatch(c10::DispatchKeySet, at::Tensor const&, std::basic_string_view<char, std::char_traits<char> >) [0x28d4193] in libtorch_cpu.so
=========         Host Frame: torch::autograd::VariableType::(anonymous namespace)::gelu(c10::DispatchKeySet, at::Tensor const&, std::basic_string_view<char, std::char_traits<char> >) [0x533cd3b] in libtorch_cpu.so
=========         Host Frame: c10::impl::wrap_kernel_functor_unboxed_<c10::impl::detail::WrapFunctionIntoFunctor_<c10::CompileTimeFunctionPointer<at::Tensor (c10::DispatchKeySet, at::Tensor const&, std::basic_string_view<char, std::char_traits<char> >), &torch::autograd::VariableType::(anonymous namespace)::gelu>, at::Tensor, c10::guts::typelist::typelist<c10::DispatchKeySet, at::Tensor const&, std::basic_string_view<char, std::char_traits<char> > > >, at::Tensor (c10::DispatchKeySet, at::Tensor const&, std::basic_string_view<char, std::char_traits<char> >)>::call(c10::OperatorKernel*, c10::DispatchKeySet, at::Tensor const&, std::basic_string_view<char, std::char_traits<char> >) [0x533d404] in libtorch_cpu.so
=========         Host Frame: at::_ops::gelu::call(at::Tensor const&, std::basic_string_view<char, std::char_traits<char> >) [0x298862f] in libtorch_cpu.so
=========         Host Frame: main [0x5500] in tail_reference_probe
========= 
========= Uninitialized __global__ memory read of size 16 bytes
=========     at void at::native::vectorized_elementwise_kernel<(int)8, at::native::GeluCUDAKernelImpl(at::TensorIteratorBase &, at::native::GeluType)::[lambda() (instance 2)]::operator ()() const::[lambda() (instance 4)]::operator ()() const::[lambda(c10::BFloat16) (instance 1)], std::array<char *, (unsigned long)2>>(int, T2, T3)+0xc0
=========     by thread (44,0,0) in block (0,0,0)
=========     Address 0x2b9efd41e2c0
=========     Saved host backtrace up to driver entry point at kernel launch time
=========         Host Frame: cuLaunchKernel [0x39d6c4] in libcuda.so.1
=========         Host Frame:  [0x13e88] in libcudart.so.12
=========         Host Frame: cudaLaunchKernel [0x79f87] in libcudart.so.12
=========         Host Frame: void at::native::gpu_kernel_impl<__nv_hdl_wrapper_t<false, true, false, __nv_dl_tag<void (*)(at::TensorIteratorBase&, at::native::GeluType), &at::native::GeluCUDAKernelImpl, 8u>, c10::BFloat16 (c10::BFloat16)> >(at::TensorIteratorBase&, __nv_hdl_wrapper_t<false, true, false, __nv_dl_tag<void (*)(at::TensorIteratorBase&, at::native::GeluType), &at::native::GeluCUDAKernelImpl, 8u>, c10::BFloat16 (c10::BFloat16)> const&) [clone .isra.0] [0x149a222] in libtorch_cuda.so
=========         Host Frame: at::(anonymous namespace)::wrapper_CUDA_gelu(at::Tensor const&, std::basic_string_view<char, std::char_traits<char> >) [0x389d25e] in libtorch_cuda.so
=========         Host Frame: c10::impl::wrap_kernel_functor_unboxed_<c10::impl::detail::WrapFunctionIntoFunctor_<c10::CompileTimeFunctionPointer<at::Tensor (at::Tensor const&, std::basic_string_view<char, std::char_traits<char> >), &at::(anonymous namespace)::wrapper_CUDA_gelu>, at::Tensor, c10::guts::typelist::typelist<at::Tensor const&, std::basic_string_view<char, std::char_traits<char> > > >, at::Tensor (at::Tensor const&, std::basic_string_view<char, std::char_traits<char> >)>::call(c10::OperatorKernel*, c10::DispatchKeySet, at::Tensor const&, std::basic_string_view<char, std::char_traits<char> >) [0x389d301] in libtorch_cuda.so
=========         Host Frame: at::_ops::gelu::redispatch(c10::DispatchKeySet, at::Tensor const&, std::basic_string_view<char, std::char_traits<char> >) [0x28d4193] in libtorch_cpu.so
=========         Host Frame: torch::autograd::VariableType::(anonymous namespace)::gelu(c10::DispatchKeySet, at::Tensor const&, std::basic_string_view<char, std::char_traits<char> >) [0x533cd3b] in libtorch_cpu.so
=========         Host Frame: c10::impl::wrap_kernel_functor_unboxed_<c10::impl::detail::WrapFunctionIntoFunctor_<c10::CompileTimeFunctionPointer<at::Tensor (c10::DispatchKeySet, at::Tensor const&, std::basic_string_view<char, std::char_traits<char> >), &torch::autograd::VariableType::(anonymous namespace)::gelu>, at::Tensor, c10::guts::typelist::typelist<c10::DispatchKeySet, at::Tensor const&, std::basic_string_view<char, std::char_traits<char> > > >, at::Tensor (c10::DispatchKeySet, at::Tensor const&, std::basic_string_view<char, std::char_traits<char> >)>::call(c10::OperatorKernel*, c10::DispatchKeySet, at::Tensor const&, std::basic_string_view<char, std::char_traits<char> >) [0x533d404] in libtorch_cpu.so
=========         Host Frame: at::_ops::gelu::call(at::Tensor const&, std::basic_string_view<char, std::char_traits<char> >) [0x298862f] in libtorch_cpu.so
=========         Host Frame: main [0x5500] in tail_reference_probe
========= 
========= Uninitialized __global__ memory read of size 16 bytes
=========     at void at::native::vectorized_elementwise_kernel<(int)8, at::native::GeluCUDAKernelImpl(at::TensorIteratorBase &, at::native::GeluType)::[lambda() (instance 2)]::operator ()() const::[lambda() (instance 4)]::operator ()() const::[lambda(c10::BFloat16) (instance 1)], std::array<char *, (unsigned long)2>>(int, T2, T3)+0xc0
=========     by thread (45,0,0) in block (0,0,0)
=========     Address 0x2b9efd41e2d0
=========     Saved host backtrace up to driver entry point at kernel launch time
=========         Host Frame: cuLaunchKernel [0x39d6c4] in libcuda.so.1
=========         Host Frame:  [0x13e88] in libcudart.so.12
=========         Host Frame: cudaLaunchKernel [0x79f87] in libcudart.so.12
=========         Host Frame: void at::native::gpu_kernel_impl<__nv_hdl_wrapper_t<false, true, false, __nv_dl_tag<void (*)(at::TensorIteratorBase&, at::native::GeluType), &at::native::GeluCUDAKernelImpl, 8u>, c10::BFloat16 (c10::BFloat16)> >(at::TensorIteratorBase&, __nv_hdl_wrapper_t<false, true, false, __nv_dl_tag<void (*)(at::TensorIteratorBase&, at::native::GeluType), &at::native::GeluCUDAKernelImpl, 8u>, c10::BFloat16 (c10::BFloat16)> const&) [clone .isra.0] [0x149a222] in libtorch_cuda.so
=========         Host Frame: at::(anonymous namespace)::wrapper_CUDA_gelu(at::Tensor const&, std::basic_string_view<char, std::char_traits<char> >) [0x389d25e] in libtorch_cuda.so
=========         Host Frame: c10::impl::wrap_kernel_functor_unboxed_<c10::impl::detail::WrapFunctionIntoFunctor_<c10::CompileTimeFunctionPointer<at::Tensor (at::Tensor const&, std::basic_string_view<char, std::char_traits<char> >), &at::(anonymous namespace)::wrapper_CUDA_gelu>, at::Tensor, c10::guts::typelist::typelist<at::Tensor const&, std::basic_string_view<char, std::char_traits<char> > > >, at::Tensor (at::Tensor const&, std::basic_string_view<char, std::char_traits<char> >)>::call(c10::OperatorKernel*, c10::DispatchKeySet, at::Tensor const&, std::basic_string_view<char, std::char_traits<char> >) [0x389d301] in libtorch_cuda.so
=========         Host Frame: at::_ops::gelu::redispatch(c10::DispatchKeySet, at::Tensor const&, std::basic_string_view<char, std::char_traits<char> >) [0x28d4193] in libtorch_cpu.so
=========         Host Frame: torch::autograd::VariableType::(anonymous namespace)::gelu(c10::DispatchKeySet, at::Tensor const&, std::basic_string_view<char, std::char_traits<char> >) [0x533cd3b] in libtorch_cpu.so
=========         Host Frame: c10::impl::wrap_kernel_functor_unboxed_<c10::impl::detail::WrapFunctionIntoFunctor_<c10::CompileTimeFunctionPointer<at::Tensor (c10::DispatchKeySet, at::Tensor const&, std::basic_string_view<char, std::char_traits<char> >), &torch::autograd::VariableType::(anonymous namespace)::gelu>, at::Tensor, c10::guts::typelist::typelist<c10::DispatchKeySet, at::Tensor const&, std::basic_string_view<char, std::char_traits<char> > > >, at::Tensor (c10::DispatchKeySet, at::Tensor const&, std::basic_string_view<char, std::char_traits<char> >)>::call(c10::OperatorKernel*, c10::DispatchKeySet, at::Tensor const&, std::basic_string_view<char, std::char_traits<char> >) [0x533d404] in libtorch_cpu.so
=========         Host Frame: at::_ops::gelu::call(at::Tensor const&, std::basic_string_view<char, std::char_traits<char> >) [0x298862f] in libtorch_cpu.so
=========         Host Frame: main [0x5500] in tail_reference_probe
========= 
========= Uninitialized __global__ memory read of size 16 bytes
=========     at void at::native::vectorized_elementwise_kernel<(int)8, at::native::GeluCUDAKernelImpl(at::TensorIteratorBase &, at::native::GeluType)::[lambda() (instance 2)]::operator ()() const::[lambda() (instance 4)]::operator ()() const::[lambda(c10::BFloat16) (instance 1)], std::array<char *, (unsigned long)2>>(int, T2, T3)+0xc0
=========     by thread (46,0,0) in block (0,0,0)
=========     Address 0x2b9efd41e2e0
=========     Saved host backtrace up to driver entry point at kernel launch time
=========         Host Frame: cuLaunchKernel [0x39d6c4] in libcuda.so.1
=========         Host Frame:  [0x13e88] in libcudart.so.12
=========         Host Frame: cudaLaunchKernel [0x79f87] in libcudart.so.12
=========         Host Frame: void at::native::gpu_kernel_impl<__nv_hdl_wrapper_t<false, true, false, __nv_dl_tag<void (*)(at::TensorIteratorBase&, at::native::GeluType), &at::native::GeluCUDAKernelImpl, 8u>, c10::BFloat16 (c10::BFloat16)> >(at::TensorIteratorBase&, __nv_hdl_wrapper_t<false, true, false, __nv_dl_tag<void (*)(at::TensorIteratorBase&, at::native::GeluType), &at::native::GeluCUDAKernelImpl, 8u>, c10::BFloat16 (c10::BFloat16)> const&) [clone .isra.0] [0x149a222] in libtorch_cuda.so
=========         Host Frame: at::(anonymous namespace)::wrapper_CUDA_gelu(at::Tensor const&, std::basic_string_view<char, std::char_traits<char> >) [0x389d25e] in libtorch_cuda.so
=========         Host Frame: c10::impl::wrap_kernel_functor_unboxed_<c10::impl::detail::WrapFunctionIntoFunctor_<c10::CompileTimeFunctionPointer<at::Tensor (at::Tensor const&, std::basic_string_view<char, std::char_traits<char> >), &at::(anonymous namespace)::wrapper_CUDA_gelu>, at::Tensor, c10::guts::typelist::typelist<at::Tensor const&, std::basic_string_view<char, std::char_traits<char> > > >, at::Tensor (at::Tensor const&, std::basic_string_view<char, std::char_traits<char> >)>::call(c10::OperatorKernel*, c10::DispatchKeySet, at::Tensor const&, std::basic_string_view<char, std::char_traits<char> >) [0x389d301] in libtorch_cuda.so
=========         Host Frame: at::_ops::gelu::redispatch(c10::DispatchKeySet, at::Tensor const&, std::basic_string_view<char, std::char_traits<char> >) [0x28d4193] in libtorch_cpu.so
=========         Host Frame: torch::autograd::VariableType::(anonymous namespace)::gelu(c10::DispatchKeySet, at::Tensor const&, std::basic_string_view<char, std::char_traits<char> >) [0x533cd3b] in libtorch_cpu.so
=========         Host Frame: c10::impl::wrap_kernel_functor_unboxed_<c10::impl::detail::WrapFunctionIntoFunctor_<c10::CompileTimeFunctionPointer<at::Tensor (c10::DispatchKeySet, at::Tensor const&, std::basic_string_view<char, std::char_traits<char> >), &torch::autograd::VariableType::(anonymous namespace)::gelu>, at::Tensor, c10::guts::typelist::typelist<c10::DispatchKeySet, at::Tensor const&, std::basic_string_view<char, std::char_traits<char> > > >, at::Tensor (c10::DispatchKeySet, at::Tensor const&, std::basic_string_view<char, std::char_traits<char> >)>::call(c10::OperatorKernel*, c10::DispatchKeySet, at::Tensor const&, std::basic_string_view<char, std::char_traits<char> >) [0x533d404] in libtorch_cpu.so
=========         Host Frame: at::_ops::gelu::call(at::Tensor const&, std::basic_string_view<char, std::char_traits<char> >) [0x298862f] in libtorch_cpu.so
=========         Host Frame: main [0x5500] in tail_reference_probe
========= 
========= Uninitialized __global__ memory read of size 16 bytes
=========     at void at::native::vectorized_elementwise_kernel<(int)8, at::native::GeluCUDAKernelImpl(at::TensorIteratorBase &, at::native::GeluType)::[lambda() (instance 2)]::operator ()() const::[lambda() (instance 4)]::operator ()() const::[lambda(c10::BFloat16) (instance 1)], std::array<char *, (unsigned long)2>>(int, T2, T3)+0xc0
=========     by thread (47,0,0) in block (0,0,0)
=========     Address 0x2b9efd41e2f0
=========     Saved host backtrace up to driver entry point at kernel launch time
=========         Host Frame: cuLaunchKernel [0x39d6c4] in libcuda.so.1
=========         Host Frame:  [0x13e88] in libcudart.so.12
=========         Host Frame: cudaLaunchKernel [0x79f87] in libcudart.so.12
=========         Host Frame: void at::native::gpu_kernel_impl<__nv_hdl_wrapper_t<false, true, false, __nv_dl_tag<void (*)(at::TensorIteratorBase&, at::native::GeluType), &at::native::GeluCUDAKernelImpl, 8u>, c10::BFloat16 (c10::BFloat16)> >(at::TensorIteratorBase&, __nv_hdl_wrapper_t<false, true, false, __nv_dl_tag<void (*)(at::TensorIteratorBase&, at::native::GeluType), &at::native::GeluCUDAKernelImpl, 8u>, c10::BFloat16 (c10::BFloat16)> const&) [clone .isra.0] [0x149a222] in libtorch_cuda.so
=========         Host Frame: at::(anonymous namespace)::wrapper_CUDA_gelu(at::Tensor const&, std::basic_string_view<char, std::char_traits<char> >) [0x389d25e] in libtorch_cuda.so
=========         Host Frame: c10::impl::wrap_kernel_functor_unboxed_<c10::impl::detail::WrapFunctionIntoFunctor_<c10::CompileTimeFunctionPointer<at::Tensor (at::Tensor const&, std::basic_string_view<char, std::char_traits<char> >), &at::(anonymous namespace)::wrapper_CUDA_gelu>, at::Tensor, c10::guts::typelist::typelist<at::Tensor const&, std::basic_string_view<char, std::char_traits<char> > > >, at::Tensor (at::Tensor const&, std::basic_string_view<char, std::char_traits<char> >)>::call(c10::OperatorKernel*, c10::DispatchKeySet, at::Tensor const&, std::basic_string_view<char, std::char_traits<char> >) [0x389d301] in libtorch_cuda.so
=========         Host Frame: at::_ops::gelu::redispatch(c10::DispatchKeySet, at::Tensor const&, std::basic_string_view<char, std::char_traits<char> >) [0x28d4193] in libtorch_cpu.so
=========         Host Frame: torch::autograd::VariableType::(anonymous namespace)::gelu(c10::DispatchKeySet, at::Tensor const&, std::basic_string_view<char, std::char_traits<char> >) [0x533cd3b] in libtorch_cpu.so
=========         Host Frame: c10::impl::wrap_kernel_functor_unboxed_<c10::impl::detail::WrapFunctionIntoFunctor_<c10::CompileTimeFunctionPointer<at::Tensor (c10::DispatchKeySet, at::Tensor const&, std::basic_string_view<char, std::char_traits<char> >), &torch::autograd::VariableType::(anonymous namespace)::gelu>, at::Tensor, c10::guts::typelist::typelist<c10::DispatchKeySet, at::Tensor const&, std::basic_string_view<char, std::char_traits<char> > > >, at::Tensor (c10::DispatchKeySet, at::Tensor const&, std::basic_string_view<char, std::char_traits<char> >)>::call(c10::OperatorKernel*, c10::DispatchKeySet, at::Tensor const&, std::basic_string_view<char, std::char_traits<char> >) [0x533d404] in libtorch_cpu.so
=========         Host Frame: at::_ops::gelu::call(at::Tensor const&, std::basic_string_view<char, std::char_traits<char> >) [0x298862f] in libtorch_cpu.so
=========         Host Frame: main [0x5500] in tail_reference_probe
========= 
========= Uninitialized __global__ memory read of size 16 bytes
=========     at void at::native::vectorized_elementwise_kernel<(int)8, at::native::GeluCUDAKernelImpl(at::TensorIteratorBase &, at::native::GeluType)::[lambda() (instance 2)]::operator ()() const::[lambda() (instance 4)]::operator ()() const::[lambda(c10::BFloat16) (instance 1)], std::array<char *, (unsigned long)2>>(int, T2, T3)+0xc0
=========     by thread (48,0,0) in block (0,0,0)
=========     Address 0x2b9efd41e300
=========     Saved host backtrace up to driver entry point at kernel launch time
=========         Host Frame: cuLaunchKernel [0x39d6c4] in libcuda.so.1
=========         Host Frame:  [0x13e88] in libcudart.so.12
=========         Host Frame: cudaLaunchKernel [0x79f87] in libcudart.so.12
=========         Host Frame: void at::native::gpu_kernel_impl<__nv_hdl_wrapper_t<false, true, false, __nv_dl_tag<void (*)(at::TensorIteratorBase&, at::native::GeluType), &at::native::GeluCUDAKernelImpl, 8u>, c10::BFloat16 (c10::BFloat16)> >(at::TensorIteratorBase&, __nv_hdl_wrapper_t<false, true, false, __nv_dl_tag<void (*)(at::TensorIteratorBase&, at::native::GeluType), &at::native::GeluCUDAKernelImpl, 8u>, c10::BFloat16 (c10::BFloat16)> const&) [clone .isra.0] [0x149a222] in libtorch_cuda.so
=========         Host Frame: at::(anonymous namespace)::wrapper_CUDA_gelu(at::Tensor const&, std::basic_string_view<char, std::char_traits<char> >) [0x389d25e] in libtorch_cuda.so
=========         Host Frame: c10::impl::wrap_kernel_functor_unboxed_<c10::impl::detail::WrapFunctionIntoFunctor_<c10::CompileTimeFunctionPointer<at::Tensor (at::Tensor const&, std::basic_string_view<char, std::char_traits<char> >), &at::(anonymous namespace)::wrapper_CUDA_gelu>, at::Tensor, c10::guts::typelist::typelist<at::Tensor const&, std::basic_string_view<char, std::char_traits<char> > > >, at::Tensor (at::Tensor const&, std::basic_string_view<char, std::char_traits<char> >)>::call(c10::OperatorKernel*, c10::DispatchKeySet, at::Tensor const&, std::basic_string_view<char, std::char_traits<char> >) [0x389d301] in libtorch_cuda.so
=========         Host Frame: at::_ops::gelu::redispatch(c10::DispatchKeySet, at::Tensor const&, std::basic_string_view<char, std::char_traits<char> >) [0x28d4193] in libtorch_cpu.so
=========         Host Frame: torch::autograd::VariableType::(anonymous namespace)::gelu(c10::DispatchKeySet, at::Tensor const&, std::basic_string_view<char, std::char_traits<char> >) [0x533cd3b] in libtorch_cpu.so
=========         Host Frame: c10::impl::wrap_kernel_functor_unboxed_<c10::impl::detail::WrapFunctionIntoFunctor_<c10::CompileTimeFunctionPointer<at::Tensor (c10::DispatchKeySet, at::Tensor const&, std::basic_string_view<char, std::char_traits<char> >), &torch::autograd::VariableType::(anonymous namespace)::gelu>, at::Tensor, c10::guts::typelist::typelist<c10::DispatchKeySet, at::Tensor const&, std::basic_string_view<char, std::char_traits<char> > > >, at::Tensor (c10::DispatchKeySet, at::Tensor const&, std::basic_string_view<char, std::char_traits<char> >)>::call(c10::OperatorKernel*, c10::DispatchKeySet, at::Tensor const&, std::basic_string_view<char, std::char_traits<char> >) [0x533d404] in libtorch_cpu.so
=========         Host Frame: at::_ops::gelu::call(at::Tensor const&, std::basic_string_view<char, std::char_traits<char> >) [0x298862f] in libtorch_cpu.so
=========         Host Frame: main [0x5500] in tail_reference_probe
========= 
========= Uninitialized __global__ memory read of size 16 bytes
=========     at void at::native::vectorized_elementwise_kernel<(int)8, at::native::GeluCUDAKernelImpl(at::TensorIteratorBase &, at::native::GeluType)::[lambda() (instance 2)]::operator ()() const::[lambda() (instance 4)]::operator ()() const::[lambda(c10::BFloat16) (instance 1)], std::array<char *, (unsigned long)2>>(int, T2, T3)+0xc0
=========     by thread (49,0,0) in block (0,0,0)
=========     Address 0x2b9efd41e310
=========     Saved host backtrace up to driver entry point at kernel launch time
=========         Host Frame: cuLaunchKernel [0x39d6c4] in libcuda.so.1
=========         Host Frame:  [0x13e88] in libcudart.so.12
=========         Host Frame: cudaLaunchKernel [0x79f87] in libcudart.so.12
=========         Host Frame: void at::native::gpu_kernel_impl<__nv_hdl_wrapper_t<false, true, false, __nv_dl_tag<void (*)(at::TensorIteratorBase&, at::native::GeluType), &at::native::GeluCUDAKernelImpl, 8u>, c10::BFloat16 (c10::BFloat16)> >(at::TensorIteratorBase&, __nv_hdl_wrapper_t<false, true, false, __nv_dl_tag<void (*)(at::TensorIteratorBase&, at::native::GeluType), &at::native::GeluCUDAKernelImpl, 8u>, c10::BFloat16 (c10::BFloat16)> const&) [clone .isra.0] [0x149a222] in libtorch_cuda.so
=========         Host Frame: at::(anonymous namespace)::wrapper_CUDA_gelu(at::Tensor const&, std::basic_string_view<char, std::char_traits<char> >) [0x389d25e] in libtorch_cuda.so
=========         Host Frame: c10::impl::wrap_kernel_functor_unboxed_<c10::impl::detail::WrapFunctionIntoFunctor_<c10::CompileTimeFunctionPointer<at::Tensor (at::Tensor const&, std::basic_string_view<char, std::char_traits<char> >), &at::(anonymous namespace)::wrapper_CUDA_gelu>, at::Tensor, c10::guts::typelist::typelist<at::Tensor const&, std::basic_string_view<char, std::char_traits<char> > > >, at::Tensor (at::Tensor const&, std::basic_string_view<char, std::char_traits<char> >)>::call(c10::OperatorKernel*, c10::DispatchKeySet, at::Tensor const&, std::basic_string_view<char, std::char_traits<char> >) [0x389d301] in libtorch_cuda.so
=========         Host Frame: at::_ops::gelu::redispatch(c10::DispatchKeySet, at::Tensor const&, std::basic_string_view<char, std::char_traits<char> >) [0x28d4193] in libtorch_cpu.so
=========         Host Frame: torch::autograd::VariableType::(anonymous namespace)::gelu(c10::DispatchKeySet, at::Tensor const&, std::basic_string_view<char, std::char_traits<char> >) [0x533cd3b] in libtorch_cpu.so
=========         Host Frame: c10::impl::wrap_kernel_functor_unboxed_<c10::impl::detail::WrapFunctionIntoFunctor_<c10::CompileTimeFunctionPointer<at::Tensor (c10::DispatchKeySet, at::Tensor const&, std::basic_string_view<char, std::char_traits<char> >), &torch::autograd::VariableType::(anonymous namespace)::gelu>, at::Tensor, c10::guts::typelist::typelist<c10::DispatchKeySet, at::Tensor const&, std::basic_string_view<char, std::char_traits<char> > > >, at::Tensor (c10::DispatchKeySet, at::Tensor const&, std::basic_string_view<char, std::char_traits<char> >)>::call(c10::OperatorKernel*, c10::DispatchKeySet, at::Tensor const&, std::basic_string_view<char, std::char_traits<char> >) [0x533d404] in libtorch_cpu.so
=========         Host Frame: at::_ops::gelu::call(at::Tensor const&, std::basic_string_view<char, std::char_traits<char> >) [0x298862f] in libtorch_cpu.so
=========         Host Frame: main [0x5500] in tail_reference_probe
========= 
========= Uninitialized __global__ memory read of size 16 bytes
=========     at void at::native::vectorized_elementwise_kernel<(int)8, at::native::GeluCUDAKernelImpl(at::TensorIteratorBase &, at::native::GeluType)::[lambda() (instance 2)]::operator ()() const::[lambda() (instance 4)]::operator ()() const::[lambda(c10::BFloat16) (instance 1)], std::array<char *, (unsigned long)2>>(int, T2, T3)+0xc0
=========     by thread (50,0,0) in block (0,0,0)
=========     Address 0x2b9efd41e320
=========     Saved host backtrace up to driver entry point at kernel launch time
=========         Host Frame: cuLaunchKernel [0x39d6c4] in libcuda.so.1
=========         Host Frame:  [0x13e88] in libcudart.so.12
=========         Host Frame: cudaLaunchKernel [0x79f87] in libcudart.so.12
=========         Host Frame: void at::native::gpu_kernel_impl<__nv_hdl_wrapper_t<false, true, false, __nv_dl_tag<void (*)(at::TensorIteratorBase&, at::native::GeluType), &at::native::GeluCUDAKernelImpl, 8u>, c10::BFloat16 (c10::BFloat16)> >(at::TensorIteratorBase&, __nv_hdl_wrapper_t<false, true, false, __nv_dl_tag<void (*)(at::TensorIteratorBase&, at::native::GeluType), &at::native::GeluCUDAKernelImpl, 8u>, c10::BFloat16 (c10::BFloat16)> const&) [clone .isra.0] [0x149a222] in libtorch_cuda.so
=========         Host Frame: at::(anonymous namespace)::wrapper_CUDA_gelu(at::Tensor const&, std::basic_string_view<char, std::char_traits<char> >) [0x389d25e] in libtorch_cuda.so
=========         Host Frame: c10::impl::wrap_kernel_functor_unboxed_<c10::impl::detail::WrapFunctionIntoFunctor_<c10::CompileTimeFunctionPointer<at::Tensor (at::Tensor const&, std::basic_string_view<char, std::char_traits<char> >), &at::(anonymous namespace)::wrapper_CUDA_gelu>, at::Tensor, c10::guts::typelist::typelist<at::Tensor const&, std::basic_string_view<char, std::char_traits<char> > > >, at::Tensor (at::Tensor const&, std::basic_string_view<char, std::char_traits<char> >)>::call(c10::OperatorKernel*, c10::DispatchKeySet, at::Tensor const&, std::basic_string_view<char, std::char_traits<char> >) [0x389d301] in libtorch_cuda.so
=========         Host Frame: at::_ops::gelu::redispatch(c10::DispatchKeySet, at::Tensor const&, std::basic_string_view<char, std::char_traits<char> >) [0x28d4193] in libtorch_cpu.so
=========         Host Frame: torch::autograd::VariableType::(anonymous namespace)::gelu(c10::DispatchKeySet, at::Tensor const&, std::basic_string_view<char, std::char_traits<char> >) [0x533cd3b] in libtorch_cpu.so
=========         Host Frame: c10::impl::wrap_kernel_functor_unboxed_<c10::impl::detail::WrapFunctionIntoFunctor_<c10::CompileTimeFunctionPointer<at::Tensor (c10::DispatchKeySet, at::Tensor const&, std::basic_string_view<char, std::char_traits<char> >), &torch::autograd::VariableType::(anonymous namespace)::gelu>, at::Tensor, c10::guts::typelist::typelist<c10::DispatchKeySet, at::Tensor const&, std::basic_string_view<char, std::char_traits<char> > > >, at::Tensor (c10::DispatchKeySet, at::Tensor const&, std::basic_string_view<char, std::char_traits<char> >)>::call(c10::OperatorKernel*, c10::DispatchKeySet, at::Tensor const&, std::basic_string_view<char, std::char_traits<char> >) [0x533d404] in libtorch_cpu.so
=========         Host Frame: at::_ops::gelu::call(at::Tensor const&, std::basic_string_view<char, std::char_traits<char> >) [0x298862f] in libtorch_cpu.so
=========         Host Frame: main [0x5500] in tail_reference_probe
========= 
========= Uninitialized __global__ memory read of size 16 bytes
=========     at void at::native::vectorized_elementwise_kernel<(int)8, at::native::GeluCUDAKernelImpl(at::TensorIteratorBase &, at::native::GeluType)::[lambda() (instance 2)]::operator ()() const::[lambda() (instance 4)]::operator ()() const::[lambda(c10::BFloat16) (instance 1)], std::array<char *, (unsigned long)2>>(int, T2, T3)+0xc0
=========     by thread (51,0,0) in block (0,0,0)
=========     Address 0x2b9efd41e330
=========     Saved host backtrace up to driver entry point at kernel launch time
=========         Host Frame: cuLaunchKernel [0x39d6c4] in libcuda.so.1
=========         Host Frame:  [0x13e88] in libcudart.so.12
=========         Host Frame: cudaLaunchKernel [0x79f87] in libcudart.so.12
=========         Host Frame: void at::native::gpu_kernel_impl<__nv_hdl_wrapper_t<false, true, false, __nv_dl_tag<void (*)(at::TensorIteratorBase&, at::native::GeluType), &at::native::GeluCUDAKernelImpl, 8u>, c10::BFloat16 (c10::BFloat16)> >(at::TensorIteratorBase&, __nv_hdl_wrapper_t<false, true, false, __nv_dl_tag<void (*)(at::TensorIteratorBase&, at::native::GeluType), &at::native::GeluCUDAKernelImpl, 8u>, c10::BFloat16 (c10::BFloat16)> const&) [clone .isra.0] [0x149a222] in libtorch_cuda.so
=========         Host Frame: at::(anonymous namespace)::wrapper_CUDA_gelu(at::Tensor const&, std::basic_string_view<char, std::char_traits<char> >) [0x389d25e] in libtorch_cuda.so
=========         Host Frame: c10::impl::wrap_kernel_functor_unboxed_<c10::impl::detail::WrapFunctionIntoFunctor_<c10::CompileTimeFunctionPointer<at::Tensor (at::Tensor const&, std::basic_string_view<char, std::char_traits<char> >), &at::(anonymous namespace)::wrapper_CUDA_gelu>, at::Tensor, c10::guts::typelist::typelist<at::Tensor const&, std::basic_string_view<char, std::char_traits<char> > > >, at::Tensor (at::Tensor const&, std::basic_string_view<char, std::char_traits<char> >)>::call(c10::OperatorKernel*, c10::DispatchKeySet, at::Tensor const&, std::basic_string_view<char, std::char_traits<char> >) [0x389d301] in libtorch_cuda.so
=========         Host Frame: at::_ops::gelu::redispatch(c10::DispatchKeySet, at::Tensor const&, std::basic_string_view<char, std::char_traits<char> >) [0x28d4193] in libtorch_cpu.so
=========         Host Frame: torch::autograd::VariableType::(anonymous namespace)::gelu(c10::DispatchKeySet, at::Tensor const&, std::basic_string_view<char, std::char_traits<char> >) [0x533cd3b] in libtorch_cpu.so
=========         Host Frame: c10::impl::wrap_kernel_functor_unboxed_<c10::impl::detail::WrapFunctionIntoFunctor_<c10::CompileTimeFunctionPointer<at::Tensor (c10::DispatchKeySet, at::Tensor const&, std::basic_string_view<char, std::char_traits<char> >), &torch::autograd::VariableType::(anonymous namespace)::gelu>, at::Tensor, c10::guts::typelist::typelist<c10::DispatchKeySet, at::Tensor const&, std::basic_string_view<char, std::char_traits<char> > > >, at::Tensor (c10::DispatchKeySet, at::Tensor const&, std::basic_string_view<char, std::char_traits<char> >)>::call(c10::OperatorKernel*, c10::DispatchKeySet, at::Tensor const&, std::basic_string_view<char, std::char_traits<char> >) [0x533d404] in libtorch_cpu.so
=========         Host Frame: at::_ops::gelu::call(at::Tensor const&, std::basic_string_view<char, std::char_traits<char> >) [0x298862f] in libtorch_cpu.so
=========         Host Frame: main [0x5500] in tail_reference_probe
========= 
========= Uninitialized __global__ memory read of size 16 bytes
=========     at void at::native::vectorized_elementwise_kernel<(int)8, at::native::GeluCUDAKernelImpl(at::TensorIteratorBase &, at::native::GeluType)::[lambda() (instance 2)]::operator ()() const::[lambda() (instance 4)]::operator ()() const::[lambda(c10::BFloat16) (instance 1)], std::array<char *, (unsigned long)2>>(int, T2, T3)+0xc0
=========     by thread (52,0,0) in block (0,0,0)
=========     Address 0x2b9efd41e340
=========     Saved host backtrace up to driver entry point at kernel launch time
=========         Host Frame: cuLaunchKernel [0x39d6c4] in libcuda.so.1
=========         Host Frame:  [0x13e88] in libcudart.so.12
=========         Host Frame: cudaLaunchKernel [0x79f87] in libcudart.so.12
=========         Host Frame: void at::native::gpu_kernel_impl<__nv_hdl_wrapper_t<false, true, false, __nv_dl_tag<void (*)(at::TensorIteratorBase&, at::native::GeluType), &at::native::GeluCUDAKernelImpl, 8u>, c10::BFloat16 (c10::BFloat16)> >(at::TensorIteratorBase&, __nv_hdl_wrapper_t<false, true, false, __nv_dl_tag<void (*)(at::TensorIteratorBase&, at::native::GeluType), &at::native::GeluCUDAKernelImpl, 8u>, c10::BFloat16 (c10::BFloat16)> const&) [clone .isra.0] [0x149a222] in libtorch_cuda.so
=========         Host Frame: at::(anonymous namespace)::wrapper_CUDA_gelu(at::Tensor const&, std::basic_string_view<char, std::char_traits<char> >) [0x389d25e] in libtorch_cuda.so
=========         Host Frame: c10::impl::wrap_kernel_functor_unboxed_<c10::impl::detail::WrapFunctionIntoFunctor_<c10::CompileTimeFunctionPointer<at::Tensor (at::Tensor const&, std::basic_string_view<char, std::char_traits<char> >), &at::(anonymous namespace)::wrapper_CUDA_gelu>, at::Tensor, c10::guts::typelist::typelist<at::Tensor const&, std::basic_string_view<char, std::char_traits<char> > > >, at::Tensor (at::Tensor const&, std::basic_string_view<char, std::char_traits<char> >)>::call(c10::OperatorKernel*, c10::DispatchKeySet, at::Tensor const&, std::basic_string_view<char, std::char_traits<char> >) [0x389d301] in libtorch_cuda.so
=========         Host Frame: at::_ops::gelu::redispatch(c10::DispatchKeySet, at::Tensor const&, std::basic_string_view<char, std::char_traits<char> >) [0x28d4193] in libtorch_cpu.so
=========         Host Frame: torch::autograd::VariableType::(anonymous namespace)::gelu(c10::DispatchKeySet, at::Tensor const&, std::basic_string_view<char, std::char_traits<char> >) [0x533cd3b] in libtorch_cpu.so
=========         Host Frame: c10::impl::wrap_kernel_functor_unboxed_<c10::impl::detail::WrapFunctionIntoFunctor_<c10::CompileTimeFunctionPointer<at::Tensor (c10::DispatchKeySet, at::Tensor const&, std::basic_string_view<char, std::char_traits<char> >), &torch::autograd::VariableType::(anonymous namespace)::gelu>, at::Tensor, c10::guts::typelist::typelist<c10::DispatchKeySet, at::Tensor const&, std::basic_string_view<char, std::char_traits<char> > > >, at::Tensor (c10::DispatchKeySet, at::Tensor const&, std::basic_string_view<char, std::char_traits<char> >)>::call(c10::OperatorKernel*, c10::DispatchKeySet, at::Tensor const&, std::basic_string_view<char, std::char_traits<char> >) [0x533d404] in libtorch_cpu.so
=========         Host Frame: at::_ops::gelu::call(at::Tensor const&, std::basic_string_view<char, std::char_traits<char> >) [0x298862f] in libtorch_cpu.so
=========         Host Frame: main [0x5500] in tail_reference_probe
========= 
========= Uninitialized __global__ memory read of size 16 bytes
=========     at void at::native::vectorized_elementwise_kernel<(int)8, at::native::GeluCUDAKernelImpl(at::TensorIteratorBase &, at::native::GeluType)::[lambda() (instance 2)]::operator ()() const::[lambda() (instance 4)]::operator ()() const::[lambda(c10::BFloat16) (instance 1)], std::array<char *, (unsigned long)2>>(int, T2, T3)+0xc0
=========     by thread (53,0,0) in block (0,0,0)
=========     Address 0x2b9efd41e350
=========     Saved host backtrace up to driver entry point at kernel launch time
=========         Host Frame: cuLaunchKernel [0x39d6c4] in libcuda.so.1
=========         Host Frame:  [0x13e88] in libcudart.so.12
=========         Host Frame: cudaLaunchKernel [0x79f87] in libcudart.so.12
=========         Host Frame: void at::native::gpu_kernel_impl<__nv_hdl_wrapper_t<false, true, false, __nv_dl_tag<void (*)(at::TensorIteratorBase&, at::native::GeluType), &at::native::GeluCUDAKernelImpl, 8u>, c10::BFloat16 (c10::BFloat16)> >(at::TensorIteratorBase&, __nv_hdl_wrapper_t<false, true, false, __nv_dl_tag<void (*)(at::TensorIteratorBase&, at::native::GeluType), &at::native::GeluCUDAKernelImpl, 8u>, c10::BFloat16 (c10::BFloat16)> const&) [clone .isra.0] [0x149a222] in libtorch_cuda.so
=========         Host Frame: at::(anonymous namespace)::wrapper_CUDA_gelu(at::Tensor const&, std::basic_string_view<char, std::char_traits<char> >) [0x389d25e] in libtorch_cuda.so
=========         Host Frame: c10::impl::wrap_kernel_functor_unboxed_<c10::impl::detail::WrapFunctionIntoFunctor_<c10::CompileTimeFunctionPointer<at::Tensor (at::Tensor const&, std::basic_string_view<char, std::char_traits<char> >), &at::(anonymous namespace)::wrapper_CUDA_gelu>, at::Tensor, c10::guts::typelist::typelist<at::Tensor const&, std::basic_string_view<char, std::char_traits<char> > > >, at::Tensor (at::Tensor const&, std::basic_string_view<char, std::char_traits<char> >)>::call(c10::OperatorKernel*, c10::DispatchKeySet, at::Tensor const&, std::basic_string_view<char, std::char_traits<char> >) [0x389d301] in libtorch_cuda.so
=========         Host Frame: at::_ops::gelu::redispatch(c10::DispatchKeySet, at::Tensor const&, std::basic_string_view<char, std::char_traits<char> >) [0x28d4193] in libtorch_cpu.so
=========         Host Frame: torch::autograd::VariableType::(anonymous namespace)::gelu(c10::DispatchKeySet, at::Tensor const&, std::basic_string_view<char, std::char_traits<char> >) [0x533cd3b] in libtorch_cpu.so
=========         Host Frame: c10::impl::wrap_kernel_functor_unboxed_<c10::impl::detail::WrapFunctionIntoFunctor_<c10::CompileTimeFunctionPointer<at::Tensor (c10::DispatchKeySet, at::Tensor const&, std::basic_string_view<char, std::char_traits<char> >), &torch::autograd::VariableType::(anonymous namespace)::gelu>, at::Tensor, c10::guts::typelist::typelist<c10::DispatchKeySet, at::Tensor const&, std::basic_string_view<char, std::char_traits<char> > > >, at::Tensor (c10::DispatchKeySet, at::Tensor const&, std::basic_string_view<char, std::char_traits<char> >)>::call(c10::OperatorKernel*, c10::DispatchKeySet, at::Tensor const&, std::basic_string_view<char, std::char_traits<char> >) [0x533d404] in libtorch_cpu.so
=========         Host Frame: at::_ops::gelu::call(at::Tensor const&, std::basic_string_view<char, std::char_traits<char> >) [0x298862f] in libtorch_cpu.so
=========         Host Frame: main [0x5500] in tail_reference_probe
========= 
========= Uninitialized __global__ memory read of size 16 bytes
=========     at void at::native::vectorized_elementwise_kernel<(int)8, at::native::GeluCUDAKernelImpl(at::TensorIteratorBase &, at::native::GeluType)::[lambda() (instance 2)]::operator ()() const::[lambda() (instance 4)]::operator ()() const::[lambda(c10::BFloat16) (instance 1)], std::array<char *, (unsigned long)2>>(int, T2, T3)+0xc0
=========     by thread (54,0,0) in block (0,0,0)
=========     Address 0x2b9efd41e360
=========     Saved host backtrace up to driver entry point at kernel launch time
=========         Host Frame: cuLaunchKernel [0x39d6c4] in libcuda.so.1
=========         Host Frame:  [0x13e88] in libcudart.so.12
=========         Host Frame: cudaLaunchKernel [0x79f87] in libcudart.so.12
=========         Host Frame: void at::native::gpu_kernel_impl<__nv_hdl_wrapper_t<false, true, false, __nv_dl_tag<void (*)(at::TensorIteratorBase&, at::native::GeluType), &at::native::GeluCUDAKernelImpl, 8u>, c10::BFloat16 (c10::BFloat16)> >(at::TensorIteratorBase&, __nv_hdl_wrapper_t<false, true, false, __nv_dl_tag<void (*)(at::TensorIteratorBase&, at::native::GeluType), &at::native::GeluCUDAKernelImpl, 8u>, c10::BFloat16 (c10::BFloat16)> const&) [clone .isra.0] [0x149a222] in libtorch_cuda.so
=========         Host Frame: at::(anonymous namespace)::wrapper_CUDA_gelu(at::Tensor const&, std::basic_string_view<char, std::char_traits<char> >) [0x389d25e] in libtorch_cuda.so
=========         Host Frame: c10::impl::wrap_kernel_functor_unboxed_<c10::impl::detail::WrapFunctionIntoFunctor_<c10::CompileTimeFunctionPointer<at::Tensor (at::Tensor const&, std::basic_string_view<char, std::char_traits<char> >), &at::(anonymous namespace)::wrapper_CUDA_gelu>, at::Tensor, c10::guts::typelist::typelist<at::Tensor const&, std::basic_string_view<char, std::char_traits<char> > > >, at::Tensor (at::Tensor const&, std::basic_string_view<char, std::char_traits<char> >)>::call(c10::OperatorKernel*, c10::DispatchKeySet, at::Tensor const&, std::basic_string_view<char, std::char_traits<char> >) [0x389d301] in libtorch_cuda.so
=========         Host Frame: at::_ops::gelu::redispatch(c10::DispatchKeySet, at::Tensor const&, std::basic_string_view<char, std::char_traits<char> >) [0x28d4193] in libtorch_cpu.so
=========         Host Frame: torch::autograd::VariableType::(anonymous namespace)::gelu(c10::DispatchKeySet, at::Tensor const&, std::basic_string_view<char, std::char_traits<char> >) [0x533cd3b] in libtorch_cpu.so
=========         Host Frame: c10::impl::wrap_kernel_functor_unboxed_<c10::impl::detail::WrapFunctionIntoFunctor_<c10::CompileTimeFunctionPointer<at::Tensor (c10::DispatchKeySet, at::Tensor const&, std::basic_string_view<char, std::char_traits<char> >), &torch::autograd::VariableType::(anonymous namespace)::gelu>, at::Tensor, c10::guts::typelist::typelist<c10::DispatchKeySet, at::Tensor const&, std::basic_string_view<char, std::char_traits<char> > > >, at::Tensor (c10::DispatchKeySet, at::Tensor const&, std::basic_string_view<char, std::char_traits<char> >)>::call(c10::OperatorKernel*, c10::DispatchKeySet, at::Tensor const&, std::basic_string_view<char, std::char_traits<char> >) [0x533d404] in libtorch_cpu.so
=========         Host Frame: at::_ops::gelu::call(at::Tensor const&, std::basic_string_view<char, std::char_traits<char> >) [0x298862f] in libtorch_cpu.so
=========         Host Frame: main [0x5500] in tail_reference_probe
========= 
========= Uninitialized __global__ memory read of size 16 bytes
=========     at void at::native::vectorized_elementwise_kernel<(int)8, at::native::GeluCUDAKernelImpl(at::TensorIteratorBase &, at::native::GeluType)::[lambda() (instance 2)]::operator ()() const::[lambda() (instance 4)]::operator ()() const::[lambda(c10::BFloat16) (instance 1)], std::array<char *, (unsigned long)2>>(int, T2, T3)+0xc0
=========     by thread (55,0,0) in block (0,0,0)
=========     Address 0x2b9efd41e370
=========     Saved host backtrace up to driver entry point at kernel launch time
=========         Host Frame: cuLaunchKernel [0x39d6c4] in libcuda.so.1
=========         Host Frame:  [0x13e88] in libcudart.so.12
=========         Host Frame: cudaLaunchKernel [0x79f87] in libcudart.so.12
=========         Host Frame: void at::native::gpu_kernel_impl<__nv_hdl_wrapper_t<false, true, false, __nv_dl_tag<void (*)(at::TensorIteratorBase&, at::native::GeluType), &at::native::GeluCUDAKernelImpl, 8u>, c10::BFloat16 (c10::BFloat16)> >(at::TensorIteratorBase&, __nv_hdl_wrapper_t<false, true, false, __nv_dl_tag<void (*)(at::TensorIteratorBase&, at::native::GeluType), &at::native::GeluCUDAKernelImpl, 8u>, c10::BFloat16 (c10::BFloat16)> const&) [clone .isra.0] [0x149a222] in libtorch_cuda.so
=========         Host Frame: at::(anonymous namespace)::wrapper_CUDA_gelu(at::Tensor const&, std::basic_string_view<char, std::char_traits<char> >) [0x389d25e] in libtorch_cuda.so
=========         Host Frame: c10::impl::wrap_kernel_functor_unboxed_<c10::impl::detail::WrapFunctionIntoFunctor_<c10::CompileTimeFunctionPointer<at::Tensor (at::Tensor const&, std::basic_string_view<char, std::char_traits<char> >), &at::(anonymous namespace)::wrapper_CUDA_gelu>, at::Tensor, c10::guts::typelist::typelist<at::Tensor const&, std::basic_string_view<char, std::char_traits<char> > > >, at::Tensor (at::Tensor const&, std::basic_string_view<char, std::char_traits<char> >)>::call(c10::OperatorKernel*, c10::DispatchKeySet, at::Tensor const&, std::basic_string_view<char, std::char_traits<char> >) [0x389d301] in libtorch_cuda.so
=========         Host Frame: at::_ops::gelu::redispatch(c10::DispatchKeySet, at::Tensor const&, std::basic_string_view<char, std::char_traits<char> >) [0x28d4193] in libtorch_cpu.so
=========         Host Frame: torch::autograd::VariableType::(anonymous namespace)::gelu(c10::DispatchKeySet, at::Tensor const&, std::basic_string_view<char, std::char_traits<char> >) [0x533cd3b] in libtorch_cpu.so
=========         Host Frame: c10::impl::wrap_kernel_functor_unboxed_<c10::impl::detail::WrapFunctionIntoFunctor_<c10::CompileTimeFunctionPointer<at::Tensor (c10::DispatchKeySet, at::Tensor const&, std::basic_string_view<char, std::char_traits<char> >), &torch::autograd::VariableType::(anonymous namespace)::gelu>, at::Tensor, c10::guts::typelist::typelist<c10::DispatchKeySet, at::Tensor const&, std::basic_string_view<char, std::char_traits<char> > > >, at::Tensor (c10::DispatchKeySet, at::Tensor const&, std::basic_string_view<char, std::char_traits<char> >)>::call(c10::OperatorKernel*, c10::DispatchKeySet, at::Tensor const&, std::basic_string_view<char, std::char_traits<char> >) [0x533d404] in libtorch_cpu.so
=========         Host Frame: at::_ops::gelu::call(at::Tensor const&, std::basic_string_view<char, std::char_traits<char> >) [0x298862f] in libtorch_cpu.so
=========         Host Frame: main [0x5500] in tail_reference_probe
========= 
========= Uninitialized __global__ memory read of size 16 bytes
=========     at void at::native::vectorized_elementwise_kernel<(int)8, at::native::GeluCUDAKernelImpl(at::TensorIteratorBase &, at::native::GeluType)::[lambda() (instance 2)]::operator ()() const::[lambda() (instance 4)]::operator ()() const::[lambda(c10::BFloat16) (instance 1)], std::array<char *, (unsigned long)2>>(int, T2, T3)+0xc0
=========     by thread (56,0,0) in block (0,0,0)
=========     Address 0x2b9efd41e380
=========     Saved host backtrace up to driver entry point at kernel launch time
=========         Host Frame: cuLaunchKernel [0x39d6c4] in libcuda.so.1
=========         Host Frame:  [0x13e88] in libcudart.so.12
=========         Host Frame: cudaLaunchKernel [0x79f87] in libcudart.so.12
=========         Host Frame: void at::native::gpu_kernel_impl<__nv_hdl_wrapper_t<false, true, false, __nv_dl_tag<void (*)(at::TensorIteratorBase&, at::native::GeluType), &at::native::GeluCUDAKernelImpl, 8u>, c10::BFloat16 (c10::BFloat16)> >(at::TensorIteratorBase&, __nv_hdl_wrapper_t<false, true, false, __nv_dl_tag<void (*)(at::TensorIteratorBase&, at::native::GeluType), &at::native::GeluCUDAKernelImpl, 8u>, c10::BFloat16 (c10::BFloat16)> const&) [clone .isra.0] [0x149a222] in libtorch_cuda.so
=========         Host Frame: at::(anonymous namespace)::wrapper_CUDA_gelu(at::Tensor const&, std::basic_string_view<char, std::char_traits<char> >) [0x389d25e] in libtorch_cuda.so
=========         Host Frame: c10::impl::wrap_kernel_functor_unboxed_<c10::impl::detail::WrapFunctionIntoFunctor_<c10::CompileTimeFunctionPointer<at::Tensor (at::Tensor const&, std::basic_string_view<char, std::char_traits<char> >), &at::(anonymous namespace)::wrapper_CUDA_gelu>, at::Tensor, c10::guts::typelist::typelist<at::Tensor const&, std::basic_string_view<char, std::char_traits<char> > > >, at::Tensor (at::Tensor const&, std::basic_string_view<char, std::char_traits<char> >)>::call(c10::OperatorKernel*, c10::DispatchKeySet, at::Tensor const&, std::basic_string_view<char, std::char_traits<char> >) [0x389d301] in libtorch_cuda.so
=========         Host Frame: at::_ops::gelu::redispatch(c10::DispatchKeySet, at::Tensor const&, std::basic_string_view<char, std::char_traits<char> >) [0x28d4193] in libtorch_cpu.so
=========         Host Frame: torch::autograd::VariableType::(anonymous namespace)::gelu(c10::DispatchKeySet, at::Tensor const&, std::basic_string_view<char, std::char_traits<char> >) [0x533cd3b] in libtorch_cpu.so
=========         Host Frame: c10::impl::wrap_kernel_functor_unboxed_<c10::impl::detail::WrapFunctionIntoFunctor_<c10::CompileTimeFunctionPointer<at::Tensor (c10::DispatchKeySet, at::Tensor const&, std::basic_string_view<char, std::char_traits<char> >), &torch::autograd::VariableType::(anonymous namespace)::gelu>, at::Tensor, c10::guts::typelist::typelist<c10::DispatchKeySet, at::Tensor const&, std::basic_string_view<char, std::char_traits<char> > > >, at::Tensor (c10::DispatchKeySet, at::Tensor const&, std::basic_string_view<char, std::char_traits<char> >)>::call(c10::OperatorKernel*, c10::DispatchKeySet, at::Tensor const&, std::basic_string_view<char, std::char_traits<char> >) [0x533d404] in libtorch_cpu.so
=========         Host Frame: at::_ops::gelu::call(at::Tensor const&, std::basic_string_view<char, std::char_traits<char> >) [0x298862f] in libtorch_cpu.so
=========         Host Frame: main [0x5500] in tail_reference_probe
========= 
========= Uninitialized __global__ memory read of size 16 bytes
=========     at void at::native::vectorized_elementwise_kernel<(int)8, at::native::GeluCUDAKernelImpl(at::TensorIteratorBase &, at::native::GeluType)::[lambda() (instance 2)]::operator ()() const::[lambda() (instance 4)]::operator ()() const::[lambda(c10::BFloat16) (instance 1)], std::array<char *, (unsigned long)2>>(int, T2, T3)+0xc0
=========     by thread (57,0,0) in block (0,0,0)
=========     Address 0x2b9efd41e390
=========     Saved host backtrace up to driver entry point at kernel launch time
=========         Host Frame: cuLaunchKernel [0x39d6c4] in libcuda.so.1
=========         Host Frame:  [0x13e88] in libcudart.so.12
=========         Host Frame: cudaLaunchKernel [0x79f87] in libcudart.so.12
=========         Host Frame: void at::native::gpu_kernel_impl<__nv_hdl_wrapper_t<false, true, false, __nv_dl_tag<void (*)(at::TensorIteratorBase&, at::native::GeluType), &at::native::GeluCUDAKernelImpl, 8u>, c10::BFloat16 (c10::BFloat16)> >(at::TensorIteratorBase&, __nv_hdl_wrapper_t<false, true, false, __nv_dl_tag<void (*)(at::TensorIteratorBase&, at::native::GeluType), &at::native::GeluCUDAKernelImpl, 8u>, c10::BFloat16 (c10::BFloat16)> const&) [clone .isra.0] [0x149a222] in libtorch_cuda.so
=========         Host Frame: at::(anonymous namespace)::wrapper_CUDA_gelu(at::Tensor const&, std::basic_string_view<char, std::char_traits<char> >) [0x389d25e] in libtorch_cuda.so
=========         Host Frame: c10::impl::wrap_kernel_functor_unboxed_<c10::impl::detail::WrapFunctionIntoFunctor_<c10::CompileTimeFunctionPointer<at::Tensor (at::Tensor const&, std::basic_string_view<char, std::char_traits<char> >), &at::(anonymous namespace)::wrapper_CUDA_gelu>, at::Tensor, c10::guts::typelist::typelist<at::Tensor const&, std::basic_string_view<char, std::char_traits<char> > > >, at::Tensor (at::Tensor const&, std::basic_string_view<char, std::char_traits<char> >)>::call(c10::OperatorKernel*, c10::DispatchKeySet, at::Tensor const&, std::basic_string_view<char, std::char_traits<char> >) [0x389d301] in libtorch_cuda.so
=========         Host Frame: at::_ops::gelu::redispatch(c10::DispatchKeySet, at::Tensor const&, std::basic_string_view<char, std::char_traits<char> >) [0x28d4193] in libtorch_cpu.so
=========         Host Frame: torch::autograd::VariableType::(anonymous namespace)::gelu(c10::DispatchKeySet, at::Tensor const&, std::basic_string_view<char, std::char_traits<char> >) [0x533cd3b] in libtorch_cpu.so
=========         Host Frame: c10::impl::wrap_kernel_functor_unboxed_<c10::impl::detail::WrapFunctionIntoFunctor_<c10::CompileTimeFunctionPointer<at::Tensor (c10::DispatchKeySet, at::Tensor const&, std::basic_string_view<char, std::char_traits<char> >), &torch::autograd::VariableType::(anonymous namespace)::gelu>, at::Tensor, c10::guts::typelist::typelist<c10::DispatchKeySet, at::Tensor const&, std::basic_string_view<char, std::char_traits<char> > > >, at::Tensor (c10::DispatchKeySet, at::Tensor const&, std::basic_string_view<char, std::char_traits<char> >)>::call(c10::OperatorKernel*, c10::DispatchKeySet, at::Tensor const&, std::basic_string_view<char, std::char_traits<char> >) [0x533d404] in libtorch_cpu.so
=========         Host Frame: at::_ops::gelu::call(at::Tensor const&, std::basic_string_view<char, std::char_traits<char> >) [0x298862f] in libtorch_cpu.so
=========         Host Frame: main [0x5500] in tail_reference_probe
========= 
========= Uninitialized __global__ memory read of size 16 bytes
=========     at void at::native::vectorized_elementwise_kernel<(int)8, at::native::GeluCUDAKernelImpl(at::TensorIteratorBase &, at::native::GeluType)::[lambda() (instance 2)]::operator ()() const::[lambda() (instance 4)]::operator ()() const::[lambda(c10::BFloat16) (instance 1)], std::array<char *, (unsigned long)2>>(int, T2, T3)+0xc0
=========     by thread (58,0,0) in block (0,0,0)
=========     Address 0x2b9efd41e3a0
=========     Saved host backtrace up to driver entry point at kernel launch time
=========         Host Frame: cuLaunchKernel [0x39d6c4] in libcuda.so.1
=========         Host Frame:  [0x13e88] in libcudart.so.12
=========         Host Frame: cudaLaunchKernel [0x79f87] in libcudart.so.12
=========         Host Frame: void at::native::gpu_kernel_impl<__nv_hdl_wrapper_t<false, true, false, __nv_dl_tag<void (*)(at::TensorIteratorBase&, at::native::GeluType), &at::native::GeluCUDAKernelImpl, 8u>, c10::BFloat16 (c10::BFloat16)> >(at::TensorIteratorBase&, __nv_hdl_wrapper_t<false, true, false, __nv_dl_tag<void (*)(at::TensorIteratorBase&, at::native::GeluType), &at::native::GeluCUDAKernelImpl, 8u>, c10::BFloat16 (c10::BFloat16)> const&) [clone .isra.0] [0x149a222] in libtorch_cuda.so
=========         Host Frame: at::(anonymous namespace)::wrapper_CUDA_gelu(at::Tensor const&, std::basic_string_view<char, std::char_traits<char> >) [0x389d25e] in libtorch_cuda.so
=========         Host Frame: c10::impl::wrap_kernel_functor_unboxed_<c10::impl::detail::WrapFunctionIntoFunctor_<c10::CompileTimeFunctionPointer<at::Tensor (at::Tensor const&, std::basic_string_view<char, std::char_traits<char> >), &at::(anonymous namespace)::wrapper_CUDA_gelu>, at::Tensor, c10::guts::typelist::typelist<at::Tensor const&, std::basic_string_view<char, std::char_traits<char> > > >, at::Tensor (at::Tensor const&, std::basic_string_view<char, std::char_traits<char> >)>::call(c10::OperatorKernel*, c10::DispatchKeySet, at::Tensor const&, std::basic_string_view<char, std::char_traits<char> >) [0x389d301] in libtorch_cuda.so
=========         Host Frame: at::_ops::gelu::redispatch(c10::DispatchKeySet, at::Tensor const&, std::basic_string_view<char, std::char_traits<char> >) [0x28d4193] in libtorch_cpu.so
=========         Host Frame: torch::autograd::VariableType::(anonymous namespace)::gelu(c10::DispatchKeySet, at::Tensor const&, std::basic_string_view<char, std::char_traits<char> >) [0x533cd3b] in libtorch_cpu.so
=========         Host Frame: c10::impl::wrap_kernel_functor_unboxed_<c10::impl::detail::WrapFunctionIntoFunctor_<c10::CompileTimeFunctionPointer<at::Tensor (c10::DispatchKeySet, at::Tensor const&, std::basic_string_view<char, std::char_traits<char> >), &torch::autograd::VariableType::(anonymous namespace)::gelu>, at::Tensor, c10::guts::typelist::typelist<c10::DispatchKeySet, at::Tensor const&, std::basic_string_view<char, std::char_traits<char> > > >, at::Tensor (c10::DispatchKeySet, at::Tensor const&, std::basic_string_view<char, std::char_traits<char> >)>::call(c10::OperatorKernel*, c10::DispatchKeySet, at::Tensor const&, std::basic_string_view<char, std::char_traits<char> >) [0x533d404] in libtorch_cpu.so
=========         Host Frame: at::_ops::gelu::call(at::Tensor const&, std::basic_string_view<char, std::char_traits<char> >) [0x298862f] in libtorch_cpu.so
=========         Host Frame: main [0x5500] in tail_reference_probe
========= 
========= Uninitialized __global__ memory read of size 16 bytes
=========     at void at::native::vectorized_elementwise_kernel<(int)8, at::native::GeluCUDAKernelImpl(at::TensorIteratorBase &, at::native::GeluType)::[lambda() (instance 2)]::operator ()() const::[lambda() (instance 4)]::operator ()() const::[lambda(c10::BFloat16) (instance 1)], std::array<char *, (unsigned long)2>>(int, T2, T3)+0xc0
=========     by thread (59,0,0) in block (0,0,0)
=========     Address 0x2b9efd41e3b0
=========     Saved host backtrace up to driver entry point at kernel launch time
=========         Host Frame: cuLaunchKernel [0x39d6c4] in libcuda.so.1
=========         Host Frame:  [0x13e88] in libcudart.so.12
=========         Host Frame: cudaLaunchKernel [0x79f87] in libcudart.so.12
=========         Host Frame: void at::native::gpu_kernel_impl<__nv_hdl_wrapper_t<false, true, false, __nv_dl_tag<void (*)(at::TensorIteratorBase&, at::native::GeluType), &at::native::GeluCUDAKernelImpl, 8u>, c10::BFloat16 (c10::BFloat16)> >(at::TensorIteratorBase&, __nv_hdl_wrapper_t<false, true, false, __nv_dl_tag<void (*)(at::TensorIteratorBase&, at::native::GeluType), &at::native::GeluCUDAKernelImpl, 8u>, c10::BFloat16 (c10::BFloat16)> const&) [clone .isra.0] [0x149a222] in libtorch_cuda.so
=========         Host Frame: at::(anonymous namespace)::wrapper_CUDA_gelu(at::Tensor const&, std::basic_string_view<char, std::char_traits<char> >) [0x389d25e] in libtorch_cuda.so
=========         Host Frame: c10::impl::wrap_kernel_functor_unboxed_<c10::impl::detail::WrapFunctionIntoFunctor_<c10::CompileTimeFunctionPointer<at::Tensor (at::Tensor const&, std::basic_string_view<char, std::char_traits<char> >), &at::(anonymous namespace)::wrapper_CUDA_gelu>, at::Tensor, c10::guts::typelist::typelist<at::Tensor const&, std::basic_string_view<char, std::char_traits<char> > > >, at::Tensor (at::Tensor const&, std::basic_string_view<char, std::char_traits<char> >)>::call(c10::OperatorKernel*, c10::DispatchKeySet, at::Tensor const&, std::basic_string_view<char, std::char_traits<char> >) [0x389d301] in libtorch_cuda.so
=========         Host Frame: at::_ops::gelu::redispatch(c10::DispatchKeySet, at::Tensor const&, std::basic_string_view<char, std::char_traits<char> >) [0x28d4193] in libtorch_cpu.so
=========         Host Frame: torch::autograd::VariableType::(anonymous namespace)::gelu(c10::DispatchKeySet, at::Tensor const&, std::basic_string_view<char, std::char_traits<char> >) [0x533cd3b] in libtorch_cpu.so
=========         Host Frame: c10::impl::wrap_kernel_functor_unboxed_<c10::impl::detail::WrapFunctionIntoFunctor_<c10::CompileTimeFunctionPointer<at::Tensor (c10::DispatchKeySet, at::Tensor const&, std::basic_string_view<char, std::char_traits<char> >), &torch::autograd::VariableType::(anonymous namespace)::gelu>, at::Tensor, c10::guts::typelist::typelist<c10::DispatchKeySet, at::Tensor const&, std::basic_string_view<char, std::char_traits<char> > > >, at::Tensor (c10::DispatchKeySet, at::Tensor const&, std::basic_string_view<char, std::char_traits<char> >)>::call(c10::OperatorKernel*, c10::DispatchKeySet, at::Tensor const&, std::basic_string_view<char, std::char_traits<char> >) [0x533d404] in libtorch_cpu.so
=========         Host Frame: at::_ops::gelu::call(at::Tensor const&, std::basic_string_view<char, std::char_traits<char> >) [0x298862f] in libtorch_cpu.so
=========         Host Frame: main [0x5500] in tail_reference_probe
========= 
========= Uninitialized __global__ memory read of size 16 bytes
=========     at void at::native::vectorized_elementwise_kernel<(int)8, at::native::GeluCUDAKernelImpl(at::TensorIteratorBase &, at::native::GeluType)::[lambda() (instance 2)]::operator ()() const::[lambda() (instance 4)]::operator ()() const::[lambda(c10::BFloat16) (instance 1)], std::array<char *, (unsigned long)2>>(int, T2, T3)+0xc0
=========     by thread (60,0,0) in block (0,0,0)
=========     Address 0x2b9efd41e3c0
=========     Saved host backtrace up to driver entry point at kernel launch time
=========         Host Frame: cuLaunchKernel [0x39d6c4] in libcuda.so.1
=========         Host Frame:  [0x13e88] in libcudart.so.12
=========         Host Frame: cudaLaunchKernel [0x79f87] in libcudart.so.12
=========         Host Frame: void at::native::gpu_kernel_impl<__nv_hdl_wrapper_t<false, true, false, __nv_dl_tag<void (*)(at::TensorIteratorBase&, at::native::GeluType), &at::native::GeluCUDAKernelImpl, 8u>, c10::BFloat16 (c10::BFloat16)> >(at::TensorIteratorBase&, __nv_hdl_wrapper_t<false, true, false, __nv_dl_tag<void (*)(at::TensorIteratorBase&, at::native::GeluType), &at::native::GeluCUDAKernelImpl, 8u>, c10::BFloat16 (c10::BFloat16)> const&) [clone .isra.0] [0x149a222] in libtorch_cuda.so
=========         Host Frame: at::(anonymous namespace)::wrapper_CUDA_gelu(at::Tensor const&, std::basic_string_view<char, std::char_traits<char> >) [0x389d25e] in libtorch_cuda.so
=========         Host Frame: c10::impl::wrap_kernel_functor_unboxed_<c10::impl::detail::WrapFunctionIntoFunctor_<c10::CompileTimeFunctionPointer<at::Tensor (at::Tensor const&, std::basic_string_view<char, std::char_traits<char> >), &at::(anonymous namespace)::wrapper_CUDA_gelu>, at::Tensor, c10::guts::typelist::typelist<at::Tensor const&, std::basic_string_view<char, std::char_traits<char> > > >, at::Tensor (at::Tensor const&, std::basic_string_view<char, std::char_traits<char> >)>::call(c10::OperatorKernel*, c10::DispatchKeySet, at::Tensor const&, std::basic_string_view<char, std::char_traits<char> >) [0x389d301] in libtorch_cuda.so
=========         Host Frame: at::_ops::gelu::redispatch(c10::DispatchKeySet, at::Tensor const&, std::basic_string_view<char, std::char_traits<char> >) [0x28d4193] in libtorch_cpu.so
=========         Host Frame: torch::autograd::VariableType::(anonymous namespace)::gelu(c10::DispatchKeySet, at::Tensor const&, std::basic_string_view<char, std::char_traits<char> >) [0x533cd3b] in libtorch_cpu.so
=========         Host Frame: c10::impl::wrap_kernel_functor_unboxed_<c10::impl::detail::WrapFunctionIntoFunctor_<c10::CompileTimeFunctionPointer<at::Tensor (c10::DispatchKeySet, at::Tensor const&, std::basic_string_view<char, std::char_traits<char> >), &torch::autograd::VariableType::(anonymous namespace)::gelu>, at::Tensor, c10::guts::typelist::typelist<c10::DispatchKeySet, at::Tensor const&, std::basic_string_view<char, std::char_traits<char> > > >, at::Tensor (c10::DispatchKeySet, at::Tensor const&, std::basic_string_view<char, std::char_traits<char> >)>::call(c10::OperatorKernel*, c10::DispatchKeySet, at::Tensor const&, std::basic_string_view<char, std::char_traits<char> >) [0x533d404] in libtorch_cpu.so
=========         Host Frame: at::_ops::gelu::call(at::Tensor const&, std::basic_string_view<char, std::char_traits<char> >) [0x298862f] in libtorch_cpu.so
=========         Host Frame: main [0x5500] in tail_reference_probe
========= 
========= Uninitialized __global__ memory read of size 16 bytes
=========     at void at::native::vectorized_elementwise_kernel<(int)8, at::native::GeluCUDAKernelImpl(at::TensorIteratorBase &, at::native::GeluType)::[lambda() (instance 2)]::operator ()() const::[lambda() (instance 4)]::operator ()() const::[lambda(c10::BFloat16) (instance 1)], std::array<char *, (unsigned long)2>>(int, T2, T3)+0xc0
=========     by thread (61,0,0) in block (0,0,0)
=========     Address 0x2b9efd41e3d0
=========     Saved host backtrace up to driver entry point at kernel launch time
=========         Host Frame: cuLaunchKernel [0x39d6c4] in libcuda.so.1
=========         Host Frame:  [0x13e88] in libcudart.so.12
=========         Host Frame: cudaLaunchKernel [0x79f87] in libcudart.so.12
=========         Host Frame: void at::native::gpu_kernel_impl<__nv_hdl_wrapper_t<false, true, false, __nv_dl_tag<void (*)(at::TensorIteratorBase&, at::native::GeluType), &at::native::GeluCUDAKernelImpl, 8u>, c10::BFloat16 (c10::BFloat16)> >(at::TensorIteratorBase&, __nv_hdl_wrapper_t<false, true, false, __nv_dl_tag<void (*)(at::TensorIteratorBase&, at::native::GeluType), &at::native::GeluCUDAKernelImpl, 8u>, c10::BFloat16 (c10::BFloat16)> const&) [clone .isra.0] [0x149a222] in libtorch_cuda.so
=========         Host Frame: at::(anonymous namespace)::wrapper_CUDA_gelu(at::Tensor const&, std::basic_string_view<char, std::char_traits<char> >) [0x389d25e] in libtorch_cuda.so
=========         Host Frame: c10::impl::wrap_kernel_functor_unboxed_<c10::impl::detail::WrapFunctionIntoFunctor_<c10::CompileTimeFunctionPointer<at::Tensor (at::Tensor const&, std::basic_string_view<char, std::char_traits<char> >), &at::(anonymous namespace)::wrapper_CUDA_gelu>, at::Tensor, c10::guts::typelist::typelist<at::Tensor const&, std::basic_string_view<char, std::char_traits<char> > > >, at::Tensor (at::Tensor const&, std::basic_string_view<char, std::char_traits<char> >)>::call(c10::OperatorKernel*, c10::DispatchKeySet, at::Tensor const&, std::basic_string_view<char, std::char_traits<char> >) [0x389d301] in libtorch_cuda.so
=========         Host Frame: at::_ops::gelu::redispatch(c10::DispatchKeySet, at::Tensor const&, std::basic_string_view<char, std::char_traits<char> >) [0x28d4193] in libtorch_cpu.so
=========         Host Frame: torch::autograd::VariableType::(anonymous namespace)::gelu(c10::DispatchKeySet, at::Tensor const&, std::basic_string_view<char, std::char_traits<char> >) [0x533cd3b] in libtorch_cpu.so
=========         Host Frame: c10::impl::wrap_kernel_functor_unboxed_<c10::impl::detail::WrapFunctionIntoFunctor_<c10::CompileTimeFunctionPointer<at::Tensor (c10::DispatchKeySet, at::Tensor const&, std::basic_string_view<char, std::char_traits<char> >), &torch::autograd::VariableType::(anonymous namespace)::gelu>, at::Tensor, c10::guts::typelist::typelist<c10::DispatchKeySet, at::Tensor const&, std::basic_string_view<char, std::char_traits<char> > > >, at::Tensor (c10::DispatchKeySet, at::Tensor const&, std::basic_string_view<char, std::char_traits<char> >)>::call(c10::OperatorKernel*, c10::DispatchKeySet, at::Tensor const&, std::basic_string_view<char, std::char_traits<char> >) [0x533d404] in libtorch_cpu.so
=========         Host Frame: at::_ops::gelu::call(at::Tensor const&, std::basic_string_view<char, std::char_traits<char> >) [0x298862f] in libtorch_cpu.so
=========         Host Frame: main [0x5500] in tail_reference_probe
========= 
========= Uninitialized __global__ memory read of size 16 bytes
=========     at void at::native::vectorized_elementwise_kernel<(int)8, at::native::GeluCUDAKernelImpl(at::TensorIteratorBase &, at::native::GeluType)::[lambda() (instance 2)]::operator ()() const::[lambda() (instance 4)]::operator ()() const::[lambda(c10::BFloat16) (instance 1)], std::array<char *, (unsigned long)2>>(int, T2, T3)+0xc0
=========     by thread (62,0,0) in block (0,0,0)
=========     Address 0x2b9efd41e3e0
=========     Saved host backtrace up to driver entry point at kernel launch time
=========         Host Frame: cuLaunchKernel [0x39d6c4] in libcuda.so.1
=========         Host Frame:  [0x13e88] in libcudart.so.12
=========         Host Frame: cudaLaunchKernel [0x79f87] in libcudart.so.12
=========         Host Frame: void at::native::gpu_kernel_impl<__nv_hdl_wrapper_t<false, true, false, __nv_dl_tag<void (*)(at::TensorIteratorBase&, at::native::GeluType), &at::native::GeluCUDAKernelImpl, 8u>, c10::BFloat16 (c10::BFloat16)> >(at::TensorIteratorBase&, __nv_hdl_wrapper_t<false, true, false, __nv_dl_tag<void (*)(at::TensorIteratorBase&, at::native::GeluType), &at::native::GeluCUDAKernelImpl, 8u>, c10::BFloat16 (c10::BFloat16)> const&) [clone .isra.0] [0x149a222] in libtorch_cuda.so
=========         Host Frame: at::(anonymous namespace)::wrapper_CUDA_gelu(at::Tensor const&, std::basic_string_view<char, std::char_traits<char> >) [0x389d25e] in libtorch_cuda.so
=========         Host Frame: c10::impl::wrap_kernel_functor_unboxed_<c10::impl::detail::WrapFunctionIntoFunctor_<c10::CompileTimeFunctionPointer<at::Tensor (at::Tensor const&, std::basic_string_view<char, std::char_traits<char> >), &at::(anonymous namespace)::wrapper_CUDA_gelu>, at::Tensor, c10::guts::typelist::typelist<at::Tensor const&, std::basic_string_view<char, std::char_traits<char> > > >, at::Tensor (at::Tensor const&, std::basic_string_view<char, std::char_traits<char> >)>::call(c10::OperatorKernel*, c10::DispatchKeySet, at::Tensor const&, std::basic_string_view<char, std::char_traits<char> >) [0x389d301] in libtorch_cuda.so
=========         Host Frame: at::_ops::gelu::redispatch(c10::DispatchKeySet, at::Tensor const&, std::basic_string_view<char, std::char_traits<char> >) [0x28d4193] in libtorch_cpu.so
=========         Host Frame: torch::autograd::VariableType::(anonymous namespace)::gelu(c10::DispatchKeySet, at::Tensor const&, std::basic_string_view<char, std::char_traits<char> >) [0x533cd3b] in libtorch_cpu.so
=========         Host Frame: c10::impl::wrap_kernel_functor_unboxed_<c10::impl::detail::WrapFunctionIntoFunctor_<c10::CompileTimeFunctionPointer<at::Tensor (c10::DispatchKeySet, at::Tensor const&, std::basic_string_view<char, std::char_traits<char> >), &torch::autograd::VariableType::(anonymous namespace)::gelu>, at::Tensor, c10::guts::typelist::typelist<c10::DispatchKeySet, at::Tensor const&, std::basic_string_view<char, std::char_traits<char> > > >, at::Tensor (c10::DispatchKeySet, at::Tensor const&, std::basic_string_view<char, std::char_traits<char> >)>::call(c10::OperatorKernel*, c10::DispatchKeySet, at::Tensor const&, std::basic_string_view<char, std::char_traits<char> >) [0x533d404] in libtorch_cpu.so
=========         Host Frame: at::_ops::gelu::call(at::Tensor const&, std::basic_string_view<char, std::char_traits<char> >) [0x298862f] in libtorch_cpu.so
=========         Host Frame: main [0x5500] in tail_reference_probe
========= 
========= Uninitialized __global__ memory read of size 16 bytes
=========     at void at::native::vectorized_elementwise_kernel<(int)8, at::native::GeluCUDAKernelImpl(at::TensorIteratorBase &, at::native::GeluType)::[lambda() (instance 2)]::operator ()() const::[lambda() (instance 4)]::operator ()() const::[lambda(c10::BFloat16) (instance 1)], std::array<char *, (unsigned long)2>>(int, T2, T3)+0xc0
=========     by thread (63,0,0) in block (0,0,0)
=========     Address 0x2b9efd41e3f0
=========     Saved host backtrace up to driver entry point at kernel launch time
=========         Host Frame: cuLaunchKernel [0x39d6c4] in libcuda.so.1
=========         Host Frame:  [0x13e88] in libcudart.so.12
=========         Host Frame: cudaLaunchKernel [0x79f87] in libcudart.so.12
=========         Host Frame: void at::native::gpu_kernel_impl<__nv_hdl_wrapper_t<false, true, false, __nv_dl_tag<void (*)(at::TensorIteratorBase&, at::native::GeluType), &at::native::GeluCUDAKernelImpl, 8u>, c10::BFloat16 (c10::BFloat16)> >(at::TensorIteratorBase&, __nv_hdl_wrapper_t<false, true, false, __nv_dl_tag<void (*)(at::TensorIteratorBase&, at::native::GeluType), &at::native::GeluCUDAKernelImpl, 8u>, c10::BFloat16 (c10::BFloat16)> const&) [clone .isra.0] [0x149a222] in libtorch_cuda.so
=========         Host Frame: at::(anonymous namespace)::wrapper_CUDA_gelu(at::Tensor const&, std::basic_string_view<char, std::char_traits<char> >) [0x389d25e] in libtorch_cuda.so
=========         Host Frame: c10::impl::wrap_kernel_functor_unboxed_<c10::impl::detail::WrapFunctionIntoFunctor_<c10::CompileTimeFunctionPointer<at::Tensor (at::Tensor const&, std::basic_string_view<char, std::char_traits<char> >), &at::(anonymous namespace)::wrapper_CUDA_gelu>, at::Tensor, c10::guts::typelist::typelist<at::Tensor const&, std::basic_string_view<char, std::char_traits<char> > > >, at::Tensor (at::Tensor const&, std::basic_string_view<char, std::char_traits<char> >)>::call(c10::OperatorKernel*, c10::DispatchKeySet, at::Tensor const&, std::basic_string_view<char, std::char_traits<char> >) [0x389d301] in libtorch_cuda.so
=========         Host Frame: at::_ops::gelu::redispatch(c10::DispatchKeySet, at::Tensor const&, std::basic_string_view<char, std::char_traits<char> >) [0x28d4193] in libtorch_cpu.so
=========         Host Frame: torch::autograd::VariableType::(anonymous namespace)::gelu(c10::DispatchKeySet, at::Tensor const&, std::basic_string_view<char, std::char_traits<char> >) [0x533cd3b] in libtorch_cpu.so
=========         Host Frame: c10::impl::wrap_kernel_functor_unboxed_<c10::impl::detail::WrapFunctionIntoFunctor_<c10::CompileTimeFunctionPointer<at::Tensor (c10::DispatchKeySet, at::Tensor const&, std::basic_string_view<char, std::char_traits<char> >), &torch::autograd::VariableType::(anonymous namespace)::gelu>, at::Tensor, c10::guts::typelist::typelist<c10::DispatchKeySet, at::Tensor const&, std::basic_string_view<char, std::char_traits<char> > > >, at::Tensor (c10::DispatchKeySet, at::Tensor const&, std::basic_string_view<char, std::char_traits<char> >)>::call(c10::OperatorKernel*, c10::DispatchKeySet, at::Tensor const&, std::basic_string_view<char, std::char_traits<char> >) [0x533d404] in libtorch_cpu.so
=========         Host Frame: at::_ops::gelu::call(at::Tensor const&, std::basic_string_view<char, std::char_traits<char> >) [0x298862f] in libtorch_cpu.so
=========         Host Frame: main [0x5500] in tail_reference_probe
========= 
========= Uninitialized __global__ memory read of size 16 bytes
=========     at void at::native::vectorized_elementwise_kernel<(int)8, at::native::GeluCUDAKernelImpl(at::TensorIteratorBase &, at::native::GeluType)::[lambda() (instance 2)]::operator ()() const::[lambda() (instance 4)]::operator ()() const::[lambda(c10::BFloat16) (instance 1)], std::array<char *, (unsigned long)2>>(int, T2, T3)+0xc0
=========     by thread (64,0,0) in block (0,0,0)
=========     Address 0x2b9efd41e400
=========     Saved host backtrace up to driver entry point at kernel launch time
=========         Host Frame: cuLaunchKernel [0x39d6c4] in libcuda.so.1
=========         Host Frame:  [0x13e88] in libcudart.so.12
=========         Host Frame: cudaLaunchKernel [0x79f87] in libcudart.so.12
=========         Host Frame: void at::native::gpu_kernel_impl<__nv_hdl_wrapper_t<false, true, false, __nv_dl_tag<void (*)(at::TensorIteratorBase&, at::native::GeluType), &at::native::GeluCUDAKernelImpl, 8u>, c10::BFloat16 (c10::BFloat16)> >(at::TensorIteratorBase&, __nv_hdl_wrapper_t<false, true, false, __nv_dl_tag<void (*)(at::TensorIteratorBase&, at::native::GeluType), &at::native::GeluCUDAKernelImpl, 8u>, c10::BFloat16 (c10::BFloat16)> const&) [clone .isra.0] [0x149a222] in libtorch_cuda.so
=========         Host Frame: at::(anonymous namespace)::wrapper_CUDA_gelu(at::Tensor const&, std::basic_string_view<char, std::char_traits<char> >) [0x389d25e] in libtorch_cuda.so
=========         Host Frame: c10::impl::wrap_kernel_functor_unboxed_<c10::impl::detail::WrapFunctionIntoFunctor_<c10::CompileTimeFunctionPointer<at::Tensor (at::Tensor const&, std::basic_string_view<char, std::char_traits<char> >), &at::(anonymous namespace)::wrapper_CUDA_gelu>, at::Tensor, c10::guts::typelist::typelist<at::Tensor const&, std::basic_string_view<char, std::char_traits<char> > > >, at::Tensor (at::Tensor const&, std::basic_string_view<char, std::char_traits<char> >)>::call(c10::OperatorKernel*, c10::DispatchKeySet, at::Tensor const&, std::basic_string_view<char, std::char_traits<char> >) [0x389d301] in libtorch_cuda.so
=========         Host Frame: at::_ops::gelu::redispatch(c10::DispatchKeySet, at::Tensor const&, std::basic_string_view<char, std::char_traits<char> >) [0x28d4193] in libtorch_cpu.so
=========         Host Frame: torch::autograd::VariableType::(anonymous namespace)::gelu(c10::DispatchKeySet, at::Tensor const&, std::basic_string_view<char, std::char_traits<char> >) [0x533cd3b] in libtorch_cpu.so
=========         Host Frame: c10::impl::wrap_kernel_functor_unboxed_<c10::impl::detail::WrapFunctionIntoFunctor_<c10::CompileTimeFunctionPointer<at::Tensor (c10::DispatchKeySet, at::Tensor const&, std::basic_string_view<char, std::char_traits<char> >), &torch::autograd::VariableType::(anonymous namespace)::gelu>, at::Tensor, c10::guts::typelist::typelist<c10::DispatchKeySet, at::Tensor const&, std::basic_string_view<char, std::char_traits<char> > > >, at::Tensor (c10::DispatchKeySet, at::Tensor const&, std::basic_string_view<char, std::char_traits<char> >)>::call(c10::OperatorKernel*, c10::DispatchKeySet, at::Tensor const&, std::basic_string_view<char, std::char_traits<char> >) [0x533d404] in libtorch_cpu.so
=========         Host Frame: at::_ops::gelu::call(at::Tensor const&, std::basic_string_view<char, std::char_traits<char> >) [0x298862f] in libtorch_cpu.so
=========         Host Frame: main [0x5500] in tail_reference_probe
========= 
========= Uninitialized __global__ memory read of size 16 bytes
=========     at void at::native::vectorized_elementwise_kernel<(int)8, at::native::GeluCUDAKernelImpl(at::TensorIteratorBase &, at::native::GeluType)::[lambda() (instance 2)]::operator ()() const::[lambda() (instance 4)]::operator ()() const::[lambda(c10::BFloat16) (instance 1)], std::array<char *, (unsigned long)2>>(int, T2, T3)+0xc0
=========     by thread (65,0,0) in block (0,0,0)
=========     Address 0x2b9efd41e410
=========     Saved host backtrace up to driver entry point at kernel launch time
=========         Host Frame: cuLaunchKernel [0x39d6c4] in libcuda.so.1
=========         Host Frame:  [0x13e88] in libcudart.so.12
=========         Host Frame: cudaLaunchKernel [0x79f87] in libcudart.so.12
=========         Host Frame: void at::native::gpu_kernel_impl<__nv_hdl_wrapper_t<false, true, false, __nv_dl_tag<void (*)(at::TensorIteratorBase&, at::native::GeluType), &at::native::GeluCUDAKernelImpl, 8u>, c10::BFloat16 (c10::BFloat16)> >(at::TensorIteratorBase&, __nv_hdl_wrapper_t<false, true, false, __nv_dl_tag<void (*)(at::TensorIteratorBase&, at::native::GeluType), &at::native::GeluCUDAKernelImpl, 8u>, c10::BFloat16 (c10::BFloat16)> const&) [clone .isra.0] [0x149a222] in libtorch_cuda.so
=========         Host Frame: at::(anonymous namespace)::wrapper_CUDA_gelu(at::Tensor const&, std::basic_string_view<char, std::char_traits<char> >) [0x389d25e] in libtorch_cuda.so
=========         Host Frame: c10::impl::wrap_kernel_functor_unboxed_<c10::impl::detail::WrapFunctionIntoFunctor_<c10::CompileTimeFunctionPointer<at::Tensor (at::Tensor const&, std::basic_string_view<char, std::char_traits<char> >), &at::(anonymous namespace)::wrapper_CUDA_gelu>, at::Tensor, c10::guts::typelist::typelist<at::Tensor const&, std::basic_string_view<char, std::char_traits<char> > > >, at::Tensor (at::Tensor const&, std::basic_string_view<char, std::char_traits<char> >)>::call(c10::OperatorKernel*, c10::DispatchKeySet, at::Tensor const&, std::basic_string_view<char, std::char_traits<char> >) [0x389d301] in libtorch_cuda.so
=========         Host Frame: at::_ops::gelu::redispatch(c10::DispatchKeySet, at::Tensor const&, std::basic_string_view<char, std::char_traits<char> >) [0x28d4193] in libtorch_cpu.so
=========         Host Frame: torch::autograd::VariableType::(anonymous namespace)::gelu(c10::DispatchKeySet, at::Tensor const&, std::basic_string_view<char, std::char_traits<char> >) [0x533cd3b] in libtorch_cpu.so
=========         Host Frame: c10::impl::wrap_kernel_functor_unboxed_<c10::impl::detail::WrapFunctionIntoFunctor_<c10::CompileTimeFunctionPointer<at::Tensor (c10::DispatchKeySet, at::Tensor const&, std::basic_string_view<char, std::char_traits<char> >), &torch::autograd::VariableType::(anonymous namespace)::gelu>, at::Tensor, c10::guts::typelist::typelist<c10::DispatchKeySet, at::Tensor const&, std::basic_string_view<char, std::char_traits<char> > > >, at::Tensor (c10::DispatchKeySet, at::Tensor const&, std::basic_string_view<char, std::char_traits<char> >)>::call(c10::OperatorKernel*, c10::DispatchKeySet, at::Tensor const&, std::basic_string_view<char, std::char_traits<char> >) [0x533d404] in libtorch_cpu.so
=========         Host Frame: at::_ops::gelu::call(at::Tensor const&, std::basic_string_view<char, std::char_traits<char> >) [0x298862f] in libtorch_cpu.so
=========         Host Frame: main [0x5500] in tail_reference_probe
========= 
========= Uninitialized __global__ memory read of size 16 bytes
=========     at void at::native::vectorized_elementwise_kernel<(int)8, at::native::GeluCUDAKernelImpl(at::TensorIteratorBase &, at::native::GeluType)::[lambda() (instance 2)]::operator ()() const::[lambda() (instance 4)]::operator ()() const::[lambda(c10::BFloat16) (instance 1)], std::array<char *, (unsigned long)2>>(int, T2, T3)+0xc0
=========     by thread (66,0,0) in block (0,0,0)
=========     Address 0x2b9efd41e420
=========     Saved host backtrace up to driver entry point at kernel launch time
=========         Host Frame: cuLaunchKernel [0x39d6c4] in libcuda.so.1
=========         Host Frame:  [0x13e88] in libcudart.so.12
=========         Host Frame: cudaLaunchKernel [0x79f87] in libcudart.so.12
=========         Host Frame: void at::native::gpu_kernel_impl<__nv_hdl_wrapper_t<false, true, false, __nv_dl_tag<void (*)(at::TensorIteratorBase&, at::native::GeluType), &at::native::GeluCUDAKernelImpl, 8u>, c10::BFloat16 (c10::BFloat16)> >(at::TensorIteratorBase&, __nv_hdl_wrapper_t<false, true, false, __nv_dl_tag<void (*)(at::TensorIteratorBase&, at::native::GeluType), &at::native::GeluCUDAKernelImpl, 8u>, c10::BFloat16 (c10::BFloat16)> const&) [clone .isra.0] [0x149a222] in libtorch_cuda.so
=========         Host Frame: at::(anonymous namespace)::wrapper_CUDA_gelu(at::Tensor const&, std::basic_string_view<char, std::char_traits<char> >) [0x389d25e] in libtorch_cuda.so
=========         Host Frame: c10::impl::wrap_kernel_functor_unboxed_<c10::impl::detail::WrapFunctionIntoFunctor_<c10::CompileTimeFunctionPointer<at::Tensor (at::Tensor const&, std::basic_string_view<char, std::char_traits<char> >), &at::(anonymous namespace)::wrapper_CUDA_gelu>, at::Tensor, c10::guts::typelist::typelist<at::Tensor const&, std::basic_string_view<char, std::char_traits<char> > > >, at::Tensor (at::Tensor const&, std::basic_string_view<char, std::char_traits<char> >)>::call(c10::OperatorKernel*, c10::DispatchKeySet, at::Tensor const&, std::basic_string_view<char, std::char_traits<char> >) [0x389d301] in libtorch_cuda.so
=========         Host Frame: at::_ops::gelu::redispatch(c10::DispatchKeySet, at::Tensor const&, std::basic_string_view<char, std::char_traits<char> >) [0x28d4193] in libtorch_cpu.so
=========         Host Frame: torch::autograd::VariableType::(anonymous namespace)::gelu(c10::DispatchKeySet, at::Tensor const&, std::basic_string_view<char, std::char_traits<char> >) [0x533cd3b] in libtorch_cpu.so
=========         Host Frame: c10::impl::wrap_kernel_functor_unboxed_<c10::impl::detail::WrapFunctionIntoFunctor_<c10::CompileTimeFunctionPointer<at::Tensor (c10::DispatchKeySet, at::Tensor const&, std::basic_string_view<char, std::char_traits<char> >), &torch::autograd::VariableType::(anonymous namespace)::gelu>, at::Tensor, c10::guts::typelist::typelist<c10::DispatchKeySet, at::Tensor const&, std::basic_string_view<char, std::char_traits<char> > > >, at::Tensor (c10::DispatchKeySet, at::Tensor const&, std::basic_string_view<char, std::char_traits<char> >)>::call(c10::OperatorKernel*, c10::DispatchKeySet, at::Tensor const&, std::basic_string_view<char, std::char_traits<char> >) [0x533d404] in libtorch_cpu.so
=========         Host Frame: at::_ops::gelu::call(at::Tensor const&, std::basic_string_view<char, std::char_traits<char> >) [0x298862f] in libtorch_cpu.so
=========         Host Frame: main [0x5500] in tail_reference_probe
========= 
========= Uninitialized __global__ memory read of size 16 bytes
=========     at void at::native::vectorized_elementwise_kernel<(int)8, at::native::GeluCUDAKernelImpl(at::TensorIteratorBase &, at::native::GeluType)::[lambda() (instance 2)]::operator ()() const::[lambda() (instance 4)]::operator ()() const::[lambda(c10::BFloat16) (instance 1)], std::array<char *, (unsigned long)2>>(int, T2, T3)+0xc0
=========     by thread (67,0,0) in block (0,0,0)
=========     Address 0x2b9efd41e430
=========     Saved host backtrace up to driver entry point at kernel launch time
=========         Host Frame: cuLaunchKernel [0x39d6c4] in libcuda.so.1
=========         Host Frame:  [0x13e88] in libcudart.so.12
=========         Host Frame: cudaLaunchKernel [0x79f87] in libcudart.so.12
=========         Host Frame: void at::native::gpu_kernel_impl<__nv_hdl_wrapper_t<false, true, false, __nv_dl_tag<void (*)(at::TensorIteratorBase&, at::native::GeluType), &at::native::GeluCUDAKernelImpl, 8u>, c10::BFloat16 (c10::BFloat16)> >(at::TensorIteratorBase&, __nv_hdl_wrapper_t<false, true, false, __nv_dl_tag<void (*)(at::TensorIteratorBase&, at::native::GeluType), &at::native::GeluCUDAKernelImpl, 8u>, c10::BFloat16 (c10::BFloat16)> const&) [clone .isra.0] [0x149a222] in libtorch_cuda.so
=========         Host Frame: at::(anonymous namespace)::wrapper_CUDA_gelu(at::Tensor const&, std::basic_string_view<char, std::char_traits<char> >) [0x389d25e] in libtorch_cuda.so
=========         Host Frame: c10::impl::wrap_kernel_functor_unboxed_<c10::impl::detail::WrapFunctionIntoFunctor_<c10::CompileTimeFunctionPointer<at::Tensor (at::Tensor const&, std::basic_string_view<char, std::char_traits<char> >), &at::(anonymous namespace)::wrapper_CUDA_gelu>, at::Tensor, c10::guts::typelist::typelist<at::Tensor const&, std::basic_string_view<char, std::char_traits<char> > > >, at::Tensor (at::Tensor const&, std::basic_string_view<char, std::char_traits<char> >)>::call(c10::OperatorKernel*, c10::DispatchKeySet, at::Tensor const&, std::basic_string_view<char, std::char_traits<char> >) [0x389d301] in libtorch_cuda.so
=========         Host Frame: at::_ops::gelu::redispatch(c10::DispatchKeySet, at::Tensor const&, std::basic_string_view<char, std::char_traits<char> >) [0x28d4193] in libtorch_cpu.so
=========         Host Frame: torch::autograd::VariableType::(anonymous namespace)::gelu(c10::DispatchKeySet, at::Tensor const&, std::basic_string_view<char, std::char_traits<char> >) [0x533cd3b] in libtorch_cpu.so
=========         Host Frame: c10::impl::wrap_kernel_functor_unboxed_<c10::impl::detail::WrapFunctionIntoFunctor_<c10::CompileTimeFunctionPointer<at::Tensor (c10::DispatchKeySet, at::Tensor const&, std::basic_string_view<char, std::char_traits<char> >), &torch::autograd::VariableType::(anonymous namespace)::gelu>, at::Tensor, c10::guts::typelist::typelist<c10::DispatchKeySet, at::Tensor const&, std::basic_string_view<char, std::char_traits<char> > > >, at::Tensor (c10::DispatchKeySet, at::Tensor const&, std::basic_string_view<char, std::char_traits<char> >)>::call(c10::OperatorKernel*, c10::DispatchKeySet, at::Tensor const&, std::basic_string_view<char, std::char_traits<char> >) [0x533d404] in libtorch_cpu.so
=========         Host Frame: at::_ops::gelu::call(at::Tensor const&, std::basic_string_view<char, std::char_traits<char> >) [0x298862f] in libtorch_cpu.so
=========         Host Frame: main [0x5500] in tail_reference_probe
========= 
FAIL: CUDA error: unspecified launch failure
Search for `cudaErrorLaunchFailure' in https://docs.nvidia.com/cuda/cuda-runtime-api/group__CUDART__TYPES.html for more information.
CUDA kernel errors might be asynchronously reported at some other API call, so the stacktrace below might be incorrect.
For debugging consider passing CUDA_LAUNCH_BLOCKING=1
Compile with `TORCH_USE_CUDA_DSA` to enable device-side assertions.

Exception raised from launch_vectorized_kernel at /pytorch/aten/src/ATen/native/cuda/CUDALoops.cuh:333 (most recent call first):
frame #0: c10::Error::Error(c10::SourceLocation, std::__cxx11::basic_string<char, std::char_traits<char>, std::allocator<char> >) + 0x9d (0x2b9bba9edfdd in /usr/local/lib/python3.12/site-packages/torch/lib/libc10.so)
frame #1: <unknown function> + 0xc0e0 (0x2b9bf86850e0 in /usr/local/lib/python3.12/site-packages/torch/lib/libc10_cuda.so)
frame #2: <unknown function> + 0x14a2f92 (0x2b9bbc4e0f92 in /usr/local/lib/python3.12/site-packages/torch/lib/libtorch_cuda.so)
frame #3: <unknown function> + 0x38aa402 (0x2b9bbe8e8402 in /usr/local/lib/python3.12/site-packages/torch/lib/libtorch_cuda.so)
frame #4: <unknown function> + 0x38aa4b9 (0x2b9bbe8e84b9 in /usr/local/lib/python3.12/site-packages/torch/lib/libtorch_cuda.so)
frame #5: at::_ops::gelu_backward::redispatch(c10::DispatchKeySet, at::Tensor const&, at::Tensor const&, std::basic_string_view<char, std::char_traits<char> >) + 0x89 (0x2b9ba7c10a69 in /usr/local/lib/python3.12/site-packages/torch/lib/libtorch_cpu.so)
frame #6: <unknown function> + 0x5259a84 (0x2b9baa740a84 in /usr/local/lib/python3.12/site-packages/torch/lib/libtorch_cpu.so)
frame #7: <unknown function> + 0x525a34c (0x2b9baa74134c in /usr/local/lib/python3.12/site-packages/torch/lib/libtorch_cpu.so)
frame #8: at::_ops::gelu_backward::call(at::Tensor const&, at::Tensor const&, std::basic_string_view<char, std::char_traits<char> >) + 0x1c1 (0x2b9ba7cadbe1 in /usr/local/lib/python3.12/site-packages/torch/lib/libtorch_cpu.so)
frame #9: <unknown function> + 0x4f9ca2c (0x2b9baa483a2c in /usr/local/lib/python3.12/site-packages/torch/lib/libtorch_cpu.so)
frame #10: torch::autograd::generated::GeluBackward0::apply(std::vector<at::Tensor, std::allocator<at::Tensor> >&&) + 0xa6 (0x2b9baa483ae6 in /usr/local/lib/python3.12/site-packages/torch/lib/libtorch_cpu.so)
frame #11: <unknown function> + 0x5dfef2b (0x2b9bab2e5f2b in /usr/local/lib/python3.12/site-packages/torch/lib/libtorch_cpu.so)
frame #12: torch::autograd::Engine::evaluate_function(std::shared_ptr<torch::autograd::GraphTask>&, torch::autograd::Node*, torch::autograd::InputBuffer&, std::shared_ptr<torch::autograd::ReadyQueue> const&) + 0xf35 (0x2b9bab2df815 in /usr/local/lib/python3.12/site-packages/torch/lib/libtorch_cpu.so)
frame #13: torch::autograd::Engine::thread_main(std::shared_ptr<torch::autograd::GraphTask> const&) + 0x5c9 (0x2b9bab2e06c9 in /usr/local/lib/python3.12/site-packages/torch/lib/libtorch_cpu.so)
frame #14: torch::autograd::Engine::thread_init(int, std::shared_ptr<torch::autograd::ReadyQueue> const&, bool) + 0x337 (0x2b9bab2d5a77 in /usr/local/lib/python3.12/site-packages/torch/lib/libtorch_cpu.so)
frame #15: <unknown function> + 0xecdb4 (0x2b9bbab6bdb4 in /usr/lib/x86_64-linux-gnu/libstdc++.so.6)
frame #16: <unknown function> + 0x9caa4 (0x2b9bbaeb2aa4 in /usr/lib/x86_64-linux-gnu/libc.so.6)
frame #17: <unknown function> + 0x129c3c (0x2b9bbaf3fc3c in /usr/lib/x86_64-linux-gnu/libc.so.6)

========= Target application returned an error
========= ERROR SUMMARY: 128 errors
========= ERROR SUMMARY: 28 errors were not printed. Use --print-limit option to adjust the number of printed errors
