sha256 ca7ebcd605f66457f87d1fa18d5ca6fb04610b0f4800703e212f328ff201402d Makefile
sha256 489a50ab144cd30e1e42d2029754c92de2ef09a2051f1a6034f9fe840fc8d2c2 anvil.cu
sha256 1dc9217e8b64c5b061aff94ec81e26279bf1a64c9d3cc8386cc97568adc41936 anvil.cuh
sha256 96d97e1fdc6596c83415a4d0ceff7138686ea3c1aecf1c99b8d8f28d38690409 anvil_graph.cuh
sha256 5a55ce388ca131f3fcac75df07010da61a2899a0889e3f04028c49b655639607 attention.cu
sha256 6d69702e9860e6d332a768bffef66ab1542b04d7b3815caab9e153f92c909156 attention.cuh
sha256 761bdf2690dab77d02aa19caae271942bed7c39eceab666c18bebc70354b597a attention_layer.cu
sha256 5e23df96de295a12c6770293bb3724e58ffee06f6310f0dbf43293c5c377ffac attention_layer.cuh
sha256 e43b134f524130c5fcc5b7ea3dfca072fed7dfcb72ff0957dbb0bd2e7d4f7733 attention_layer_reference.cuh
sha256 8e464dbdde644d338f2b7f4f34f052bf5d7f9ea895105d308c577bfb2e47edce attention_post.cuh
sha256 7bae7cc6d4defc9026d5882b9e970dc184b2ff492d6735c7f67f40403dcfc239 attention_reference.cuh
sha256 a3be2ab6c64f030ca01f7d30c6a6bb7604b3bbe62257ba0aad9bb72bca232c76 bench.cuh
sha256 9dddb4cda1b99b427d6a5726c8a69513deb50cb06a97e36cdeac0893a600ac26 bf16.cu
sha256 6e99a879dfa2957f3ef9ba1bab8065f3a66191b157b6129b191b86265fd962f6 bf16_gemm.cuh
sha256 b6013fa23a801d8e288bf261029957d6931556cc18d7e7fc2de9974ad7887d6d embeddings.cuh
sha256 dd38c6d6039e09b954f14669ec4cd0877700ba1011719e8d784a5629f1a728d1 evaluation_head.cuh
sha256 ec94fd114bd2b8b97e2e890697973afe316a7ce5e2535476815f9db9e12a4778 evaluation_head_check.cuh
sha256 d4b3c092f09347b8d6cefd89d84d64bc7bea040a24b64c0dd8614fbfe7c8b621 frontier.cuh
sha256 75c4137f95d8b352fb02671ea4995ab6d8857390eb27d11479f7d6e628f02ce5 gates.cuh
sha256 acb42b1055ea9b02dc5e738c6f83b14a442784287dbd42d3e8a17a1b47aa33c8 head.cu
sha256 6c7816f88d3635a7a72d3db3eb5fb7b09dd04f5350db0b76e7769ec0b570e361 hopper.cuh
sha256 0e1e3a844cbb77e8d712ece09567c80ed31f199c6d3c1f29d0d1916d619feebb last_layer.cu
sha256 2d038b25b2f526d8f5903f45a07fcb9112ff7daa5718e4bf3337d6ce33d11981 layer_nine.cu
sha256 2b5e51d0612d34780b53c7033528f27d3463ee423a66444408bc5a388f04ef57 loss.cu
sha256 f1970cff455b6ad0e45dea12ed581b24712afc2bec2f8b76cd5e912701a4e846 megakernel.cuh
sha256 650935fbe0799cec650ebe91331f83e58b23a3461c0a9df0f01a27a6dcebaec7 mlp_evaluation.cuh
sha256 abc976abdeaa14db113f1e1c880af4aa6b3399bb04b70e1f3718ac8abbc3d888 mlp_evaluation_check.cuh
sha256 130c9720933bf2a28d2114d5533a153971d9684d2be27fb4c962a67fe98ad357 mlp_training.cuh
sha256 960256e6097b5eb5a2a3e5505c14fabf62213b218441a16405ed0adceaa9ea9f model_evaluation.cuh
sha256 eafe6723a2b8a770528517590aa92e014ae315d4d9cbd9dea25bdd3139db22c4 model_evaluation_check.cuh
sha256 2cfe05bf690ca0783fddd52ff5337f292baff00fd328c5d851d55264aadddf36 qkv.cuh
sha256 cef57ceb07ba44e55effc962c75d7f96485a7f1b80a5555438c99016553708d9 quantize.cu
sha256 9075da55b9c101c83b3683c723f318808b2655b7b2b7219976b812520dc6deb2 routing.cu
sha256 ca484b3e8d99319779949171f011f533443b6cd387ad8d5459fdb676e072f33a routing.cuh
sha256 243d4a5e87f8b191f17f22b79bc4d5043e3b2620f9436bfcad7a671d81894182 suffix.cu
sha256 a7e11fd9d0b2c99162b82641a9512b574dc46161e36e7f50585bed85d99f6ef8 tail.cu
sha256 0d560717a19a59e5505d3567890ca1e93d0fe3b4aeec191cbd711e3d28988e4c tail_backward.cuh
sha256 0621799b3cb02485e39460b3fef825966fe42cf436ebcf76275a8cad3919dd79 tail_reference.cpp
sha256 0ebd41279767d6a31a504734fa15929f9502c2558209aac93e31b8444c498221 tail_reference.h
sha256 f2bff3dccf7c4d0f34cf0013fecc638bf73931d93eb069f5791551950ad2a43b tokenizer.cpp
sha256 5de4df83cf0040e94b7189fdc2752e58710298b69a71d7cb160ed09b0b471154 training_loss.cuh
sha256 15b680ed94a53c4bfe715d9a1a763a5bff7f9b071581ee54c5d76bfbe636a685 training_loss_reference.cu
sha256 4b6bd76acd9939104cab51766feddd2a4e1ff4b8499799d3091658c31f352d8b training_pack.cuh
sha256 6162af3343d30737858843abf1b3e930bee0e4af510aa75df73a810816d39da9 transport.cu
sha256 4c74b0dba9a3a754d4fff90f9cab402ed715067484f50079efdc703ddb8ef6fe validate.cu
$ nvidia-smi
Sat Sep 19 09:58:44 2026       
+-----------------------------------------------------------------------------------------+
| NVIDIA-SMI 580.95.05              Driver Version: 580.95.05      CUDA Version: 13.0     |
+-----------------------------------------+------------------------+----------------------+
| GPU  Name                 Persistence-M | Bus-Id          Disp.A | Volatile Uncorr. ECC |
| Fan  Temp   Perf          Pwr:Usage/Cap |           Memory-Usage | GPU-Util  Compute M. |
|                                         |                        |               MIG M. |
|=========================================+========================+======================|
|   0  NVIDIA H100 80GB HBM3          On  |   00000000:87:00.0 Off |                    0 |
| N/A   32C    P0             70W /  700W |       4MiB /  81559MiB |      0%      Default |
|                                         |                        |             Disabled |
+-----------------------------------------+------------------------+----------------------+

+-----------------------------------------------------------------------------------------+
| Processes:                                                                              |
|  GPU   GI   CI              PID   Type   Process name                        GPU Memory |
|        ID   ID                                                               Usage      |
|=========================================================================================|
|  No running processes found                                                             |
+-----------------------------------------------------------------------------------------+

$ nvcc --version
nvcc: NVIDIA (R) Cuda compiler driver
Copyright (c) 2005-2025 NVIDIA Corporation
Built on Fri_Feb_21_20:23:50_PST_2025
Cuda compilation tools, release 12.8, V12.8.93
Build cuda_12.8.r12.8/compiler.35583870_0

$ make -C /workspace/cuda last_layer
make: Entering directory '/workspace/cuda'
g++ -std=c++17 -O2 -D_GLIBCXX_USE_CXX11_ABI=1 -I/usr/local/lib/python3.12/site-packages/torch/include -I/usr/local/lib/python3.12/site-packages/torch/include/torch/csrc/api/include -c tail_reference.cpp -o tail_reference.o
nvcc -std=c++17 -O3 -arch=sm_90a -lineinfo -Xptxas=-v,-warn-spills --use_fast_math -c training_loss_reference.cu -o training_loss_reference.o
training_loss_reference.cu(207): warning #177-D: variable "result" was declared but never referenced
      __nv_fp8_e5m28 result;
                     ^
          detected during instantiation of "void reference_loss<Vocabulary>(const nano::TrainingLoss &, const float *) [with Vocabulary=2048]" at line 301

Remark: The warnings can be suppressed with "-diag-suppress <warning-number>"

training_loss_reference.cu(207): warning #177-D: variable "result" was declared but never referenced
      __nv_fp8_e5m28 result;
                     ^
          detected during instantiation of "void reference_loss<Vocabulary>(const nano::TrainingLoss &, const float *) [with Vocabulary=2048]" at line 301

Remark: The warnings can be suppressed with "-diag-suppress <warning-number>"

ptxas info    : 0 bytes gmem
ptxas info    : Compiling entry function '_ZN23frontier_loss_reference17ce_fwd_bwd_kernelILi50304EEEvPKhPKxPKfS4_PfPciidddddd' for 'sm_90a'
ptxas info    : Function properties for _ZN23frontier_loss_reference17ce_fwd_bwd_kernelILi50304EEEvPKhPKxPKfS4_PfPciidddddd
    0 bytes stack frame, 0 bytes spill stores, 0 bytes spill loads
ptxas info    : Used 128 registers, used 1 barriers, 32 bytes smem
ptxas info    : Compile time = 174.640 ms
ptxas info    : Compiling entry function '_ZN23frontier_loss_reference17ce_fwd_bwd_kernelILi24576EEEvPKhPKxPKfS4_PfPciidddddd' for 'sm_90a'
ptxas info    : Function properties for _ZN23frontier_loss_reference17ce_fwd_bwd_kernelILi24576EEEvPKhPKxPKfS4_PfPciidddddd
    0 bytes stack frame, 0 bytes spill stores, 0 bytes spill loads
ptxas info    : Used 122 registers, used 1 barriers, 32 bytes smem
ptxas info    : Compile time = 69.205 ms
ptxas info    : Compiling entry function '_ZN23frontier_loss_reference17ce_fwd_bwd_kernelILi14336EEEvPKhPKxPKfS4_PfPciidddddd' for 'sm_90a'
ptxas info    : Function properties for _ZN23frontier_loss_reference17ce_fwd_bwd_kernelILi14336EEEvPKhPKxPKfS4_PfPciidddddd
    0 bytes stack frame, 0 bytes spill stores, 0 bytes spill loads
ptxas info    : Used 80 registers, used 1 barriers, 32 bytes smem
ptxas info    : Compile time = 51.093 ms
ptxas info    : Compiling entry function '_ZN23frontier_loss_reference17ce_fwd_bwd_kernelILi10240EEEvPKhPKxPKfS4_PfPciidddddd' for 'sm_90a'
ptxas info    : Function properties for _ZN23frontier_loss_reference17ce_fwd_bwd_kernelILi10240EEEvPKhPKxPKfS4_PfPciidddddd
    0 bytes stack frame, 0 bytes spill stores, 0 bytes spill loads
ptxas info    : Used 63 registers, used 1 barriers, 32 bytes smem
ptxas info    : Compile time = 39.498 ms
ptxas info    : Compiling entry function '_ZN23frontier_loss_reference17ce_fwd_bwd_kernelILi2048EEEvPKhPKxPKfS4_PfPciidddddd' for 'sm_90a'
ptxas info    : Function properties for _ZN23frontier_loss_reference17ce_fwd_bwd_kernelILi2048EEEvPKhPKxPKfS4_PfPciidddddd
    0 bytes stack frame, 0 bytes spill stores, 0 bytes spill loads
ptxas info    : Used 32 registers, used 1 barriers, 32 bytes smem
ptxas info    : Compile time = 19.253 ms
nvcc -std=c++17 -O3 -arch=sm_90a -lineinfo -Xptxas=-v,-warn-spills -DNANO_TRANSPOSE_PAD=4 -DNANO_REUSE_QUANT=1 -DNANO_MIN_BLOCKS=4 -DNANO_ALIGNED=1 -DNANO_K_LOOP=1 -DNANO_FRONTIER=1 -DNANO_BF16_COALESCED=1 -DNANO_COOP_PUBLISH=1 last_layer.cu tail_reference.o training_loss_reference.o -lcublas -L/usr/local/lib/python3.12/site-packages/torch/lib -Xlinker -rpath -Xlinker /usr/local/lib/python3.12/site-packages/torch/lib -ltorch -ltorch_cpu -ltorch_cuda -lc10 -lc10_cuda -o last_layer
ptxas warning : Registers are spilled to local memory in function '_ZN4nano10megakernelILb0ELb0ELb1ELb1ELb0ELb1ELb1ELb1EEEvNS_5GraphE', 32 bytes spill stores, 112 bytes spill loads
ptxas warning : Registers are spilled to local memory in function '_ZN4nano10megakernelILb1ELb0ELb1ELb1ELb0ELb1ELb1ELb1EEEvNS_5GraphE', 28 bytes spill stores, 40 bytes spill loads
ptxas warning : Registers are spilled to local memory in function '_ZN4nano10megakernelILb1ELb0ELb1ELb1ELb1ELb1ELb0ELb0EEEvNS_5GraphE', 4 bytes spill stores, 4 bytes spill loads
ptxas warning : Registers are spilled to local memory in function '_ZN4nano10megakernelILb0ELb0ELb0ELb1ELb0ELb0ELb1ELb1EEEvNS_5GraphE', 16 bytes spill stores, 96 bytes spill loads
ptxas warning : Registers are spilled to local memory in function '_ZN4nano10megakernelILb1ELb0ELb0ELb1ELb0ELb0ELb1ELb1EEEvNS_5GraphE', 16 bytes spill stores, 96 bytes spill loads
ptxas warning : Registers are spilled to local memory in function '_ZN4nano10megakernelILb0ELb0ELb0ELb1ELb0ELb0ELb0ELb1EEEvNS_5GraphE', 28 bytes spill stores, 48 bytes spill loads
ptxas warning : Registers are spilled to local memory in function '_ZN4nano10megakernelILb1ELb0ELb0ELb1ELb0ELb0ELb0ELb1EEEvNS_5GraphE', 28 bytes spill stores, 48 bytes spill loads
ptxas info    : 0 bytes gmem
ptxas info    : Compiling entry function '_ZN4nano10megakernelILb0ELb0ELb1ELb1ELb0ELb1ELb1ELb1EEEvNS_5GraphE' for 'sm_90a'
ptxas info    : Function properties for _ZN4nano10megakernelILb0ELb0ELb1ELb1ELb0ELb1ELb1ELb1EEEvNS_5GraphE
    32 bytes stack frame, 32 bytes spill stores, 112 bytes spill loads
ptxas info    : Used 128 registers, used 1 barriers, 32 bytes cumulative stack size, 32800 bytes smem
ptxas info    : Compile time = 2587.260 ms
ptxas info    : Compiling entry function '_ZN4nano10megakernelILb1ELb0ELb1ELb1ELb0ELb1ELb1ELb1EEEvNS_5GraphE' for 'sm_90a'
ptxas info    : Function properties for _ZN4nano10megakernelILb1ELb0ELb1ELb1ELb0ELb1ELb1ELb1EEEvNS_5GraphE
    32 bytes stack frame, 28 bytes spill stores, 40 bytes spill loads
ptxas info    : Used 128 registers, used 1 barriers, 32 bytes cumulative stack size, 32800 bytes smem
ptxas info    : Compile time = 2490.079 ms
ptxas info    : Compiling entry function '_ZN4nano10megakernelILb0ELb0ELb1ELb1ELb0ELb1ELb0ELb0EEEvNS_5GraphE' for 'sm_90a'
ptxas info    : Function properties for _ZN4nano10megakernelILb0ELb0ELb1ELb1ELb0ELb1ELb0ELb0EEEvNS_5GraphE
    0 bytes stack frame, 0 bytes spill stores, 0 bytes spill loads
ptxas info    : Used 128 registers, used 1 barriers, 32800 bytes smem
ptxas info    : Compile time = 1059.088 ms
ptxas info    : Compiling entry function '_ZN4nano10megakernelILb0ELb0ELb1ELb1ELb1ELb1ELb0ELb0EEEvNS_5GraphE' for 'sm_90a'
ptxas info    : Function properties for _ZN4nano10megakernelILb0ELb0ELb1ELb1ELb1ELb1ELb0ELb0EEEvNS_5GraphE
    0 bytes stack frame, 0 bytes spill stores, 0 bytes spill loads
ptxas info    : Used 128 registers, used 1 barriers, 32800 bytes smem
ptxas info    : Compile time = 1304.932 ms
ptxas info    : Compiling entry function '_ZN4nano10megakernelILb1ELb0ELb1ELb1ELb1ELb1ELb0ELb0EEEvNS_5GraphE' for 'sm_90a'
ptxas info    : Function properties for _ZN4nano10megakernelILb1ELb0ELb1ELb1ELb1ELb1ELb0ELb0EEEvNS_5GraphE
    8 bytes stack frame, 4 bytes spill stores, 4 bytes spill loads
ptxas info    : Used 128 registers, used 1 barriers, 8 bytes cumulative stack size, 32800 bytes smem
ptxas info    : Compile time = 1311.114 ms
ptxas info    : Compiling entry function '_ZN4nano10megakernelILb0ELb0ELb0ELb1ELb0ELb0ELb1ELb1EEEvNS_5GraphE' for 'sm_90a'
ptxas info    : Function properties for _ZN4nano10megakernelILb0ELb0ELb0ELb1ELb0ELb0ELb1ELb1EEEvNS_5GraphE
    16 bytes stack frame, 16 bytes spill stores, 96 bytes spill loads
ptxas info    : Used 128 registers, used 1 barriers, 16 bytes cumulative stack size, 32800 bytes smem
ptxas info    : Compile time = 1601.062 ms
ptxas info    : Compiling entry function '_ZN4nano10megakernelILb1ELb0ELb0ELb1ELb0ELb0ELb1ELb1EEEvNS_5GraphE' for 'sm_90a'
ptxas info    : Function properties for _ZN4nano10megakernelILb1ELb0ELb0ELb1ELb0ELb0ELb1ELb1EEEvNS_5GraphE
    16 bytes stack frame, 16 bytes spill stores, 96 bytes spill loads
ptxas info    : Used 128 registers, used 1 barriers, 16 bytes cumulative stack size, 32800 bytes smem
ptxas info    : Compile time = 1918.185 ms
ptxas info    : Compiling entry function '_ZN4nano10megakernelILb0ELb0ELb0ELb1ELb0ELb0ELb0ELb1EEEvNS_5GraphE' for 'sm_90a'
ptxas info    : Function properties for _ZN4nano10megakernelILb0ELb0ELb0ELb1ELb0ELb0ELb0ELb1EEEvNS_5GraphE
    24 bytes stack frame, 28 bytes spill stores, 48 bytes spill loads
ptxas info    : Used 128 registers, used 1 barriers, 24 bytes cumulative stack size, 32800 bytes smem
ptxas info    : Compile time = 1317.310 ms
ptxas info    : Compiling entry function '_ZN4nano10megakernelILb1ELb0ELb0ELb1ELb0ELb0ELb0ELb1EEEvNS_5GraphE' for 'sm_90a'
ptxas info    : Function properties for _ZN4nano10megakernelILb1ELb0ELb0ELb1ELb0ELb0ELb0ELb1EEEvNS_5GraphE
    24 bytes stack frame, 28 bytes spill stores, 48 bytes spill loads
ptxas info    : Used 128 registers, used 1 barriers, 24 bytes cumulative stack size, 32800 bytes smem
ptxas info    : Compile time = 1311.321 ms
ptxas info    : Compiling entry function '_Z16last_layer_stageILi1EEvN4nano5GraphEi' for 'sm_90a'
ptxas info    : Function properties for _Z16last_layer_stageILi1EEvN4nano5GraphEi
    0 bytes stack frame, 0 bytes spill stores, 0 bytes spill loads
ptxas info    : Used 96 registers, used 1 barriers, 32768 bytes smem
ptxas info    : Compile time = 2600.794 ms
ptxas info    : Compiling entry function '_Z16last_layer_stageILi4EEvN4nano5GraphEi' for 'sm_90a'
ptxas info    : Function properties for _Z16last_layer_stageILi4EEvN4nano5GraphEi
    0 bytes stack frame, 0 bytes spill stores, 0 bytes spill loads
ptxas info    : Used 96 registers, used 1 barriers, 32768 bytes smem
ptxas info    : Compile time = 2283.034 ms
ptxas info    : Compiling entry function '_Z12staged_layerILi4EEvN4nano5GraphEi' for 'sm_90a'
ptxas info    : Function properties for _Z12staged_layerILi4EEvN4nano5GraphEi
    0 bytes stack frame, 0 bytes spill stores, 0 bytes spill loads
ptxas info    : Used 128 registers, used 1 barriers, 32768 bytes smem
ptxas info    : Compile time = 1113.967 ms
ptxas info    : Compiling entry function '_Z9post_onlyN4nano13AttentionPostENS_18AttentionPostStageE' for 'sm_90a'
ptxas info    : Function properties for _Z9post_onlyN4nano13AttentionPostENS_18AttentionPostStageE
    0 bytes stack frame, 0 bytes spill stores, 0 bytes spill loads
ptxas info    : Used 42 registers, used 0 barriers
ptxas info    : Compile time = 37.515 ms
ptxas info    : Compiling entry function '_Z12staged_layerILi1EEvN4nano5GraphEi' for 'sm_90a'
ptxas info    : Function properties for _Z12staged_layerILi1EEvN4nano5GraphEi
    0 bytes stack frame, 0 bytes spill stores, 0 bytes spill loads
ptxas info    : Used 166 registers, used 1 barriers, 32768 bytes smem
ptxas info    : Compile time = 1067.777 ms
ptxas info    : Compiling entry function '_Z11reset_layerN4nano5GraphEi' for 'sm_90a'
ptxas info    : Function properties for _Z11reset_layerN4nano5GraphEi
    0 bytes stack frame, 0 bytes spill stores, 0 bytes spill loads
ptxas info    : Used 12 registers, used 0 barriers
ptxas info    : Compile time = 2.233 ms
ptxas info    : Compiling entry function '_Z12suffix_stageILi1EEvN4nano5GraphEi' for 'sm_90a'
ptxas info    : Function properties for _Z12suffix_stageILi1EEvN4nano5GraphEi
    0 bytes stack frame, 0 bytes spill stores, 0 bytes spill loads
ptxas info    : Used 96 registers, used 1 barriers, 32768 bytes smem
ptxas info    : Compile time = 1899.767 ms
ptxas info    : Compiling entry function '_Z12suffix_stageILi4EEvN4nano5GraphEi' for 'sm_90a'
ptxas info    : Function properties for _Z12suffix_stageILi4EEvN4nano5GraphEi
    0 bytes stack frame, 0 bytes spill stores, 0 bytes spill loads
ptxas info    : Used 96 registers, used 1 barriers, 32768 bytes smem
ptxas info    : Compile time = 1717.435 ms
ptxas info    : Compiling entry function '_Z10tail_stageILi1EEvN4nano5GraphEi' for 'sm_90a'
ptxas info    : Function properties for _Z10tail_stageILi1EEvN4nano5GraphEi
    0 bytes stack frame, 0 bytes spill stores, 0 bytes spill loads
ptxas info    : Used 96 registers, used 1 barriers, 32768 bytes smem
ptxas info    : Compile time = 1564.145 ms
ptxas info    : Compiling entry function '_Z10tail_stageILi4EEvN4nano5GraphEi' for 'sm_90a'
ptxas info    : Function properties for _Z10tail_stageILi4EEvN4nano5GraphEi
    0 bytes stack frame, 0 bytes spill stores, 0 bytes spill loads
ptxas info    : Used 96 registers, used 1 barriers, 32768 bytes smem
ptxas info    : Compile time = 1691.685 ms
ptxas info    : Compiling entry function '_Z10head_stageILi1EEvN4nano5GraphEi' for 'sm_90a'
ptxas info    : Function properties for _Z10head_stageILi1EEvN4nano5GraphEi
    0 bytes stack frame, 0 bytes spill stores, 0 bytes spill loads
ptxas info    : Used 92 registers, used 1 barriers, 32768 bytes smem
ptxas info    : Compile time = 902.108 ms
ptxas info    : Compiling entry function '_Z10head_stageILi4EEvN4nano5GraphEi' for 'sm_90a'
ptxas info    : Function properties for _Z10head_stageILi4EEvN4nano5GraphEi
    0 bytes stack frame, 0 bytes spill stores, 0 bytes spill loads
ptxas info    : Used 92 registers, used 1 barriers, 32768 bytes smem
ptxas info    : Compile time = 872.588 ms
ptxas info    : Compiling entry function '_Z10loss_stageN4nano5GraphEi' for 'sm_90a'
ptxas info    : Function properties for _Z10loss_stageN4nano5GraphEi
    0 bytes stack frame, 0 bytes spill stores, 0 bytes spill loads
ptxas info    : Used 39 registers, used 0 barriers
ptxas info    : Compile time = 27.109 ms
ptxas info    : Compiling entry function '_Z10reset_lossN4nano5GraphEi' for 'sm_90a'
ptxas info    : Function properties for _Z10reset_lossN4nano5GraphEi
    0 bytes stack frame, 0 bytes spill stores, 0 bytes spill loads
ptxas info    : Used 12 registers, used 0 barriers
ptxas info    : Compile time = 1.823 ms
make: Leaving directory '/workspace/cuda'

$ /workspace/cuda/last_layer
GPU[0]=NVIDIA H100 80GB HBM3 SMs=132 runtime=12080
LOSS FP64 max_loss=8.76910359e-07 max_raw_gradient=0.000743292819
LOSS FP64 max_descaled_gradient=9.72149867e-09 gradient_rel_l2=1.4017457e-07
LOSS pinned CUDA max_loss=0 gradient_rel_l2=0 changed_codes=0/32768
HEAD product=0 M=16 N=2048 K=768 rel_l2=1.87118916e-08 max_abs=4.76837158e-07
HEAD product=1 M=16 N=768 K=2048 rel_l2=1.09878616e-07 max_abs=2.79396772e-09
HEAD product=2 M=768 N=2048 K=16 rel_l2=2.29130067e-08 max_abs=2.98023224e-08
LAYER BF16 projection/product rel_l2=7.50756452e-07 max_abs=9.53674316e-07
LAYER BF16 projection/product rel_l2=8.76149982e-08 max_abs=2.98023224e-08
LAYER BF16 projection/product rel_l2=8.199021e-08 max_abs=2.98023224e-08
LAYER BF16 projection/product rel_l2=3.5386841e-08 max_abs=4.65661287e-10
LAYER BF16 projection/product rel_l2=9.00758829e-08 max_abs=9.31322575e-10
LAYER BF16 projection/product rel_l2=9.40505793e-08 max_abs=3.49245965e-10
LAYER BF16 projection/product rel_l2=4.41849263e-08 max_abs=9.31322575e-10
LAYER BF16 projection/product rel_l2=2.74007593e-08 max_abs=1.86264515e-09
LAYER BF16 projection/product rel_l2=3.92406286e-08 max_abs=1.86264515e-09
LAYER tail forward gate rel_l2=4.20346902e-08 max_abs=5.63392253e-08
LAYER tail forward gate rel_l2=2.02338213e-08 max_abs=1.95104803e-08
LAYER tail forward gate rel_l2=2.5576599e-08 max_abs=8.65838956e-10
LAYER tail coefficient adjoints rel_l2=4.34691866e-08 max_abs=3.7252903e-09
LAYER tail coefficient adjoints rel_l2=3.89410845e-08 max_abs=1.86264515e-09
LAYER tail coefficient adjoints rel_l2=3.80949613e-08 max_abs=2.33740138e-09
LAYER tail coefficient adjoints rel_l2=4.14290652e-08 max_abs=2.32830644e-09
LAYER tail coefficient adjoints rel_l2=3.72996972e-08 max_abs=1.86264515e-09
LAYER tail coefficient adjoints rel_l2=4.18309858e-08 max_abs=2.03726813e-09
LAYER tail coefficient adjoints rel_l2=3.85889426e-08 max_abs=2.5574991e-09
LAYER tail coefficient adjoints rel_l2=3.44398774e-08 max_abs=1.86264515e-09
LAYER tail coefficient adjoints rel_l2=3.72869994e-08 max_abs=1.11758709e-08
LAYER tail coefficient adjoints rel_l2=3.53028026e-08 max_abs=9.31322575e-09
LAYER tail mixing rel_l2=5.83238086e-08 max_abs=1.32247806e-07
LAYER tail RMS rel_l2=4.72001809e-08 max_abs=2.70422768e-07
LAYER tail RMS backward rel_l2=5.35687187e-08 max_abs=2.81958071e-09
LAYER tail shared GELU gradient rel_l2=4.75275895e-08 max_abs=4.66013363e-10
LAYER suffix FP8 MLP product rel_l2=2.78786598e-08 max_abs=1.1920929e-07
LAYER suffix FP8 MLP product rel_l2=1.30524792e-07 max_abs=1.78813934e-07
LAYER suffix FP8 MLP product rel_l2=1.9222198e-08 max_abs=4.65661287e-10
LAYER suffix FP8 MLP product rel_l2=7.34268372e-08 max_abs=4.65661287e-10
LAYER suffix FP8 MLP product rel_l2=2.06957599e-09 max_abs=3.7252903e-09
LAYER suffix FP8 MLP product rel_l2=4.99198123e-09 max_abs=7.4505806e-09
LAYER suffix RMS rel_l2=5.05895831e-08 max_abs=3.81270591e-07
LAYER suffix RMS backward rel_l2=5.8404109e-08 max_abs=1.79951637e-09
LAYER suffix residual rel_l2=1.59977985e-09 max_abs=1.49011612e-08
LAYER suffix residual coefficient rel_l2=9.01048315e-08 max_abs=4.78758011e-09
LAYER suffix MLP coefficient rel_l2=6.40779754e-08 max_abs=6.1118044e-09
LAYER FP8 projection/product rel_l2=3.28301583e-08 max_abs=3.57627869e-07
LAYER FP8 projection/product rel_l2=0 max_abs=0
LAYER FP8 projection/product rel_l2=1.11959486e-08 max_abs=5.82076609e-11
LAYER BF16 projection/product rel_l2=7.43969877e-07 max_abs=1.41561031e-07
LAYER BF16 projection/product rel_l2=7.0068816e-07 max_abs=1.67638063e-08
LAYER BF16 projection/product rel_l2=4.79478906e-08 max_abs=9.31322575e-10
LAYER Q transform rel_l2=7.04748711e-05 max_abs=0.0078125
LAYER K transform rel_l2=0 max_abs=0
LAYER V transform rel_l2=0 max_abs=0
LAYER attention Y rel_l2=5.45783204e-08 max_abs=2.67760093e-07
LAYER attention dQ rel_l2=1.41422984e-07 max_abs=6.98296791e-11
LAYER attention dK rel_l2=1.37788831e-07 max_abs=7.85632879e-11
LAYER attention dV rel_l2=7.17062622e-08 max_abs=1.24236322e-10
LAYER post Y rel_l2=0 max_abs=0
LAYER post finite difference rel_l2=1.2955786e-11 max_abs=3.30430128e-14
LAYER post dY rel_l2=0 max_abs=0
LAYER post dV side rel_l2=0 max_abs=0
LAYER post dAlpha rel_l2=0 max_abs=0
LAYER post dGate rel_l2=4.79460505e-08 max_abs=4.56930138e-09
LAYER QKV backward rel_l2=2.98089633e-08 max_abs=8.42984258e-11
LAYER gain gradients rel_l2=1.73676285e-06 max_abs=2.33705444e-09
LAYER BF16 projection/product rel_l2=7.28888269e-07 max_abs=9.53674316e-07
LAYER BF16 projection/product rel_l2=7.95362774e-08 max_abs=1.49011612e-08
LAYER BF16 projection/product rel_l2=6.18079303e-08 max_abs=2.32830644e-10
LAYER BF16 projection/product rel_l2=8.98850961e-08 max_abs=8.73114914e-11
LAYER BF16 projection/product rel_l2=3.91129718e-08 max_abs=1.16415322e-10
LAYER BF16 projection/product rel_l2=4.0477434e-08 max_abs=9.31322575e-10
LAYER last-layer GELU rel_l2=4.09877533e-08 max_abs=5.49785375e-08
LAYER last-layer coefficient affine rel_l2=2.51153459e-08 max_abs=5.65842129e-08
LAYER last-layer GELU backward rel_l2=4.64519168e-08 max_abs=1.42177522e-10
LAYER last-layer coefficient partial rel_l2=8.44749081e-08 max_abs=3.47790774e-09
LAYER last-layer coefficient partial rel_l2=5.96411475e-08 max_abs=6.17001206e-09
LAYER last-layer coefficient partial rel_l2=8.68779333e-08 max_abs=7.89896148e-09
LAYER last-layer coefficient partial rel_l2=9.71433085e-08 max_abs=1.98497219e-10
LAYER last-layer coefficient partial rel_l2=8.57805599e-08 max_abs=1.42165391e-10
LAYER last-layer coefficient partial rel_l2=7.16672612e-08 max_abs=1.65073288e-10
LAYER last-layer coefficient partial rel_l2=4.19941662e-08 max_abs=7.36690708e-11
LAYER last-layer coefficient partial rel_l2=7.21577987e-08 max_abs=3.55066732e-09
LAYER last-layer coefficient partial rel_l2=5.6477902e-08 max_abs=8.00355338e-10
LAYER last-layer coefficient partial rel_l2=5.2699847e-08 max_abs=4.88944352e-09
LAYER last-layer coefficient partial rel_l2=6.32562697e-08 max_abs=5.00585884e-09
LAYER last-layer residual mix rel_l2=2.22250756e-08 max_abs=5.21540642e-08
LAYER last-layer residual mix rel_l2=5.34526064e-09 max_abs=4.65661287e-10
LAYER last-layer residual mix rel_l2=2.71952176e-08 max_abs=5.96046448e-08
LAYER last-layer shared RMS rel_l2=4.80946335e-08 max_abs=3.11908699e-07
LAYER last-layer shared RMS backward rel_l2=6.16429826e-08 max_abs=5.68119409e-10
TAIL ATen eager diagnostic mu rel_l2=0.00276423654 max_abs=0.00390625 changed=34/160
TAIL ATen eager diagnostic mug rel_l2=0 max_abs=0 changed=0/1920
TAIL ATen eager diagnostic mixed rel_l2=0.00538496731 max_abs=0.01171875 changed=7769/12288
TAIL ATen eager diagnostic RMS from native mixed rel_l2=0 max_abs=0 changed=0/12288
TAIL ATen eager diagnostic output rel_l2=0.00562529139 max_abs=0.0625 changed=7848/12288
TAIL ATen eager diagnostic dx rel_l2=0.00218769981 max_abs=0.000244140625 changed=3010/12288
TAIL ATen eager diagnostic source_0 rel_l2=0.00408857341 max_abs=3.81469727e-06 changed=5534/12288
TAIL ATen eager diagnostic source_1 rel_l2=0.00368853479 max_abs=0.000122070312 changed=5159/12288
TAIL ATen eager diagnostic source_2 rel_l2=0.00370758091 max_abs=3.81469727e-06 changed=4539/12288
TAIL ATen eager diagnostic source_3 rel_l2=0.00377032079 max_abs=3.81469727e-06 changed=4453/12288
TAIL ATen eager diagnostic source_4 rel_l2=0.00399665417 max_abs=7.62939453e-06 changed=4721/12288
TAIL ATen eager diagnostic source_5 rel_l2=0.00389834521 max_abs=3.81469727e-06 changed=5169/12288
TAIL ATen eager diagnostic source_6 rel_l2=0.00390761549 max_abs=3.81469727e-06 changed=4176/12288
TAIL ATen eager diagnostic source_7 rel_l2=0.00405745758 max_abs=3.81469727e-06 changed=5509/12288
TAIL ATen eager diagnostic source_8 rel_l2=0.00343836983 max_abs=3.81469727e-06 changed=4137/12288
TAIL ATen eager diagnostic source_9 rel_l2=0.00366967734 max_abs=3.81469727e-06 changed=4132/12288
TAIL ATen eager diagnostic dw1 rel_l2=0.00714219326 max_abs=6.10351562e-05 changed=36129/49152
TAIL ATen eager diagnostic dw2 rel_l2=0.00769402902 max_abs=0.000244140625 changed=442/896
TAIL ATen eager diagnostic dbias rel_l2=0.0044992184 max_abs=0.000244140625 changed=3/14
TAIL ATen eager diagnostic dwg rel_l2=0.00454484518 max_abs=0.000122070312 changed=4618/10752
LAST_LAYER PASS tokens=16 vocabulary=2048 workers=17 step=0 tasks=5576 phases=83
LOSS FP64 max_loss=5.45118198e-07 max_raw_gradient=0.000577133612
LOSS FP64 max_descaled_gradient=7.54830868e-09 gradient_rel_l2=1.1255777e-07
LOSS pinned CUDA max_loss=2.86102295e-06 gradient_rel_l2=0 changed_codes=0/32768
HEAD product=0 M=16 N=2048 K=768 rel_l2=2.15532169e-08 max_abs=7.15255737e-07
HEAD product=1 M=16 N=768 K=2048 rel_l2=1.0491004e-07 max_abs=2.32830644e-09
HEAD product=2 M=768 N=2048 K=16 rel_l2=2.56696304e-08 max_abs=4.47034836e-08
LAYER BF16 projection/product rel_l2=7.61496272e-07 max_abs=1.01327896e-06
LAYER BF16 projection/product rel_l2=0 max_abs=0
LAYER BF16 projection/product rel_l2=0 max_abs=0
LAYER BF16 projection/product rel_l2=0 max_abs=0
LAYER BF16 projection/product rel_l2=0 max_abs=0
LAYER BF16 projection/product rel_l2=0 max_abs=0
LAYER BF16 projection/product rel_l2=0 max_abs=0
LAYER BF16 projection/product rel_l2=3.01882748e-08 max_abs=1.86264515e-09
LAYER BF16 projection/product rel_l2=3.41260401e-08 max_abs=1.86264515e-09
LAYER tail forward gate rel_l2=4.15573396e-08 max_abs=5.63392253e-08
LAYER tail forward gate rel_l2=1.49280825e-08 max_abs=7.4505806e-09
LAYER tail forward gate rel_l2=0 max_abs=0
LAYER tail coefficient adjoints rel_l2=4.13887283e-08 max_abs=2.32830644e-09
LAYER tail coefficient adjoints rel_l2=4.69266549e-08 max_abs=3.49245965e-09
LAYER tail coefficient adjoints rel_l2=4.32043706e-08 max_abs=2.56113708e-09
LAYER tail coefficient adjoints rel_l2=3.71976725e-08 max_abs=2.09547579e-09
LAYER tail coefficient adjoints rel_l2=3.75708541e-08 max_abs=2.32830644e-09
LAYER tail coefficient adjoints rel_l2=4.50367881e-08 max_abs=3.37604433e-09
LAYER tail coefficient adjoints rel_l2=3.66276692e-08 max_abs=1.97906047e-09
LAYER tail coefficient adjoints rel_l2=3.84397841e-08 max_abs=4.19095159e-09
LAYER tail coefficient adjoints rel_l2=4.41447766e-08 max_abs=1.39698386e-08
LAYER tail coefficient adjoints rel_l2=4.13214811e-08 max_abs=9.77888703e-09
LAYER tail mixing rel_l2=5.39325665e-08 max_abs=1.13621354e-07
LAYER tail RMS rel_l2=5.49758697e-08 max_abs=4.41697245e-07
LAYER tail RMS backward rel_l2=6.16170598e-08 max_abs=4.62642621e-09
LAYER tail shared GELU gradient rel_l2=0 max_abs=0
LAYER suffix FP8 MLP product rel_l2=3.0771601e-08 max_abs=2.38418579e-07
LAYER suffix FP8 MLP product rel_l2=0 max_abs=0
LAYER suffix FP8 MLP product rel_l2=0 max_abs=0
LAYER suffix FP8 MLP product rel_l2=0 max_abs=0
LAYER suffix FP8 MLP product rel_l2=0 max_abs=0
LAYER suffix FP8 MLP product rel_l2=4.25310175e-09 max_abs=3.7252903e-09
LAYER suffix RMS rel_l2=4.94995149e-08 max_abs=3.81768707e-07
LAYER suffix RMS backward rel_l2=5.54914981e-08 max_abs=7.32284435e-11
LAYER suffix residual rel_l2=0 max_abs=0
LAYER suffix residual coefficient rel_l2=1.3199151e-07 max_abs=6.03904482e-09
LAYER suffix MLP coefficient rel_l2=0 max_abs=0
LAYER FP8 projection/product rel_l2=3.21750579e-08 max_abs=4.76837158e-07
LAYER FP8 projection/product rel_l2=0 max_abs=0
LAYER FP8 projection/product rel_l2=0 max_abs=0
LAYER BF16 projection/product rel_l2=0 max_abs=0
LAYER BF16 projection/product rel_l2=0 max_abs=0
LAYER BF16 projection/product rel_l2=4.80215602e-08 max_abs=4.65661287e-10
LAYER Q transform rel_l2=0 max_abs=0
LAYER K transform rel_l2=2.74895187e-07 max_abs=3.05175781e-05
LAYER V transform rel_l2=0 max_abs=0
LAYER attention Y rel_l2=5.10519247e-08 max_abs=2.82794289e-07
LAYER attention dQ rel_l2=0 max_abs=0
LAYER attention dK rel_l2=0 max_abs=0
LAYER attention dV rel_l2=0 max_abs=0
LAYER post Y rel_l2=0 max_abs=0
LAYER post finite difference rel_l2=0 max_abs=0
LAYER post dY rel_l2=0 max_abs=0
LAYER post dV side rel_l2=0 max_abs=0
LAYER post dAlpha rel_l2=0 max_abs=0
LAYER post dGate rel_l2=0 max_abs=0
LAYER QKV backward rel_l2=0 max_abs=0
LAYER gain gradients rel_l2=3.38416333e-07 max_abs=1.24469046e-09
LAYER BF16 projection/product rel_l2=7.31622904e-07 max_abs=1.07288361e-06
LAYER BF16 projection/product rel_l2=0 max_abs=0
LAYER BF16 projection/product rel_l2=0 max_abs=0
LAYER BF16 projection/product rel_l2=0 max_abs=0
LAYER BF16 projection/product rel_l2=0 max_abs=0
LAYER BF16 projection/product rel_l2=5.15650484e-08 max_abs=4.65661287e-10
LAYER last-layer GELU rel_l2=4.20908709e-08 max_abs=6.45967018e-08
LAYER last-layer coefficient affine rel_l2=1.49031453e-08 max_abs=1.49011612e-08
LAYER last-layer GELU backward rel_l2=0 max_abs=0
LAYER last-layer coefficient partial rel_l2=1.07659648e-07 max_abs=4.62750904e-09
LAYER last-layer coefficient partial rel_l2=9.01088255e-08 max_abs=6.19911589e-09
LAYER last-layer coefficient partial rel_l2=7.11974124e-08 max_abs=5.57338353e-09
LAYER last-layer coefficient partial rel_l2=0 max_abs=0
LAYER last-layer coefficient partial rel_l2=0 max_abs=0
LAYER last-layer coefficient partial rel_l2=0 max_abs=0
LAYER last-layer coefficient partial rel_l2=0 max_abs=0
LAYER last-layer coefficient partial rel_l2=1.49798993e-07 max_abs=5.82394932e-09
LAYER last-layer coefficient partial rel_l2=0 max_abs=0
LAYER last-layer coefficient partial rel_l2=9.01088255e-08 max_abs=6.19911589e-09
LAYER last-layer coefficient partial rel_l2=7.56052766e-08 max_abs=1.01426849e-08
LAYER last-layer residual mix rel_l2=1.97176036e-08 max_abs=5.96046448e-08
LAYER last-layer residual mix rel_l2=6.18084448e-09 max_abs=4.65661287e-10
LAYER last-layer residual mix rel_l2=1.37090035e-08 max_abs=2.98023224e-08
LAYER last-layer shared RMS rel_l2=5.83499134e-08 max_abs=4.0420963e-07
LAYER last-layer shared RMS backward rel_l2=6.21883033e-08 max_abs=5.84841216e-11
TAIL ATen eager diagnostic mu rel_l2=0 max_abs=0 changed=0/160
TAIL ATen eager diagnostic mug rel_l2=0 max_abs=0 changed=0/1920
TAIL ATen eager diagnostic mixed rel_l2=0.00512189807 max_abs=0.0078125 changed=7379/12288
TAIL ATen eager diagnostic RMS from native mixed rel_l2=0 max_abs=0 changed=0/12288
TAIL ATen eager diagnostic output rel_l2=0.00542733294 max_abs=0.046875 changed=7746/12288
TAIL ATen eager diagnostic dx rel_l2=0.00260588204 max_abs=0.000122070312 changed=3259/12288
TAIL ATen eager diagnostic source_0 rel_l2=0.00282011794 max_abs=4.76837158e-07 changed=2971/12288
TAIL ATen eager diagnostic source_1 rel_l2=0.00260588204 max_abs=6.10351562e-05 changed=3259/12288
TAIL ATen eager diagnostic source_2 rel_l2=0.0026852247 max_abs=2.38418579e-07 changed=3027/12288
TAIL ATen eager diagnostic source_3 rel_l2=0.00281131109 max_abs=9.53674316e-07 changed=2886/12288
TAIL ATen eager diagnostic source_4 rel_l2=0.00267190973 max_abs=5.96046448e-08 changed=3198/12288
TAIL ATen eager diagnostic source_5 rel_l2=0.00260588204 max_abs=9.53674316e-07 changed=3259/12288
TAIL ATen eager diagnostic source_6 rel_l2=0.00291046073 max_abs=1.90734863e-06 changed=2809/12288
TAIL ATen eager diagnostic source_7 rel_l2=0.00272588394 max_abs=4.76837158e-07 changed=2956/12288
TAIL ATen eager diagnostic source_8 rel_l2=0.00291623925 max_abs=9.53674316e-07 changed=2900/12288
TAIL ATen eager diagnostic source_9 rel_l2=0.00289354389 max_abs=4.76837158e-07 changed=2904/12288
TAIL ATen eager diagnostic dw1 rel_l2=0 max_abs=0 changed=0/49152
TAIL ATen eager diagnostic dw2 rel_l2=0.00954525508 max_abs=0.000210404396 changed=456/896
TAIL ATen eager diagnostic dbias rel_l2=0.00503998451 max_abs=0.000122070312 changed=7/14
TAIL ATen eager diagnostic dwg rel_l2=0.00499104788 max_abs=6.10351562e-05 changed=5084/10752
LAST_LAYER PASS tokens=16 vocabulary=2048 workers=17 step=1 tasks=5576 phases=83
LOSS FP64 max_loss=4.97898522e-07 max_raw_gradient=0.000222250808
LOSS FP64 max_descaled_gradient=5.81361982e-09 gradient_rel_l2=1.00091226e-07
LOSS pinned CUDA max_loss=1.90734863e-06 gradient_rel_l2=0 changed_codes=0/32768
HEAD product=0 M=16 N=2048 K=768 rel_l2=2.27639222e-08 max_abs=4.76837158e-07
HEAD product=1 M=16 N=768 K=2048 rel_l2=1.12164377e-07 max_abs=2.79396772e-09
HEAD product=2 M=768 N=2048 K=16 rel_l2=1.48570968e-08 max_abs=1.49011612e-08
LAYER BF16 projection/product rel_l2=7.08305958e-07 max_abs=1.78813934e-07
LAYER BF16 projection/product rel_l2=1.00623522e-07 max_abs=5.58793545e-09
LAYER BF16 projection/product rel_l2=8.32939243e-08 max_abs=7.4505806e-09
LAYER BF16 projection/product rel_l2=0 max_abs=0
LAYER BF16 projection/product rel_l2=3.83286607e-08 max_abs=9.31322575e-10
LAYER BF16 projection/product rel_l2=8.45619152e-08 max_abs=9.31322575e-10
LAYER BF16 projection/product rel_l2=3.90109224e-08 max_abs=2.32830644e-10
LAYER BF16 projection/product rel_l2=4.3028457e-08 max_abs=1.86264515e-09
LAYER BF16 projection/product rel_l2=3.69319827e-08 max_abs=9.31322575e-10
LAYER tail forward gate rel_l2=3.88916318e-08 max_abs=6.61536544e-09
LAYER tail forward gate rel_l2=2.29183656e-08 max_abs=1.93747383e-08
LAYER tail forward gate rel_l2=2.44928886e-08 max_abs=2.1282176e-10
LAYER tail coefficient adjoints rel_l2=0 max_abs=0
LAYER tail coefficient adjoints rel_l2=0 max_abs=0
LAYER tail coefficient adjoints rel_l2=0 max_abs=0
LAYER tail coefficient adjoints rel_l2=0 max_abs=0
LAYER tail coefficient adjoints rel_l2=0 max_abs=0
LAYER tail coefficient adjoints rel_l2=0 max_abs=0
LAYER tail coefficient adjoints rel_l2=0 max_abs=0
LAYER tail coefficient adjoints rel_l2=0 max_abs=0
LAYER tail coefficient adjoints rel_l2=3.62874166e-08 max_abs=2.98023224e-08
LAYER tail coefficient adjoints rel_l2=0 max_abs=0
LAYER tail mixing rel_l2=1.50287783e-08 max_abs=7.4505806e-09
LAYER tail RMS rel_l2=4.95217991e-08 max_abs=3.29326344e-07
LAYER tail RMS backward rel_l2=5.50036726e-08 max_abs=2.06478182e-08
LAYER tail shared GELU gradient rel_l2=4.4591142e-08 max_abs=6.37544842e-10
LAYER suffix FP8 MLP product rel_l2=2.56138909e-08 max_abs=1.1920929e-07
LAYER suffix FP8 MLP product rel_l2=1.17289435e-07 max_abs=7.4505806e-08
LAYER suffix FP8 MLP product rel_l2=1.9959485e-08 max_abs=7.4505806e-09
LAYER suffix FP8 MLP product rel_l2=7.37280449e-08 max_abs=1.86264515e-09
LAYER suffix FP8 MLP product rel_l2=2.58142968e-09 max_abs=7.4505806e-09
LAYER suffix FP8 MLP product rel_l2=3.74057522e-09 max_abs=7.4505806e-09
LAYER suffix RMS rel_l2=4.71170629e-08 max_abs=3.22717475e-07
LAYER suffix RMS backward rel_l2=5.37895087e-08 max_abs=3.09460467e-06
LAYER suffix residual rel_l2=6.08871416e-10 max_abs=1.86264515e-09
LAYER suffix residual coefficient rel_l2=9.39148467e-08 max_abs=9.45306056e-11
LAYER suffix MLP coefficient rel_l2=5.6359416e-06 max_abs=1.37661118e-08
LAYER FP8 projection/product rel_l2=0 max_abs=0
LAYER FP8 projection/product rel_l2=0 max_abs=0
LAYER FP8 projection/product rel_l2=0 max_abs=0
LAYER BF16 projection/product rel_l2=0 max_abs=0
LAYER BF16 projection/product rel_l2=7.1625942e-07 max_abs=1.52587891e-05
LAYER BF16 projection/product rel_l2=0 max_abs=0
LAYER Q transform rel_l2=0 max_abs=0
LAYER K transform rel_l2=0 max_abs=0
LAYER V transform rel_l2=0 max_abs=0
LAYER attention Y rel_l2=0 max_abs=0
LAYER attention dQ rel_l2=0 max_abs=0
LAYER attention dK rel_l2=0 max_abs=0
LAYER attention dV rel_l2=4.64272595e-08 max_abs=5.44956753e-08
LAYER post Y rel_l2=0 max_abs=0
LAYER post finite difference rel_l2=0 max_abs=0
LAYER post dY rel_l2=0 max_abs=0
LAYER post dV side rel_l2=0 max_abs=0
LAYER post dAlpha rel_l2=0 max_abs=0
LAYER post dGate rel_l2=0 max_abs=0
LAYER QKV backward rel_l2=0 max_abs=0
LAYER gain gradients rel_l2=0 max_abs=0
LAYER BF16 projection/product rel_l2=0 max_abs=0
LAYER BF16 projection/product rel_l2=0 max_abs=0
LAYER BF16 projection/product rel_l2=6.0985396e-08 max_abs=3.7252903e-09
LAYER BF16 projection/product rel_l2=8.36770397e-08 max_abs=2.79396772e-09
LAYER BF16 projection/product rel_l2=0 max_abs=0
LAYER BF16 projection/product rel_l2=0 max_abs=0
LAYER last-layer GELU rel_l2=0 max_abs=0
LAYER last-layer coefficient affine rel_l2=1.49009244e-08 max_abs=1.49011612e-08
LAYER last-layer GELU backward rel_l2=0 max_abs=0
LAYER last-layer coefficient partial rel_l2=0 max_abs=0
LAYER last-layer coefficient partial rel_l2=0 max_abs=0
LAYER last-layer coefficient partial rel_l2=0 max_abs=0
LAYER last-layer coefficient partial rel_l2=0 max_abs=0
LAYER last-layer coefficient partial rel_l2=0 max_abs=0
LAYER last-layer coefficient partial rel_l2=0 max_abs=0
LAYER last-layer coefficient partial rel_l2=0 max_abs=0
LAYER last-layer coefficient partial rel_l2=0 max_abs=0
LAYER last-layer coefficient partial rel_l2=0 max_abs=0
LAYER last-layer coefficient partial rel_l2=0 max_abs=0
LAYER last-layer coefficient partial rel_l2=6.55691481e-07 max_abs=4.05684114e-06
LAYER last-layer residual mix rel_l2=0 max_abs=0
LAYER last-layer residual mix rel_l2=0 max_abs=0
LAYER last-layer residual mix rel_l2=0 max_abs=0
LAYER last-layer shared RMS rel_l2=0 max_abs=0
LAYER last-layer shared RMS backward rel_l2=1.04451481e-07 max_abs=2.14977623e-07
TAIL ATen eager diagnostic mu rel_l2=0.00169407516 max_abs=0.001953125 changed=35/160
TAIL ATen eager diagnostic mug rel_l2=0 max_abs=0 changed=0/1920
TAIL ATen eager diagnostic mixed rel_l2=0.000553669991 max_abs=0.00048828125 changed=551/12288
TAIL ATen eager diagnostic RMS from native mixed rel_l2=0 max_abs=0 changed=0/12288
TAIL ATen eager diagnostic output rel_l2=0.000737079657 max_abs=0.015625 changed=547/12288
TAIL ATen eager diagnostic dx rel_l2=0.000744903527 max_abs=0.00048828125 changed=745/12288
TAIL ATen eager diagnostic source_0 rel_l2=0.0039845105 max_abs=1.52587891e-05 changed=4778/12288
TAIL ATen eager diagnostic source_1 rel_l2=0.00293269949 max_abs=0.00048828125 changed=3415/12288
TAIL ATen eager diagnostic source_2 rel_l2=0.00476241538 max_abs=7.62939453e-06 changed=5538/12288
TAIL ATen eager diagnostic source_3 rel_l2=0.00370319464 max_abs=3.81469727e-06 changed=3761/12288
TAIL ATen eager diagnostic source_4 rel_l2=0.00377533855 max_abs=3.81469727e-06 changed=3872/12288
TAIL ATen eager diagnostic source_5 rel_l2=0.00327953764 max_abs=3.81469727e-06 changed=3726/12288
TAIL ATen eager diagnostic source_6 rel_l2=0.00353945465 max_abs=1.52587891e-05 changed=4307/12288
TAIL ATen eager diagnostic source_7 rel_l2=0.00454846715 max_abs=7.62939453e-06 changed=5307/12288
TAIL ATen eager diagnostic source_8 rel_l2=0.00355398016 max_abs=1.90734863e-06 changed=3335/12288
TAIL ATen eager diagnostic source_9 rel_l2=0.00308997555 max_abs=1.90734863e-06 changed=4330/12288
TAIL ATen eager diagnostic dw1 rel_l2=0.0044240443 max_abs=1.52587891e-05 changed=30552/49152
TAIL ATen eager diagnostic dw2 rel_l2=0.00324664985 max_abs=9.15527344e-05 changed=36/896
TAIL ATen eager diagnostic dbias rel_l2=0 max_abs=0 changed=0/14
TAIL ATen eager diagnostic dwg rel_l2=0.00301106205 max_abs=3.05175781e-05 changed=385/10752
LAST_LAYER PASS tokens=16 vocabulary=2048 workers=17 step=2 tasks=5576 phases=83
LOSS FP64 max_loss=8.45300669e-07 max_raw_gradient=0.000738140216
LOSS FP64 max_descaled_gradient=9.65410797e-09 gradient_rel_l2=1.39650095e-07
LOSS pinned CUDA max_loss=1.90734863e-06 gradient_rel_l2=0 changed_codes=0/32768
HEAD product=0 M=16 N=2048 K=768 rel_l2=1.91086378e-08 max_abs=4.76837158e-07
HEAD product=1 M=16 N=768 K=2048 rel_l2=1.09943408e-07 max_abs=2.32830644e-09
HEAD product=2 M=768 N=2048 K=16 rel_l2=1.45479047e-08 max_abs=1.49011612e-08
LAYER BF16 projection/product rel_l2=7.44819299e-07 max_abs=1.13248825e-06
LAYER BF16 projection/product rel_l2=9.17179347e-08 max_abs=2.98023224e-08
LAYER BF16 projection/product rel_l2=8.11206901e-08 max_abs=2.98023224e-08
LAYER BF16 projection/product rel_l2=3.0785147e-08 max_abs=4.65661287e-10
LAYER BF16 projection/product rel_l2=8.02004604e-08 max_abs=4.65661287e-10
LAYER BF16 projection/product rel_l2=8.85407684e-08 max_abs=3.49245965e-10
LAYER BF16 projection/product rel_l2=3.94891649e-08 max_abs=4.65661287e-10
LAYER BF16 projection/product rel_l2=3.42026687e-08 max_abs=1.86264515e-09
LAYER BF16 projection/product rel_l2=3.32540268e-08 max_abs=9.31322575e-10
LAYER tail forward gate rel_l2=3.97259666e-08 max_abs=4.41806816e-08
LAYER tail forward gate rel_l2=2.43153303e-08 max_abs=2.8308591e-08
LAYER tail forward gate rel_l2=2.46648284e-08 max_abs=8.73114914e-10
LAYER tail coefficient adjoints rel_l2=3.47339321e-08 max_abs=1.97906047e-09
LAYER tail coefficient adjoints rel_l2=4.02994337e-08 max_abs=1.86264515e-09
LAYER tail coefficient adjoints rel_l2=3.81648836e-08 max_abs=1.86264515e-09
LAYER tail coefficient adjoints rel_l2=4.59983607e-08 max_abs=3.14321369e-09
LAYER tail coefficient adjoints rel_l2=4.1112405e-08 max_abs=2.40652298e-09
LAYER tail coefficient adjoints rel_l2=3.8578314e-08 max_abs=1.62981451e-09
LAYER tail coefficient adjoints rel_l2=3.58362265e-08 max_abs=2.09547579e-09
LAYER tail coefficient adjoints rel_l2=4.17662403e-08 max_abs=3.25962901e-09
LAYER tail coefficient adjoints rel_l2=4.32400494e-08 max_abs=1.11758709e-08
LAYER tail coefficient adjoints rel_l2=4.36941578e-08 max_abs=1.3038516e-08
LAYER tail mixing rel_l2=5.7272535e-08 max_abs=1.52736902e-07
LAYER tail RMS rel_l2=5.543342e-08 max_abs=3.55759301e-07
LAYER tail RMS backward rel_l2=6.35684285e-08 max_abs=4.04746757e-09
LAYER tail shared GELU gradient rel_l2=4.68694209e-08 max_abs=2.50732967e-10
LAYER suffix FP8 MLP product rel_l2=2.74763563e-08 max_abs=2.38418579e-07
LAYER suffix FP8 MLP product rel_l2=1.19237775e-07 max_abs=2.98023224e-07
LAYER suffix FP8 MLP product rel_l2=1.70394643e-08 max_abs=9.31322575e-10
LAYER suffix FP8 MLP product rel_l2=7.60876032e-08 max_abs=4.65661287e-10
LAYER suffix FP8 MLP product rel_l2=3.38436205e-09 max_abs=3.7252903e-09
LAYER suffix FP8 MLP product rel_l2=3.81822148e-09 max_abs=3.7252903e-09
LAYER suffix RMS rel_l2=4.50085032e-08 max_abs=4.4761082e-07
LAYER suffix RMS backward rel_l2=5.26697415e-08 max_abs=1.37972259e-09
LAYER suffix residual rel_l2=1.75073442e-09 max_abs=1.49011612e-08
LAYER suffix residual coefficient rel_l2=9.60498037e-08 max_abs=4.36557457e-09
LAYER suffix MLP coefficient rel_l2=7.37195521e-08 max_abs=4.71482053e-09
LAYER FP8 projection/product rel_l2=2.86496723e-08 max_abs=2.38418579e-07
LAYER FP8 projection/product rel_l2=0 max_abs=0
LAYER FP8 projection/product rel_l2=1.01694188e-08 max_abs=5.82076609e-11
LAYER BF16 projection/product rel_l2=6.34438143e-07 max_abs=1.63912773e-07
LAYER BF16 projection/product rel_l2=7.14082146e-07 max_abs=1.67638063e-08
LAYER BF16 projection/product rel_l2=4.94769891e-08 max_abs=4.65661287e-10
LAYER Q transform rel_l2=0 max_abs=0
LAYER K transform rel_l2=4.06881812e-12 max_abs=4.51109372e-10
LAYER V transform rel_l2=0 max_abs=0
LAYER attention Y rel_l2=5.32539983e-08 max_abs=1.79792862e-07
LAYER attention dQ rel_l2=1.81278649e-07 max_abs=9.25707658e-11
LAYER attention dK rel_l2=1.75766813e-07 max_abs=1.01784381e-10
LAYER attention dV rel_l2=7.53457339e-08 max_abs=1.42284373e-10
LAYER post Y rel_l2=0 max_abs=0
LAYER post finite difference rel_l2=1.73721526e-12 max_abs=5.01265696e-14
LAYER post dY rel_l2=0 max_abs=0
LAYER post dV side rel_l2=0 max_abs=0
LAYER post dAlpha rel_l2=0 max_abs=0
LAYER post dGate rel_l2=5.08034919e-08 max_abs=3.49245965e-09
LAYER QKV backward rel_l2=2.35551912e-08 max_abs=5.5360975e-11
LAYER gain gradients rel_l2=6.11935446e-08 max_abs=1.16538889e-09
LAYER BF16 projection/product rel_l2=7.42739669e-07 max_abs=8.94069672e-07
LAYER BF16 projection/product rel_l2=8.01153491e-08 max_abs=2.23517418e-08
LAYER BF16 projection/product rel_l2=6.39304729e-08 max_abs=2.32830644e-10
LAYER BF16 projection/product rel_l2=9.01990797e-08 max_abs=1.16415322e-10
LAYER BF16 projection/product rel_l2=3.94353448e-08 max_abs=1.16415322e-10
LAYER BF16 projection/product rel_l2=3.04673239e-08 max_abs=4.65661287e-10
LAYER last-layer GELU rel_l2=4.03765318e-08 max_abs=4.72820969e-08
LAYER last-layer coefficient affine rel_l2=2.71393629e-08 max_abs=5.6603767e-08
LAYER last-layer GELU backward rel_l2=4.62485307e-08 max_abs=9.57450094e-11
LAYER last-layer coefficient partial rel_l2=9.73712196e-08 max_abs=3.71073838e-09
LAYER last-layer coefficient partial rel_l2=5.74899638e-08 max_abs=6.66477717e-09
LAYER last-layer coefficient partial rel_l2=6.8832967e-08 max_abs=4.55929694e-09
LAYER last-layer coefficient partial rel_l2=7.53510832e-08 max_abs=1.63254299e-10
LAYER last-layer coefficient partial rel_l2=4.79431047e-08 max_abs=9.04947228e-11
LAYER last-layer coefficient partial rel_l2=1.31532569e-07 max_abs=4.01996658e-10
LAYER last-layer coefficient partial rel_l2=5.07082035e-08 max_abs=1.12208909e-10
LAYER last-layer coefficient partial rel_l2=1.72214363e-07 max_abs=1.03609636e-08
LAYER last-layer coefficient partial rel_l2=6.15865768e-08 max_abs=1.23327482e-09
LAYER last-layer coefficient partial rel_l2=6.7796479e-08 max_abs=1.15542207e-08
LAYER last-layer coefficient partial rel_l2=7.58160688e-08 max_abs=7.4505806e-09
LAYER last-layer residual mix rel_l2=2.36834693e-08 max_abs=5.96046448e-08
LAYER last-layer residual mix rel_l2=6.38304679e-09 max_abs=4.65661287e-10
LAYER last-layer residual mix rel_l2=2.747154e-08 max_abs=5.96046448e-08
LAYER last-layer shared RMS rel_l2=5.11784047e-08 max_abs=4.62657687e-07
LAYER last-layer shared RMS backward rel_l2=5.67870029e-08 max_abs=3.45868111e-10
TAIL ATen eager diagnostic mu rel_l2=0.00310565806 max_abs=0.00390625 changed=33/160
TAIL ATen eager diagnostic mug rel_l2=0 max_abs=0 changed=0/1920
TAIL ATen eager diagnostic mixed rel_l2=0.00539864876 max_abs=0.0078125 changed=7757/12288
TAIL ATen eager diagnostic RMS from native mixed rel_l2=0 max_abs=0 changed=0/12288
TAIL ATen eager diagnostic output rel_l2=0.00562788911 max_abs=0.046875 changed=7842/12288
TAIL ATen eager diagnostic dx rel_l2=0.00200719306 max_abs=0.000244140625 changed=2753/12288
TAIL ATen eager diagnostic source_0 rel_l2=0.0040251796 max_abs=3.81469727e-06 changed=5007/12288
TAIL ATen eager diagnostic source_1 rel_l2=0.00406461464 max_abs=0.000122070312 changed=5126/12288
TAIL ATen eager diagnostic source_2 rel_l2=0.00341000268 max_abs=1.90734863e-06 changed=3969/12288
TAIL ATen eager diagnostic source_3 rel_l2=0.00453444065 max_abs=3.81469727e-06 changed=5398/12288
TAIL ATen eager diagnostic source_4 rel_l2=0.00325943347 max_abs=3.81469727e-06 changed=3783/12288
TAIL ATen eager diagnostic source_5 rel_l2=0.00424658866 max_abs=3.81469727e-06 changed=4853/12288
TAIL ATen eager diagnostic source_6 rel_l2=0.00490449816 max_abs=3.81469727e-06 changed=6089/12288
TAIL ATen eager diagnostic source_7 rel_l2=0.00348083303 max_abs=3.81469727e-06 changed=4479/12288
TAIL ATen eager diagnostic source_8 rel_l2=0.00403065429 max_abs=3.81469727e-06 changed=4504/12288
TAIL ATen eager diagnostic source_9 rel_l2=0.00474199099 max_abs=3.81469727e-06 changed=5320/12288
TAIL ATen eager diagnostic dw1 rel_l2=0.0068417609 max_abs=4.57763672e-05 changed=35318/49152
TAIL ATen eager diagnostic dw2 rel_l2=0.0077225903 max_abs=0.000244140625 changed=446/896
TAIL ATen eager diagnostic dbias rel_l2=0.00495650514 max_abs=0.000244140625 changed=7/14
TAIL ATen eager diagnostic dwg rel_l2=0.00430085816 max_abs=6.48498535e-05 changed=4418/10752
LAST_LAYER PASS tokens=16 vocabulary=2048 workers=17 step=3 tasks=5576 phases=83
LOSS FP64 max_loss=5.76735045e-07 max_raw_gradient=0.000407605738
LOSS FP64 max_descaled_gradient=5.33106003e-09 gradient_rel_l2=9.77640615e-08
LOSS pinned CUDA max_loss=3.81469727e-06 gradient_rel_l2=0 changed_codes=0/163840
HEAD product=0 M=80 N=2048 K=768 rel_l2=2.14648409e-08 max_abs=7.15255737e-07
HEAD product=1 M=80 N=768 K=2048 rel_l2=1.2167909e-07 max_abs=3.7252903e-09
HEAD product=2 M=768 N=2048 K=80 rel_l2=3.43439066e-08 max_abs=1.1920929e-07
LAYER BF16 projection/product rel_l2=7.22427038e-07 max_abs=1.07288361e-06
LAYER BF16 projection/product rel_l2=7.80152392e-08 max_abs=2.98023224e-08
LAYER BF16 projection/product rel_l2=8.16641804e-08 max_abs=5.96046448e-08
LAYER BF16 projection/product rel_l2=2.6831258e-08 max_abs=4.65661287e-10
LAYER BF16 projection/product rel_l2=8.19859993e-08 max_abs=9.31322575e-10
LAYER BF16 projection/product rel_l2=9.33388353e-08 max_abs=6.98491931e-10
LAYER BF16 projection/product rel_l2=1.05752182e-07 max_abs=2.32830644e-09
LAYER BF16 projection/product rel_l2=8.1034504e-08 max_abs=7.4505806e-09
LAYER BF16 projection/product rel_l2=9.78811078e-08 max_abs=7.4505806e-09
LAYER tail forward gate rel_l2=4.03516996e-08 max_abs=5.63392253e-08
LAYER tail forward gate rel_l2=2.41501357e-08 max_abs=2.82889232e-08
LAYER tail forward gate rel_l2=2.51695468e-08 max_abs=8.80390871e-10
LAYER tail coefficient adjoints rel_l2=3.93015442e-08 max_abs=4.19095159e-09
LAYER tail coefficient adjoints rel_l2=3.97935998e-08 max_abs=4.19095159e-09
LAYER tail coefficient adjoints rel_l2=3.99670202e-08 max_abs=2.50292942e-09
LAYER tail coefficient adjoints rel_l2=3.91886375e-08 max_abs=2.79396772e-09
LAYER tail coefficient adjoints rel_l2=3.828771e-08 max_abs=2.44472176e-09
LAYER tail coefficient adjoints rel_l2=3.94524682e-08 max_abs=2.56113708e-09
LAYER tail coefficient adjoints rel_l2=3.80820764e-08 max_abs=2.27009878e-09
LAYER tail coefficient adjoints rel_l2=3.98278178e-08 max_abs=2.09547579e-09
LAYER tail coefficient adjoints rel_l2=3.84910576e-08 max_abs=9.77888703e-09
LAYER tail coefficient adjoints rel_l2=4.08419194e-08 max_abs=1.44354999e-08
LAYER tail mixing rel_l2=5.97279204e-08 max_abs=1.65775418e-07
LAYER tail RMS rel_l2=4.53604136e-08 max_abs=4.01138577e-07
LAYER tail RMS backward rel_l2=5.259468e-08 max_abs=4.22220677e-09
LAYER tail shared GELU gradient rel_l2=4.57911675e-08 max_abs=3.66528498e-10
LAYER suffix FP8 MLP product rel_l2=2.86999155e-08 max_abs=2.38418579e-07
LAYER suffix FP8 MLP product rel_l2=1.19126321e-07 max_abs=1.78813934e-07
LAYER suffix FP8 MLP product rel_l2=1.96453203e-08 max_abs=9.31322575e-10
LAYER suffix FP8 MLP product rel_l2=7.07127413e-08 max_abs=6.98491931e-10
LAYER suffix FP8 MLP product rel_l2=4.74722797e-09 max_abs=3.7252903e-09
LAYER suffix FP8 MLP product rel_l2=7.61686828e-09 max_abs=1.49011612e-08
LAYER suffix RMS rel_l2=5.37151825e-08 max_abs=5.56128875e-07
LAYER suffix RMS backward rel_l2=5.96970876e-08 max_abs=2.62043459e-09
LAYER suffix residual rel_l2=1.70880473e-09 max_abs=2.98023224e-08
LAYER suffix residual coefficient rel_l2=9.46526502e-08 max_abs=5.55883162e-09
LAYER suffix MLP coefficient rel_l2=6.57263354e-08 max_abs=8.07085598e-09
LAYER FP8 projection/product rel_l2=3.2454161e-08 max_abs=7.15255737e-07
LAYER FP8 projection/product rel_l2=0 max_abs=0
LAYER FP8 projection/product rel_l2=1.01010509e-08 max_abs=5.82076609e-11
LAYER BF16 projection/product rel_l2=8.40996964e-07 max_abs=2.08616257e-07
LAYER BF16 projection/product rel_l2=7.11560617e-07 max_abs=1.67638063e-08
LAYER BF16 projection/product rel_l2=1.50729252e-07 max_abs=2.32830644e-09
LAYER Q transform rel_l2=1.5757721e-05 max_abs=0.00390625
LAYER K transform rel_l2=8.40447457e-11 max_abs=2.08383426e-08
LAYER V transform rel_l2=0 max_abs=0
LAYER attention Y rel_l2=9.06258533e-08 max_abs=3.07722745e-07
LAYER attention dQ rel_l2=1.79749766e-07 max_abs=1.32489495e-10
LAYER attention dK rel_l2=1.89348514e-07 max_abs=1.75847584e-10
LAYER attention dV rel_l2=1.58664196e-07 max_abs=3.1477771e-10
LAYER post Y rel_l2=0 max_abs=0
LAYER post finite difference rel_l2=1.34243182e-11 max_abs=4.05453449e-13
LAYER post dY rel_l2=0 max_abs=0
LAYER post dV side rel_l2=0 max_abs=0
LAYER post dAlpha rel_l2=0 max_abs=0
LAYER post dGate rel_l2=4.08264109e-08 max_abs=4.65661287e-09
LAYER QKV backward rel_l2=3.65285718e-08 max_abs=8.62364798e-11
LAYER gain gradients rel_l2=1.26064819e-07 max_abs=3.17994808e-09
LAYER BF16 projection/product rel_l2=7.25477946e-07 max_abs=8.94069672e-07
LAYER BF16 projection/product rel_l2=8.67094486e-08 max_abs=2.98023224e-08
LAYER BF16 projection/product rel_l2=5.71235131e-08 max_abs=2.32830644e-10
LAYER BF16 projection/product rel_l2=9.48606153e-08 max_abs=1.16415322e-10
LAYER BF16 projection/product rel_l2=1.04280248e-07 max_abs=5.82076609e-10
LAYER BF16 projection/product rel_l2=9.13170334e-08 max_abs=3.7252903e-09
LAYER last-layer GELU rel_l2=4.0273048e-08 max_abs=5.63392253e-08
LAYER last-layer coefficient affine rel_l2=2.73370562e-08 max_abs=5.66192284e-08
LAYER last-layer GELU backward rel_l2=4.57400709e-08 max_abs=1.37155405e-10
LAYER last-layer coefficient partial rel_l2=1.20147674e-07 max_abs=8.49831849e-09
LAYER last-layer coefficient partial rel_l2=5.94442696e-08 max_abs=1.04482751e-08
LAYER last-layer coefficient partial rel_l2=7.57200049e-08 max_abs=1.12231646e-08
LAYER last-layer coefficient partial rel_l2=5.1298009e-08 max_abs=2.72393663e-10
LAYER last-layer coefficient partial rel_l2=6.3973738e-08 max_abs=1.30967237e-10
LAYER last-layer coefficient partial rel_l2=6.75684016e-08 max_abs=1.73713488e-10
LAYER last-layer coefficient partial rel_l2=3.55213132e-08 max_abs=9.82254278e-11
LAYER last-layer coefficient partial rel_l2=1.0308386e-07 max_abs=6.63567334e-09
LAYER last-layer coefficient partial rel_l2=5.83798957e-08 max_abs=1.28056854e-09
LAYER last-layer coefficient partial rel_l2=5.14162757e-08 max_abs=7.47968443e-09
LAYER last-layer coefficient partial rel_l2=5.99977503e-08 max_abs=8.20728019e-09
LAYER last-layer residual mix rel_l2=2.35467962e-08 max_abs=5.96046448e-08
LAYER last-layer residual mix rel_l2=6.54233018e-09 max_abs=5.82076609e-10
LAYER last-layer residual mix rel_l2=2.53489088e-08 max_abs=7.54371285e-08
LAYER last-layer shared RMS rel_l2=4.81504848e-08 max_abs=4.24890444e-07
LAYER last-layer shared RMS backward rel_l2=5.48038861e-08 max_abs=4.02356766e-10
TAIL ATen eager diagnostic mu rel_l2=0.00298609766 max_abs=0.00390625 changed=150/800
TAIL ATen eager diagnostic mug rel_l2=0 max_abs=0 changed=0/9600
TAIL ATen eager diagnostic mixed rel_l2=0.00533619361 max_abs=0.01171875 changed=39279/61440
TAIL ATen eager diagnostic RMS from native mixed rel_l2=0 max_abs=0 changed=0/61440
TAIL ATen eager diagnostic output rel_l2=0.00554220911 max_abs=0.046875 changed=39497/61440
TAIL ATen eager diagnostic dx rel_l2=0.00202494722 max_abs=0.000244140625 changed=13891/61440
TAIL ATen eager diagnostic source_0 rel_l2=0.00440662359 max_abs=7.62939453e-06 changed=25394/61440
TAIL ATen eager diagnostic source_1 rel_l2=0.00406651025 max_abs=0.000183105469 changed=28397/61440
TAIL ATen eager diagnostic source_2 rel_l2=0.00446407125 max_abs=7.62939453e-06 changed=25951/61440
TAIL ATen eager diagnostic source_3 rel_l2=0.00391411788 max_abs=3.81469727e-06 changed=22334/61440
TAIL ATen eager diagnostic source_4 rel_l2=0.00370532838 max_abs=3.81469727e-06 changed=22691/61440
TAIL ATen eager diagnostic source_5 rel_l2=0.00391607391 max_abs=3.81469727e-06 changed=23162/61440
TAIL ATen eager diagnostic source_6 rel_l2=0.00354306951 max_abs=3.81469727e-06 changed=21981/61440
TAIL ATen eager diagnostic source_7 rel_l2=0.00337154553 max_abs=3.81469727e-06 changed=20663/61440
TAIL ATen eager diagnostic source_8 rel_l2=0.00378335746 max_abs=3.81469727e-06 changed=24161/61440
TAIL ATen eager diagnostic source_9 rel_l2=0.00357723764 max_abs=3.81469727e-06 changed=20994/61440
TAIL ATen eager diagnostic dw1 rel_l2=0.00637510681 max_abs=8.39233398e-05 changed=36174/49152
TAIL ATen eager diagnostic dw2 rel_l2=0.0060964703 max_abs=0.000366210938 changed=449/896
TAIL ATen eager diagnostic dbias rel_l2=0.00300203734 max_abs=0.000366210938 changed=7/14
TAIL ATen eager diagnostic dwg rel_l2=0.00408900819 max_abs=0.000244140625 changed=4558/10752
LAST_LAYER PASS tokens=80 vocabulary=2048 workers=1 step=0 tasks=9469 phases=83
LOSS FP64 max_loss=7.66607101e-07 max_raw_gradient=0.00081642337
LOSS FP64 max_descaled_gradient=1.06779704e-08 gradient_rel_l2=1.54271051e-07
LOSS pinned CUDA max_loss=0 gradient_rel_l2=0 changed_codes=0/804864
HEAD product=0 M=16 N=50304 K=768 rel_l2=1.27591149e-08 max_abs=9.53674316e-07
HEAD product=1 M=16 N=768 K=50304 rel_l2=9.72436516e-07 max_abs=1.95577741e-08
HEAD product=2 M=768 N=50304 K=16 rel_l2=6.97636574e-08 max_abs=4.47034836e-08
LAYER BF16 projection/product rel_l2=7.50756452e-07 max_abs=9.53674316e-07
LAYER BF16 projection/product rel_l2=8.76149982e-08 max_abs=2.98023224e-08
LAYER BF16 projection/product rel_l2=8.199021e-08 max_abs=2.98023224e-08
LAYER BF16 projection/product rel_l2=2.7347827e-08 max_abs=2.32830644e-10
LAYER BF16 projection/product rel_l2=7.85924329e-08 max_abs=9.31322575e-10
LAYER BF16 projection/product rel_l2=8.82314127e-08 max_abs=3.49245965e-10
LAYER BF16 projection/product rel_l2=3.98240297e-08 max_abs=4.65661287e-10
LAYER BF16 projection/product rel_l2=4.41658281e-08 max_abs=1.86264515e-09
LAYER BF16 projection/product rel_l2=3.75650139e-08 max_abs=1.86264515e-09
LAYER tail forward gate rel_l2=4.20346902e-08 max_abs=5.63392253e-08
LAYER tail forward gate rel_l2=2.02338213e-08 max_abs=1.95104803e-08
LAYER tail forward gate rel_l2=2.5576599e-08 max_abs=8.65838956e-10
LAYER tail coefficient adjoints rel_l2=4.19655348e-08 max_abs=2.56113708e-09
LAYER tail coefficient adjoints rel_l2=4.0147938e-08 max_abs=2.79396772e-09
LAYER tail coefficient adjoints rel_l2=3.37430198e-08 max_abs=1.62981451e-09
LAYER tail coefficient adjoints rel_l2=3.78185354e-08 max_abs=2.09547579e-09
LAYER tail coefficient adjoints rel_l2=3.64593085e-08 max_abs=1.41153578e-09
LAYER tail coefficient adjoints rel_l2=3.76166105e-08 max_abs=1.86264515e-09
LAYER tail coefficient adjoints rel_l2=4.26255359e-08 max_abs=2.09547579e-09
LAYER tail coefficient adjoints rel_l2=3.85649591e-08 max_abs=1.97906047e-09
LAYER tail coefficient adjoints rel_l2=3.88509691e-08 max_abs=1.3038516e-08
LAYER tail coefficient adjoints rel_l2=3.85999424e-08 max_abs=9.31322575e-09
LAYER tail mixing rel_l2=5.83238086e-08 max_abs=1.32247806e-07
LAYER tail RMS rel_l2=4.72001809e-08 max_abs=2.70422768e-07
LAYER tail RMS backward rel_l2=5.44987909e-08 max_abs=3.28542152e-09
LAYER tail shared GELU gradient rel_l2=4.55088443e-08 max_abs=2.85196851e-10
LAYER suffix FP8 MLP product rel_l2=2.78786598e-08 max_abs=1.1920929e-07
LAYER suffix FP8 MLP product rel_l2=1.30524792e-07 max_abs=1.78813934e-07
LAYER suffix FP8 MLP product rel_l2=1.76283649e-08 max_abs=4.65661287e-10
LAYER suffix FP8 MLP product rel_l2=7.54932468e-08 max_abs=4.65661287e-10
LAYER suffix FP8 MLP product rel_l2=3.48589007e-09 max_abs=1.86264515e-09
LAYER suffix FP8 MLP product rel_l2=4.79016887e-09 max_abs=3.7252903e-09
LAYER suffix RMS rel_l2=5.05895831e-08 max_abs=3.81270591e-07
LAYER suffix RMS backward rel_l2=5.87830781e-08 max_abs=1.78328339e-09
LAYER suffix residual rel_l2=1.59977985e-09 max_abs=1.49011612e-08
LAYER suffix residual coefficient rel_l2=1.18897873e-07 max_abs=6.44649845e-09
LAYER suffix MLP coefficient rel_l2=6.01477988e-08 max_abs=4.08181222e-09
LAYER FP8 projection/product rel_l2=3.28301583e-08 max_abs=3.57627869e-07
LAYER FP8 projection/product rel_l2=0 max_abs=0
LAYER FP8 projection/product rel_l2=9.53277282e-09 max_abs=5.82076609e-11
LAYER BF16 projection/product rel_l2=7.43969877e-07 max_abs=1.41561031e-07
LAYER BF16 projection/product rel_l2=7.1625763e-07 max_abs=1.67638063e-08
LAYER BF16 projection/product rel_l2=4.81365212e-08 max_abs=4.65661287e-10
LAYER Q transform rel_l2=7.04748711e-05 max_abs=0.0078125
LAYER K transform rel_l2=0 max_abs=0
LAYER V transform rel_l2=0 max_abs=0
LAYER attention Y rel_l2=5.45783204e-08 max_abs=2.67760093e-07
LAYER attention dQ rel_l2=1.49570192e-07 max_abs=1.00695051e-10
LAYER attention dK rel_l2=1.44752364e-07 max_abs=1.08697588e-10
LAYER attention dV rel_l2=7.21626749e-08 max_abs=1.416954e-10
LAYER post Y rel_l2=0 max_abs=0
LAYER post finite difference rel_l2=5.48932593e-12 max_abs=2.28705943e-13
LAYER post dY rel_l2=0 max_abs=0
LAYER post dV side rel_l2=0 max_abs=0
LAYER post dAlpha rel_l2=0 max_abs=0
LAYER post dGate rel_l2=4.79374074e-08 max_abs=3.84170562e-09
LAYER QKV backward rel_l2=2.77448804e-08 max_abs=7.83080022e-11
LAYER gain gradients rel_l2=1.17061609e-07 max_abs=5.16404899e-09
LAYER BF16 projection/product rel_l2=7.28888269e-07 max_abs=9.53674316e-07
LAYER BF16 projection/product rel_l2=7.95362774e-08 max_abs=1.49011612e-08
LAYER BF16 projection/product rel_l2=5.78080978e-08 max_abs=2.32830644e-10
LAYER BF16 projection/product rel_l2=9.05793257e-08 max_abs=1.16415322e-10
LAYER BF16 projection/product rel_l2=3.92259729e-08 max_abs=2.32830644e-10
LAYER BF16 projection/product rel_l2=3.34891637e-08 max_abs=9.31322575e-10
LAYER last-layer GELU rel_l2=4.09877533e-08 max_abs=5.49785375e-08
LAYER last-layer coefficient affine rel_l2=2.51153459e-08 max_abs=5.65842129e-08
LAYER last-layer GELU backward rel_l2=4.74635823e-08 max_abs=1.2170665e-10
LAYER last-layer coefficient partial rel_l2=1.00027494e-07 max_abs=5.10044629e-09
LAYER last-layer coefficient partial rel_l2=4.88212697e-08 max_abs=5.67524694e-09
LAYER last-layer coefficient partial rel_l2=4.87584279e-08 max_abs=5.04587661e-09
LAYER last-layer coefficient partial rel_l2=7.32517157e-08 max_abs=2.1464075e-10
LAYER last-layer coefficient partial rel_l2=6.6126794e-08 max_abs=2.49201548e-10
LAYER last-layer coefficient partial rel_l2=7.02851829e-08 max_abs=2.60342858e-10
LAYER last-layer coefficient partial rel_l2=6.02856437e-08 max_abs=1.36424205e-10
LAYER last-layer coefficient partial rel_l2=8.65678973e-08 max_abs=5.23868948e-09
LAYER last-layer coefficient partial rel_l2=4.37534052e-08 max_abs=9.31322575e-10
LAYER last-layer coefficient partial rel_l2=4.33215443e-08 max_abs=5.31144906e-09
LAYER last-layer coefficient partial rel_l2=1.01704055e-07 max_abs=7.25958671e-09
LAYER last-layer residual mix rel_l2=2.22250756e-08 max_abs=5.21540642e-08
LAYER last-layer residual mix rel_l2=5.34526064e-09 max_abs=4.65661287e-10
LAYER last-layer residual mix rel_l2=2.71952176e-08 max_abs=5.96046448e-08
LAYER last-layer shared RMS rel_l2=4.80946335e-08 max_abs=3.11908699e-07
LAYER last-layer shared RMS backward rel_l2=6.02231138e-08 max_abs=6.31624284e-10
TAIL ATen eager diagnostic mu rel_l2=0.00276423654 max_abs=0.00390625 changed=34/160
TAIL ATen eager diagnostic mug rel_l2=0 max_abs=0 changed=0/1920
TAIL ATen eager diagnostic mixed rel_l2=0.00538496731 max_abs=0.01171875 changed=7769/12288
TAIL ATen eager diagnostic RMS from native mixed rel_l2=0 max_abs=0 changed=0/12288
TAIL ATen eager diagnostic output rel_l2=0.00562529139 max_abs=0.0625 changed=7848/12288
TAIL ATen eager diagnostic dx rel_l2=0.00208936189 max_abs=0.000122070312 changed=3068/12288
TAIL ATen eager diagnostic source_0 rel_l2=0.00422360135 max_abs=3.81469727e-06 changed=5557/12288
TAIL ATen eager diagnostic source_1 rel_l2=0.00366055132 max_abs=0.000122070312 changed=5168/12288
TAIL ATen eager diagnostic source_2 rel_l2=0.00359895241 max_abs=3.81469727e-06 changed=4582/12288
TAIL ATen eager diagnostic source_3 rel_l2=0.00371123093 max_abs=3.81469727e-06 changed=4577/12288
TAIL ATen eager diagnostic source_4 rel_l2=0.00409503815 max_abs=3.81469727e-06 changed=4768/12288
TAIL ATen eager diagnostic source_5 rel_l2=0.00393032554 max_abs=3.81469727e-06 changed=5429/12288
TAIL ATen eager diagnostic source_6 rel_l2=0.00375529857 max_abs=3.81469727e-06 changed=4358/12288
TAIL ATen eager diagnostic source_7 rel_l2=0.00389748946 max_abs=1.90734863e-06 changed=5457/12288
TAIL ATen eager diagnostic source_8 rel_l2=0.00349308066 max_abs=3.81469727e-06 changed=4346/12288
TAIL ATen eager diagnostic source_9 rel_l2=0.00355189379 max_abs=3.81469727e-06 changed=4145/12288
TAIL ATen eager diagnostic dw1 rel_l2=0.00816523559 max_abs=6.10351562e-05 changed=37277/49152
TAIL ATen eager diagnostic dw2 rel_l2=0.0088400624 max_abs=0.000244140625 changed=439/896
TAIL ATen eager diagnostic dbias rel_l2=0.00589268313 max_abs=0.000213623047 changed=6/14
TAIL ATen eager diagnostic dwg rel_l2=0.0047213062 max_abs=0.000122070312 changed=4525/10752
LAST_LAYER PASS tokens=16 vocabulary=50304 workers=17 step=0 tasks=16138 phases=83
LOSS FP64 max_loss=9.63354539e-07 max_raw_gradient=0.000272817084
LOSS FP64 max_descaled_gradient=3.56816432e-09 gradient_rel_l2=5.00149684e-08
LOSS pinned CUDA max_loss=2.86102295e-06 gradient_rel_l2=0 changed_codes=0/12877824
HEAD product=0 M=256 N=50304 K=768 rel_l2=1.36352055e-08 max_abs=9.53674316e-07
HEAD product=1 M=256 N=768 K=50304 rel_l2=9.71987208e-07 max_abs=2.42143869e-08
HEAD product=2 M=768 N=50304 K=256 rel_l2=1.60809214e-07 max_abs=5.96046448e-07
LAYER BF16 projection/product rel_l2=7.20510101e-07 max_abs=1.1920929e-06
LAYER BF16 projection/product rel_l2=8.16353741e-08 max_abs=2.98023224e-08
LAYER BF16 projection/product rel_l2=8.27407263e-08 max_abs=5.96046448e-08
LAYER BF16 projection/product rel_l2=3.42414313e-08 max_abs=9.31322575e-10
LAYER BF16 projection/product rel_l2=8.2852524e-08 max_abs=9.31322575e-10
LAYER BF16 projection/product rel_l2=9.63707918e-08 max_abs=6.98491931e-10
LAYER BF16 projection/product rel_l2=2.62755906e-07 max_abs=1.11758709e-08
LAYER BF16 projection/product rel_l2=2.70292638e-07 max_abs=5.96046448e-08
LAYER BF16 projection/product rel_l2=2.36196011e-07 max_abs=2.60770321e-08
LAYER tail forward gate rel_l2=4.05059557e-08 max_abs=6.45967018e-08
LAYER tail forward gate rel_l2=2.6294275e-08 max_abs=2.82961992e-08
LAYER tail forward gate rel_l2=2.49124678e-08 max_abs=8.80390871e-10
LAYER tail coefficient adjoints rel_l2=3.81766968e-08 max_abs=2.99769454e-09
LAYER tail coefficient adjoints rel_l2=3.85542459e-08 max_abs=4.07453626e-09
LAYER tail coefficient adjoints rel_l2=3.9081148e-08 max_abs=2.6775524e-09
LAYER tail coefficient adjoints rel_l2=4.02282054e-08 max_abs=4.30736691e-09
LAYER tail coefficient adjoints rel_l2=3.97277368e-08 max_abs=3.37604433e-09
LAYER tail coefficient adjoints rel_l2=3.83094199e-08 max_abs=3.02679837e-09
LAYER tail coefficient adjoints rel_l2=3.81480273e-08 max_abs=3.25962901e-09
LAYER tail coefficient adjoints rel_l2=3.96451532e-08 max_abs=3.25962901e-09
LAYER tail coefficient adjoints rel_l2=3.90730849e-08 max_abs=1.23400241e-08
LAYER tail coefficient adjoints rel_l2=3.8414312e-08 max_abs=1.54977897e-08
LAYER tail mixing rel_l2=6.0312455e-08 max_abs=1.71363354e-07
LAYER tail RMS rel_l2=5.44844438e-08 max_abs=4.39668841e-07
LAYER tail RMS backward rel_l2=6.04659032e-08 max_abs=4.34778757e-09
LAYER tail shared GELU gradient rel_l2=4.70170433e-08 max_abs=7.15837445e-10
LAYER suffix FP8 MLP product rel_l2=2.81796035e-08 max_abs=3.57627869e-07
LAYER suffix FP8 MLP product rel_l2=1.20009602e-07 max_abs=2.38418579e-07
LAYER suffix FP8 MLP product rel_l2=1.87192301e-08 max_abs=9.31322575e-10
LAYER suffix FP8 MLP product rel_l2=7.18620562e-08 max_abs=9.31322575e-10
LAYER suffix FP8 MLP product rel_l2=8.48804002e-09 max_abs=1.49011612e-08
LAYER suffix FP8 MLP product rel_l2=1.35396743e-08 max_abs=2.98023224e-08
LAYER suffix RMS rel_l2=5.16756036e-08 max_abs=5.62644036e-07
LAYER suffix RMS backward rel_l2=5.79464692e-08 max_abs=2.11935658e-09
LAYER suffix residual rel_l2=1.80135245e-09 max_abs=2.98023224e-08
LAYER suffix residual coefficient rel_l2=9.35345553e-08 max_abs=6.57746568e-09
LAYER suffix MLP coefficient rel_l2=7.10211712e-08 max_abs=8.68021743e-09
LAYER FP8 projection/product rel_l2=3.41826101e-08 max_abs=4.76837158e-07
LAYER FP8 projection/product rel_l2=0 max_abs=0
LAYER FP8 projection/product rel_l2=6.95394711e-09 max_abs=8.73114914e-11
LAYER BF16 projection/product rel_l2=8.14752501e-07 max_abs=1.78813934e-07
LAYER BF16 projection/product rel_l2=6.84894603e-07 max_abs=2.04890966e-08
LAYER BF16 projection/product rel_l2=3.49846501e-07 max_abs=5.58793545e-09
LAYER Q transform rel_l2=9.77040217e-08 max_abs=3.05175781e-05
LAYER K transform rel_l2=8.81064609e-06 max_abs=0.00390625
LAYER V transform rel_l2=0 max_abs=0
LAYER attention Y rel_l2=1.23246303e-07 max_abs=4.09503956e-07
LAYER attention dQ rel_l2=2.03235828e-07 max_abs=2.53114644e-10
LAYER attention dK rel_l2=2.11510517e-07 max_abs=1.54488377e-10
LAYER attention dV rel_l2=1.88803055e-07 max_abs=4.63695022e-10
LAYER post Y rel_l2=0 max_abs=0
LAYER post finite difference rel_l2=4.0493751e-12 max_abs=6.33798569e-14
LAYER post dY rel_l2=0 max_abs=0
LAYER post dV side rel_l2=0 max_abs=0
LAYER post dAlpha rel_l2=0 max_abs=0
LAYER post dGate rel_l2=5.08077158e-08 max_abs=5.00585884e-09
LAYER QKV backward rel_l2=4.10022607e-08 max_abs=1.06330207e-10
LAYER gain gradients rel_l2=3.39580957e-07 max_abs=5.05321818e-09
LAYER BF16 projection/product rel_l2=7.38920561e-07 max_abs=1.13248825e-06
LAYER BF16 projection/product rel_l2=8.60033406e-08 max_abs=2.98023224e-08
LAYER BF16 projection/product rel_l2=6.11414855e-08 max_abs=2.32830644e-10
LAYER BF16 projection/product rel_l2=9.60641825e-08 max_abs=2.32830644e-10
LAYER BF16 projection/product rel_l2=2.66937659e-07 max_abs=1.86264515e-09
LAYER BF16 projection/product rel_l2=2.52282912e-07 max_abs=1.11758709e-08
LAYER last-layer GELU rel_l2=4.04911121e-08 max_abs=6.45967018e-08
LAYER last-layer coefficient affine rel_l2=2.79127372e-08 max_abs=5.66212748e-08
LAYER last-layer GELU backward rel_l2=4.63315233e-08 max_abs=2.01830132e-10
LAYER last-layer coefficient partial rel_l2=1.01915289e-07 max_abs=9.05129127e-09
LAYER last-layer coefficient partial rel_l2=5.83262686e-08 max_abs=9.34232958e-09
LAYER last-layer coefficient partial rel_l2=6.32888955e-08 max_abs=1.24709914e-08
LAYER last-layer coefficient partial rel_l2=6.15636524e-08 max_abs=1.6643753e-10
LAYER last-layer coefficient partial rel_l2=9.11281544e-08 max_abs=2.45563569e-10
LAYER last-layer coefficient partial rel_l2=6.60078877e-08 max_abs=1.5961632e-10
LAYER last-layer coefficient partial rel_l2=5.65807519e-08 max_abs=1.2187229e-10
LAYER last-layer coefficient partial rel_l2=1.03064808e-07 max_abs=1.44791557e-08
LAYER last-layer coefficient partial rel_l2=5.56336535e-08 max_abs=1.16415322e-09
LAYER last-layer coefficient partial rel_l2=5.37726524e-08 max_abs=9.31322575e-09
LAYER last-layer coefficient partial rel_l2=6.49493821e-08 max_abs=1.22236088e-08
LAYER last-layer residual mix rel_l2=2.31997724e-08 max_abs=5.96046448e-08
LAYER last-layer residual mix rel_l2=5.79613714e-09 max_abs=9.31322575e-10
LAYER last-layer residual mix rel_l2=2.63527553e-08 max_abs=8.94069672e-08
LAYER last-layer shared RMS rel_l2=4.8556046e-08 max_abs=4.11921787e-07
LAYER last-layer shared RMS backward rel_l2=5.40489579e-08 max_abs=5.81936642e-10
TAIL ATen eager diagnostic mu rel_l2=0.00297955728 max_abs=0.00390625 changed=563/2560
TAIL ATen eager diagnostic mug rel_l2=0 max_abs=0 changed=0/30720
TAIL ATen eager diagnostic mixed rel_l2=0.00544153343 max_abs=0.01171875 changed=126185/196608
TAIL ATen eager diagnostic RMS from native mixed rel_l2=0 max_abs=0 changed=0/196608
TAIL ATen eager diagnostic output rel_l2=0.00566443489 max_abs=0.0625 changed=126461/196608
TAIL ATen eager diagnostic dx rel_l2=0.00207529037 max_abs=0.000244140625 changed=46622/196608
TAIL ATen eager diagnostic source_0 rel_l2=0.00386657938 max_abs=7.62939453e-06 changed=78833/196608
TAIL ATen eager diagnostic source_1 rel_l2=0.00401003743 max_abs=0.000183105469 changed=89168/196608
TAIL ATen eager diagnostic source_2 rel_l2=0.00403588493 max_abs=7.62939453e-06 changed=75067/196608
TAIL ATen eager diagnostic source_3 rel_l2=0.0039174111 max_abs=7.62939453e-06 changed=72433/196608
TAIL ATen eager diagnostic source_4 rel_l2=0.00383894363 max_abs=7.62939453e-06 changed=73006/196608
TAIL ATen eager diagnostic source_5 rel_l2=0.00398589863 max_abs=3.81469727e-06 changed=77783/196608
TAIL ATen eager diagnostic source_6 rel_l2=0.00392043739 max_abs=7.62939453e-06 changed=82455/196608
TAIL ATen eager diagnostic source_7 rel_l2=0.00418387596 max_abs=7.62939453e-06 changed=77254/196608
TAIL ATen eager diagnostic source_8 rel_l2=0.00375283773 max_abs=7.62939453e-06 changed=80503/196608
TAIL ATen eager diagnostic source_9 rel_l2=0.00378571539 max_abs=7.62939453e-06 changed=77770/196608
TAIL ATen eager diagnostic dw1 rel_l2=0.00670010459 max_abs=0.000213623047 changed=36330/49152
TAIL ATen eager diagnostic dw2 rel_l2=0.00636617605 max_abs=0.000732421875 changed=434/896
TAIL ATen eager diagnostic dbias rel_l2=0.0113253887 max_abs=0.0029296875 changed=10/14
TAIL ATen eager diagnostic dwg rel_l2=0.00422144367 max_abs=0.000244140625 changed=4632/10752
LAST_LAYER PASS tokens=256 vocabulary=50304 workers=528 step=0 tasks=44183 phases=83
LAST_LAYER CUDA Graph median_ms=3.646976 samples_ms= 3.646560 3.660544 3.650560 3.642272 3.636000 3.647392 3.645408 3.655680 3.645344 3.647680
LAST_LAYER CUDA Graph four-block occupancy median_ms=3.661952 samples_ms= 3.667616 3.666848 3.661312 3.673440 3.662592 3.658880 3.661248 3.659200 3.670752 3.648960
LAST_LAYER persistent+reset median_ms=4.239728 samples_ms= 4.230048 4.211456 4.272896 4.076704 4.254944 4.249408 4.259488 4.267200 4.081088 4.101504
PASS: last-layer attention and MUDD network connected to MLP/loss/backward; earlier body and compiled parity remain

$ compute-sanitizer --version
NVIDIA (R) Compute Sanitizer
Copyright (c) 2020-2025 NVIDIA Corporation
Version 2025.1.0.0 (build 35583870) (public-release)

$ compute-sanitizer --tool memcheck --error-exitcode 1 /workspace/cuda/last_layer --quick --native-only
========= COMPUTE-SANITIZER
GPU[0]=NVIDIA H100 80GB HBM3 SMs=132 runtime=12080
Native-only checks: ATen tail diagnostic excluded; cuBLAS, FP64 and replay gates remain enabled
LOSS FP64 max_loss=8.76910359e-07 max_raw_gradient=0.000743292819
LOSS FP64 max_descaled_gradient=9.72149867e-09 gradient_rel_l2=1.4017457e-07
LOSS pinned CUDA max_loss=0 gradient_rel_l2=0 changed_codes=0/32768
HEAD product=0 M=16 N=2048 K=768 rel_l2=1.87118916e-08 max_abs=4.76837158e-07
HEAD product=1 M=16 N=768 K=2048 rel_l2=1.09878616e-07 max_abs=2.79396772e-09
HEAD product=2 M=768 N=2048 K=16 rel_l2=2.29130067e-08 max_abs=2.98023224e-08
LAYER BF16 projection/product rel_l2=7.50756452e-07 max_abs=9.53674316e-07
LAYER BF16 projection/product rel_l2=8.76149982e-08 max_abs=2.98023224e-08
LAYER BF16 projection/product rel_l2=8.199021e-08 max_abs=2.98023224e-08
LAYER BF16 projection/product rel_l2=3.5386841e-08 max_abs=4.65661287e-10
LAYER BF16 projection/product rel_l2=9.00758829e-08 max_abs=9.31322575e-10
LAYER BF16 projection/product rel_l2=9.40505793e-08 max_abs=3.49245965e-10
LAYER BF16 projection/product rel_l2=4.41849263e-08 max_abs=9.31322575e-10
LAYER BF16 projection/product rel_l2=2.74007593e-08 max_abs=1.86264515e-09
LAYER BF16 projection/product rel_l2=3.92406286e-08 max_abs=1.86264515e-09
LAYER tail forward gate rel_l2=4.20346902e-08 max_abs=5.63392253e-08
LAYER tail forward gate rel_l2=2.02338213e-08 max_abs=1.95104803e-08
LAYER tail forward gate rel_l2=2.5576599e-08 max_abs=8.65838956e-10
LAYER tail coefficient adjoints rel_l2=4.34691866e-08 max_abs=3.7252903e-09
LAYER tail coefficient adjoints rel_l2=3.89410845e-08 max_abs=1.86264515e-09
LAYER tail coefficient adjoints rel_l2=3.80949613e-08 max_abs=2.33740138e-09
LAYER tail coefficient adjoints rel_l2=4.14290652e-08 max_abs=2.32830644e-09
LAYER tail coefficient adjoints rel_l2=3.72996972e-08 max_abs=1.86264515e-09
LAYER tail coefficient adjoints rel_l2=4.18309858e-08 max_abs=2.03726813e-09
LAYER tail coefficient adjoints rel_l2=3.85889426e-08 max_abs=2.5574991e-09
LAYER tail coefficient adjoints rel_l2=3.44398774e-08 max_abs=1.86264515e-09
LAYER tail coefficient adjoints rel_l2=3.72869994e-08 max_abs=1.11758709e-08
LAYER tail coefficient adjoints rel_l2=3.53028026e-08 max_abs=9.31322575e-09
LAYER tail mixing rel_l2=5.83238086e-08 max_abs=1.32247806e-07
LAYER tail RMS rel_l2=4.72001809e-08 max_abs=2.70422768e-07
LAYER tail RMS backward rel_l2=5.35687187e-08 max_abs=2.81958071e-09
LAYER tail shared GELU gradient rel_l2=4.75275895e-08 max_abs=4.66013363e-10
LAYER suffix FP8 MLP product rel_l2=2.78786598e-08 max_abs=1.1920929e-07
LAYER suffix FP8 MLP product rel_l2=1.30524792e-07 max_abs=1.78813934e-07
LAYER suffix FP8 MLP product rel_l2=1.9222198e-08 max_abs=4.65661287e-10
LAYER suffix FP8 MLP product rel_l2=7.34268372e-08 max_abs=4.65661287e-10
LAYER suffix FP8 MLP product rel_l2=2.06957599e-09 max_abs=3.7252903e-09
LAYER suffix FP8 MLP product rel_l2=4.99198123e-09 max_abs=7.4505806e-09
LAYER suffix RMS rel_l2=5.05895831e-08 max_abs=3.81270591e-07
LAYER suffix RMS backward rel_l2=5.8404109e-08 max_abs=1.79951637e-09
LAYER suffix residual rel_l2=1.59977985e-09 max_abs=1.49011612e-08
LAYER suffix residual coefficient rel_l2=9.01048315e-08 max_abs=4.78758011e-09
LAYER suffix MLP coefficient rel_l2=6.40779754e-08 max_abs=6.1118044e-09
LAYER FP8 projection/product rel_l2=3.28301583e-08 max_abs=3.57627869e-07
LAYER FP8 projection/product rel_l2=0 max_abs=0
LAYER FP8 projection/product rel_l2=1.11959486e-08 max_abs=5.82076609e-11
LAYER BF16 projection/product rel_l2=7.43969877e-07 max_abs=1.41561031e-07
LAYER BF16 projection/product rel_l2=7.0068816e-07 max_abs=1.67638063e-08
LAYER BF16 projection/product rel_l2=4.79478906e-08 max_abs=9.31322575e-10
LAYER Q transform rel_l2=7.04748711e-05 max_abs=0.0078125
LAYER K transform rel_l2=0 max_abs=0
LAYER V transform rel_l2=0 max_abs=0
LAYER attention Y rel_l2=5.45783204e-08 max_abs=2.67760093e-07
LAYER attention dQ rel_l2=1.41422984e-07 max_abs=6.98296791e-11
LAYER attention dK rel_l2=1.37788831e-07 max_abs=7.85632879e-11
LAYER attention dV rel_l2=7.17062622e-08 max_abs=1.24236322e-10
LAYER post Y rel_l2=0 max_abs=0
LAYER post finite difference rel_l2=1.2955786e-11 max_abs=3.30430128e-14
LAYER post dY rel_l2=0 max_abs=0
LAYER post dV side rel_l2=0 max_abs=0
LAYER post dAlpha rel_l2=0 max_abs=0
LAYER post dGate rel_l2=4.79460505e-08 max_abs=4.56930138e-09
LAYER QKV backward rel_l2=2.98089633e-08 max_abs=8.42984258e-11
LAYER gain gradients rel_l2=1.73676285e-06 max_abs=2.33705444e-09
LAYER BF16 projection/product rel_l2=7.28888269e-07 max_abs=9.53674316e-07
LAYER BF16 projection/product rel_l2=7.95362774e-08 max_abs=1.49011612e-08
LAYER BF16 projection/product rel_l2=6.18079303e-08 max_abs=2.32830644e-10
LAYER BF16 projection/product rel_l2=8.98850961e-08 max_abs=8.73114914e-11
LAYER BF16 projection/product rel_l2=3.91129718e-08 max_abs=1.16415322e-10
LAYER BF16 projection/product rel_l2=4.0477434e-08 max_abs=9.31322575e-10
LAYER last-layer GELU rel_l2=4.09877533e-08 max_abs=5.49785375e-08
LAYER last-layer coefficient affine rel_l2=2.51153459e-08 max_abs=5.65842129e-08
LAYER last-layer GELU backward rel_l2=4.64519168e-08 max_abs=1.42177522e-10
LAYER last-layer coefficient partial rel_l2=8.44749081e-08 max_abs=3.47790774e-09
LAYER last-layer coefficient partial rel_l2=5.96411475e-08 max_abs=6.17001206e-09
LAYER last-layer coefficient partial rel_l2=8.68779333e-08 max_abs=7.89896148e-09
LAYER last-layer coefficient partial rel_l2=9.71433085e-08 max_abs=1.98497219e-10
LAYER last-layer coefficient partial rel_l2=8.57805599e-08 max_abs=1.42165391e-10
LAYER last-layer coefficient partial rel_l2=7.16672612e-08 max_abs=1.65073288e-10
LAYER last-layer coefficient partial rel_l2=4.19941662e-08 max_abs=7.36690708e-11
LAYER last-layer coefficient partial rel_l2=7.21577987e-08 max_abs=3.55066732e-09
LAYER last-layer coefficient partial rel_l2=5.6477902e-08 max_abs=8.00355338e-10
LAYER last-layer coefficient partial rel_l2=5.2699847e-08 max_abs=4.88944352e-09
LAYER last-layer coefficient partial rel_l2=6.32562697e-08 max_abs=5.00585884e-09
LAYER last-layer residual mix rel_l2=2.22250756e-08 max_abs=5.21540642e-08
LAYER last-layer residual mix rel_l2=5.34526064e-09 max_abs=4.65661287e-10
LAYER last-layer residual mix rel_l2=2.71952176e-08 max_abs=5.96046448e-08
LAYER last-layer shared RMS rel_l2=4.80946335e-08 max_abs=3.11908699e-07
LAYER last-layer shared RMS backward rel_l2=6.16429826e-08 max_abs=5.68119409e-10
LAST_LAYER PASS tokens=16 vocabulary=2048 workers=17 step=0 tasks=5576 phases=83
LOSS FP64 max_loss=5.45118198e-07 max_raw_gradient=0.000577133612
LOSS FP64 max_descaled_gradient=7.54830868e-09 gradient_rel_l2=1.1255777e-07
LOSS pinned CUDA max_loss=2.86102295e-06 gradient_rel_l2=0 changed_codes=0/32768
HEAD product=0 M=16 N=2048 K=768 rel_l2=2.15532169e-08 max_abs=7.15255737e-07
HEAD product=1 M=16 N=768 K=2048 rel_l2=1.0491004e-07 max_abs=2.32830644e-09
HEAD product=2 M=768 N=2048 K=16 rel_l2=2.56696304e-08 max_abs=4.47034836e-08
LAYER BF16 projection/product rel_l2=7.61496272e-07 max_abs=1.01327896e-06
LAYER BF16 projection/product rel_l2=0 max_abs=0
LAYER BF16 projection/product rel_l2=0 max_abs=0
LAYER BF16 projection/product rel_l2=0 max_abs=0
LAYER BF16 projection/product rel_l2=0 max_abs=0
LAYER BF16 projection/product rel_l2=0 max_abs=0
LAYER BF16 projection/product rel_l2=0 max_abs=0
LAYER BF16 projection/product rel_l2=3.01882748e-08 max_abs=1.86264515e-09
LAYER BF16 projection/product rel_l2=3.41260401e-08 max_abs=1.86264515e-09
LAYER tail forward gate rel_l2=4.15573396e-08 max_abs=5.63392253e-08
LAYER tail forward gate rel_l2=1.49280825e-08 max_abs=7.4505806e-09
LAYER tail forward gate rel_l2=0 max_abs=0
LAYER tail coefficient adjoints rel_l2=4.13887283e-08 max_abs=2.32830644e-09
LAYER tail coefficient adjoints rel_l2=4.69266549e-08 max_abs=3.49245965e-09
LAYER tail coefficient adjoints rel_l2=4.32043706e-08 max_abs=2.56113708e-09
LAYER tail coefficient adjoints rel_l2=3.71976725e-08 max_abs=2.09547579e-09
LAYER tail coefficient adjoints rel_l2=3.75708541e-08 max_abs=2.32830644e-09
LAYER tail coefficient adjoints rel_l2=4.50367881e-08 max_abs=3.37604433e-09
LAYER tail coefficient adjoints rel_l2=3.66276692e-08 max_abs=1.97906047e-09
LAYER tail coefficient adjoints rel_l2=3.84397841e-08 max_abs=4.19095159e-09
LAYER tail coefficient adjoints rel_l2=4.41447766e-08 max_abs=1.39698386e-08
LAYER tail coefficient adjoints rel_l2=4.13214811e-08 max_abs=9.77888703e-09
LAYER tail mixing rel_l2=5.39325665e-08 max_abs=1.13621354e-07
LAYER tail RMS rel_l2=5.49758697e-08 max_abs=4.41697245e-07
LAYER tail RMS backward rel_l2=6.16170598e-08 max_abs=4.62642621e-09
LAYER tail shared GELU gradient rel_l2=0 max_abs=0
LAYER suffix FP8 MLP product rel_l2=3.0771601e-08 max_abs=2.38418579e-07
LAYER suffix FP8 MLP product rel_l2=0 max_abs=0
LAYER suffix FP8 MLP product rel_l2=0 max_abs=0
LAYER suffix FP8 MLP product rel_l2=0 max_abs=0
LAYER suffix FP8 MLP product rel_l2=0 max_abs=0
LAYER suffix FP8 MLP product rel_l2=4.25310175e-09 max_abs=3.7252903e-09
LAYER suffix RMS rel_l2=4.94995149e-08 max_abs=3.81768707e-07
LAYER suffix RMS backward rel_l2=5.54914981e-08 max_abs=7.32284435e-11
LAYER suffix residual rel_l2=0 max_abs=0
LAYER suffix residual coefficient rel_l2=1.3199151e-07 max_abs=6.03904482e-09
LAYER suffix MLP coefficient rel_l2=0 max_abs=0
LAYER FP8 projection/product rel_l2=3.21750579e-08 max_abs=4.76837158e-07
LAYER FP8 projection/product rel_l2=0 max_abs=0
LAYER FP8 projection/product rel_l2=0 max_abs=0
LAYER BF16 projection/product rel_l2=0 max_abs=0
LAYER BF16 projection/product rel_l2=0 max_abs=0
LAYER BF16 projection/product rel_l2=4.80215602e-08 max_abs=4.65661287e-10
LAYER Q transform rel_l2=0 max_abs=0
LAYER K transform rel_l2=2.74895187e-07 max_abs=3.05175781e-05
LAYER V transform rel_l2=0 max_abs=0
LAYER attention Y rel_l2=5.10519247e-08 max_abs=2.82794289e-07
LAYER attention dQ rel_l2=0 max_abs=0
LAYER attention dK rel_l2=0 max_abs=0
LAYER attention dV rel_l2=0 max_abs=0
LAYER post Y rel_l2=0 max_abs=0
LAYER post finite difference rel_l2=0 max_abs=0
LAYER post dY rel_l2=0 max_abs=0
LAYER post dV side rel_l2=0 max_abs=0
LAYER post dAlpha rel_l2=0 max_abs=0
LAYER post dGate rel_l2=0 max_abs=0
LAYER QKV backward rel_l2=0 max_abs=0
LAYER gain gradients rel_l2=3.38416333e-07 max_abs=1.24469046e-09
LAYER BF16 projection/product rel_l2=7.31622904e-07 max_abs=1.07288361e-06
LAYER BF16 projection/product rel_l2=0 max_abs=0
LAYER BF16 projection/product rel_l2=0 max_abs=0
LAYER BF16 projection/product rel_l2=0 max_abs=0
LAYER BF16 projection/product rel_l2=0 max_abs=0
LAYER BF16 projection/product rel_l2=5.15650484e-08 max_abs=4.65661287e-10
LAYER last-layer GELU rel_l2=4.20908709e-08 max_abs=6.45967018e-08
LAYER last-layer coefficient affine rel_l2=1.49031453e-08 max_abs=1.49011612e-08
LAYER last-layer GELU backward rel_l2=0 max_abs=0
LAYER last-layer coefficient partial rel_l2=1.07659648e-07 max_abs=4.62750904e-09
LAYER last-layer coefficient partial rel_l2=9.01088255e-08 max_abs=6.19911589e-09
LAYER last-layer coefficient partial rel_l2=7.11974124e-08 max_abs=5.57338353e-09
LAYER last-layer coefficient partial rel_l2=0 max_abs=0
LAYER last-layer coefficient partial rel_l2=0 max_abs=0
LAYER last-layer coefficient partial rel_l2=0 max_abs=0
LAYER last-layer coefficient partial rel_l2=0 max_abs=0
LAYER last-layer coefficient partial rel_l2=1.49798993e-07 max_abs=5.82394932e-09
LAYER last-layer coefficient partial rel_l2=0 max_abs=0
LAYER last-layer coefficient partial rel_l2=9.01088255e-08 max_abs=6.19911589e-09
LAYER last-layer coefficient partial rel_l2=7.56052766e-08 max_abs=1.01426849e-08
LAYER last-layer residual mix rel_l2=1.97176036e-08 max_abs=5.96046448e-08
LAYER last-layer residual mix rel_l2=6.18084448e-09 max_abs=4.65661287e-10
LAYER last-layer residual mix rel_l2=1.37090035e-08 max_abs=2.98023224e-08
LAYER last-layer shared RMS rel_l2=5.83499134e-08 max_abs=4.0420963e-07
LAYER last-layer shared RMS backward rel_l2=6.21883033e-08 max_abs=5.84841216e-11
LAST_LAYER PASS tokens=16 vocabulary=2048 workers=17 step=1 tasks=5576 phases=83
LOSS FP64 max_loss=4.97898522e-07 max_raw_gradient=0.000222250808
LOSS FP64 max_descaled_gradient=5.81361982e-09 gradient_rel_l2=1.00091226e-07
LOSS pinned CUDA max_loss=1.90734863e-06 gradient_rel_l2=0 changed_codes=0/32768
HEAD product=0 M=16 N=2048 K=768 rel_l2=2.27639222e-08 max_abs=4.76837158e-07
HEAD product=1 M=16 N=768 K=2048 rel_l2=1.12164377e-07 max_abs=2.79396772e-09
HEAD product=2 M=768 N=2048 K=16 rel_l2=1.48570968e-08 max_abs=1.49011612e-08
LAYER BF16 projection/product rel_l2=7.08305958e-07 max_abs=1.78813934e-07
LAYER BF16 projection/product rel_l2=1.00623522e-07 max_abs=5.58793545e-09
LAYER BF16 projection/product rel_l2=8.32939243e-08 max_abs=7.4505806e-09
LAYER BF16 projection/product rel_l2=0 max_abs=0
LAYER BF16 projection/product rel_l2=3.83286607e-08 max_abs=9.31322575e-10
LAYER BF16 projection/product rel_l2=8.45619152e-08 max_abs=9.31322575e-10
LAYER BF16 projection/product rel_l2=3.90109224e-08 max_abs=2.32830644e-10
LAYER BF16 projection/product rel_l2=4.3028457e-08 max_abs=1.86264515e-09
LAYER BF16 projection/product rel_l2=3.69319827e-08 max_abs=9.31322575e-10
LAYER tail forward gate rel_l2=3.88916318e-08 max_abs=6.61536544e-09
LAYER tail forward gate rel_l2=2.29183656e-08 max_abs=1.93747383e-08
LAYER tail forward gate rel_l2=2.44928886e-08 max_abs=2.1282176e-10
LAYER tail coefficient adjoints rel_l2=0 max_abs=0
LAYER tail coefficient adjoints rel_l2=0 max_abs=0
LAYER tail coefficient adjoints rel_l2=0 max_abs=0
LAYER tail coefficient adjoints rel_l2=0 max_abs=0
LAYER tail coefficient adjoints rel_l2=0 max_abs=0
LAYER tail coefficient adjoints rel_l2=0 max_abs=0
LAYER tail coefficient adjoints rel_l2=0 max_abs=0
LAYER tail coefficient adjoints rel_l2=0 max_abs=0
LAYER tail coefficient adjoints rel_l2=3.62874166e-08 max_abs=2.98023224e-08
LAYER tail coefficient adjoints rel_l2=0 max_abs=0
LAYER tail mixing rel_l2=1.50287783e-08 max_abs=7.4505806e-09
LAYER tail RMS rel_l2=4.95217991e-08 max_abs=3.29326344e-07
LAYER tail RMS backward rel_l2=5.50036726e-08 max_abs=2.06478182e-08
LAYER tail shared GELU gradient rel_l2=4.4591142e-08 max_abs=6.37544842e-10
LAYER suffix FP8 MLP product rel_l2=2.56138909e-08 max_abs=1.1920929e-07
LAYER suffix FP8 MLP product rel_l2=1.17289435e-07 max_abs=7.4505806e-08
LAYER suffix FP8 MLP product rel_l2=1.9959485e-08 max_abs=7.4505806e-09
LAYER suffix FP8 MLP product rel_l2=7.37280449e-08 max_abs=1.86264515e-09
LAYER suffix FP8 MLP product rel_l2=2.58142968e-09 max_abs=7.4505806e-09
LAYER suffix FP8 MLP product rel_l2=3.74057522e-09 max_abs=7.4505806e-09
LAYER suffix RMS rel_l2=4.71170629e-08 max_abs=3.22717475e-07
LAYER suffix RMS backward rel_l2=5.37895087e-08 max_abs=3.09460467e-06
LAYER suffix residual rel_l2=6.08871416e-10 max_abs=1.86264515e-09
LAYER suffix residual coefficient rel_l2=9.39148467e-08 max_abs=9.45306056e-11
LAYER suffix MLP coefficient rel_l2=5.6359416e-06 max_abs=1.37661118e-08
LAYER FP8 projection/product rel_l2=0 max_abs=0
LAYER FP8 projection/product rel_l2=0 max_abs=0
LAYER FP8 projection/product rel_l2=0 max_abs=0
LAYER BF16 projection/product rel_l2=0 max_abs=0
LAYER BF16 projection/product rel_l2=7.1625942e-07 max_abs=1.52587891e-05
LAYER BF16 projection/product rel_l2=0 max_abs=0
LAYER Q transform rel_l2=0 max_abs=0
LAYER K transform rel_l2=0 max_abs=0
LAYER V transform rel_l2=0 max_abs=0
LAYER attention Y rel_l2=0 max_abs=0
LAYER attention dQ rel_l2=0 max_abs=0
LAYER attention dK rel_l2=0 max_abs=0
LAYER attention dV rel_l2=4.64272595e-08 max_abs=5.44956753e-08
LAYER post Y rel_l2=0 max_abs=0
LAYER post finite difference rel_l2=0 max_abs=0
LAYER post dY rel_l2=0 max_abs=0
LAYER post dV side rel_l2=0 max_abs=0
LAYER post dAlpha rel_l2=0 max_abs=0
LAYER post dGate rel_l2=0 max_abs=0
LAYER QKV backward rel_l2=0 max_abs=0
LAYER gain gradients rel_l2=0 max_abs=0
LAYER BF16 projection/product rel_l2=0 max_abs=0
LAYER BF16 projection/product rel_l2=0 max_abs=0
LAYER BF16 projection/product rel_l2=6.0985396e-08 max_abs=3.7252903e-09
LAYER BF16 projection/product rel_l2=8.36770397e-08 max_abs=2.79396772e-09
LAYER BF16 projection/product rel_l2=0 max_abs=0
LAYER BF16 projection/product rel_l2=0 max_abs=0
LAYER last-layer GELU rel_l2=0 max_abs=0
LAYER last-layer coefficient affine rel_l2=1.49009244e-08 max_abs=1.49011612e-08
LAYER last-layer GELU backward rel_l2=0 max_abs=0
LAYER last-layer coefficient partial rel_l2=0 max_abs=0
LAYER last-layer coefficient partial rel_l2=0 max_abs=0
LAYER last-layer coefficient partial rel_l2=0 max_abs=0
LAYER last-layer coefficient partial rel_l2=0 max_abs=0
LAYER last-layer coefficient partial rel_l2=0 max_abs=0
LAYER last-layer coefficient partial rel_l2=0 max_abs=0
LAYER last-layer coefficient partial rel_l2=0 max_abs=0
LAYER last-layer coefficient partial rel_l2=0 max_abs=0
LAYER last-layer coefficient partial rel_l2=0 max_abs=0
LAYER last-layer coefficient partial rel_l2=0 max_abs=0
LAYER last-layer coefficient partial rel_l2=6.55691481e-07 max_abs=4.05684114e-06
LAYER last-layer residual mix rel_l2=0 max_abs=0
LAYER last-layer residual mix rel_l2=0 max_abs=0
LAYER last-layer residual mix rel_l2=0 max_abs=0
LAYER last-layer shared RMS rel_l2=0 max_abs=0
LAYER last-layer shared RMS backward rel_l2=1.04451481e-07 max_abs=2.14977623e-07
LAST_LAYER PASS tokens=16 vocabulary=2048 workers=17 step=2 tasks=5576 phases=83
LOSS FP64 max_loss=8.45300669e-07 max_raw_gradient=0.000738140216
LOSS FP64 max_descaled_gradient=9.65410797e-09 gradient_rel_l2=1.39650095e-07
LOSS pinned CUDA max_loss=1.90734863e-06 gradient_rel_l2=0 changed_codes=0/32768
HEAD product=0 M=16 N=2048 K=768 rel_l2=1.91086378e-08 max_abs=4.76837158e-07
HEAD product=1 M=16 N=768 K=2048 rel_l2=1.09943408e-07 max_abs=2.32830644e-09
HEAD product=2 M=768 N=2048 K=16 rel_l2=1.45479047e-08 max_abs=1.49011612e-08
LAYER BF16 projection/product rel_l2=7.44819299e-07 max_abs=1.13248825e-06
LAYER BF16 projection/product rel_l2=9.17179347e-08 max_abs=2.98023224e-08
LAYER BF16 projection/product rel_l2=8.11206901e-08 max_abs=2.98023224e-08
LAYER BF16 projection/product rel_l2=3.0785147e-08 max_abs=4.65661287e-10
LAYER BF16 projection/product rel_l2=8.02004604e-08 max_abs=4.65661287e-10
LAYER BF16 projection/product rel_l2=8.85407684e-08 max_abs=3.49245965e-10
LAYER BF16 projection/product rel_l2=3.94891649e-08 max_abs=4.65661287e-10
LAYER BF16 projection/product rel_l2=3.42026687e-08 max_abs=1.86264515e-09
LAYER BF16 projection/product rel_l2=3.32540268e-08 max_abs=9.31322575e-10
LAYER tail forward gate rel_l2=3.97259666e-08 max_abs=4.41806816e-08
LAYER tail forward gate rel_l2=2.43153303e-08 max_abs=2.8308591e-08
LAYER tail forward gate rel_l2=2.46648284e-08 max_abs=8.73114914e-10
LAYER tail coefficient adjoints rel_l2=3.47339321e-08 max_abs=1.97906047e-09
LAYER tail coefficient adjoints rel_l2=4.02994337e-08 max_abs=1.86264515e-09
LAYER tail coefficient adjoints rel_l2=3.81648836e-08 max_abs=1.86264515e-09
LAYER tail coefficient adjoints rel_l2=4.59983607e-08 max_abs=3.14321369e-09
LAYER tail coefficient adjoints rel_l2=4.1112405e-08 max_abs=2.40652298e-09
LAYER tail coefficient adjoints rel_l2=3.8578314e-08 max_abs=1.62981451e-09
LAYER tail coefficient adjoints rel_l2=3.58362265e-08 max_abs=2.09547579e-09
LAYER tail coefficient adjoints rel_l2=4.17662403e-08 max_abs=3.25962901e-09
LAYER tail coefficient adjoints rel_l2=4.32400494e-08 max_abs=1.11758709e-08
LAYER tail coefficient adjoints rel_l2=4.36941578e-08 max_abs=1.3038516e-08
LAYER tail mixing rel_l2=5.7272535e-08 max_abs=1.52736902e-07
LAYER tail RMS rel_l2=5.543342e-08 max_abs=3.55759301e-07
LAYER tail RMS backward rel_l2=6.35684285e-08 max_abs=4.04746757e-09
LAYER tail shared GELU gradient rel_l2=4.68694209e-08 max_abs=2.50732967e-10
LAYER suffix FP8 MLP product rel_l2=2.74763563e-08 max_abs=2.38418579e-07
LAYER suffix FP8 MLP product rel_l2=1.19237775e-07 max_abs=2.98023224e-07
LAYER suffix FP8 MLP product rel_l2=1.70394643e-08 max_abs=9.31322575e-10
LAYER suffix FP8 MLP product rel_l2=7.60876032e-08 max_abs=4.65661287e-10
LAYER suffix FP8 MLP product rel_l2=3.38436205e-09 max_abs=3.7252903e-09
LAYER suffix FP8 MLP product rel_l2=3.81822148e-09 max_abs=3.7252903e-09
LAYER suffix RMS rel_l2=4.50085032e-08 max_abs=4.4761082e-07
LAYER suffix RMS backward rel_l2=5.26697415e-08 max_abs=1.37972259e-09
LAYER suffix residual rel_l2=1.75073442e-09 max_abs=1.49011612e-08
LAYER suffix residual coefficient rel_l2=9.60498037e-08 max_abs=4.36557457e-09
LAYER suffix MLP coefficient rel_l2=7.37195521e-08 max_abs=4.71482053e-09
LAYER FP8 projection/product rel_l2=2.86496723e-08 max_abs=2.38418579e-07
LAYER FP8 projection/product rel_l2=0 max_abs=0
LAYER FP8 projection/product rel_l2=1.01694188e-08 max_abs=5.82076609e-11
LAYER BF16 projection/product rel_l2=6.34438143e-07 max_abs=1.63912773e-07
LAYER BF16 projection/product rel_l2=7.14082146e-07 max_abs=1.67638063e-08
LAYER BF16 projection/product rel_l2=4.94769891e-08 max_abs=4.65661287e-10
LAYER Q transform rel_l2=0 max_abs=0
LAYER K transform rel_l2=4.06881812e-12 max_abs=4.51109372e-10
LAYER V transform rel_l2=0 max_abs=0
LAYER attention Y rel_l2=5.32539983e-08 max_abs=1.79792862e-07
LAYER attention dQ rel_l2=1.81278649e-07 max_abs=9.25707658e-11
LAYER attention dK rel_l2=1.75766813e-07 max_abs=1.01784381e-10
LAYER attention dV rel_l2=7.53457339e-08 max_abs=1.42284373e-10
LAYER post Y rel_l2=0 max_abs=0
LAYER post finite difference rel_l2=1.73721526e-12 max_abs=5.01265696e-14
LAYER post dY rel_l2=0 max_abs=0
LAYER post dV side rel_l2=0 max_abs=0
LAYER post dAlpha rel_l2=0 max_abs=0
LAYER post dGate rel_l2=5.08034919e-08 max_abs=3.49245965e-09
LAYER QKV backward rel_l2=2.35551912e-08 max_abs=5.5360975e-11
LAYER gain gradients rel_l2=6.11935446e-08 max_abs=1.16538889e-09
LAYER BF16 projection/product rel_l2=7.42739669e-07 max_abs=8.94069672e-07
LAYER BF16 projection/product rel_l2=8.01153491e-08 max_abs=2.23517418e-08
LAYER BF16 projection/product rel_l2=6.39304729e-08 max_abs=2.32830644e-10
LAYER BF16 projection/product rel_l2=9.01990797e-08 max_abs=1.16415322e-10
LAYER BF16 projection/product rel_l2=3.94353448e-08 max_abs=1.16415322e-10
LAYER BF16 projection/product rel_l2=3.04673239e-08 max_abs=4.65661287e-10
LAYER last-layer GELU rel_l2=4.03765318e-08 max_abs=4.72820969e-08
LAYER last-layer coefficient affine rel_l2=2.71393629e-08 max_abs=5.6603767e-08
LAYER last-layer GELU backward rel_l2=4.62485307e-08 max_abs=9.57450094e-11
LAYER last-layer coefficient partial rel_l2=9.73712196e-08 max_abs=3.71073838e-09
LAYER last-layer coefficient partial rel_l2=5.74899638e-08 max_abs=6.66477717e-09
LAYER last-layer coefficient partial rel_l2=6.8832967e-08 max_abs=4.55929694e-09
LAYER last-layer coefficient partial rel_l2=7.53510832e-08 max_abs=1.63254299e-10
LAYER last-layer coefficient partial rel_l2=4.79431047e-08 max_abs=9.04947228e-11
LAYER last-layer coefficient partial rel_l2=1.31532569e-07 max_abs=4.01996658e-10
LAYER last-layer coefficient partial rel_l2=5.07082035e-08 max_abs=1.12208909e-10
LAYER last-layer coefficient partial rel_l2=1.72214363e-07 max_abs=1.03609636e-08
LAYER last-layer coefficient partial rel_l2=6.15865768e-08 max_abs=1.23327482e-09
LAYER last-layer coefficient partial rel_l2=6.7796479e-08 max_abs=1.15542207e-08
LAYER last-layer coefficient partial rel_l2=7.58160688e-08 max_abs=7.4505806e-09
LAYER last-layer residual mix rel_l2=2.36834693e-08 max_abs=5.96046448e-08
LAYER last-layer residual mix rel_l2=6.38304679e-09 max_abs=4.65661287e-10
LAYER last-layer residual mix rel_l2=2.747154e-08 max_abs=5.96046448e-08
LAYER last-layer shared RMS rel_l2=5.11784047e-08 max_abs=4.62657687e-07
LAYER last-layer shared RMS backward rel_l2=5.67870029e-08 max_abs=3.45868111e-10
LAST_LAYER PASS tokens=16 vocabulary=2048 workers=17 step=3 tasks=5576 phases=83
PASS: last-layer attention and MUDD network connected to MLP/loss/backward; earlier body and compiled parity remain
========= ERROR SUMMARY: 0 errors

$ compute-sanitizer --tool initcheck --error-exitcode 1 /workspace/cuda/last_layer --quick --native-only
========= COMPUTE-SANITIZER
GPU[0]=NVIDIA H100 80GB HBM3 SMs=132 runtime=12080
Native-only checks: ATen tail diagnostic excluded; cuBLAS, FP64 and replay gates remain enabled
LOSS FP64 max_loss=8.76910359e-07 max_raw_gradient=0.000743292819
LOSS FP64 max_descaled_gradient=9.72149867e-09 gradient_rel_l2=1.4017457e-07
LOSS pinned CUDA max_loss=0 gradient_rel_l2=0 changed_codes=0/32768
HEAD product=0 M=16 N=2048 K=768 rel_l2=1.87118916e-08 max_abs=4.76837158e-07
HEAD product=1 M=16 N=768 K=2048 rel_l2=1.09878616e-07 max_abs=2.79396772e-09
HEAD product=2 M=768 N=2048 K=16 rel_l2=2.29130067e-08 max_abs=2.98023224e-08
LAYER BF16 projection/product rel_l2=7.50756452e-07 max_abs=9.53674316e-07
LAYER BF16 projection/product rel_l2=8.76149982e-08 max_abs=2.98023224e-08
LAYER BF16 projection/product rel_l2=8.199021e-08 max_abs=2.98023224e-08
LAYER BF16 projection/product rel_l2=3.5386841e-08 max_abs=4.65661287e-10
LAYER BF16 projection/product rel_l2=9.00758829e-08 max_abs=9.31322575e-10
LAYER BF16 projection/product rel_l2=9.40505793e-08 max_abs=3.49245965e-10
LAYER BF16 projection/product rel_l2=4.41849263e-08 max_abs=9.31322575e-10
LAYER BF16 projection/product rel_l2=2.74007593e-08 max_abs=1.86264515e-09
LAYER BF16 projection/product rel_l2=3.92406286e-08 max_abs=1.86264515e-09
LAYER tail forward gate rel_l2=4.20346902e-08 max_abs=5.63392253e-08
LAYER tail forward gate rel_l2=2.02338213e-08 max_abs=1.95104803e-08
LAYER tail forward gate rel_l2=2.5576599e-08 max_abs=8.65838956e-10
LAYER tail coefficient adjoints rel_l2=4.34691866e-08 max_abs=3.7252903e-09
LAYER tail coefficient adjoints rel_l2=3.89410845e-08 max_abs=1.86264515e-09
LAYER tail coefficient adjoints rel_l2=3.80949613e-08 max_abs=2.33740138e-09
LAYER tail coefficient adjoints rel_l2=4.14290652e-08 max_abs=2.32830644e-09
LAYER tail coefficient adjoints rel_l2=3.72996972e-08 max_abs=1.86264515e-09
LAYER tail coefficient adjoints rel_l2=4.18309858e-08 max_abs=2.03726813e-09
LAYER tail coefficient adjoints rel_l2=3.85889426e-08 max_abs=2.5574991e-09
LAYER tail coefficient adjoints rel_l2=3.44398774e-08 max_abs=1.86264515e-09
LAYER tail coefficient adjoints rel_l2=3.72869994e-08 max_abs=1.11758709e-08
LAYER tail coefficient adjoints rel_l2=3.53028026e-08 max_abs=9.31322575e-09
LAYER tail mixing rel_l2=5.83238086e-08 max_abs=1.32247806e-07
LAYER tail RMS rel_l2=4.72001809e-08 max_abs=2.70422768e-07
LAYER tail RMS backward rel_l2=5.35687187e-08 max_abs=2.81958071e-09
LAYER tail shared GELU gradient rel_l2=4.75275895e-08 max_abs=4.66013363e-10
LAYER suffix FP8 MLP product rel_l2=2.78786598e-08 max_abs=1.1920929e-07
LAYER suffix FP8 MLP product rel_l2=1.30524792e-07 max_abs=1.78813934e-07
LAYER suffix FP8 MLP product rel_l2=1.9222198e-08 max_abs=4.65661287e-10
LAYER suffix FP8 MLP product rel_l2=7.34268372e-08 max_abs=4.65661287e-10
LAYER suffix FP8 MLP product rel_l2=2.06957599e-09 max_abs=3.7252903e-09
LAYER suffix FP8 MLP product rel_l2=4.99198123e-09 max_abs=7.4505806e-09
LAYER suffix RMS rel_l2=5.05895831e-08 max_abs=3.81270591e-07
LAYER suffix RMS backward rel_l2=5.8404109e-08 max_abs=1.79951637e-09
LAYER suffix residual rel_l2=1.59977985e-09 max_abs=1.49011612e-08
LAYER suffix residual coefficient rel_l2=9.01048315e-08 max_abs=4.78758011e-09
LAYER suffix MLP coefficient rel_l2=6.40779754e-08 max_abs=6.1118044e-09
LAYER FP8 projection/product rel_l2=3.28301583e-08 max_abs=3.57627869e-07
LAYER FP8 projection/product rel_l2=0 max_abs=0
LAYER FP8 projection/product rel_l2=1.11959486e-08 max_abs=5.82076609e-11
LAYER BF16 projection/product rel_l2=7.43969877e-07 max_abs=1.41561031e-07
LAYER BF16 projection/product rel_l2=7.0068816e-07 max_abs=1.67638063e-08
LAYER BF16 projection/product rel_l2=4.79478906e-08 max_abs=9.31322575e-10
LAYER Q transform rel_l2=7.04748711e-05 max_abs=0.0078125
LAYER K transform rel_l2=0 max_abs=0
LAYER V transform rel_l2=0 max_abs=0
LAYER attention Y rel_l2=5.45783204e-08 max_abs=2.67760093e-07
LAYER attention dQ rel_l2=1.41422984e-07 max_abs=6.98296791e-11
LAYER attention dK rel_l2=1.37788831e-07 max_abs=7.85632879e-11
LAYER attention dV rel_l2=7.17062622e-08 max_abs=1.24236322e-10
LAYER post Y rel_l2=0 max_abs=0
LAYER post finite difference rel_l2=1.2955786e-11 max_abs=3.30430128e-14
LAYER post dY rel_l2=0 max_abs=0
LAYER post dV side rel_l2=0 max_abs=0
LAYER post dAlpha rel_l2=0 max_abs=0
LAYER post dGate rel_l2=4.79460505e-08 max_abs=4.56930138e-09
LAYER QKV backward rel_l2=2.98089633e-08 max_abs=8.42984258e-11
LAYER gain gradients rel_l2=1.73676285e-06 max_abs=2.33705444e-09
LAYER BF16 projection/product rel_l2=7.28888269e-07 max_abs=9.53674316e-07
LAYER BF16 projection/product rel_l2=7.95362774e-08 max_abs=1.49011612e-08
LAYER BF16 projection/product rel_l2=6.18079303e-08 max_abs=2.32830644e-10
LAYER BF16 projection/product rel_l2=8.98850961e-08 max_abs=8.73114914e-11
LAYER BF16 projection/product rel_l2=3.91129718e-08 max_abs=1.16415322e-10
LAYER BF16 projection/product rel_l2=4.0477434e-08 max_abs=9.31322575e-10
LAYER last-layer GELU rel_l2=4.09877533e-08 max_abs=5.49785375e-08
LAYER last-layer coefficient affine rel_l2=2.51153459e-08 max_abs=5.65842129e-08
LAYER last-layer GELU backward rel_l2=4.64519168e-08 max_abs=1.42177522e-10
LAYER last-layer coefficient partial rel_l2=8.44749081e-08 max_abs=3.47790774e-09
LAYER last-layer coefficient partial rel_l2=5.96411475e-08 max_abs=6.17001206e-09
LAYER last-layer coefficient partial rel_l2=8.68779333e-08 max_abs=7.89896148e-09
LAYER last-layer coefficient partial rel_l2=9.71433085e-08 max_abs=1.98497219e-10
LAYER last-layer coefficient partial rel_l2=8.57805599e-08 max_abs=1.42165391e-10
LAYER last-layer coefficient partial rel_l2=7.16672612e-08 max_abs=1.65073288e-10
LAYER last-layer coefficient partial rel_l2=4.19941662e-08 max_abs=7.36690708e-11
LAYER last-layer coefficient partial rel_l2=7.21577987e-08 max_abs=3.55066732e-09
LAYER last-layer coefficient partial rel_l2=5.6477902e-08 max_abs=8.00355338e-10
LAYER last-layer coefficient partial rel_l2=5.2699847e-08 max_abs=4.88944352e-09
LAYER last-layer coefficient partial rel_l2=6.32562697e-08 max_abs=5.00585884e-09
LAYER last-layer residual mix rel_l2=2.22250756e-08 max_abs=5.21540642e-08
LAYER last-layer residual mix rel_l2=5.34526064e-09 max_abs=4.65661287e-10
LAYER last-layer residual mix rel_l2=2.71952176e-08 max_abs=5.96046448e-08
LAYER last-layer shared RMS rel_l2=4.80946335e-08 max_abs=3.11908699e-07
LAYER last-layer shared RMS backward rel_l2=6.16429826e-08 max_abs=5.68119409e-10
LAST_LAYER PASS tokens=16 vocabulary=2048 workers=17 step=0 tasks=5576 phases=83
LOSS FP64 max_loss=5.45118198e-07 max_raw_gradient=0.000577133612
LOSS FP64 max_descaled_gradient=7.54830868e-09 gradient_rel_l2=1.1255777e-07
LOSS pinned CUDA max_loss=2.86102295e-06 gradient_rel_l2=0 changed_codes=0/32768
HEAD product=0 M=16 N=2048 K=768 rel_l2=2.15532169e-08 max_abs=7.15255737e-07
HEAD product=1 M=16 N=768 K=2048 rel_l2=1.0491004e-07 max_abs=2.32830644e-09
HEAD product=2 M=768 N=2048 K=16 rel_l2=2.56696304e-08 max_abs=4.47034836e-08
LAYER BF16 projection/product rel_l2=7.61496272e-07 max_abs=1.01327896e-06
LAYER BF16 projection/product rel_l2=0 max_abs=0
LAYER BF16 projection/product rel_l2=0 max_abs=0
LAYER BF16 projection/product rel_l2=0 max_abs=0
LAYER BF16 projection/product rel_l2=0 max_abs=0
LAYER BF16 projection/product rel_l2=0 max_abs=0
LAYER BF16 projection/product rel_l2=0 max_abs=0
LAYER BF16 projection/product rel_l2=3.01882748e-08 max_abs=1.86264515e-09
LAYER BF16 projection/product rel_l2=3.41260401e-08 max_abs=1.86264515e-09
LAYER tail forward gate rel_l2=4.15573396e-08 max_abs=5.63392253e-08
LAYER tail forward gate rel_l2=1.49280825e-08 max_abs=7.4505806e-09
LAYER tail forward gate rel_l2=0 max_abs=0
LAYER tail coefficient adjoints rel_l2=4.13887283e-08 max_abs=2.32830644e-09
LAYER tail coefficient adjoints rel_l2=4.69266549e-08 max_abs=3.49245965e-09
LAYER tail coefficient adjoints rel_l2=4.32043706e-08 max_abs=2.56113708e-09
LAYER tail coefficient adjoints rel_l2=3.71976725e-08 max_abs=2.09547579e-09
LAYER tail coefficient adjoints rel_l2=3.75708541e-08 max_abs=2.32830644e-09
LAYER tail coefficient adjoints rel_l2=4.50367881e-08 max_abs=3.37604433e-09
LAYER tail coefficient adjoints rel_l2=3.66276692e-08 max_abs=1.97906047e-09
LAYER tail coefficient adjoints rel_l2=3.84397841e-08 max_abs=4.19095159e-09
LAYER tail coefficient adjoints rel_l2=4.41447766e-08 max_abs=1.39698386e-08
LAYER tail coefficient adjoints rel_l2=4.13214811e-08 max_abs=9.77888703e-09
LAYER tail mixing rel_l2=5.39325665e-08 max_abs=1.13621354e-07
LAYER tail RMS rel_l2=5.49758697e-08 max_abs=4.41697245e-07
LAYER tail RMS backward rel_l2=6.16170598e-08 max_abs=4.62642621e-09
LAYER tail shared GELU gradient rel_l2=0 max_abs=0
LAYER suffix FP8 MLP product rel_l2=3.0771601e-08 max_abs=2.38418579e-07
LAYER suffix FP8 MLP product rel_l2=0 max_abs=0
LAYER suffix FP8 MLP product rel_l2=0 max_abs=0
LAYER suffix FP8 MLP product rel_l2=0 max_abs=0
LAYER suffix FP8 MLP product rel_l2=0 max_abs=0
LAYER suffix FP8 MLP product rel_l2=4.25310175e-09 max_abs=3.7252903e-09
LAYER suffix RMS rel_l2=4.94995149e-08 max_abs=3.81768707e-07
LAYER suffix RMS backward rel_l2=5.54914981e-08 max_abs=7.32284435e-11
LAYER suffix residual rel_l2=0 max_abs=0
LAYER suffix residual coefficient rel_l2=1.3199151e-07 max_abs=6.03904482e-09
LAYER suffix MLP coefficient rel_l2=0 max_abs=0
LAYER FP8 projection/product rel_l2=3.21750579e-08 max_abs=4.76837158e-07
LAYER FP8 projection/product rel_l2=0 max_abs=0
LAYER FP8 projection/product rel_l2=0 max_abs=0
LAYER BF16 projection/product rel_l2=0 max_abs=0
LAYER BF16 projection/product rel_l2=0 max_abs=0
LAYER BF16 projection/product rel_l2=4.80215602e-08 max_abs=4.65661287e-10
LAYER Q transform rel_l2=0 max_abs=0
LAYER K transform rel_l2=2.74895187e-07 max_abs=3.05175781e-05
LAYER V transform rel_l2=0 max_abs=0
LAYER attention Y rel_l2=5.10519247e-08 max_abs=2.82794289e-07
LAYER attention dQ rel_l2=0 max_abs=0
LAYER attention dK rel_l2=0 max_abs=0
LAYER attention dV rel_l2=0 max_abs=0
LAYER post Y rel_l2=0 max_abs=0
LAYER post finite difference rel_l2=0 max_abs=0
LAYER post dY rel_l2=0 max_abs=0
LAYER post dV side rel_l2=0 max_abs=0
LAYER post dAlpha rel_l2=0 max_abs=0
LAYER post dGate rel_l2=0 max_abs=0
LAYER QKV backward rel_l2=0 max_abs=0
LAYER gain gradients rel_l2=3.38416333e-07 max_abs=1.24469046e-09
LAYER BF16 projection/product rel_l2=7.31622904e-07 max_abs=1.07288361e-06
LAYER BF16 projection/product rel_l2=0 max_abs=0
LAYER BF16 projection/product rel_l2=0 max_abs=0
LAYER BF16 projection/product rel_l2=0 max_abs=0
LAYER BF16 projection/product rel_l2=0 max_abs=0
LAYER BF16 projection/product rel_l2=5.15650484e-08 max_abs=4.65661287e-10
LAYER last-layer GELU rel_l2=4.20908709e-08 max_abs=6.45967018e-08
LAYER last-layer coefficient affine rel_l2=1.49031453e-08 max_abs=1.49011612e-08
LAYER last-layer GELU backward rel_l2=0 max_abs=0
LAYER last-layer coefficient partial rel_l2=1.07659648e-07 max_abs=4.62750904e-09
LAYER last-layer coefficient partial rel_l2=9.01088255e-08 max_abs=6.19911589e-09
LAYER last-layer coefficient partial rel_l2=7.11974124e-08 max_abs=5.57338353e-09
LAYER last-layer coefficient partial rel_l2=0 max_abs=0
LAYER last-layer coefficient partial rel_l2=0 max_abs=0
LAYER last-layer coefficient partial rel_l2=0 max_abs=0
LAYER last-layer coefficient partial rel_l2=0 max_abs=0
LAYER last-layer coefficient partial rel_l2=1.49798993e-07 max_abs=5.82394932e-09
LAYER last-layer coefficient partial rel_l2=0 max_abs=0
LAYER last-layer coefficient partial rel_l2=9.01088255e-08 max_abs=6.19911589e-09
LAYER last-layer coefficient partial rel_l2=7.56052766e-08 max_abs=1.01426849e-08
LAYER last-layer residual mix rel_l2=1.97176036e-08 max_abs=5.96046448e-08
LAYER last-layer residual mix rel_l2=6.18084448e-09 max_abs=4.65661287e-10
LAYER last-layer residual mix rel_l2=1.37090035e-08 max_abs=2.98023224e-08
LAYER last-layer shared RMS rel_l2=5.83499134e-08 max_abs=4.0420963e-07
LAYER last-layer shared RMS backward rel_l2=6.21883033e-08 max_abs=5.84841216e-11
LAST_LAYER PASS tokens=16 vocabulary=2048 workers=17 step=1 tasks=5576 phases=83
LOSS FP64 max_loss=4.97898522e-07 max_raw_gradient=0.000222250808
LOSS FP64 max_descaled_gradient=5.81361982e-09 gradient_rel_l2=1.00091226e-07
LOSS pinned CUDA max_loss=1.90734863e-06 gradient_rel_l2=0 changed_codes=0/32768
HEAD product=0 M=16 N=2048 K=768 rel_l2=2.27639222e-08 max_abs=4.76837158e-07
HEAD product=1 M=16 N=768 K=2048 rel_l2=1.12164377e-07 max_abs=2.79396772e-09
HEAD product=2 M=768 N=2048 K=16 rel_l2=1.48570968e-08 max_abs=1.49011612e-08
LAYER BF16 projection/product rel_l2=7.08305958e-07 max_abs=1.78813934e-07
LAYER BF16 projection/product rel_l2=1.00623522e-07 max_abs=5.58793545e-09
LAYER BF16 projection/product rel_l2=8.32939243e-08 max_abs=7.4505806e-09
LAYER BF16 projection/product rel_l2=0 max_abs=0
LAYER BF16 projection/product rel_l2=3.83286607e-08 max_abs=9.31322575e-10
LAYER BF16 projection/product rel_l2=8.45619152e-08 max_abs=9.31322575e-10
LAYER BF16 projection/product rel_l2=3.90109224e-08 max_abs=2.32830644e-10
LAYER BF16 projection/product rel_l2=4.3028457e-08 max_abs=1.86264515e-09
LAYER BF16 projection/product rel_l2=3.69319827e-08 max_abs=9.31322575e-10
LAYER tail forward gate rel_l2=3.88916318e-08 max_abs=6.61536544e-09
LAYER tail forward gate rel_l2=2.29183656e-08 max_abs=1.93747383e-08
LAYER tail forward gate rel_l2=2.44928886e-08 max_abs=2.1282176e-10
LAYER tail coefficient adjoints rel_l2=0 max_abs=0
LAYER tail coefficient adjoints rel_l2=0 max_abs=0
LAYER tail coefficient adjoints rel_l2=0 max_abs=0
LAYER tail coefficient adjoints rel_l2=0 max_abs=0
LAYER tail coefficient adjoints rel_l2=0 max_abs=0
LAYER tail coefficient adjoints rel_l2=0 max_abs=0
LAYER tail coefficient adjoints rel_l2=0 max_abs=0
LAYER tail coefficient adjoints rel_l2=0 max_abs=0
LAYER tail coefficient adjoints rel_l2=3.62874166e-08 max_abs=2.98023224e-08
LAYER tail coefficient adjoints rel_l2=0 max_abs=0
LAYER tail mixing rel_l2=1.50287783e-08 max_abs=7.4505806e-09
LAYER tail RMS rel_l2=4.95217991e-08 max_abs=3.29326344e-07
LAYER tail RMS backward rel_l2=5.50036726e-08 max_abs=2.06478182e-08
LAYER tail shared GELU gradient rel_l2=4.4591142e-08 max_abs=6.37544842e-10
LAYER suffix FP8 MLP product rel_l2=2.56138909e-08 max_abs=1.1920929e-07
LAYER suffix FP8 MLP product rel_l2=1.17289435e-07 max_abs=7.4505806e-08
LAYER suffix FP8 MLP product rel_l2=1.9959485e-08 max_abs=7.4505806e-09
LAYER suffix FP8 MLP product rel_l2=7.37280449e-08 max_abs=1.86264515e-09
LAYER suffix FP8 MLP product rel_l2=2.58142968e-09 max_abs=7.4505806e-09
LAYER suffix FP8 MLP product rel_l2=3.74057522e-09 max_abs=7.4505806e-09
LAYER suffix RMS rel_l2=4.71170629e-08 max_abs=3.22717475e-07
LAYER suffix RMS backward rel_l2=5.37895087e-08 max_abs=3.09460467e-06
LAYER suffix residual rel_l2=6.08871416e-10 max_abs=1.86264515e-09
LAYER suffix residual coefficient rel_l2=9.39148467e-08 max_abs=9.45306056e-11
LAYER suffix MLP coefficient rel_l2=5.6359416e-06 max_abs=1.37661118e-08
LAYER FP8 projection/product rel_l2=0 max_abs=0
LAYER FP8 projection/product rel_l2=0 max_abs=0
LAYER FP8 projection/product rel_l2=0 max_abs=0
LAYER BF16 projection/product rel_l2=0 max_abs=0
LAYER BF16 projection/product rel_l2=7.1625942e-07 max_abs=1.52587891e-05
LAYER BF16 projection/product rel_l2=0 max_abs=0
LAYER Q transform rel_l2=0 max_abs=0
LAYER K transform rel_l2=0 max_abs=0
LAYER V transform rel_l2=0 max_abs=0
LAYER attention Y rel_l2=0 max_abs=0
LAYER attention dQ rel_l2=0 max_abs=0
LAYER attention dK rel_l2=0 max_abs=0
LAYER attention dV rel_l2=4.64272595e-08 max_abs=5.44956753e-08
LAYER post Y rel_l2=0 max_abs=0
LAYER post finite difference rel_l2=0 max_abs=0
LAYER post dY rel_l2=0 max_abs=0
LAYER post dV side rel_l2=0 max_abs=0
LAYER post dAlpha rel_l2=0 max_abs=0
LAYER post dGate rel_l2=0 max_abs=0
LAYER QKV backward rel_l2=0 max_abs=0
LAYER gain gradients rel_l2=0 max_abs=0
LAYER BF16 projection/product rel_l2=0 max_abs=0
LAYER BF16 projection/product rel_l2=0 max_abs=0
LAYER BF16 projection/product rel_l2=6.0985396e-08 max_abs=3.7252903e-09
LAYER BF16 projection/product rel_l2=8.36770397e-08 max_abs=2.79396772e-09
LAYER BF16 projection/product rel_l2=0 max_abs=0
LAYER BF16 projection/product rel_l2=0 max_abs=0
LAYER last-layer GELU rel_l2=0 max_abs=0
LAYER last-layer coefficient affine rel_l2=1.49009244e-08 max_abs=1.49011612e-08
LAYER last-layer GELU backward rel_l2=0 max_abs=0
LAYER last-layer coefficient partial rel_l2=0 max_abs=0
LAYER last-layer coefficient partial rel_l2=0 max_abs=0
LAYER last-layer coefficient partial rel_l2=0 max_abs=0
LAYER last-layer coefficient partial rel_l2=0 max_abs=0
LAYER last-layer coefficient partial rel_l2=0 max_abs=0
LAYER last-layer coefficient partial rel_l2=0 max_abs=0
LAYER last-layer coefficient partial rel_l2=0 max_abs=0
LAYER last-layer coefficient partial rel_l2=0 max_abs=0
LAYER last-layer coefficient partial rel_l2=0 max_abs=0
LAYER last-layer coefficient partial rel_l2=0 max_abs=0
LAYER last-layer coefficient partial rel_l2=6.55691481e-07 max_abs=4.05684114e-06
LAYER last-layer residual mix rel_l2=0 max_abs=0
LAYER last-layer residual mix rel_l2=0 max_abs=0
LAYER last-layer residual mix rel_l2=0 max_abs=0
LAYER last-layer shared RMS rel_l2=0 max_abs=0
LAYER last-layer shared RMS backward rel_l2=1.04451481e-07 max_abs=2.14977623e-07
LAST_LAYER PASS tokens=16 vocabulary=2048 workers=17 step=2 tasks=5576 phases=83
LOSS FP64 max_loss=8.45300669e-07 max_raw_gradient=0.000738140216
LOSS FP64 max_descaled_gradient=9.65410797e-09 gradient_rel_l2=1.39650095e-07
LOSS pinned CUDA max_loss=1.90734863e-06 gradient_rel_l2=0 changed_codes=0/32768
HEAD product=0 M=16 N=2048 K=768 rel_l2=1.91086378e-08 max_abs=4.76837158e-07
HEAD product=1 M=16 N=768 K=2048 rel_l2=1.09943408e-07 max_abs=2.32830644e-09
HEAD product=2 M=768 N=2048 K=16 rel_l2=1.45479047e-08 max_abs=1.49011612e-08
LAYER BF16 projection/product rel_l2=7.44819299e-07 max_abs=1.13248825e-06
LAYER BF16 projection/product rel_l2=9.17179347e-08 max_abs=2.98023224e-08
LAYER BF16 projection/product rel_l2=8.11206901e-08 max_abs=2.98023224e-08
LAYER BF16 projection/product rel_l2=3.0785147e-08 max_abs=4.65661287e-10
LAYER BF16 projection/product rel_l2=8.02004604e-08 max_abs=4.65661287e-10
LAYER BF16 projection/product rel_l2=8.85407684e-08 max_abs=3.49245965e-10
LAYER BF16 projection/product rel_l2=3.94891649e-08 max_abs=4.65661287e-10
LAYER BF16 projection/product rel_l2=3.42026687e-08 max_abs=1.86264515e-09
LAYER BF16 projection/product rel_l2=3.32540268e-08 max_abs=9.31322575e-10
LAYER tail forward gate rel_l2=3.97259666e-08 max_abs=4.41806816e-08
LAYER tail forward gate rel_l2=2.43153303e-08 max_abs=2.8308591e-08
LAYER tail forward gate rel_l2=2.46648284e-08 max_abs=8.73114914e-10
LAYER tail coefficient adjoints rel_l2=3.47339321e-08 max_abs=1.97906047e-09
LAYER tail coefficient adjoints rel_l2=4.02994337e-08 max_abs=1.86264515e-09
LAYER tail coefficient adjoints rel_l2=3.81648836e-08 max_abs=1.86264515e-09
LAYER tail coefficient adjoints rel_l2=4.59983607e-08 max_abs=3.14321369e-09
LAYER tail coefficient adjoints rel_l2=4.1112405e-08 max_abs=2.40652298e-09
LAYER tail coefficient adjoints rel_l2=3.8578314e-08 max_abs=1.62981451e-09
LAYER tail coefficient adjoints rel_l2=3.58362265e-08 max_abs=2.09547579e-09
LAYER tail coefficient adjoints rel_l2=4.17662403e-08 max_abs=3.25962901e-09
LAYER tail coefficient adjoints rel_l2=4.32400494e-08 max_abs=1.11758709e-08
LAYER tail coefficient adjoints rel_l2=4.36941578e-08 max_abs=1.3038516e-08
LAYER tail mixing rel_l2=5.7272535e-08 max_abs=1.52736902e-07
LAYER tail RMS rel_l2=5.543342e-08 max_abs=3.55759301e-07
LAYER tail RMS backward rel_l2=6.35684285e-08 max_abs=4.04746757e-09
LAYER tail shared GELU gradient rel_l2=4.68694209e-08 max_abs=2.50732967e-10
LAYER suffix FP8 MLP product rel_l2=2.74763563e-08 max_abs=2.38418579e-07
LAYER suffix FP8 MLP product rel_l2=1.19237775e-07 max_abs=2.98023224e-07
LAYER suffix FP8 MLP product rel_l2=1.70394643e-08 max_abs=9.31322575e-10
LAYER suffix FP8 MLP product rel_l2=7.60876032e-08 max_abs=4.65661287e-10
LAYER suffix FP8 MLP product rel_l2=3.38436205e-09 max_abs=3.7252903e-09
LAYER suffix FP8 MLP product rel_l2=3.81822148e-09 max_abs=3.7252903e-09
LAYER suffix RMS rel_l2=4.50085032e-08 max_abs=4.4761082e-07
LAYER suffix RMS backward rel_l2=5.26697415e-08 max_abs=1.37972259e-09
LAYER suffix residual rel_l2=1.75073442e-09 max_abs=1.49011612e-08
LAYER suffix residual coefficient rel_l2=9.60498037e-08 max_abs=4.36557457e-09
LAYER suffix MLP coefficient rel_l2=7.37195521e-08 max_abs=4.71482053e-09
LAYER FP8 projection/product rel_l2=2.86496723e-08 max_abs=2.38418579e-07
LAYER FP8 projection/product rel_l2=0 max_abs=0
LAYER FP8 projection/product rel_l2=1.01694188e-08 max_abs=5.82076609e-11
LAYER BF16 projection/product rel_l2=6.34438143e-07 max_abs=1.63912773e-07
LAYER BF16 projection/product rel_l2=7.14082146e-07 max_abs=1.67638063e-08
LAYER BF16 projection/product rel_l2=4.94769891e-08 max_abs=4.65661287e-10
LAYER Q transform rel_l2=0 max_abs=0
LAYER K transform rel_l2=4.06881812e-12 max_abs=4.51109372e-10
LAYER V transform rel_l2=0 max_abs=0
LAYER attention Y rel_l2=5.32539983e-08 max_abs=1.79792862e-07
LAYER attention dQ rel_l2=1.81278649e-07 max_abs=9.25707658e-11
LAYER attention dK rel_l2=1.75766813e-07 max_abs=1.01784381e-10
LAYER attention dV rel_l2=7.53457339e-08 max_abs=1.42284373e-10
LAYER post Y rel_l2=0 max_abs=0
LAYER post finite difference rel_l2=1.73721526e-12 max_abs=5.01265696e-14
LAYER post dY rel_l2=0 max_abs=0
LAYER post dV side rel_l2=0 max_abs=0
LAYER post dAlpha rel_l2=0 max_abs=0
LAYER post dGate rel_l2=5.08034919e-08 max_abs=3.49245965e-09
LAYER QKV backward rel_l2=2.35551912e-08 max_abs=5.5360975e-11
LAYER gain gradients rel_l2=6.11935446e-08 max_abs=1.16538889e-09
LAYER BF16 projection/product rel_l2=7.42739669e-07 max_abs=8.94069672e-07
LAYER BF16 projection/product rel_l2=8.01153491e-08 max_abs=2.23517418e-08
LAYER BF16 projection/product rel_l2=6.39304729e-08 max_abs=2.32830644e-10
LAYER BF16 projection/product rel_l2=9.01990797e-08 max_abs=1.16415322e-10
LAYER BF16 projection/product rel_l2=3.94353448e-08 max_abs=1.16415322e-10
LAYER BF16 projection/product rel_l2=3.04673239e-08 max_abs=4.65661287e-10
LAYER last-layer GELU rel_l2=4.03765318e-08 max_abs=4.72820969e-08
LAYER last-layer coefficient affine rel_l2=2.71393629e-08 max_abs=5.6603767e-08
LAYER last-layer GELU backward rel_l2=4.62485307e-08 max_abs=9.57450094e-11
LAYER last-layer coefficient partial rel_l2=9.73712196e-08 max_abs=3.71073838e-09
LAYER last-layer coefficient partial rel_l2=5.74899638e-08 max_abs=6.66477717e-09
LAYER last-layer coefficient partial rel_l2=6.8832967e-08 max_abs=4.55929694e-09
LAYER last-layer coefficient partial rel_l2=7.53510832e-08 max_abs=1.63254299e-10
LAYER last-layer coefficient partial rel_l2=4.79431047e-08 max_abs=9.04947228e-11
LAYER last-layer coefficient partial rel_l2=1.31532569e-07 max_abs=4.01996658e-10
LAYER last-layer coefficient partial rel_l2=5.07082035e-08 max_abs=1.12208909e-10
LAYER last-layer coefficient partial rel_l2=1.72214363e-07 max_abs=1.03609636e-08
LAYER last-layer coefficient partial rel_l2=6.15865768e-08 max_abs=1.23327482e-09
LAYER last-layer coefficient partial rel_l2=6.7796479e-08 max_abs=1.15542207e-08
LAYER last-layer coefficient partial rel_l2=7.58160688e-08 max_abs=7.4505806e-09
LAYER last-layer residual mix rel_l2=2.36834693e-08 max_abs=5.96046448e-08
LAYER last-layer residual mix rel_l2=6.38304679e-09 max_abs=4.65661287e-10
LAYER last-layer residual mix rel_l2=2.747154e-08 max_abs=5.96046448e-08
LAYER last-layer shared RMS rel_l2=5.11784047e-08 max_abs=4.62657687e-07
LAYER last-layer shared RMS backward rel_l2=5.67870029e-08 max_abs=3.45868111e-10
LAST_LAYER PASS tokens=16 vocabulary=2048 workers=17 step=3 tasks=5576 phases=83
PASS: last-layer attention and MUDD network connected to MLP/loss/backward; earlier body and compiled parity remain
========= ERROR SUMMARY: 0 errors

$ compute-sanitizer --tool racecheck --error-exitcode 1 /workspace/cuda/last_layer --quick --native-only
========= COMPUTE-SANITIZER
GPU[0]=NVIDIA H100 80GB HBM3 SMs=132 runtime=12080
Native-only checks: ATen tail diagnostic excluded; cuBLAS, FP64 and replay gates remain enabled
LOSS FP64 max_loss=8.76910359e-07 max_raw_gradient=0.000743292819
LOSS FP64 max_descaled_gradient=9.72149867e-09 gradient_rel_l2=1.4017457e-07
LOSS pinned CUDA max_loss=0 gradient_rel_l2=0 changed_codes=0/32768
HEAD product=0 M=16 N=2048 K=768 rel_l2=1.87118916e-08 max_abs=4.76837158e-07
HEAD product=1 M=16 N=768 K=2048 rel_l2=1.09878616e-07 max_abs=2.79396772e-09
HEAD product=2 M=768 N=2048 K=16 rel_l2=2.29130067e-08 max_abs=2.98023224e-08
LAYER BF16 projection/product rel_l2=7.50756452e-07 max_abs=9.53674316e-07
LAYER BF16 projection/product rel_l2=8.76149982e-08 max_abs=2.98023224e-08
LAYER BF16 projection/product rel_l2=8.199021e-08 max_abs=2.98023224e-08
LAYER BF16 projection/product rel_l2=3.5386841e-08 max_abs=4.65661287e-10
LAYER BF16 projection/product rel_l2=9.00758829e-08 max_abs=9.31322575e-10
LAYER BF16 projection/product rel_l2=9.40505793e-08 max_abs=3.49245965e-10
LAYER BF16 projection/product rel_l2=4.41849263e-08 max_abs=9.31322575e-10
LAYER BF16 projection/product rel_l2=2.74007593e-08 max_abs=1.86264515e-09
LAYER BF16 projection/product rel_l2=3.92406286e-08 max_abs=1.86264515e-09
LAYER tail forward gate rel_l2=4.20346902e-08 max_abs=5.63392253e-08
LAYER tail forward gate rel_l2=2.02338213e-08 max_abs=1.95104803e-08
LAYER tail forward gate rel_l2=2.5576599e-08 max_abs=8.65838956e-10
LAYER tail coefficient adjoints rel_l2=4.34691866e-08 max_abs=3.7252903e-09
LAYER tail coefficient adjoints rel_l2=3.89410845e-08 max_abs=1.86264515e-09
LAYER tail coefficient adjoints rel_l2=3.80949613e-08 max_abs=2.33740138e-09
LAYER tail coefficient adjoints rel_l2=4.14290652e-08 max_abs=2.32830644e-09
LAYER tail coefficient adjoints rel_l2=3.72996972e-08 max_abs=1.86264515e-09
LAYER tail coefficient adjoints rel_l2=4.18309858e-08 max_abs=2.03726813e-09
LAYER tail coefficient adjoints rel_l2=3.85889426e-08 max_abs=2.5574991e-09
LAYER tail coefficient adjoints rel_l2=3.44398774e-08 max_abs=1.86264515e-09
LAYER tail coefficient adjoints rel_l2=3.72869994e-08 max_abs=1.11758709e-08
LAYER tail coefficient adjoints rel_l2=3.53028026e-08 max_abs=9.31322575e-09
LAYER tail mixing rel_l2=5.83238086e-08 max_abs=1.32247806e-07
LAYER tail RMS rel_l2=4.72001809e-08 max_abs=2.70422768e-07
LAYER tail RMS backward rel_l2=5.35687187e-08 max_abs=2.81958071e-09
LAYER tail shared GELU gradient rel_l2=4.75275895e-08 max_abs=4.66013363e-10
LAYER suffix FP8 MLP product rel_l2=2.78786598e-08 max_abs=1.1920929e-07
LAYER suffix FP8 MLP product rel_l2=1.30524792e-07 max_abs=1.78813934e-07
LAYER suffix FP8 MLP product rel_l2=1.9222198e-08 max_abs=4.65661287e-10
LAYER suffix FP8 MLP product rel_l2=7.34268372e-08 max_abs=4.65661287e-10
LAYER suffix FP8 MLP product rel_l2=2.06957599e-09 max_abs=3.7252903e-09
LAYER suffix FP8 MLP product rel_l2=4.99198123e-09 max_abs=7.4505806e-09
LAYER suffix RMS rel_l2=5.05895831e-08 max_abs=3.81270591e-07
LAYER suffix RMS backward rel_l2=5.8404109e-08 max_abs=1.79951637e-09
LAYER suffix residual rel_l2=1.59977985e-09 max_abs=1.49011612e-08
LAYER suffix residual coefficient rel_l2=9.01048315e-08 max_abs=4.78758011e-09
LAYER suffix MLP coefficient rel_l2=6.40779754e-08 max_abs=6.1118044e-09
LAYER FP8 projection/product rel_l2=3.28301583e-08 max_abs=3.57627869e-07
LAYER FP8 projection/product rel_l2=0 max_abs=0
LAYER FP8 projection/product rel_l2=1.11959486e-08 max_abs=5.82076609e-11
LAYER BF16 projection/product rel_l2=7.43969877e-07 max_abs=1.41561031e-07
LAYER BF16 projection/product rel_l2=7.0068816e-07 max_abs=1.67638063e-08
LAYER BF16 projection/product rel_l2=4.79478906e-08 max_abs=9.31322575e-10
LAYER Q transform rel_l2=7.04748711e-05 max_abs=0.0078125
LAYER K transform rel_l2=0 max_abs=0
LAYER V transform rel_l2=0 max_abs=0
LAYER attention Y rel_l2=5.45783204e-08 max_abs=2.67760093e-07
LAYER attention dQ rel_l2=1.41422984e-07 max_abs=6.98296791e-11
LAYER attention dK rel_l2=1.37788831e-07 max_abs=7.85632879e-11
LAYER attention dV rel_l2=7.17062622e-08 max_abs=1.24236322e-10
LAYER post Y rel_l2=0 max_abs=0
LAYER post finite difference rel_l2=1.2955786e-11 max_abs=3.30430128e-14
LAYER post dY rel_l2=0 max_abs=0
LAYER post dV side rel_l2=0 max_abs=0
LAYER post dAlpha rel_l2=0 max_abs=0
LAYER post dGate rel_l2=4.79460505e-08 max_abs=4.56930138e-09
LAYER QKV backward rel_l2=2.98089633e-08 max_abs=8.42984258e-11
LAYER gain gradients rel_l2=1.73676285e-06 max_abs=2.33705444e-09
LAYER BF16 projection/product rel_l2=7.28888269e-07 max_abs=9.53674316e-07
LAYER BF16 projection/product rel_l2=7.95362774e-08 max_abs=1.49011612e-08
LAYER BF16 projection/product rel_l2=6.18079303e-08 max_abs=2.32830644e-10
LAYER BF16 projection/product rel_l2=8.98850961e-08 max_abs=8.73114914e-11
LAYER BF16 projection/product rel_l2=3.91129718e-08 max_abs=1.16415322e-10
LAYER BF16 projection/product rel_l2=4.0477434e-08 max_abs=9.31322575e-10
LAYER last-layer GELU rel_l2=4.09877533e-08 max_abs=5.49785375e-08
LAYER last-layer coefficient affine rel_l2=2.51153459e-08 max_abs=5.65842129e-08
LAYER last-layer GELU backward rel_l2=4.64519168e-08 max_abs=1.42177522e-10
LAYER last-layer coefficient partial rel_l2=8.44749081e-08 max_abs=3.47790774e-09
LAYER last-layer coefficient partial rel_l2=5.96411475e-08 max_abs=6.17001206e-09
LAYER last-layer coefficient partial rel_l2=8.68779333e-08 max_abs=7.89896148e-09
LAYER last-layer coefficient partial rel_l2=9.71433085e-08 max_abs=1.98497219e-10
LAYER last-layer coefficient partial rel_l2=8.57805599e-08 max_abs=1.42165391e-10
LAYER last-layer coefficient partial rel_l2=7.16672612e-08 max_abs=1.65073288e-10
LAYER last-layer coefficient partial rel_l2=4.19941662e-08 max_abs=7.36690708e-11
LAYER last-layer coefficient partial rel_l2=7.21577987e-08 max_abs=3.55066732e-09
LAYER last-layer coefficient partial rel_l2=5.6477902e-08 max_abs=8.00355338e-10
LAYER last-layer coefficient partial rel_l2=5.2699847e-08 max_abs=4.88944352e-09
LAYER last-layer coefficient partial rel_l2=6.32562697e-08 max_abs=5.00585884e-09
LAYER last-layer residual mix rel_l2=2.22250756e-08 max_abs=5.21540642e-08
LAYER last-layer residual mix rel_l2=5.34526064e-09 max_abs=4.65661287e-10
LAYER last-layer residual mix rel_l2=2.71952176e-08 max_abs=5.96046448e-08
LAYER last-layer shared RMS rel_l2=4.80946335e-08 max_abs=3.11908699e-07
LAYER last-layer shared RMS backward rel_l2=6.16429826e-08 max_abs=5.68119409e-10
LAST_LAYER PASS tokens=16 vocabulary=2048 workers=17 step=0 tasks=5576 phases=83
LOSS FP64 max_loss=5.45118198e-07 max_raw_gradient=0.000577133612
LOSS FP64 max_descaled_gradient=7.54830868e-09 gradient_rel_l2=1.1255777e-07
LOSS pinned CUDA max_loss=2.86102295e-06 gradient_rel_l2=0 changed_codes=0/32768
HEAD product=0 M=16 N=2048 K=768 rel_l2=2.15532169e-08 max_abs=7.15255737e-07
HEAD product=1 M=16 N=768 K=2048 rel_l2=1.0491004e-07 max_abs=2.32830644e-09
HEAD product=2 M=768 N=2048 K=16 rel_l2=2.56696304e-08 max_abs=4.47034836e-08
LAYER BF16 projection/product rel_l2=7.61496272e-07 max_abs=1.01327896e-06
LAYER BF16 projection/product rel_l2=0 max_abs=0
LAYER BF16 projection/product rel_l2=0 max_abs=0
LAYER BF16 projection/product rel_l2=0 max_abs=0
LAYER BF16 projection/product rel_l2=0 max_abs=0
LAYER BF16 projection/product rel_l2=0 max_abs=0
LAYER BF16 projection/product rel_l2=0 max_abs=0
LAYER BF16 projection/product rel_l2=3.01882748e-08 max_abs=1.86264515e-09
LAYER BF16 projection/product rel_l2=3.41260401e-08 max_abs=1.86264515e-09
LAYER tail forward gate rel_l2=4.15573396e-08 max_abs=5.63392253e-08
LAYER tail forward gate rel_l2=1.49280825e-08 max_abs=7.4505806e-09
LAYER tail forward gate rel_l2=0 max_abs=0
LAYER tail coefficient adjoints rel_l2=4.13887283e-08 max_abs=2.32830644e-09
LAYER tail coefficient adjoints rel_l2=4.69266549e-08 max_abs=3.49245965e-09
LAYER tail coefficient adjoints rel_l2=4.32043706e-08 max_abs=2.56113708e-09
LAYER tail coefficient adjoints rel_l2=3.71976725e-08 max_abs=2.09547579e-09
LAYER tail coefficient adjoints rel_l2=3.75708541e-08 max_abs=2.32830644e-09
LAYER tail coefficient adjoints rel_l2=4.50367881e-08 max_abs=3.37604433e-09
LAYER tail coefficient adjoints rel_l2=3.66276692e-08 max_abs=1.97906047e-09
LAYER tail coefficient adjoints rel_l2=3.84397841e-08 max_abs=4.19095159e-09
LAYER tail coefficient adjoints rel_l2=4.41447766e-08 max_abs=1.39698386e-08
LAYER tail coefficient adjoints rel_l2=4.13214811e-08 max_abs=9.77888703e-09
LAYER tail mixing rel_l2=5.39325665e-08 max_abs=1.13621354e-07
LAYER tail RMS rel_l2=5.49758697e-08 max_abs=4.41697245e-07
LAYER tail RMS backward rel_l2=6.16170598e-08 max_abs=4.62642621e-09
LAYER tail shared GELU gradient rel_l2=0 max_abs=0
LAYER suffix FP8 MLP product rel_l2=3.0771601e-08 max_abs=2.38418579e-07
LAYER suffix FP8 MLP product rel_l2=0 max_abs=0
LAYER suffix FP8 MLP product rel_l2=0 max_abs=0
LAYER suffix FP8 MLP product rel_l2=0 max_abs=0
LAYER suffix FP8 MLP product rel_l2=0 max_abs=0
LAYER suffix FP8 MLP product rel_l2=4.25310175e-09 max_abs=3.7252903e-09
LAYER suffix RMS rel_l2=4.94995149e-08 max_abs=3.81768707e-07
LAYER suffix RMS backward rel_l2=5.54914981e-08 max_abs=7.32284435e-11
LAYER suffix residual rel_l2=0 max_abs=0
LAYER suffix residual coefficient rel_l2=1.3199151e-07 max_abs=6.03904482e-09
LAYER suffix MLP coefficient rel_l2=0 max_abs=0
LAYER FP8 projection/product rel_l2=3.21750579e-08 max_abs=4.76837158e-07
LAYER FP8 projection/product rel_l2=0 max_abs=0
LAYER FP8 projection/product rel_l2=0 max_abs=0
LAYER BF16 projection/product rel_l2=0 max_abs=0
LAYER BF16 projection/product rel_l2=0 max_abs=0
LAYER BF16 projection/product rel_l2=4.80215602e-08 max_abs=4.65661287e-10
LAYER Q transform rel_l2=0 max_abs=0
LAYER K transform rel_l2=2.74895187e-07 max_abs=3.05175781e-05
LAYER V transform rel_l2=0 max_abs=0
LAYER attention Y rel_l2=5.10519247e-08 max_abs=2.82794289e-07
LAYER attention dQ rel_l2=0 max_abs=0
LAYER attention dK rel_l2=0 max_abs=0
LAYER attention dV rel_l2=0 max_abs=0
LAYER post Y rel_l2=0 max_abs=0
LAYER post finite difference rel_l2=0 max_abs=0
LAYER post dY rel_l2=0 max_abs=0
LAYER post dV side rel_l2=0 max_abs=0
LAYER post dAlpha rel_l2=0 max_abs=0
LAYER post dGate rel_l2=0 max_abs=0
LAYER QKV backward rel_l2=0 max_abs=0
LAYER gain gradients rel_l2=3.38416333e-07 max_abs=1.24469046e-09
LAYER BF16 projection/product rel_l2=7.31622904e-07 max_abs=1.07288361e-06
LAYER BF16 projection/product rel_l2=0 max_abs=0
LAYER BF16 projection/product rel_l2=0 max_abs=0
LAYER BF16 projection/product rel_l2=0 max_abs=0
LAYER BF16 projection/product rel_l2=0 max_abs=0
LAYER BF16 projection/product rel_l2=5.15650484e-08 max_abs=4.65661287e-10
LAYER last-layer GELU rel_l2=4.20908709e-08 max_abs=6.45967018e-08
LAYER last-layer coefficient affine rel_l2=1.49031453e-08 max_abs=1.49011612e-08
LAYER last-layer GELU backward rel_l2=0 max_abs=0
LAYER last-layer coefficient partial rel_l2=1.07659648e-07 max_abs=4.62750904e-09
LAYER last-layer coefficient partial rel_l2=9.01088255e-08 max_abs=6.19911589e-09
LAYER last-layer coefficient partial rel_l2=7.11974124e-08 max_abs=5.57338353e-09
LAYER last-layer coefficient partial rel_l2=0 max_abs=0
LAYER last-layer coefficient partial rel_l2=0 max_abs=0
LAYER last-layer coefficient partial rel_l2=0 max_abs=0
LAYER last-layer coefficient partial rel_l2=0 max_abs=0
LAYER last-layer coefficient partial rel_l2=1.49798993e-07 max_abs=5.82394932e-09
LAYER last-layer coefficient partial rel_l2=0 max_abs=0
LAYER last-layer coefficient partial rel_l2=9.01088255e-08 max_abs=6.19911589e-09
LAYER last-layer coefficient partial rel_l2=7.56052766e-08 max_abs=1.01426849e-08
LAYER last-layer residual mix rel_l2=1.97176036e-08 max_abs=5.96046448e-08
LAYER last-layer residual mix rel_l2=6.18084448e-09 max_abs=4.65661287e-10
LAYER last-layer residual mix rel_l2=1.37090035e-08 max_abs=2.98023224e-08
LAYER last-layer shared RMS rel_l2=5.83499134e-08 max_abs=4.0420963e-07
LAYER last-layer shared RMS backward rel_l2=6.21883033e-08 max_abs=5.84841216e-11
LAST_LAYER PASS tokens=16 vocabulary=2048 workers=17 step=1 tasks=5576 phases=83
LOSS FP64 max_loss=4.97898522e-07 max_raw_gradient=0.000222250808
LOSS FP64 max_descaled_gradient=5.81361982e-09 gradient_rel_l2=1.00091226e-07
LOSS pinned CUDA max_loss=1.90734863e-06 gradient_rel_l2=0 changed_codes=0/32768
HEAD product=0 M=16 N=2048 K=768 rel_l2=2.27639222e-08 max_abs=4.76837158e-07
HEAD product=1 M=16 N=768 K=2048 rel_l2=1.12164377e-07 max_abs=2.79396772e-09
HEAD product=2 M=768 N=2048 K=16 rel_l2=1.48570968e-08 max_abs=1.49011612e-08
LAYER BF16 projection/product rel_l2=7.08305958e-07 max_abs=1.78813934e-07
LAYER BF16 projection/product rel_l2=1.00623522e-07 max_abs=5.58793545e-09
LAYER BF16 projection/product rel_l2=8.32939243e-08 max_abs=7.4505806e-09
LAYER BF16 projection/product rel_l2=0 max_abs=0
LAYER BF16 projection/product rel_l2=3.83286607e-08 max_abs=9.31322575e-10
LAYER BF16 projection/product rel_l2=8.45619152e-08 max_abs=9.31322575e-10
LAYER BF16 projection/product rel_l2=3.90109224e-08 max_abs=2.32830644e-10
LAYER BF16 projection/product rel_l2=4.3028457e-08 max_abs=1.86264515e-09
LAYER BF16 projection/product rel_l2=3.69319827e-08 max_abs=9.31322575e-10
LAYER tail forward gate rel_l2=3.88916318e-08 max_abs=6.61536544e-09
LAYER tail forward gate rel_l2=2.29183656e-08 max_abs=1.93747383e-08
LAYER tail forward gate rel_l2=2.44928886e-08 max_abs=2.1282176e-10
LAYER tail coefficient adjoints rel_l2=0 max_abs=0
LAYER tail coefficient adjoints rel_l2=0 max_abs=0
LAYER tail coefficient adjoints rel_l2=0 max_abs=0
LAYER tail coefficient adjoints rel_l2=0 max_abs=0
LAYER tail coefficient adjoints rel_l2=0 max_abs=0
LAYER tail coefficient adjoints rel_l2=0 max_abs=0
LAYER tail coefficient adjoints rel_l2=0 max_abs=0
LAYER tail coefficient adjoints rel_l2=0 max_abs=0
LAYER tail coefficient adjoints rel_l2=3.62874166e-08 max_abs=2.98023224e-08
LAYER tail coefficient adjoints rel_l2=0 max_abs=0
LAYER tail mixing rel_l2=1.50287783e-08 max_abs=7.4505806e-09
LAYER tail RMS rel_l2=4.95217991e-08 max_abs=3.29326344e-07
LAYER tail RMS backward rel_l2=5.50036726e-08 max_abs=2.06478182e-08
LAYER tail shared GELU gradient rel_l2=4.4591142e-08 max_abs=6.37544842e-10
LAYER suffix FP8 MLP product rel_l2=2.56138909e-08 max_abs=1.1920929e-07
LAYER suffix FP8 MLP product rel_l2=1.17289435e-07 max_abs=7.4505806e-08
LAYER suffix FP8 MLP product rel_l2=1.9959485e-08 max_abs=7.4505806e-09
LAYER suffix FP8 MLP product rel_l2=7.37280449e-08 max_abs=1.86264515e-09
LAYER suffix FP8 MLP product rel_l2=2.58142968e-09 max_abs=7.4505806e-09
LAYER suffix FP8 MLP product rel_l2=3.74057522e-09 max_abs=7.4505806e-09
LAYER suffix RMS rel_l2=4.71170629e-08 max_abs=3.22717475e-07
LAYER suffix RMS backward rel_l2=5.37895087e-08 max_abs=3.09460467e-06
LAYER suffix residual rel_l2=6.08871416e-10 max_abs=1.86264515e-09
LAYER suffix residual coefficient rel_l2=9.39148467e-08 max_abs=9.45306056e-11
LAYER suffix MLP coefficient rel_l2=5.6359416e-06 max_abs=1.37661118e-08
LAYER FP8 projection/product rel_l2=0 max_abs=0
LAYER FP8 projection/product rel_l2=0 max_abs=0
LAYER FP8 projection/product rel_l2=0 max_abs=0
LAYER BF16 projection/product rel_l2=0 max_abs=0
LAYER BF16 projection/product rel_l2=7.1625942e-07 max_abs=1.52587891e-05
LAYER BF16 projection/product rel_l2=0 max_abs=0
LAYER Q transform rel_l2=0 max_abs=0
LAYER K transform rel_l2=0 max_abs=0
LAYER V transform rel_l2=0 max_abs=0
LAYER attention Y rel_l2=0 max_abs=0
LAYER attention dQ rel_l2=0 max_abs=0
LAYER attention dK rel_l2=0 max_abs=0
LAYER attention dV rel_l2=4.64272595e-08 max_abs=5.44956753e-08
LAYER post Y rel_l2=0 max_abs=0
LAYER post finite difference rel_l2=0 max_abs=0
LAYER post dY rel_l2=0 max_abs=0
LAYER post dV side rel_l2=0 max_abs=0
LAYER post dAlpha rel_l2=0 max_abs=0
LAYER post dGate rel_l2=0 max_abs=0
LAYER QKV backward rel_l2=0 max_abs=0
LAYER gain gradients rel_l2=0 max_abs=0
LAYER BF16 projection/product rel_l2=0 max_abs=0
LAYER BF16 projection/product rel_l2=0 max_abs=0
LAYER BF16 projection/product rel_l2=6.0985396e-08 max_abs=3.7252903e-09
LAYER BF16 projection/product rel_l2=8.36770397e-08 max_abs=2.79396772e-09
LAYER BF16 projection/product rel_l2=0 max_abs=0
LAYER BF16 projection/product rel_l2=0 max_abs=0
LAYER last-layer GELU rel_l2=0 max_abs=0
LAYER last-layer coefficient affine rel_l2=1.49009244e-08 max_abs=1.49011612e-08
LAYER last-layer GELU backward rel_l2=0 max_abs=0
LAYER last-layer coefficient partial rel_l2=0 max_abs=0
LAYER last-layer coefficient partial rel_l2=0 max_abs=0
LAYER last-layer coefficient partial rel_l2=0 max_abs=0
LAYER last-layer coefficient partial rel_l2=0 max_abs=0
LAYER last-layer coefficient partial rel_l2=0 max_abs=0
LAYER last-layer coefficient partial rel_l2=0 max_abs=0
LAYER last-layer coefficient partial rel_l2=0 max_abs=0
LAYER last-layer coefficient partial rel_l2=0 max_abs=0
LAYER last-layer coefficient partial rel_l2=0 max_abs=0
LAYER last-layer coefficient partial rel_l2=0 max_abs=0
LAYER last-layer coefficient partial rel_l2=6.55691481e-07 max_abs=4.05684114e-06
LAYER last-layer residual mix rel_l2=0 max_abs=0
LAYER last-layer residual mix rel_l2=0 max_abs=0
LAYER last-layer residual mix rel_l2=0 max_abs=0
LAYER last-layer shared RMS rel_l2=0 max_abs=0
LAYER last-layer shared RMS backward rel_l2=1.04451481e-07 max_abs=2.14977623e-07
LAST_LAYER PASS tokens=16 vocabulary=2048 workers=17 step=2 tasks=5576 phases=83
LOSS FP64 max_loss=8.45300669e-07 max_raw_gradient=0.000738140216
LOSS FP64 max_descaled_gradient=9.65410797e-09 gradient_rel_l2=1.39650095e-07
LOSS pinned CUDA max_loss=1.90734863e-06 gradient_rel_l2=0 changed_codes=0/32768
HEAD product=0 M=16 N=2048 K=768 rel_l2=1.91086378e-08 max_abs=4.76837158e-07
HEAD product=1 M=16 N=768 K=2048 rel_l2=1.09943408e-07 max_abs=2.32830644e-09
HEAD product=2 M=768 N=2048 K=16 rel_l2=1.45479047e-08 max_abs=1.49011612e-08
LAYER BF16 projection/product rel_l2=7.44819299e-07 max_abs=1.13248825e-06
LAYER BF16 projection/product rel_l2=9.17179347e-08 max_abs=2.98023224e-08
LAYER BF16 projection/product rel_l2=8.11206901e-08 max_abs=2.98023224e-08
LAYER BF16 projection/product rel_l2=3.0785147e-08 max_abs=4.65661287e-10
LAYER BF16 projection/product rel_l2=8.02004604e-08 max_abs=4.65661287e-10
LAYER BF16 projection/product rel_l2=8.85407684e-08 max_abs=3.49245965e-10
LAYER BF16 projection/product rel_l2=3.94891649e-08 max_abs=4.65661287e-10
LAYER BF16 projection/product rel_l2=3.42026687e-08 max_abs=1.86264515e-09
LAYER BF16 projection/product rel_l2=3.32540268e-08 max_abs=9.31322575e-10
LAYER tail forward gate rel_l2=3.97259666e-08 max_abs=4.41806816e-08
LAYER tail forward gate rel_l2=2.43153303e-08 max_abs=2.8308591e-08
LAYER tail forward gate rel_l2=2.46648284e-08 max_abs=8.73114914e-10
LAYER tail coefficient adjoints rel_l2=3.47339321e-08 max_abs=1.97906047e-09
LAYER tail coefficient adjoints rel_l2=4.02994337e-08 max_abs=1.86264515e-09
LAYER tail coefficient adjoints rel_l2=3.81648836e-08 max_abs=1.86264515e-09
LAYER tail coefficient adjoints rel_l2=4.59983607e-08 max_abs=3.14321369e-09
LAYER tail coefficient adjoints rel_l2=4.1112405e-08 max_abs=2.40652298e-09
LAYER tail coefficient adjoints rel_l2=3.8578314e-08 max_abs=1.62981451e-09
LAYER tail coefficient adjoints rel_l2=3.58362265e-08 max_abs=2.09547579e-09
LAYER tail coefficient adjoints rel_l2=4.17662403e-08 max_abs=3.25962901e-09
LAYER tail coefficient adjoints rel_l2=4.32400494e-08 max_abs=1.11758709e-08
LAYER tail coefficient adjoints rel_l2=4.36941578e-08 max_abs=1.3038516e-08
LAYER tail mixing rel_l2=5.7272535e-08 max_abs=1.52736902e-07
LAYER tail RMS rel_l2=5.543342e-08 max_abs=3.55759301e-07
LAYER tail RMS backward rel_l2=6.35684285e-08 max_abs=4.04746757e-09
LAYER tail shared GELU gradient rel_l2=4.68694209e-08 max_abs=2.50732967e-10
LAYER suffix FP8 MLP product rel_l2=2.74763563e-08 max_abs=2.38418579e-07
LAYER suffix FP8 MLP product rel_l2=1.19237775e-07 max_abs=2.98023224e-07
LAYER suffix FP8 MLP product rel_l2=1.70394643e-08 max_abs=9.31322575e-10
LAYER suffix FP8 MLP product rel_l2=7.60876032e-08 max_abs=4.65661287e-10
LAYER suffix FP8 MLP product rel_l2=3.38436205e-09 max_abs=3.7252903e-09
LAYER suffix FP8 MLP product rel_l2=3.81822148e-09 max_abs=3.7252903e-09
LAYER suffix RMS rel_l2=4.50085032e-08 max_abs=4.4761082e-07
LAYER suffix RMS backward rel_l2=5.26697415e-08 max_abs=1.37972259e-09
LAYER suffix residual rel_l2=1.75073442e-09 max_abs=1.49011612e-08
LAYER suffix residual coefficient rel_l2=9.60498037e-08 max_abs=4.36557457e-09
LAYER suffix MLP coefficient rel_l2=7.37195521e-08 max_abs=4.71482053e-09
LAYER FP8 projection/product rel_l2=2.86496723e-08 max_abs=2.38418579e-07
LAYER FP8 projection/product rel_l2=0 max_abs=0
LAYER FP8 projection/product rel_l2=1.01694188e-08 max_abs=5.82076609e-11
LAYER BF16 projection/product rel_l2=6.34438143e-07 max_abs=1.63912773e-07
LAYER BF16 projection/product rel_l2=7.14082146e-07 max_abs=1.67638063e-08
LAYER BF16 projection/product rel_l2=4.94769891e-08 max_abs=4.65661287e-10
LAYER Q transform rel_l2=0 max_abs=0
LAYER K transform rel_l2=4.06881812e-12 max_abs=4.51109372e-10
LAYER V transform rel_l2=0 max_abs=0
LAYER attention Y rel_l2=5.32539983e-08 max_abs=1.79792862e-07
LAYER attention dQ rel_l2=1.81278649e-07 max_abs=9.25707658e-11
LAYER attention dK rel_l2=1.75766813e-07 max_abs=1.01784381e-10
LAYER attention dV rel_l2=7.53457339e-08 max_abs=1.42284373e-10
LAYER post Y rel_l2=0 max_abs=0
LAYER post finite difference rel_l2=1.73721526e-12 max_abs=5.01265696e-14
LAYER post dY rel_l2=0 max_abs=0
LAYER post dV side rel_l2=0 max_abs=0
LAYER post dAlpha rel_l2=0 max_abs=0
LAYER post dGate rel_l2=5.08034919e-08 max_abs=3.49245965e-09
LAYER QKV backward rel_l2=2.35551912e-08 max_abs=5.5360975e-11
LAYER gain gradients rel_l2=6.11935446e-08 max_abs=1.16538889e-09
LAYER BF16 projection/product rel_l2=7.42739669e-07 max_abs=8.94069672e-07
LAYER BF16 projection/product rel_l2=8.01153491e-08 max_abs=2.23517418e-08
LAYER BF16 projection/product rel_l2=6.39304729e-08 max_abs=2.32830644e-10
LAYER BF16 projection/product rel_l2=9.01990797e-08 max_abs=1.16415322e-10
LAYER BF16 projection/product rel_l2=3.94353448e-08 max_abs=1.16415322e-10
LAYER BF16 projection/product rel_l2=3.04673239e-08 max_abs=4.65661287e-10
LAYER last-layer GELU rel_l2=4.03765318e-08 max_abs=4.72820969e-08
LAYER last-layer coefficient affine rel_l2=2.71393629e-08 max_abs=5.6603767e-08
LAYER last-layer GELU backward rel_l2=4.62485307e-08 max_abs=9.57450094e-11
LAYER last-layer coefficient partial rel_l2=9.73712196e-08 max_abs=3.71073838e-09
LAYER last-layer coefficient partial rel_l2=5.74899638e-08 max_abs=6.66477717e-09
LAYER last-layer coefficient partial rel_l2=6.8832967e-08 max_abs=4.55929694e-09
LAYER last-layer coefficient partial rel_l2=7.53510832e-08 max_abs=1.63254299e-10
LAYER last-layer coefficient partial rel_l2=4.79431047e-08 max_abs=9.04947228e-11
LAYER last-layer coefficient partial rel_l2=1.31532569e-07 max_abs=4.01996658e-10
LAYER last-layer coefficient partial rel_l2=5.07082035e-08 max_abs=1.12208909e-10
LAYER last-layer coefficient partial rel_l2=1.72214363e-07 max_abs=1.03609636e-08
LAYER last-layer coefficient partial rel_l2=6.15865768e-08 max_abs=1.23327482e-09
LAYER last-layer coefficient partial rel_l2=6.7796479e-08 max_abs=1.15542207e-08
LAYER last-layer coefficient partial rel_l2=7.58160688e-08 max_abs=7.4505806e-09
LAYER last-layer residual mix rel_l2=2.36834693e-08 max_abs=5.96046448e-08
LAYER last-layer residual mix rel_l2=6.38304679e-09 max_abs=4.65661287e-10
LAYER last-layer residual mix rel_l2=2.747154e-08 max_abs=5.96046448e-08
LAYER last-layer shared RMS rel_l2=5.11784047e-08 max_abs=4.62657687e-07
LAYER last-layer shared RMS backward rel_l2=5.67870029e-08 max_abs=3.45868111e-10
LAST_LAYER PASS tokens=16 vocabulary=2048 workers=17 step=3 tasks=5576 phases=83
PASS: last-layer attention and MUDD network connected to MLP/loss/backward; earlier body and compiled parity remain
========= RACECHECK SUMMARY: 0 hazards displayed (0 errors, 0 warnings)

$ compute-sanitizer --tool synccheck --error-exitcode 1 /workspace/cuda/last_layer --quick --native-only
========= COMPUTE-SANITIZER
GPU[0]=NVIDIA H100 80GB HBM3 SMs=132 runtime=12080
Native-only checks: ATen tail diagnostic excluded; cuBLAS, FP64 and replay gates remain enabled
LOSS FP64 max_loss=8.76910359e-07 max_raw_gradient=0.000743292819
LOSS FP64 max_descaled_gradient=9.72149867e-09 gradient_rel_l2=1.4017457e-07
LOSS pinned CUDA max_loss=0 gradient_rel_l2=0 changed_codes=0/32768
HEAD product=0 M=16 N=2048 K=768 rel_l2=1.87118916e-08 max_abs=4.76837158e-07
HEAD product=1 M=16 N=768 K=2048 rel_l2=1.09878616e-07 max_abs=2.79396772e-09
HEAD product=2 M=768 N=2048 K=16 rel_l2=2.29130067e-08 max_abs=2.98023224e-08
LAYER BF16 projection/product rel_l2=7.50756452e-07 max_abs=9.53674316e-07
LAYER BF16 projection/product rel_l2=8.76149982e-08 max_abs=2.98023224e-08
LAYER BF16 projection/product rel_l2=8.199021e-08 max_abs=2.98023224e-08
LAYER BF16 projection/product rel_l2=3.5386841e-08 max_abs=4.65661287e-10
LAYER BF16 projection/product rel_l2=9.00758829e-08 max_abs=9.31322575e-10
LAYER BF16 projection/product rel_l2=9.40505793e-08 max_abs=3.49245965e-10
LAYER BF16 projection/product rel_l2=4.41849263e-08 max_abs=9.31322575e-10
LAYER BF16 projection/product rel_l2=2.74007593e-08 max_abs=1.86264515e-09
LAYER BF16 projection/product rel_l2=3.92406286e-08 max_abs=1.86264515e-09
LAYER tail forward gate rel_l2=4.20346902e-08 max_abs=5.63392253e-08
LAYER tail forward gate rel_l2=2.02338213e-08 max_abs=1.95104803e-08
LAYER tail forward gate rel_l2=2.5576599e-08 max_abs=8.65838956e-10
LAYER tail coefficient adjoints rel_l2=4.34691866e-08 max_abs=3.7252903e-09
LAYER tail coefficient adjoints rel_l2=3.89410845e-08 max_abs=1.86264515e-09
LAYER tail coefficient adjoints rel_l2=3.80949613e-08 max_abs=2.33740138e-09
LAYER tail coefficient adjoints rel_l2=4.14290652e-08 max_abs=2.32830644e-09
LAYER tail coefficient adjoints rel_l2=3.72996972e-08 max_abs=1.86264515e-09
LAYER tail coefficient adjoints rel_l2=4.18309858e-08 max_abs=2.03726813e-09
LAYER tail coefficient adjoints rel_l2=3.85889426e-08 max_abs=2.5574991e-09
LAYER tail coefficient adjoints rel_l2=3.44398774e-08 max_abs=1.86264515e-09
LAYER tail coefficient adjoints rel_l2=3.72869994e-08 max_abs=1.11758709e-08
LAYER tail coefficient adjoints rel_l2=3.53028026e-08 max_abs=9.31322575e-09
LAYER tail mixing rel_l2=5.83238086e-08 max_abs=1.32247806e-07
LAYER tail RMS rel_l2=4.72001809e-08 max_abs=2.70422768e-07
LAYER tail RMS backward rel_l2=5.35687187e-08 max_abs=2.81958071e-09
LAYER tail shared GELU gradient rel_l2=4.75275895e-08 max_abs=4.66013363e-10
LAYER suffix FP8 MLP product rel_l2=2.78786598e-08 max_abs=1.1920929e-07
LAYER suffix FP8 MLP product rel_l2=1.30524792e-07 max_abs=1.78813934e-07
LAYER suffix FP8 MLP product rel_l2=1.9222198e-08 max_abs=4.65661287e-10
LAYER suffix FP8 MLP product rel_l2=7.34268372e-08 max_abs=4.65661287e-10
LAYER suffix FP8 MLP product rel_l2=2.06957599e-09 max_abs=3.7252903e-09
LAYER suffix FP8 MLP product rel_l2=4.99198123e-09 max_abs=7.4505806e-09
LAYER suffix RMS rel_l2=5.05895831e-08 max_abs=3.81270591e-07
LAYER suffix RMS backward rel_l2=5.8404109e-08 max_abs=1.79951637e-09
LAYER suffix residual rel_l2=1.59977985e-09 max_abs=1.49011612e-08
LAYER suffix residual coefficient rel_l2=9.01048315e-08 max_abs=4.78758011e-09
LAYER suffix MLP coefficient rel_l2=6.40779754e-08 max_abs=6.1118044e-09
LAYER FP8 projection/product rel_l2=3.28301583e-08 max_abs=3.57627869e-07
LAYER FP8 projection/product rel_l2=0 max_abs=0
LAYER FP8 projection/product rel_l2=1.11959486e-08 max_abs=5.82076609e-11
LAYER BF16 projection/product rel_l2=7.43969877e-07 max_abs=1.41561031e-07
LAYER BF16 projection/product rel_l2=7.0068816e-07 max_abs=1.67638063e-08
LAYER BF16 projection/product rel_l2=4.79478906e-08 max_abs=9.31322575e-10
LAYER Q transform rel_l2=7.04748711e-05 max_abs=0.0078125
LAYER K transform rel_l2=0 max_abs=0
LAYER V transform rel_l2=0 max_abs=0
LAYER attention Y rel_l2=5.45783204e-08 max_abs=2.67760093e-07
LAYER attention dQ rel_l2=1.41422984e-07 max_abs=6.98296791e-11
LAYER attention dK rel_l2=1.37788831e-07 max_abs=7.85632879e-11
LAYER attention dV rel_l2=7.17062622e-08 max_abs=1.24236322e-10
LAYER post Y rel_l2=0 max_abs=0
LAYER post finite difference rel_l2=1.2955786e-11 max_abs=3.30430128e-14
LAYER post dY rel_l2=0 max_abs=0
LAYER post dV side rel_l2=0 max_abs=0
LAYER post dAlpha rel_l2=0 max_abs=0
LAYER post dGate rel_l2=4.79460505e-08 max_abs=4.56930138e-09
LAYER QKV backward rel_l2=2.98089633e-08 max_abs=8.42984258e-11
LAYER gain gradients rel_l2=1.73676285e-06 max_abs=2.33705444e-09
LAYER BF16 projection/product rel_l2=7.28888269e-07 max_abs=9.53674316e-07
LAYER BF16 projection/product rel_l2=7.95362774e-08 max_abs=1.49011612e-08
LAYER BF16 projection/product rel_l2=6.18079303e-08 max_abs=2.32830644e-10
LAYER BF16 projection/product rel_l2=8.98850961e-08 max_abs=8.73114914e-11
LAYER BF16 projection/product rel_l2=3.91129718e-08 max_abs=1.16415322e-10
LAYER BF16 projection/product rel_l2=4.0477434e-08 max_abs=9.31322575e-10
LAYER last-layer GELU rel_l2=4.09877533e-08 max_abs=5.49785375e-08
LAYER last-layer coefficient affine rel_l2=2.51153459e-08 max_abs=5.65842129e-08
LAYER last-layer GELU backward rel_l2=4.64519168e-08 max_abs=1.42177522e-10
LAYER last-layer coefficient partial rel_l2=8.44749081e-08 max_abs=3.47790774e-09
LAYER last-layer coefficient partial rel_l2=5.96411475e-08 max_abs=6.17001206e-09
LAYER last-layer coefficient partial rel_l2=8.68779333e-08 max_abs=7.89896148e-09
LAYER last-layer coefficient partial rel_l2=9.71433085e-08 max_abs=1.98497219e-10
LAYER last-layer coefficient partial rel_l2=8.57805599e-08 max_abs=1.42165391e-10
LAYER last-layer coefficient partial rel_l2=7.16672612e-08 max_abs=1.65073288e-10
LAYER last-layer coefficient partial rel_l2=4.19941662e-08 max_abs=7.36690708e-11
LAYER last-layer coefficient partial rel_l2=7.21577987e-08 max_abs=3.55066732e-09
LAYER last-layer coefficient partial rel_l2=5.6477902e-08 max_abs=8.00355338e-10
LAYER last-layer coefficient partial rel_l2=5.2699847e-08 max_abs=4.88944352e-09
LAYER last-layer coefficient partial rel_l2=6.32562697e-08 max_abs=5.00585884e-09
LAYER last-layer residual mix rel_l2=2.22250756e-08 max_abs=5.21540642e-08
LAYER last-layer residual mix rel_l2=5.34526064e-09 max_abs=4.65661287e-10
LAYER last-layer residual mix rel_l2=2.71952176e-08 max_abs=5.96046448e-08
LAYER last-layer shared RMS rel_l2=4.80946335e-08 max_abs=3.11908699e-07
LAYER last-layer shared RMS backward rel_l2=6.16429826e-08 max_abs=5.68119409e-10
LAST_LAYER PASS tokens=16 vocabulary=2048 workers=17 step=0 tasks=5576 phases=83
LOSS FP64 max_loss=5.45118198e-07 max_raw_gradient=0.000577133612
LOSS FP64 max_descaled_gradient=7.54830868e-09 gradient_rel_l2=1.1255777e-07
LOSS pinned CUDA max_loss=2.86102295e-06 gradient_rel_l2=0 changed_codes=0/32768
HEAD product=0 M=16 N=2048 K=768 rel_l2=2.15532169e-08 max_abs=7.15255737e-07
HEAD product=1 M=16 N=768 K=2048 rel_l2=1.0491004e-07 max_abs=2.32830644e-09
HEAD product=2 M=768 N=2048 K=16 rel_l2=2.56696304e-08 max_abs=4.47034836e-08
LAYER BF16 projection/product rel_l2=7.61496272e-07 max_abs=1.01327896e-06
LAYER BF16 projection/product rel_l2=0 max_abs=0
LAYER BF16 projection/product rel_l2=0 max_abs=0
LAYER BF16 projection/product rel_l2=0 max_abs=0
LAYER BF16 projection/product rel_l2=0 max_abs=0
LAYER BF16 projection/product rel_l2=0 max_abs=0
LAYER BF16 projection/product rel_l2=0 max_abs=0
LAYER BF16 projection/product rel_l2=3.01882748e-08 max_abs=1.86264515e-09
LAYER BF16 projection/product rel_l2=3.41260401e-08 max_abs=1.86264515e-09
LAYER tail forward gate rel_l2=4.15573396e-08 max_abs=5.63392253e-08
LAYER tail forward gate rel_l2=1.49280825e-08 max_abs=7.4505806e-09
LAYER tail forward gate rel_l2=0 max_abs=0
LAYER tail coefficient adjoints rel_l2=4.13887283e-08 max_abs=2.32830644e-09
LAYER tail coefficient adjoints rel_l2=4.69266549e-08 max_abs=3.49245965e-09
LAYER tail coefficient adjoints rel_l2=4.32043706e-08 max_abs=2.56113708e-09
LAYER tail coefficient adjoints rel_l2=3.71976725e-08 max_abs=2.09547579e-09
LAYER tail coefficient adjoints rel_l2=3.75708541e-08 max_abs=2.32830644e-09
LAYER tail coefficient adjoints rel_l2=4.50367881e-08 max_abs=3.37604433e-09
LAYER tail coefficient adjoints rel_l2=3.66276692e-08 max_abs=1.97906047e-09
LAYER tail coefficient adjoints rel_l2=3.84397841e-08 max_abs=4.19095159e-09
LAYER tail coefficient adjoints rel_l2=4.41447766e-08 max_abs=1.39698386e-08
LAYER tail coefficient adjoints rel_l2=4.13214811e-08 max_abs=9.77888703e-09
LAYER tail mixing rel_l2=5.39325665e-08 max_abs=1.13621354e-07
LAYER tail RMS rel_l2=5.49758697e-08 max_abs=4.41697245e-07
LAYER tail RMS backward rel_l2=6.16170598e-08 max_abs=4.62642621e-09
LAYER tail shared GELU gradient rel_l2=0 max_abs=0
LAYER suffix FP8 MLP product rel_l2=3.0771601e-08 max_abs=2.38418579e-07
LAYER suffix FP8 MLP product rel_l2=0 max_abs=0
LAYER suffix FP8 MLP product rel_l2=0 max_abs=0
LAYER suffix FP8 MLP product rel_l2=0 max_abs=0
LAYER suffix FP8 MLP product rel_l2=0 max_abs=0
LAYER suffix FP8 MLP product rel_l2=4.25310175e-09 max_abs=3.7252903e-09
LAYER suffix RMS rel_l2=4.94995149e-08 max_abs=3.81768707e-07
LAYER suffix RMS backward rel_l2=5.54914981e-08 max_abs=7.32284435e-11
LAYER suffix residual rel_l2=0 max_abs=0
LAYER suffix residual coefficient rel_l2=1.3199151e-07 max_abs=6.03904482e-09
LAYER suffix MLP coefficient rel_l2=0 max_abs=0
LAYER FP8 projection/product rel_l2=3.21750579e-08 max_abs=4.76837158e-07
LAYER FP8 projection/product rel_l2=0 max_abs=0
LAYER FP8 projection/product rel_l2=0 max_abs=0
LAYER BF16 projection/product rel_l2=0 max_abs=0
LAYER BF16 projection/product rel_l2=0 max_abs=0
LAYER BF16 projection/product rel_l2=4.80215602e-08 max_abs=4.65661287e-10
LAYER Q transform rel_l2=0 max_abs=0
LAYER K transform rel_l2=2.74895187e-07 max_abs=3.05175781e-05
LAYER V transform rel_l2=0 max_abs=0
LAYER attention Y rel_l2=5.10519247e-08 max_abs=2.82794289e-07
LAYER attention dQ rel_l2=0 max_abs=0
LAYER attention dK rel_l2=0 max_abs=0
LAYER attention dV rel_l2=0 max_abs=0
LAYER post Y rel_l2=0 max_abs=0
LAYER post finite difference rel_l2=0 max_abs=0
LAYER post dY rel_l2=0 max_abs=0
LAYER post dV side rel_l2=0 max_abs=0
LAYER post dAlpha rel_l2=0 max_abs=0
LAYER post dGate rel_l2=0 max_abs=0
LAYER QKV backward rel_l2=0 max_abs=0
LAYER gain gradients rel_l2=3.38416333e-07 max_abs=1.24469046e-09
LAYER BF16 projection/product rel_l2=7.31622904e-07 max_abs=1.07288361e-06
LAYER BF16 projection/product rel_l2=0 max_abs=0
LAYER BF16 projection/product rel_l2=0 max_abs=0
LAYER BF16 projection/product rel_l2=0 max_abs=0
LAYER BF16 projection/product rel_l2=0 max_abs=0
LAYER BF16 projection/product rel_l2=5.15650484e-08 max_abs=4.65661287e-10
LAYER last-layer GELU rel_l2=4.20908709e-08 max_abs=6.45967018e-08
LAYER last-layer coefficient affine rel_l2=1.49031453e-08 max_abs=1.49011612e-08
LAYER last-layer GELU backward rel_l2=0 max_abs=0
LAYER last-layer coefficient partial rel_l2=1.07659648e-07 max_abs=4.62750904e-09
LAYER last-layer coefficient partial rel_l2=9.01088255e-08 max_abs=6.19911589e-09
LAYER last-layer coefficient partial rel_l2=7.11974124e-08 max_abs=5.57338353e-09
LAYER last-layer coefficient partial rel_l2=0 max_abs=0
LAYER last-layer coefficient partial rel_l2=0 max_abs=0
LAYER last-layer coefficient partial rel_l2=0 max_abs=0
LAYER last-layer coefficient partial rel_l2=0 max_abs=0
LAYER last-layer coefficient partial rel_l2=1.49798993e-07 max_abs=5.82394932e-09
LAYER last-layer coefficient partial rel_l2=0 max_abs=0
LAYER last-layer coefficient partial rel_l2=9.01088255e-08 max_abs=6.19911589e-09
LAYER last-layer coefficient partial rel_l2=7.56052766e-08 max_abs=1.01426849e-08
LAYER last-layer residual mix rel_l2=1.97176036e-08 max_abs=5.96046448e-08
LAYER last-layer residual mix rel_l2=6.18084448e-09 max_abs=4.65661287e-10
LAYER last-layer residual mix rel_l2=1.37090035e-08 max_abs=2.98023224e-08
LAYER last-layer shared RMS rel_l2=5.83499134e-08 max_abs=4.0420963e-07
LAYER last-layer shared RMS backward rel_l2=6.21883033e-08 max_abs=5.84841216e-11
LAST_LAYER PASS tokens=16 vocabulary=2048 workers=17 step=1 tasks=5576 phases=83
LOSS FP64 max_loss=4.97898522e-07 max_raw_gradient=0.000222250808
LOSS FP64 max_descaled_gradient=5.81361982e-09 gradient_rel_l2=1.00091226e-07
LOSS pinned CUDA max_loss=1.90734863e-06 gradient_rel_l2=0 changed_codes=0/32768
HEAD product=0 M=16 N=2048 K=768 rel_l2=2.27639222e-08 max_abs=4.76837158e-07
HEAD product=1 M=16 N=768 K=2048 rel_l2=1.12164377e-07 max_abs=2.79396772e-09
HEAD product=2 M=768 N=2048 K=16 rel_l2=1.48570968e-08 max_abs=1.49011612e-08
LAYER BF16 projection/product rel_l2=7.08305958e-07 max_abs=1.78813934e-07
LAYER BF16 projection/product rel_l2=1.00623522e-07 max_abs=5.58793545e-09
LAYER BF16 projection/product rel_l2=8.32939243e-08 max_abs=7.4505806e-09
LAYER BF16 projection/product rel_l2=0 max_abs=0
LAYER BF16 projection/product rel_l2=3.83286607e-08 max_abs=9.31322575e-10
LAYER BF16 projection/product rel_l2=8.45619152e-08 max_abs=9.31322575e-10
LAYER BF16 projection/product rel_l2=3.90109224e-08 max_abs=2.32830644e-10
LAYER BF16 projection/product rel_l2=4.3028457e-08 max_abs=1.86264515e-09
LAYER BF16 projection/product rel_l2=3.69319827e-08 max_abs=9.31322575e-10
LAYER tail forward gate rel_l2=3.88916318e-08 max_abs=6.61536544e-09
LAYER tail forward gate rel_l2=2.29183656e-08 max_abs=1.93747383e-08
LAYER tail forward gate rel_l2=2.44928886e-08 max_abs=2.1282176e-10
LAYER tail coefficient adjoints rel_l2=0 max_abs=0
LAYER tail coefficient adjoints rel_l2=0 max_abs=0
LAYER tail coefficient adjoints rel_l2=0 max_abs=0
LAYER tail coefficient adjoints rel_l2=0 max_abs=0
LAYER tail coefficient adjoints rel_l2=0 max_abs=0
LAYER tail coefficient adjoints rel_l2=0 max_abs=0
LAYER tail coefficient adjoints rel_l2=0 max_abs=0
LAYER tail coefficient adjoints rel_l2=0 max_abs=0
LAYER tail coefficient adjoints rel_l2=3.62874166e-08 max_abs=2.98023224e-08
LAYER tail coefficient adjoints rel_l2=0 max_abs=0
LAYER tail mixing rel_l2=1.50287783e-08 max_abs=7.4505806e-09
LAYER tail RMS rel_l2=4.95217991e-08 max_abs=3.29326344e-07
LAYER tail RMS backward rel_l2=5.50036726e-08 max_abs=2.06478182e-08
LAYER tail shared GELU gradient rel_l2=4.4591142e-08 max_abs=6.37544842e-10
LAYER suffix FP8 MLP product rel_l2=2.56138909e-08 max_abs=1.1920929e-07
LAYER suffix FP8 MLP product rel_l2=1.17289435e-07 max_abs=7.4505806e-08
LAYER suffix FP8 MLP product rel_l2=1.9959485e-08 max_abs=7.4505806e-09
LAYER suffix FP8 MLP product rel_l2=7.37280449e-08 max_abs=1.86264515e-09
LAYER suffix FP8 MLP product rel_l2=2.58142968e-09 max_abs=7.4505806e-09
LAYER suffix FP8 MLP product rel_l2=3.74057522e-09 max_abs=7.4505806e-09
LAYER suffix RMS rel_l2=4.71170629e-08 max_abs=3.22717475e-07
LAYER suffix RMS backward rel_l2=5.37895087e-08 max_abs=3.09460467e-06
LAYER suffix residual rel_l2=6.08871416e-10 max_abs=1.86264515e-09
LAYER suffix residual coefficient rel_l2=9.39148467e-08 max_abs=9.45306056e-11
LAYER suffix MLP coefficient rel_l2=5.6359416e-06 max_abs=1.37661118e-08
LAYER FP8 projection/product rel_l2=0 max_abs=0
LAYER FP8 projection/product rel_l2=0 max_abs=0
LAYER FP8 projection/product rel_l2=0 max_abs=0
LAYER BF16 projection/product rel_l2=0 max_abs=0
LAYER BF16 projection/product rel_l2=7.1625942e-07 max_abs=1.52587891e-05
LAYER BF16 projection/product rel_l2=0 max_abs=0
LAYER Q transform rel_l2=0 max_abs=0
LAYER K transform rel_l2=0 max_abs=0
LAYER V transform rel_l2=0 max_abs=0
LAYER attention Y rel_l2=0 max_abs=0
LAYER attention dQ rel_l2=0 max_abs=0
LAYER attention dK rel_l2=0 max_abs=0
LAYER attention dV rel_l2=4.64272595e-08 max_abs=5.44956753e-08
LAYER post Y rel_l2=0 max_abs=0
LAYER post finite difference rel_l2=0 max_abs=0
LAYER post dY rel_l2=0 max_abs=0
LAYER post dV side rel_l2=0 max_abs=0
LAYER post dAlpha rel_l2=0 max_abs=0
LAYER post dGate rel_l2=0 max_abs=0
LAYER QKV backward rel_l2=0 max_abs=0
LAYER gain gradients rel_l2=0 max_abs=0
LAYER BF16 projection/product rel_l2=0 max_abs=0
LAYER BF16 projection/product rel_l2=0 max_abs=0
LAYER BF16 projection/product rel_l2=6.0985396e-08 max_abs=3.7252903e-09
LAYER BF16 projection/product rel_l2=8.36770397e-08 max_abs=2.79396772e-09
LAYER BF16 projection/product rel_l2=0 max_abs=0
LAYER BF16 projection/product rel_l2=0 max_abs=0
LAYER last-layer GELU rel_l2=0 max_abs=0
LAYER last-layer coefficient affine rel_l2=1.49009244e-08 max_abs=1.49011612e-08
LAYER last-layer GELU backward rel_l2=0 max_abs=0
LAYER last-layer coefficient partial rel_l2=0 max_abs=0
LAYER last-layer coefficient partial rel_l2=0 max_abs=0
LAYER last-layer coefficient partial rel_l2=0 max_abs=0
LAYER last-layer coefficient partial rel_l2=0 max_abs=0
LAYER last-layer coefficient partial rel_l2=0 max_abs=0
LAYER last-layer coefficient partial rel_l2=0 max_abs=0
LAYER last-layer coefficient partial rel_l2=0 max_abs=0
LAYER last-layer coefficient partial rel_l2=0 max_abs=0
LAYER last-layer coefficient partial rel_l2=0 max_abs=0
LAYER last-layer coefficient partial rel_l2=0 max_abs=0
LAYER last-layer coefficient partial rel_l2=6.55691481e-07 max_abs=4.05684114e-06
LAYER last-layer residual mix rel_l2=0 max_abs=0
LAYER last-layer residual mix rel_l2=0 max_abs=0
LAYER last-layer residual mix rel_l2=0 max_abs=0
LAYER last-layer shared RMS rel_l2=0 max_abs=0
LAYER last-layer shared RMS backward rel_l2=1.04451481e-07 max_abs=2.14977623e-07
LAST_LAYER PASS tokens=16 vocabulary=2048 workers=17 step=2 tasks=5576 phases=83
LOSS FP64 max_loss=8.45300669e-07 max_raw_gradient=0.000738140216
LOSS FP64 max_descaled_gradient=9.65410797e-09 gradient_rel_l2=1.39650095e-07
LOSS pinned CUDA max_loss=1.90734863e-06 gradient_rel_l2=0 changed_codes=0/32768
HEAD product=0 M=16 N=2048 K=768 rel_l2=1.91086378e-08 max_abs=4.76837158e-07
HEAD product=1 M=16 N=768 K=2048 rel_l2=1.09943408e-07 max_abs=2.32830644e-09
HEAD product=2 M=768 N=2048 K=16 rel_l2=1.45479047e-08 max_abs=1.49011612e-08
LAYER BF16 projection/product rel_l2=7.44819299e-07 max_abs=1.13248825e-06
LAYER BF16 projection/product rel_l2=9.17179347e-08 max_abs=2.98023224e-08
LAYER BF16 projection/product rel_l2=8.11206901e-08 max_abs=2.98023224e-08
LAYER BF16 projection/product rel_l2=3.0785147e-08 max_abs=4.65661287e-10
LAYER BF16 projection/product rel_l2=8.02004604e-08 max_abs=4.65661287e-10
LAYER BF16 projection/product rel_l2=8.85407684e-08 max_abs=3.49245965e-10
LAYER BF16 projection/product rel_l2=3.94891649e-08 max_abs=4.65661287e-10
LAYER BF16 projection/product rel_l2=3.42026687e-08 max_abs=1.86264515e-09
LAYER BF16 projection/product rel_l2=3.32540268e-08 max_abs=9.31322575e-10
LAYER tail forward gate rel_l2=3.97259666e-08 max_abs=4.41806816e-08
LAYER tail forward gate rel_l2=2.43153303e-08 max_abs=2.8308591e-08
LAYER tail forward gate rel_l2=2.46648284e-08 max_abs=8.73114914e-10
LAYER tail coefficient adjoints rel_l2=3.47339321e-08 max_abs=1.97906047e-09
LAYER tail coefficient adjoints rel_l2=4.02994337e-08 max_abs=1.86264515e-09
LAYER tail coefficient adjoints rel_l2=3.81648836e-08 max_abs=1.86264515e-09
LAYER tail coefficient adjoints rel_l2=4.59983607e-08 max_abs=3.14321369e-09
LAYER tail coefficient adjoints rel_l2=4.1112405e-08 max_abs=2.40652298e-09
LAYER tail coefficient adjoints rel_l2=3.8578314e-08 max_abs=1.62981451e-09
LAYER tail coefficient adjoints rel_l2=3.58362265e-08 max_abs=2.09547579e-09
LAYER tail coefficient adjoints rel_l2=4.17662403e-08 max_abs=3.25962901e-09
LAYER tail coefficient adjoints rel_l2=4.32400494e-08 max_abs=1.11758709e-08
LAYER tail coefficient adjoints rel_l2=4.36941578e-08 max_abs=1.3038516e-08
LAYER tail mixing rel_l2=5.7272535e-08 max_abs=1.52736902e-07
LAYER tail RMS rel_l2=5.543342e-08 max_abs=3.55759301e-07
LAYER tail RMS backward rel_l2=6.35684285e-08 max_abs=4.04746757e-09
LAYER tail shared GELU gradient rel_l2=4.68694209e-08 max_abs=2.50732967e-10
LAYER suffix FP8 MLP product rel_l2=2.74763563e-08 max_abs=2.38418579e-07
LAYER suffix FP8 MLP product rel_l2=1.19237775e-07 max_abs=2.98023224e-07
LAYER suffix FP8 MLP product rel_l2=1.70394643e-08 max_abs=9.31322575e-10
LAYER suffix FP8 MLP product rel_l2=7.60876032e-08 max_abs=4.65661287e-10
LAYER suffix FP8 MLP product rel_l2=3.38436205e-09 max_abs=3.7252903e-09
LAYER suffix FP8 MLP product rel_l2=3.81822148e-09 max_abs=3.7252903e-09
LAYER suffix RMS rel_l2=4.50085032e-08 max_abs=4.4761082e-07
LAYER suffix RMS backward rel_l2=5.26697415e-08 max_abs=1.37972259e-09
LAYER suffix residual rel_l2=1.75073442e-09 max_abs=1.49011612e-08
LAYER suffix residual coefficient rel_l2=9.60498037e-08 max_abs=4.36557457e-09
LAYER suffix MLP coefficient rel_l2=7.37195521e-08 max_abs=4.71482053e-09
LAYER FP8 projection/product rel_l2=2.86496723e-08 max_abs=2.38418579e-07
LAYER FP8 projection/product rel_l2=0 max_abs=0
LAYER FP8 projection/product rel_l2=1.01694188e-08 max_abs=5.82076609e-11
LAYER BF16 projection/product rel_l2=6.34438143e-07 max_abs=1.63912773e-07
LAYER BF16 projection/product rel_l2=7.14082146e-07 max_abs=1.67638063e-08
LAYER BF16 projection/product rel_l2=4.94769891e-08 max_abs=4.65661287e-10
LAYER Q transform rel_l2=0 max_abs=0
LAYER K transform rel_l2=4.06881812e-12 max_abs=4.51109372e-10
LAYER V transform rel_l2=0 max_abs=0
LAYER attention Y rel_l2=5.32539983e-08 max_abs=1.79792862e-07
LAYER attention dQ rel_l2=1.81278649e-07 max_abs=9.25707658e-11
LAYER attention dK rel_l2=1.75766813e-07 max_abs=1.01784381e-10
LAYER attention dV rel_l2=7.53457339e-08 max_abs=1.42284373e-10
LAYER post Y rel_l2=0 max_abs=0
LAYER post finite difference rel_l2=1.73721526e-12 max_abs=5.01265696e-14
LAYER post dY rel_l2=0 max_abs=0
LAYER post dV side rel_l2=0 max_abs=0
LAYER post dAlpha rel_l2=0 max_abs=0
LAYER post dGate rel_l2=5.08034919e-08 max_abs=3.49245965e-09
LAYER QKV backward rel_l2=2.35551912e-08 max_abs=5.5360975e-11
LAYER gain gradients rel_l2=6.11935446e-08 max_abs=1.16538889e-09
LAYER BF16 projection/product rel_l2=7.42739669e-07 max_abs=8.94069672e-07
LAYER BF16 projection/product rel_l2=8.01153491e-08 max_abs=2.23517418e-08
LAYER BF16 projection/product rel_l2=6.39304729e-08 max_abs=2.32830644e-10
LAYER BF16 projection/product rel_l2=9.01990797e-08 max_abs=1.16415322e-10
LAYER BF16 projection/product rel_l2=3.94353448e-08 max_abs=1.16415322e-10
LAYER BF16 projection/product rel_l2=3.04673239e-08 max_abs=4.65661287e-10
LAYER last-layer GELU rel_l2=4.03765318e-08 max_abs=4.72820969e-08
LAYER last-layer coefficient affine rel_l2=2.71393629e-08 max_abs=5.6603767e-08
LAYER last-layer GELU backward rel_l2=4.62485307e-08 max_abs=9.57450094e-11
LAYER last-layer coefficient partial rel_l2=9.73712196e-08 max_abs=3.71073838e-09
LAYER last-layer coefficient partial rel_l2=5.74899638e-08 max_abs=6.66477717e-09
LAYER last-layer coefficient partial rel_l2=6.8832967e-08 max_abs=4.55929694e-09
LAYER last-layer coefficient partial rel_l2=7.53510832e-08 max_abs=1.63254299e-10
LAYER last-layer coefficient partial rel_l2=4.79431047e-08 max_abs=9.04947228e-11
LAYER last-layer coefficient partial rel_l2=1.31532569e-07 max_abs=4.01996658e-10
LAYER last-layer coefficient partial rel_l2=5.07082035e-08 max_abs=1.12208909e-10
LAYER last-layer coefficient partial rel_l2=1.72214363e-07 max_abs=1.03609636e-08
LAYER last-layer coefficient partial rel_l2=6.15865768e-08 max_abs=1.23327482e-09
LAYER last-layer coefficient partial rel_l2=6.7796479e-08 max_abs=1.15542207e-08
LAYER last-layer coefficient partial rel_l2=7.58160688e-08 max_abs=7.4505806e-09
LAYER last-layer residual mix rel_l2=2.36834693e-08 max_abs=5.96046448e-08
LAYER last-layer residual mix rel_l2=6.38304679e-09 max_abs=4.65661287e-10
LAYER last-layer residual mix rel_l2=2.747154e-08 max_abs=5.96046448e-08
LAYER last-layer shared RMS rel_l2=5.11784047e-08 max_abs=4.62657687e-07
LAYER last-layer shared RMS backward rel_l2=5.67870029e-08 max_abs=3.45868111e-10
LAST_LAYER PASS tokens=16 vocabulary=2048 workers=17 step=3 tasks=5576 phases=83
PASS: last-layer attention and MUDD network connected to MLP/loss/backward; earlier body and compiled parity remain
========= ERROR SUMMARY: 0 errors

Static SASS instruction counts for _ZN4nano10megakernelILb0ELb0ELb1ELb1ELb0ELb1ELb1ELb1EEEvNS_5GraphE: {'HMMA': 104, 'HGMMA': 0, 'LDGSTS': 84, 'LDL': 28, 'STL': 8}
Static SASS instruction counts for _ZN4nano10megakernelILb0ELb0ELb1ELb1ELb0ELb1ELb0ELb0EEEvNS_5GraphE: {'HMMA': 56, 'HGMMA': 0, 'LDGSTS': 56, 'LDL': 0, 'STL': 0}
Static SASS instruction counts for _ZN4nano10megakernelILb0ELb0ELb1ELb1ELb1ELb1ELb0ELb0EEEvNS_5GraphE: {'HMMA': 56, 'HGMMA': 0, 'LDGSTS': 56, 'LDL': 0, 'STL': 0}
Static SASS instruction counts for _ZN4nano10megakernelILb0ELb0ELb0ELb1ELb0ELb0ELb1ELb1EEEvNS_5GraphE: {'HMMA': 104, 'HGMMA': 0, 'LDGSTS': 84, 'LDL': 24, 'STL': 4}
Static SASS instruction counts for _ZN4nano10megakernelILb0ELb0ELb0ELb1ELb0ELb0ELb0ELb1EEEvNS_5GraphE: {'HMMA': 104, 'HGMMA': 0, 'LDGSTS': 84, 'LDL': 12, 'STL': 7}